timestamp_iso,status_code,latency_ms,error
2026-09-20T22:41:57.177713+00:00,200,346.71,
2026-09-20T22:41:57.201089+00:00,200,325.39,
2026-09-20T22:41:57.221500+00:00,200,319.51,
2026-09-20T22:41:57.238820+00:00,200,341.52,
2026-09-20T22:41:57.258904+00:00,200,333.5,
2026-09-20T22:41:57.279802+00:00,200,337.37,
2026-09-20T22:41:57.298871+00:00,200,399.58,
2026-09-20T22:41:57.321294+00:00,200,419.96,
2026-09-20T22:41:57.338303+00:00,200,406.17,
2026-09-20T22:41:57.359113+00:00,200,416.49,
2026-09-20T22:41:57.399089+00:00,200,384.46,
2026-09-20T22:41:57.379552+00:00,200,431.89,
2026-09-20T22:41:57.439366+00:00,200,404.66,
2026-09-20T22:41:57.418253+00:00,200,447.78,
2026-09-20T22:41:57.459551+00:00,200,411.93,
2026-09-20T22:41:57.519571+00:00,200,385.3,
2026-09-20T22:41:57.498931+00:00,200,441.8,
2026-09-20T22:41:57.578869+00:00,200,399.6,
2026-09-20T22:41:57.479731+00:00,200,530.72,
2026-09-20T22:41:57.539588+00:00,200,474.15,
2026-09-20T22:41:57.618586+00:00,200,468.08,
2026-09-20T22:41:57.558865+00:00,200,567.39,
2026-09-20T22:41:57.678416+00:00,200,467.08,
2026-09-20T22:41:57.639246+00:00,200,520.29,
2026-09-20T22:41:57.659032+00:00,200,518.31,
2026-09-20T22:41:57.598533+00:00,200,591.72,
2026-09-20T22:41:57.759807+00:00,200,479.75,
2026-09-20T22:41:57.721403+00:00,200,583.12,
2026-09-20T22:41:57.699353+00:00,200,605.34,
2026-09-20T22:41:57.798469+00:00,200,525.56,
2026-09-20T22:41:57.741293+00:00,200,591.45,
2026-09-20T22:41:57.818930+00:00,200,580.4,
2026-09-20T22:41:57.778843+00:00,200,644.73,
2026-09-20T22:41:57.839610+00:00,200,584.73,
2026-09-20T22:41:57.879552+00:00,200,564.34,
2026-09-20T22:41:57.859618+00:00,200,588.36,
2026-09-20T22:41:57.898578+00:00,200,616.02,
2026-09-20T22:41:57.959707+00:00,200,613.88,
2026-09-20T22:41:57.999413+00:00,200,637.83,
2026-09-20T22:41:57.977990+00:00,200,685.88,
2026-09-20T22:41:57.938431+00:00,200,732.39,
2026-09-20T22:41:57.919319+00:00,200,754.02,
2026-09-20T22:41:58.098245+00:00,200,628.82,
2026-09-20T22:41:58.039858+00:00,200,707.21,
2026-09-20T22:41:58.059245+00:00,200,734.85,
2026-09-20T22:41:58.018374+00:00,200,778.52,
2026-09-20T22:41:58.079394+00:00,200,759.49,
2026-09-20T22:41:58.198863+00:00,200,716.27,
2026-09-20T22:41:58.138818+00:00,200,777.23,
2026-09-20T22:41:58.159770+00:00,200,781.14,
2026-09-20T22:41:58.119302+00:00,200,846.13,
2026-09-20T22:41:58.238862+00:00,200,745.42,
2026-09-20T22:41:58.178376+00:00,200,829.45,
2026-09-20T22:41:58.219158+00:00,200,793.07,
2026-09-20T22:41:58.278999+00:00,200,763.96,
2026-09-20T22:41:58.318870+00:00,200,740.84,
2026-09-20T22:41:58.298352+00:00,200,873.04,
2026-09-20T22:41:58.399576+00:00,200,772.47,
2026-09-20T22:41:58.419182+00:00,200,825.99,
2026-09-20T22:41:58.358443+00:00,200,891.08,
2026-09-20T22:41:58.499386+00:00,200,752.62,
2026-09-20T22:41:58.258383+00:00,200,1052.31,
2026-09-20T22:41:58.378957+00:00,200,935.88,
2026-09-20T22:41:58.519538+00:00,200,806.23,
2026-09-20T22:41:58.339910+00:00,200,1000.83,
2026-09-20T22:41:58.558565+00:00,200,837.65,
2026-09-20T22:41:58.459294+00:00,200,939.19,
2026-09-20T22:41:58.578663+00:00,200,857.41,
2026-09-20T22:41:58.438760+00:00,200,998.28,
2026-09-20T22:41:58.599068+00:00,200,865.12,
2026-09-20T22:41:58.478232+00:00,200,1004.33,
2026-09-20T22:41:58.619503+00:00,200,874.84,
2026-09-20T22:41:58.538705+00:00,200,968.41,
2026-09-20T22:41:58.639048+00:00,200,901.39,
2026-09-20T22:41:58.659399+00:00,200,895.72,
2026-09-20T22:41:58.739185+00:00,200,887.39,
2026-09-20T22:41:58.779635+00:00,200,847.46,
2026-09-20T22:41:58.678875+00:00,200,949.14,
2026-09-20T22:41:58.798665+00:00,200,870.29,
2026-09-20T22:41:58.718313+00:00,200,955.04,
2026-09-20T22:41:58.699085+00:00,200,982.75,
2026-09-20T22:41:58.758925+00:00,200,930.52,
2026-09-20T22:41:58.859586+00:00,200,859.34,
2026-09-20T22:41:58.879400+00:00,200,852.31,
2026-09-20T22:41:58.839568+00:00,200,916.35,
2026-09-20T22:41:58.819704+00:00,200,962.67,
2026-09-20T22:41:58.959398+00:00,200,959.98,
2026-09-20T22:41:58.918728+00:00,200,1006.57,
2026-09-20T22:41:58.899649+00:00,200,1068.78,
2026-09-20T22:41:59.060038+00:00,200,934.14,
2026-09-20T22:41:58.998511+00:00,200,1039.67,
2026-09-20T22:41:58.979161+00:00,200,1066.2,
2026-09-20T22:41:59.019034+00:00,200,1027.67,
2026-09-20T22:41:59.159498+00:00,200,900.69,
2026-09-20T22:41:59.079352+00:00,200,996.09,
2026-09-20T22:41:59.138104+00:00,200,963.44,
2026-09-20T22:41:58.940150+00:00,200,1164.57,
2026-09-20T22:41:59.039041+00:00,200,1317.38,
2026-09-20T22:41:59.199456+00:00,200,1158.81,
2026-09-20T22:41:59.119144+00:00,200,1237.97,
2026-09-20T22:41:59.258299+00:00,200,1101.12,
2026-09-20T22:41:59.298692+00:00,200,1061.45,
2026-09-20T22:41:59.319705+00:00,200,1041.42,
2026-09-20T22:41:59.179727+00:00,200,1183.2,
2026-09-20T22:41:59.238303+00:00,200,1125.27,
2026-09-20T22:41:59.279644+00:00,200,1085.54,
2026-09-20T22:41:59.220852+00:00,200,1144.66,
2026-09-20T22:41:59.099646+00:00,200,1268.79,
2026-09-20T22:41:59.398815+00:00,200,972.16,
2026-09-20T22:41:59.339517+00:00,200,1051.52,
2026-09-20T22:41:59.419559+00:00,200,992.29,
2026-09-20T22:41:59.378465+00:00,200,1040.62,
2026-09-20T22:41:59.438435+00:00,200,982.02,
2026-09-20T22:41:59.459012+00:00,200,1026.72,
2026-09-20T22:41:59.358208+00:00,200,1148.91,
2026-09-20T22:41:59.498675+00:00,200,1030.62,
2026-09-20T22:41:59.539686+00:00,200,1042.78,
2026-09-20T22:41:59.558281+00:00,200,1103.52,
2026-09-20T22:41:59.479203+00:00,200,1258.95,
2026-09-20T22:41:59.519675+00:00,200,1219.22,
2026-09-20T22:41:59.578367+00:00,200,1178.76,
2026-09-20T22:41:59.598394+00:00,200,1191.53,
2026-09-20T22:41:59.619335+00:00,200,1172.2,
2026-09-20T22:41:59.678826+00:00,200,1128.35,
2026-09-20T22:41:59.659645+00:00,200,1148.65,
2026-09-20T22:41:59.639886+00:00,200,1208.4,
2026-09-20T22:41:59.698864+00:00,200,1150.35,
2026-09-20T22:41:59.720111+00:00,200,1129.83,
2026-09-20T22:41:59.738656+00:00,200,1186.18,
2026-09-20T22:41:59.759314+00:00,200,1166.99,
2026-09-20T22:41:59.778724+00:00,200,1210.04,
2026-09-20T22:41:59.859363+00:00,200,1144.33,
2026-09-20T22:41:59.819710+00:00,200,1186.42,
2026-09-20T22:41:59.799182+00:00,200,1208.31,
2026-09-20T22:41:59.938803+00:00,200,1100.71,
2026-09-20T22:41:59.899323+00:00,200,1140.22,
2026-09-20T22:41:59.879292+00:00,200,1209.3,
2026-09-20T22:41:59.921115+00:00,200,1168.7,
2026-09-20T22:41:59.959161+00:00,200,1131.87,
2026-09-20T22:41:59.838895+00:00,200,1254.23,
2026-09-20T22:41:59.999372+00:00,200,1094.46,
2026-09-20T22:41:59.979208+00:00,200,1138.27,
2026-09-20T22:42:00.079743+00:00,200,1132.39,
2026-09-20T22:42:00.058375+00:00,200,1201.98,
2026-09-20T22:42:00.239414+00:00,200,1021.62,
2026-09-20T22:42:00.020270+00:00,200,1243.19,
2026-09-20T22:42:00.099780+00:00,200,1218.64,
2026-09-20T22:42:00.119547+00:00,200,1201.13,
2026-09-20T22:42:00.158230+00:00,200,1291.38,
2026-09-20T22:42:00.037210+00:00,200,1411.98,
2026-09-20T22:42:00.138998+00:00,200,1345.63,
2026-09-20T22:42:00.258182+00:00,200,1226.41,
2026-09-20T22:42:00.220883+00:00,200,1320.43,
2026-09-20T22:42:00.179266+00:00,200,1362.86,
2026-09-20T22:42:00.298332+00:00,200,1245.38,
2026-09-20T22:42:00.319104+00:00,200,1226.44,
2026-09-20T22:42:00.278355+00:00,200,1301.77,
2026-09-20T22:42:00.199457+00:00,200,1423.35,
2026-09-20T22:42:00.339714+00:00,200,1285.85,
2026-09-20T22:42:00.458732+00:00,200,1245.94,
2026-09-20T22:42:00.558977+00:00,200,1150.44,
2026-09-20T22:42:00.399465+00:00,200,1329.82,
2026-09-20T22:42:00.479694+00:00,200,1250.68,
2026-09-20T22:42:00.378758+00:00,200,1352.18,
2026-09-20T22:42:00.419529+00:00,200,1312.06,
2026-09-20T22:42:00.519732+00:00,200,1242.6,
2026-09-20T22:42:00.438752+00:00,200,1324.64,
2026-09-20T22:42:00.364467+00:00,200,1406.59,
2026-09-20T22:42:00.599629+00:00,200,1206.18,
2026-09-20T22:42:00.539300+00:00,200,1269.17,
2026-09-20T22:42:00.499267+00:00,200,1321.63,
2026-09-20T22:42:00.579406+00:00,200,1265.38,
2026-09-20T22:42:00.619747+00:00,200,1341.37,
2026-09-20T22:42:00.679168+00:00,200,1295.89,
2026-09-20T22:42:00.658704+00:00,200,1346.22,
2026-09-20T22:42:00.699382+00:00,200,1306.18,
2026-09-20T22:42:00.638895+00:00,200,1398.63,
2026-09-20T22:42:00.798684+00:00,200,1294.16,
2026-09-20T22:42:00.739339+00:00,200,1384.1,
2026-09-20T22:42:00.758497+00:00,200,1431.04,
2026-09-20T22:42:00.898704+00:00,200,1311.24,
2026-09-20T22:42:00.939779+00:00,200,1271.41,
2026-09-20T22:42:00.718365+00:00,200,1522.64,
2026-09-20T22:42:00.839674+00:00,200,1404.61,
2026-09-20T22:42:00.819303+00:00,200,1437.62,
2026-09-20T22:42:00.779136+00:00,200,1487.98,
2026-09-20T22:42:00.878224+00:00,200,1429.84,
2026-09-20T22:42:00.859481+00:00,200,1463.78,
2026-09-20T22:42:01.080128+00:00,200,1272.27,
2026-09-20T22:42:01.159733+00:00,200,1193.92,
2026-09-20T22:42:00.959851+00:00,200,1394.96,
2026-09-20T22:42:00.999702+00:00,200,1370.46,
2026-09-20T22:42:00.979647+00:00,200,1417.05,
2026-09-20T22:42:00.918451+00:00,200,1481.84,
2026-09-20T22:42:01.040379+00:00,200,1376.55,
2026-09-20T22:42:01.059093+00:00,200,1414.41,
2026-09-20T22:42:01.098746+00:00,200,1420.27,
2026-09-20T22:42:01.118755+00:00,200,1405.44,
2026-09-20T22:42:01.019395+00:00,200,1506.84,
2026-09-20T22:42:01.138976+00:00,200,1445.96,
2026-09-20T22:42:01.219509+00:00,200,1404.51,
2026-09-20T22:42:01.198659+00:00,200,1433.89,
2026-09-20T22:42:01.238331+00:00,200,1397.09,
2026-09-20T22:42:01.299569+00:00,200,1357.76,
2026-09-20T22:42:01.179316+00:00,200,1578.34,
2026-09-20T22:42:01.378721+00:00,200,1408.47,
2026-09-20T22:42:01.319091+00:00,200,1469.92,
2026-09-20T22:42:01.279088+00:00,200,1551.22,
2026-09-20T22:42:01.259086+00:00,200,1587.81,
2026-09-20T22:42:01.418484+00:00,200,1471.01,
2026-09-20T22:42:01.359501+00:00,200,1533.75,
2026-09-20T22:42:01.398309+00:00,200,1504.33,
2026-09-20T22:42:01.339276+00:00,200,1567.02,
2026-09-20T22:42:01.459332+00:00,200,1514.54,
2026-09-20T22:42:01.499348+00:00,200,1475.36,
2026-09-20T22:42:01.538780+00:00,200,1439.55,
2026-09-20T22:42:01.619778+00:00,200,1395.12,
2026-09-20T22:42:01.579011+00:00,200,1443.66,
2026-09-20T22:42:01.558878+00:00,200,1464.74,
2026-09-20T22:42:01.479129+00:00,200,1564.28,
2026-09-20T22:42:01.519073+00:00,200,1525.65,
2026-09-20T22:42:01.638478+00:00,200,1424.16,
2026-09-20T22:42:01.438171+00:00,200,1629.42,
2026-09-20T22:42:01.698905+00:00,200,1410.12,
2026-09-20T22:42:01.599581+00:00,200,1550.32,
2026-09-20T22:42:01.658569+00:00,200,1550.59,
2026-09-20T22:42:01.679069+00:00,200,1557.15,
2026-09-20T22:42:01.719552+00:00,200,1546.4,
2026-09-20T22:42:01.798254+00:00,200,1474.26,
2026-09-20T22:42:01.759706+00:00,200,1549.75,
2026-09-20T22:42:01.738964+00:00,200,1609.99,
2026-09-20T22:42:01.839813+00:00,200,1526.38,
2026-09-20T22:42:01.779746+00:00,200,1598.86,
2026-09-20T22:42:01.898110+00:00,200,1557.12,
2026-09-20T22:42:01.818570+00:00,200,1654.79,
2026-09-20T22:42:01.858439+00:00,200,1621.75,
2026-09-20T22:42:01.878176+00:00,200,1669.8,
2026-09-20T22:42:02.038993+00:00,200,1513.78,
2026-09-20T22:42:01.959730+00:00,200,1629.99,
2026-09-20T22:42:02.059324+00:00,200,1566.44,
2026-09-20T22:42:02.159379+00:00,200,1466.97,
2026-09-20T22:42:02.099260+00:00,200,1533.02,
2026-09-20T22:42:01.998955+00:00,200,1636.59,
2026-09-20T22:42:01.920041+00:00,200,1729.23,
2026-09-20T22:42:02.118951+00:00,200,1576.55,
2026-09-20T22:42:01.938219+00:00,200,1758.99,
2026-09-20T22:42:01.978854+00:00,200,1723.19,
2026-09-20T22:42:02.139310+00:00,200,1576.55,
2026-09-20T22:42:02.019764+00:00,200,1733.05,
2026-09-20T22:42:02.078922+00:00,200,1693.49,
2026-09-20T22:42:02.198620+00:00,200,1601.96,
2026-09-20T22:42:02.178676+00:00,200,1642.85,
2026-09-20T22:42:02.219308+00:00,200,1603.84,
2026-09-20T22:42:02.278309+00:00,200,1557.12,
2026-09-20T22:42:02.239834+00:00,200,1616.79,
2026-09-20T22:42:02.300079+00:00,200,1613.19,
2026-09-20T22:42:02.318500+00:00,200,1640.13,
2026-09-20T22:42:02.258651+00:00,200,1723.39,
2026-09-20T22:42:02.378985+00:00,200,1654.63,
2026-09-20T22:42:02.400688+00:00,200,1651.9,
2026-09-20T22:42:02.438783+00:00,200,1660.9,
2026-09-20T22:42:02.340355+00:00,200,1796.34,
2026-09-20T22:42:02.479837+00:00,200,1658.94,
2026-09-20T22:42:02.358858+00:00,200,1789.03,
2026-09-20T22:42:02.458093+00:00,200,1691.47,
2026-09-20T22:42:02.419372+00:00,200,1738.27,
2026-09-20T22:42:02.538454+00:00,200,1723.76,
2026-09-20T22:42:02.519731+00:00,200,1771.99,
2026-09-20T22:42:02.559627+00:00,200,1744.84,
2026-09-20T22:42:02.659277+00:00,200,1657.96,
2026-09-20T22:42:02.579217+00:00,200,1745.65,
2026-09-20T22:42:02.678322+00:00,200,1676.06,
2026-09-20T22:42:02.618708+00:00,200,1762.15,
2026-09-20T22:42:02.759545+00:00,200,1625.27,
2026-09-20T22:42:02.720752+00:00,200,1672.87,
2026-09-20T22:42:02.599270+00:00,200,1830.94,
2026-09-20T22:42:02.499362+00:00,200,1935.35,
2026-09-20T22:42:02.639480+00:00,200,1811.09,
2026-09-20T22:42:02.738351+00:00,200,1753.13,
2026-09-20T22:42:02.779367+00:00,200,1732.08,
2026-09-20T22:42:02.699386+00:00,200,1815.34,
2026-09-20T22:42:02.819265+00:00,200,1727.74,
2026-09-20T22:42:02.838696+00:00,200,1723.22,
2026-09-20T22:42:02.879439+00:00,200,1682.82,
2026-09-20T22:42:02.798176+00:00,200,1804.07,
2026-09-20T22:42:02.859003+00:00,200,1804.49,
2026-09-20T22:42:02.899479+00:00,200,1779.14,
2026-09-20T22:42:02.918313+00:00,200,1784.14,
2026-09-20T22:42:02.979253+00:00,200,1748.42,
2026-09-20T22:42:02.998654+00:00,200,1792.21,
2026-09-20T22:42:02.959498+00:00,200,1861.11,
2026-09-20T22:42:02.938532+00:00,200,1890.89,
2026-09-20T22:42:03.059068+00:00,200,1786.6,
2026-09-20T22:42:03.038580+00:00,200,1846.58,
2026-09-20T22:42:03.018149+00:00,200,1900.4,
2026-09-20T22:42:03.158582+00:00,200,1800.68,
2026-09-20T22:42:03.179121+00:00,200,1794.85,
2026-09-20T22:42:03.079212+00:00,200,1895.65,
2026-09-20T22:42:03.098221+00:00,200,1906.05,
2026-09-20T22:42:03.319310+00:00,200,1694.14,
2026-09-20T22:42:03.198902+00:00,200,1815.5,
2026-09-20T22:42:03.138928+00:00,200,1879.04,
2026-09-20T22:42:03.119100+00:00,200,1920.18,
2026-09-20T22:42:03.279183+00:00,200,1797.75,
2026-09-20T22:42:03.219429+00:00,200,1880.99,
2026-09-20T22:42:03.379084+00:00,200,1746.85,
2026-09-20T22:42:03.239266+00:00,200,1938.64,
2026-09-20T22:42:03.258617+00:00,200,1934.69,
2026-09-20T22:42:03.339162+00:00,200,1868.87,
2026-09-20T22:42:03.359389+00:00,200,1853.05,
2026-09-20T22:42:03.479094+00:00,200,1778.66,
2026-09-20T22:42:03.420196+00:00,200,1861.89,
2026-09-20T22:42:03.299929+00:00,200,2029.88,
2026-09-20T22:42:03.518628+00:00,200,1841.35,
2026-09-20T22:42:03.399921+00:00,200,1971.0,
2026-09-20T22:42:03.438293+00:00,200,1939.43,
2026-09-20T22:42:03.499287+00:00,200,1891.56,
2026-09-20T22:42:03.458409+00:00,200,1952.15,
2026-09-20T22:42:03.558326+00:00,200,1877.61,
2026-09-20T22:42:03.579010+00:00,200,1864.53,
2026-09-20T22:42:03.639324+00:00,200,1819.84,
2026-09-20T22:42:03.659916+00:00,200,1916.87,
2026-09-20T22:42:03.698631+00:00,200,1893.11,
2026-09-20T22:42:03.538431+00:00,200,2069.53,
2026-09-20T22:42:03.599512+00:00,200,2013.69,
2026-09-20T22:42:03.819636+00:00,200,1795.41,
2026-09-20T22:42:03.718681+00:00,200,1898.94,
2026-09-20T22:42:03.618273+00:00,200,2006.28,
2026-09-20T22:42:03.759707+00:00,200,1874.36,
2026-09-20T22:42:03.738276+00:00,200,1900.5,
2026-09-20T22:42:03.778488+00:00,200,1928.94,
2026-09-20T22:42:03.838753+00:00,200,1936.02,
2026-09-20T22:42:03.859200+00:00,200,1916.8,
2026-09-20T22:42:03.679796+00:00,200,2097.52,
2026-09-20T22:42:03.938618+00:00,200,1909.9,
2026-09-20T22:42:03.898962+00:00,200,1957.57,
2026-09-20T22:42:03.978433+00:00,200,1935.01,
2026-09-20T22:42:03.799057+00:00,200,2115.21,
2026-09-20T22:42:03.958902+00:00,200,2023.87,
2026-09-20T22:42:03.878974+00:00,200,2104.74,
2026-09-20T22:42:04.099668+00:00,200,1961.24,
2026-09-20T22:42:04.158302+00:00,200,1909.77,
2026-09-20T22:42:04.218692+00:00,200,1850.58,
2026-09-20T22:42:04.039510+00:00,200,2078.82,
2026-09-20T22:42:04.058734+00:00,200,2060.36,
2026-09-20T22:42:04.178311+00:00,200,1941.67,
2026-09-20T22:42:03.918568+00:00,200,2202.71,
2026-09-20T22:42:03.999220+00:00,200,2122.68,
2026-09-20T22:42:04.018831+00:00,200,2106.13,
2026-09-20T22:42:04.120636+00:00,200,2012.62,
2026-09-20T22:42:04.078962+00:00,200,2105.56,
2026-09-20T22:42:04.198430+00:00,200,2018.32,
2026-09-20T22:42:04.138765+00:00,200,2124.41,
2026-09-20T22:42:04.299878+00:00,200,1975.1,
2026-09-20T22:42:04.418520+00:00,200,1887.77,
2026-09-20T22:42:04.279343+00:00,200,2038.03,
2026-09-20T22:42:04.258315+00:00,200,2064.17,
2026-09-20T22:42:04.239026+00:00,200,2112.93,
2026-09-20T22:42:04.398461+00:00,200,1961.14,
2026-09-20T22:42:04.498273+00:00,200,1880.03,
2026-09-20T22:42:04.339454+00:00,200,2092.8,
2026-09-20T22:42:04.358799+00:00,200,2116.79,
2026-09-20T22:42:04.438713+00:00,200,2055.8,
2026-09-20T22:42:04.519461+00:00,200,2002.98,
2026-09-20T22:42:04.319267+00:00,200,2204.87,
2026-09-20T22:42:04.578742+00:00,200,2020.01,
2026-09-20T22:42:04.478997+00:00,200,2121.44,
2026-09-20T22:42:04.458752+00:00,200,2150.62,
2026-09-20T22:42:04.379899+00:00,200,2277.78,
2026-09-20T22:42:04.538858+00:00,200,2136.6,
2026-09-20T22:42:04.679120+00:00,200,2046.52,
2026-09-20T22:42:04.659800+00:00,200,2066.38,
2026-09-20T22:42:04.719117+00:00,200,2064.8,
2026-09-20T22:42:04.638907+00:00,200,2145.88,
2026-09-20T22:42:04.739311+00:00,200,2095.96,
2026-09-20T22:42:04.558915+00:00,200,2277.26,
2026-09-20T22:42:04.799067+00:00,200,2055.32,
2026-09-20T22:42:04.598486+00:00,200,2257.47,
2026-09-20T22:42:04.759909+00:00,200,2097.16,
2026-09-20T22:42:04.698365+00:00,200,2217.87,
2026-09-20T22:42:04.778228+00:00,200,2138.55,
2026-09-20T22:42:04.819841+00:00,200,2096.23,
2026-09-20T22:42:04.619805+00:00,200,2298.84,
2026-09-20T22:42:04.878988+00:00,200,2059.29,
2026-09-20T22:42:04.978259+00:00,200,2020.94,
2026-09-20T22:42:04.898988+00:00,200,2101.29,
2026-09-20T22:42:04.998321+00:00,200,2011.6,
2026-09-20T22:42:04.858524+00:00,200,2159.32,
2026-09-20T22:42:04.918343+00:00,200,2148.49,
2026-09-20T22:42:04.839545+00:00,200,2250.28,
2026-09-20T22:42:05.159793+00:00,200,1978.95,
2026-09-20T22:42:05.098642+00:00,200,2106.87,
2026-09-20T22:42:04.940094+00:00,200,2335.61,
2026-09-20T22:42:05.018360+00:00,200,2258.07,
2026-09-20T22:42:05.039831+00:00,200,2237.05,
2026-09-20T22:42:04.958398+00:00,200,2317.88,
2026-09-20T22:42:05.078647+00:00,200,2265.41,
2026-09-20T22:42:05.220307+00:00,200,2142.77,
2026-09-20T22:42:05.198959+00:00,200,2164.76,
2026-09-20T22:42:05.138482+00:00,200,2272.16,
2026-09-20T22:42:05.119063+00:00,200,2292.53,
2026-09-20T22:42:05.259775+00:00,200,2152.65,
2026-09-20T22:42:05.059456+00:00,200,2364.43,
2026-09-20T22:42:05.178802+00:00,200,2301.0,
2026-09-20T22:42:05.398221+00:00,200,2148.88,
2026-09-20T22:42:05.379355+00:00,200,2169.01,
2026-09-20T22:42:05.438978+00:00,200,2119.07,
2026-09-20T22:42:05.278279+00:00,200,2285.95,
2026-09-20T22:42:05.339476+00:00,200,2232.97,
2026-09-20T22:42:05.238756+00:00,200,2378.98,
2026-09-20T22:42:05.459654+00:00,200,2159.55,
2026-09-20T22:42:05.498786+00:00,200,2121.83,
2026-09-20T22:42:05.538786+00:00,200,2100.54,
2026-09-20T22:42:05.299700+00:00,200,2384.88,
2026-09-20T22:42:05.319824+00:00,200,2365.02,
2026-09-20T22:42:05.420131+00:00,200,2266.19,
2026-09-20T22:42:05.478238+00:00,200,2223.31,
2026-09-20T22:42:05.599251+00:00,200,2107.24,
2026-09-20T22:42:05.358472+00:00,200,2396.78,
2026-09-20T22:42:05.679545+00:00,200,2146.67,
2026-09-20T22:42:05.518206+00:00,200,2325.03,
2026-09-20T22:42:05.758353+00:00,200,2204.62,
2026-09-20T22:42:05.559071+00:00,200,2412.48,
2026-09-20T22:42:05.578155+00:00,200,2396.84,
2026-09-20T22:42:05.639225+00:00,200,2389.59,
2026-09-20T22:42:05.619415+00:00,200,2409.79,
2026-09-20T22:42:05.699250+00:00,200,2331.11,
2026-09-20T22:42:05.658500+00:00,200,2377.42,
2026-09-20T22:42:05.779187+00:00,200,2319.16,
2026-09-20T22:42:05.719483+00:00,200,2379.85,
2026-09-20T22:42:05.799372+00:00,200,2301.4,
2026-09-20T22:42:05.858942+00:00,200,2306.97,
2026-09-20T22:42:05.739640+00:00,200,2443.87,
2026-09-20T22:42:05.899369+00:00,200,2288.52,
2026-09-20T22:42:05.820481+00:00,200,2369.22,
2026-09-20T22:42:05.879917+00:00,200,2355.79,
2026-09-20T22:42:05.839553+00:00,200,2397.52,
2026-09-20T22:42:06.079673+00:00,200,2158.8,
2026-09-20T22:42:06.058428+00:00,200,2182.39,
2026-09-20T22:42:05.959043+00:00,200,2292.91,
2026-09-20T22:42:05.998861+00:00,200,2256.96,
2026-09-20T22:42:05.919661+00:00,200,2384.47,
2026-09-20T22:42:06.159228+00:00,200,2212.96,
2026-09-20T22:42:05.978427+00:00,200,2394.49,
2026-09-20T22:42:06.018821+00:00,200,2356.34,
2026-09-20T22:42:06.039486+00:00,200,2337.65,
2026-09-20T22:42:05.938735+00:00,200,2501.03,
2026-09-20T22:42:06.099440+00:00,200,2341.76,
2026-09-20T22:42:06.239605+00:00,200,2217.38,
2026-09-20T22:42:06.299354+00:00,200,2209.2,
2026-09-20T22:42:06.139697+00:00,200,2369.57,
2026-09-20T22:42:06.198059+00:00,200,2449.55,
2026-09-20T22:42:06.218393+00:00,200,2464.93,
2026-09-20T22:42:06.339618+00:00,200,2352.06,
2026-09-20T22:42:06.120429+00:00,200,2572.01,
2026-09-20T22:42:06.179839+00:00,200,2515.02,
2026-09-20T22:42:06.258907+00:00,200,2446.2,
2026-09-20T22:42:06.318540+00:00,200,2404.59,
2026-09-20T22:42:06.418497+00:00,200,2359.74,
2026-09-20T22:42:06.378887+00:00,200,2400.29,
2026-09-20T22:42:06.279710+00:00,200,2572.54,
2026-09-20T22:42:06.459681+00:00,200,2396.8,
2026-09-20T22:42:06.358863+00:00,200,2550.26,
2026-09-20T22:42:06.399596+00:00,200,2517.94,
2026-09-20T22:42:06.578472+00:00,200,2342.77,
2026-09-20T22:42:06.499889+00:00,200,2428.15,
2026-09-20T22:42:06.438624+00:00,200,2490.21,
2026-09-20T22:42:06.519439+00:00,200,2422.46,
2026-09-20T22:42:06.479604+00:00,200,2464.08,
2026-09-20T22:42:06.539746+00:00,200,2418.36,
2026-09-20T22:42:06.658284+00:00,200,2325.71,
2026-09-20T22:42:06.598810+00:00,200,2386.99,
2026-09-20T22:42:06.719162+00:00,200,2277.07,
2026-09-20T22:42:06.559117+00:00,200,2511.19,
2026-09-20T22:42:06.679017+00:00,200,2426.03,
2026-09-20T22:42:06.639028+00:00,200,2472.0,
2026-09-20T22:42:06.738946+00:00,200,2411.52,
2026-09-20T22:42:06.620455+00:00,200,2549.76,
2026-09-20T22:42:06.839240+00:00,200,2332.06,
2026-09-20T22:42:06.859265+00:00,200,2320.24,
2026-09-20T22:42:06.698632+00:00,200,2593.49,
2026-09-20T22:42:06.878535+00:00,200,2495.38,
2026-09-20T22:42:06.818631+00:00,200,2567.09,
2026-09-20T22:42:06.758629+00:00,200,2628.24,
2026-09-20T22:42:06.938686+00:00,200,2463.21,
2026-09-20T22:42:06.779118+00:00,200,2646.3,
2026-09-20T22:42:06.898999+00:00,200,2532.8,
2026-09-20T22:42:06.798252+00:00,200,2668.91,
2026-09-20T22:42:07.001088+00:00,200,2526.36,
2026-09-20T22:42:06.919469+00:00,200,2629.98,
2026-09-20T22:42:06.978808+00:00,200,2583.49,
2026-09-20T22:42:07.059374+00:00,200,2516.71,
2026-09-20T22:42:07.098126+00:00,200,2483.72,
2026-09-20T22:42:07.020231+00:00,200,2606.5,
2026-09-20T22:42:07.178701+00:00,200,2456.61,
2026-09-20T22:42:06.959279+00:00,200,2689.65,
2026-09-20T22:42:07.118551+00:00,200,2533.32,
2026-09-20T22:42:07.078689+00:00,200,2578.7,
2026-09-20T22:42:07.238335+00:00,200,2424.13,
2026-09-20T22:42:07.039529+00:00,200,2637.2,
2026-09-20T22:42:07.198478+00:00,200,2480.16,
2026-09-20T22:42:07.299137+00:00,200,2409.07,
2026-09-20T22:42:07.159050+00:00,200,2559.01,
2026-09-20T22:42:07.139297+00:00,200,2613.91,
2026-09-20T22:42:07.258416+00:00,200,2532.76,
2026-09-20T22:42:07.378883+00:00,200,2423.73,
2026-09-20T22:42:07.419176+00:00,200,2459.16,
2026-09-20T22:42:07.480264+00:00,200,2402.98,
2026-09-20T22:42:07.219261+00:00,200,2683.39,
2026-09-20T22:42:07.278764+00:00,200,2666.36,
2026-09-20T22:42:07.318283+00:00,200,2669.09,
2026-09-20T22:42:07.358965+00:00,200,2676.32,
2026-09-20T22:42:07.399412+00:00,200,2643.91,
2026-09-20T22:42:07.459644+00:00,200,2585.61,
2026-09-20T22:42:07.338487+00:00,200,2749.7,
2026-09-20T22:42:07.518494+00:00,200,2630.07,
2026-09-20T22:42:07.438355+00:00,200,2775.04,
2026-09-20T22:42:07.538202+00:00,200,2677.06,
2026-09-20T22:42:07.620541+00:00,200,2612.77,
2026-09-20T22:42:07.739811+00:00,200,2508.45,
2026-09-20T22:42:07.579911+00:00,200,2698.53,
2026-09-20T22:42:07.498522+00:00,200,2784.14,
2026-09-20T22:42:07.699639+00:00,200,2605.24,
2026-09-20T22:42:07.779472+00:00,200,2528.48,
2026-09-20T22:42:07.640357+00:00,200,2708.49,
2026-09-20T22:42:07.558513+00:00,200,2792.6,
2026-09-20T22:42:07.599912+00:00,200,2755.69,
2026-09-20T22:42:07.818952+00:00,200,2541.86,
2026-09-20T22:42:07.719769+00:00,200,2656.52,
2026-09-20T22:42:07.659314+00:00,200,2728.33,
2026-09-20T22:42:07.679686+00:00,200,2719.98,
2026-09-20T22:42:07.878425+00:00,200,2523.7,
2026-09-20T22:42:07.859663+00:00,200,2597.99,
2026-09-20T22:42:07.898306+00:00,200,2605.65,
2026-09-20T22:42:07.758635+00:00,200,2746.53,
2026-09-20T22:42:07.978687+00:00,200,2555.41,
2026-09-20T22:42:08.079693+00:00,200,2495.34,
2026-09-20T22:42:08.019494+00:00,200,2580.63,
2026-09-20T22:42:07.799569+00:00,200,2825.08,
2026-09-20T22:42:07.839811+00:00,200,2823.07,
2026-09-20T22:42:07.999108+00:00,200,2720.04,
2026-09-20T22:42:07.919455+00:00,200,2801.77,
2026-09-20T22:42:07.958621+00:00,200,2814.75,
2026-09-20T22:42:07.938926+00:00,200,2866.9,
2026-09-20T22:42:08.038397+00:00,200,2835.35,
2026-09-20T22:42:08.198622+00:00,200,2718.53,
2026-09-20T22:42:08.139617+00:00,200,2779.67,
2026-09-20T22:42:08.159943+00:00,200,2787.69,
2026-09-20T22:42:08.238742+00:00,200,2716.83,
2026-09-20T22:42:08.059650+00:00,200,2914.18,
2026-09-20T22:42:08.338816+00:00,200,2642.51,
2026-09-20T22:42:08.118691+00:00,200,2874.1,
2026-09-20T22:42:08.179121+00:00,200,2853.02,
2026-09-20T22:42:08.100186+00:00,200,2938.62,
2026-09-20T22:42:08.279220+00:00,200,2761.95,
2026-09-20T22:42:08.298444+00:00,200,2747.77,
2026-09-20T22:42:08.218687+00:00,200,2864.27,
2026-09-20T22:42:08.379062+00:00,200,2706.83,
2026-09-20T22:42:08.358419+00:00,200,2733.49,
2026-09-20T22:42:08.398251+00:00,200,2695.19,
2026-09-20T22:42:08.258152+00:00,200,2885.14,
2026-09-20T22:42:08.459073+00:00,200,2696.8,
2026-09-20T22:42:08.499469+00:00,200,2689.09,
2026-09-20T22:42:08.518377+00:00,200,2681.5,
2026-09-20T22:42:08.539050+00:00,200,2690.43,
2026-09-20T22:42:08.679346+00:00,200,2597.81,
2026-09-20T22:42:08.599985+00:00,200,2681.73,
2026-09-20T22:42:08.319428+00:00,200,2963.43,
2026-09-20T22:42:08.419225+00:00,200,2910.49,
2026-09-20T22:42:08.441310+00:00,200,2971.62,
2026-09-20T22:42:08.558849+00:00,200,2890.28,
2026-09-20T22:42:08.578493+00:00,200,2878.62,
2026-09-20T22:42:08.620870+00:00,200,2842.28,
2026-09-20T22:42:08.478603+00:00,200,3024.79,
2026-09-20T22:42:08.639797+00:00,200,2886.15,
2026-09-20T22:42:08.721033+00:00,200,2904.91,
2026-09-20T22:42:08.779332+00:00,200,2854.24,
2026-09-20T22:42:08.739903+00:00,200,2898.67,
2026-09-20T22:42:08.898536+00:00,200,2762.49,
2026-09-20T22:42:08.658593+00:00,200,3032.15,
2026-09-20T22:42:08.819482+00:00,200,2873.3,
2026-09-20T22:42:08.979197+00:00,200,2725.95,
2026-09-20T22:42:08.699126+00:00,200,3007.13,
2026-09-20T22:42:08.799308+00:00,200,2924.95,
2026-09-20T22:42:08.878930+00:00,200,2862.84,
2026-09-20T22:42:08.858199+00:00,200,2892.0,
2026-09-20T22:42:08.939198+00:00,200,2831.44,
2026-09-20T22:42:08.759316+00:00,200,3015.5,
2026-09-20T22:42:08.839142+00:00,200,2936.36,
2026-09-20T22:42:09.038908+00:00,200,2786.65,
2026-09-20T22:42:08.999483+00:00,200,2826.8,
2026-09-20T22:42:08.919693+00:00,200,2927.89,
2026-09-20T22:42:09.099711+00:00,200,2777.47,
2026-09-20T22:42:09.078780+00:00,200,2828.02,
2026-09-20T22:42:09.278710+00:00,200,2646.45,
2026-09-20T22:42:08.958575+00:00,200,2967.86,
2026-09-20T22:42:09.198036+00:00,200,2752.57,
2026-09-20T22:42:09.180318+00:00,200,2788.78,
2026-09-20T22:42:09.018843+00:00,200,2978.68,
2026-09-20T22:42:09.219106+00:00,200,2889.56,
2026-09-20T22:42:09.059097+00:00,200,3081.47,
2026-09-20T22:42:09.138363+00:00,200,3044.62,
2026-09-20T22:42:09.119270+00:00,200,3071.14,
2026-09-20T22:42:09.159937+00:00,200,3065.42,
2026-09-20T22:42:09.259768+00:00,200,2996.07,
2026-09-20T22:42:09.479837+00:00,200,2824.19,
2026-09-20T22:42:09.319249+00:00,200,3029.26,
2026-09-20T22:42:09.419268+00:00,200,2938.59,
2026-09-20T22:42:09.518399+00:00,200,2849.76,
2026-09-20T22:42:09.359426+00:00,200,3020.99,
2026-09-20T22:42:09.339660+00:00,200,3080.79,
2026-09-20T22:42:09.239688+00:00,200,3182.28,
2026-09-20T22:42:09.398926+00:00,200,3035.92,
2026-09-20T22:42:09.499273+00:00,200,2936.66,
2026-09-20T22:42:09.438245+00:00,200,3004.05,
2026-09-20T22:42:09.300300+00:00,200,3173.54,
2026-09-20T22:42:09.539153+00:00,200,2947.01,
2026-09-20T22:42:09.619472+00:00,200,2886.17,
2026-09-20T22:42:09.379740+00:00,200,3126.44,
2026-09-20T22:42:09.599635+00:00,200,2914.31,
2026-09-20T22:42:09.678448+00:00,200,2860.13,
2026-09-20T22:42:09.459794+00:00,200,3084.85,
2026-09-20T22:42:09.639691+00:00,200,2913.61,
2026-09-20T22:42:09.739511+00:00,200,2830.63,
2026-09-20T22:42:09.698597+00:00,200,2936.46,
2026-09-20T22:42:09.878982+00:00,200,2777.93,
2026-09-20T22:42:09.559416+00:00,200,3103.13,
2026-09-20T22:42:09.799691+00:00,200,2873.14,
2026-09-20T22:42:09.578937+00:00,200,3147.6,
2026-09-20T22:42:09.758972+00:00,200,3070.46,
2026-09-20T22:42:09.818902+00:00,200,3011.49,
2026-09-20T22:42:09.718480+00:00,200,3113.4,
2026-09-20T22:42:09.659333+00:00,200,3234.37,
2026-09-20T22:42:09.779671+00:00,200,3122.9,
2026-09-20T22:42:09.958518+00:00,200,3001.78,
2026-09-20T22:42:09.838366+00:00,200,3152.27,
2026-09-20T22:42:10.039836+00:00,200,2958.53,
2026-09-20T22:42:09.918680+00:00,200,3149.16,
2026-09-20T22:42:09.978753+00:00,200,3088.56,
2026-09-20T22:42:10.078626+00:00,200,3007.45,
2026-09-20T22:42:09.939837+00:00,200,3156.6,
2026-09-20T22:42:10.199275+00:00,200,2959.29,
2026-09-20T22:42:09.900283+00:00,200,3260.0,
2026-09-20T22:42:09.859764+00:00,200,3304.25,
2026-09-20T22:42:10.098273+00:00,200,3067.69,
2026-09-20T22:42:10.300137+00:00,200,2867.82,
2026-09-20T22:42:10.058831+00:00,200,3130.34,
2026-09-20T22:42:10.159256+00:00,200,3066.75,
2026-09-20T22:42:10.143698+00:00,200,3094.94,
2026-09-20T22:42:10.279019+00:00,200,2965.06,
2026-09-20T22:42:10.019716+00:00,200,3249.65,
2026-09-20T22:42:09.999992+00:00,200,3271.35,
2026-09-20T22:42:10.258995+00:00,200,3012.8,
2026-09-20T22:42:10.379486+00:00,200,2910.56,
2026-09-20T22:42:10.119368+00:00,200,3175.16,
2026-09-20T22:42:10.218982+00:00,200,3100.85,
2026-09-20T22:42:10.398605+00:00,200,3001.44,
2026-09-20T22:42:10.499193+00:00,200,2944.67,
2026-09-20T22:42:10.238926+00:00,200,3252.61,
2026-09-20T22:42:10.320069+00:00,200,3172.43,
2026-09-20T22:42:10.178299+00:00,200,3322.12,
2026-09-20T22:42:10.358273+00:00,200,3181.81,
2026-09-20T22:42:10.439198+00:00,200,3170.82,
2026-09-20T22:42:10.418166+00:00,200,3206.05,
2026-09-20T22:42:10.538398+00:00,200,3089.05,
2026-09-20T22:42:10.338641+00:00,200,3328.49,
2026-09-20T22:42:10.679825+00:00,200,3049.99,
2026-09-20T22:42:10.518282+00:00,200,3212.42,
2026-09-20T22:42:10.598849+00:00,200,3185.44,
2026-09-20T22:42:10.698507+00:00,200,3097.97,
2026-09-20T22:42:10.559117+00:00,200,3239.04,
2026-09-20T22:42:10.718517+00:00,200,3088.23,
2026-09-20T22:42:10.579474+00:00,200,3258.13,
2026-09-20T22:42:10.638619+00:00,200,3220.7,
2026-09-20T22:42:10.979799+00:00,200,2887.5,
2026-09-20T22:42:10.858562+00:00,200,3053.78,
2026-09-20T22:42:10.478742+00:00,200,3445.04,
2026-09-20T22:42:10.738768+00:00,200,3189.28,
2026-09-20T22:42:10.458176+00:00,200,3484.14,
2026-09-20T22:42:10.899202+00:00,200,3076.33,
2026-09-20T22:42:10.759417+00:00,200,3225.58,
2026-09-20T22:42:10.660220+00:00,200,3358.06,
2026-09-20T22:42:10.779542+00:00,200,3248.58,
2026-09-20T22:42:10.799122+00:00,200,3228.76,
2026-09-20T22:42:10.619390+00:00,200,3414.84,
2026-09-20T22:42:10.879162+00:00,200,3166.66,
2026-09-20T22:42:11.019174+00:00,200,3085.26,
2026-09-20T22:42:10.919673+00:00,200,3254.3,
2026-09-20T22:42:10.818385+00:00,200,3358.22,
2026-09-20T22:42:11.098706+00:00,200,3084.36,
2026-09-20T22:42:10.939308+00:00,200,3258.74,
2026-09-20T22:42:10.998338+00:00,200,3243.05,
2026-09-20T22:42:11.119565+00:00,200,3154.18,
2026-09-20T22:42:10.838528+00:00,200,3483.28,
2026-09-20T22:42:11.178968+00:00,200,3231.16,
2026-09-20T22:42:11.279136+00:00,200,3147.93,
2026-09-20T22:42:11.200243+00:00,200,3233.46,
2026-09-20T22:42:11.218583+00:00,200,3248.89,
2026-09-20T22:42:11.058992+00:00,200,3422.6,
2026-09-20T22:42:11.039952+00:00,200,3442.98,
2026-09-20T22:42:10.958477+00:00,200,3533.16,
2026-09-20T22:42:11.139564+00:00,200,3366.15,
2026-09-20T22:42:11.459587+00:00,200,3077.32,
2026-09-20T22:42:11.359497+00:00,200,3185.58,
2026-09-20T22:42:11.299890+00:00,200,3262.77,
2026-09-20T22:42:11.239314+00:00,200,3353.83,
2026-09-20T22:42:11.478865+00:00,200,3143.14,
2026-09-20T22:42:11.319193+00:00,200,3306.36,
2026-09-20T22:42:11.079789+00:00,200,3564.64,
2026-09-20T22:42:11.379514+00:00,200,3293.63,
2026-09-20T22:42:11.159551+00:00,200,3538.33,
2026-09-20T22:42:11.498740+00:00,200,3218.71,
2026-09-20T22:42:11.258631+00:00,200,3479.98,
2026-09-20T22:42:11.558402+00:00,200,3202.72,
2026-09-20T22:42:11.338360+00:00,200,3485.25,
2026-09-20T22:42:11.539553+00:00,200,3302.14,
2026-09-20T22:42:11.438863+00:00,200,3403.11,
2026-09-20T22:42:11.398329+00:00,200,3450.1,
2026-09-20T22:42:11.419046+00:00,200,3438.5,
2026-09-20T22:42:11.598334+00:00,200,3274.02,
2026-09-20T22:42:11.639239+00:00,200,3239.0,
2026-09-20T22:42:11.678522+00:00,200,3287.7,
2026-09-20T22:42:11.719628+00:00,200,3250.1,
2026-09-20T22:42:11.799316+00:00,200,3247.66,
2026-09-20T22:42:11.879187+00:00,200,3199.79,
2026-09-20T22:42:11.658569+00:00,200,3424.94,
2026-09-20T22:42:11.519103+00:00,200,3571.09,
2026-09-20T22:42:11.699684+00:00,200,3417.15,
2026-09-20T22:42:11.578851+00:00,200,3553.68,
2026-09-20T22:42:11.900032+00:00,200,3263.98,
2026-09-20T22:42:11.779260+00:00,200,3399.01,
2026-09-20T22:42:11.620757+00:00,200,3601.06,
2026-09-20T22:42:11.980513+00:00,200,3245.74,
2026-09-20T22:42:11.839776+00:00,200,3401.12,
2026-09-20T22:42:11.739525+00:00,200,3509.49,
2026-09-20T22:42:11.939558+00:00,200,3365.95,
2026-09-20T22:42:12.038737+00:00,200,3306.16,
2026-09-20T22:42:11.759057+00:00,200,3599.2,
2026-09-20T22:42:12.119883+00:00,200,3253.68,
2026-09-20T22:42:11.959369+00:00,200,3496.78,
2026-09-20T22:42:12.079673+00:00,200,3393.13,
2026-09-20T22:42:12.059691+00:00,200,3416.09,
2026-09-20T22:42:11.919075+00:00,200,3591.0,
2026-09-20T22:42:11.859236+00:00,200,3652.17,
2026-09-20T22:42:11.818645+00:00,200,3700.05,
2026-09-20T22:42:11.999010+00:00,200,3545.93,
2026-09-20T22:42:12.198728+00:00,200,3352.96,
2026-09-20T22:42:12.139145+00:00,200,3424.15,
2026-09-20T22:42:12.019803+00:00,200,3571.25,
2026-09-20T22:42:12.318804+00:00,200,3314.4,
2026-09-20T22:42:12.158379+00:00,200,3514.25,
2026-09-20T22:42:12.458507+00:00,200,3223.7,
2026-09-20T22:42:12.219346+00:00,200,3465.11,
2026-09-20T22:42:12.418667+00:00,200,3283.03,
2026-09-20T22:42:12.338254+00:00,200,3370.27,
2026-09-20T22:42:12.279305+00:00,200,3446.7,
2026-09-20T22:42:12.258797+00:00,200,3487.45,
2026-09-20T22:42:12.519358+00:00,200,3230.65,
2026-09-20T22:42:12.178872+00:00,200,3609.97,
2026-09-20T22:42:12.098590+00:00,200,3717.87,
2026-09-20T22:42:12.558520+00:00,200,3358.29,
2026-09-20T22:42:12.299495+00:00,200,3626.4,
2026-09-20T22:42:12.357781+00:00,200,3587.72,
2026-09-20T22:42:12.438738+00:00,200,3563.29,
2026-09-20T22:42:12.498905+00:00,200,3509.04,
2026-09-20T22:42:12.638253+00:00,200,3418.7,
2026-09-20T22:42:12.239931+00:00,200,3843.39,
2026-09-20T22:42:12.699147+00:00,200,3389.9,
2026-09-20T22:42:12.399142+00:00,200,3703.52,
2026-09-20T22:42:12.619841+00:00,200,3486.32,
2026-09-20T22:42:12.380963+00:00,200,3767.12,
2026-09-20T22:42:12.758990+00:00,200,3441.57,
2026-09-20T22:42:12.579097+00:00,200,3625.5,
2026-09-20T22:42:12.539831+00:00,200,3712.39,
2026-09-20T22:42:12.678651+00:00,200,3591.85,
2026-09-20T22:42:12.479800+00:00,200,3792.19,
2026-09-20T22:42:12.739240+00:00,200,3534.66,
2026-09-20T22:42:12.798763+00:00,200,3495.88,
2026-09-20T22:42:12.598821+00:00,200,3725.61,
2026-09-20T22:42:12.978605+00:00,200,3349.04,
2026-09-20T22:42:13.139697+00:00,200,3190.85,
2026-09-20T22:42:12.659360+00:00,200,3673.52,
2026-09-20T22:42:12.859095+00:00,200,3485.65,
2026-09-20T22:42:12.958223+00:00,200,3392.97,
2026-09-20T22:42:12.918718+00:00,200,3464.1,
2026-09-20T22:42:12.718302+00:00,200,3690.09,
2026-09-20T22:42:12.818402+00:00,200,3651.68,
2026-09-20T22:42:13.038268+00:00,200,3433.74,
2026-09-20T22:42:12.878337+00:00,200,3595.88,
2026-09-20T22:42:13.158382+00:00,200,3363.34,
2026-09-20T22:42:12.779405+00:00,200,3766.68,
2026-09-20T22:42:12.838840+00:00,200,3736.42,
2026-09-20T22:42:12.998149+00:00,200,3638.39,
2026-09-20T22:42:13.058251+00:00,200,3632.49,
2026-09-20T22:42:13.258322+00:00,200,3492.49,
2026-09-20T22:42:13.078423+00:00,200,3891.89,
2026-09-20T22:42:13.278311+00:00,200,3692.96,
2026-09-20T22:42:13.198305+00:00,200,3773.62,
2026-09-20T22:42:12.898594+00:00,200,4073.98,
2026-09-20T22:42:13.299657+00:00,200,3673.65,
2026-09-20T22:42:13.178632+00:00,200,3795.35,
2026-09-20T22:42:12.938641+00:00,200,4035.51,
2026-09-20T22:42:13.519252+00:00,200,3456.87,
2026-09-20T22:42:13.119627+00:00,200,3857.13,
2026-09-20T22:42:13.019111+00:00,200,3958.03,
2026-09-20T22:42:13.358293+00:00,200,3620.7,
2026-09-20T22:42:13.458404+00:00,200,3524.94,
2026-09-20T22:42:13.438658+00:00,200,3559.08,
2026-09-20T22:42:13.478774+00:00,200,3540.28,
2026-09-20T22:42:13.218185+00:00,200,3825.32,
2026-09-20T22:42:13.099369+00:00,200,3952.9,
2026-09-20T22:42:13.240086+00:00,200,3835.93,
2026-09-20T22:42:13.320675+00:00,200,3760.01,
2026-09-20T22:42:13.559429+00:00,200,3529.65,
2026-09-20T22:42:13.339317+00:00,200,3778.5,
2026-09-20T22:42:13.379667+00:00,200,3762.88,
2026-09-20T22:42:13.619743+00:00,200,3544.7,
2026-09-20T22:42:13.759840+00:00,200,3464.74,
2026-09-20T22:42:13.419745+00:00,200,3892.15,
2026-09-20T22:42:13.659710+00:00,200,3704.17,
2026-09-20T22:42:13.739815+00:00,200,3687.38,
2026-09-20T22:42:13.399018+00:00,200,4079.07,
2026-09-20T22:42:13.819664+00:00,200,3693.35,
2026-09-20T22:42:13.778734+00:00,200,3747.93,
2026-09-20T22:42:13.538834+00:00,200,4001.81,
2026-09-20T22:42:13.678969+00:00,200,3899.21,
2026-09-20T22:42:13.839060+00:00,200,3747.71,
2026-09-20T22:42:13.638744+00:00,200,3980.34,
2026-09-20T22:42:13.579738+00:00,200,4041.71,
2026-09-20T22:42:13.878952+00:00,200,3773.5,
2026-09-20T22:42:13.499003+00:00,200,4164.7,
2026-09-20T22:42:13.918653+00:00,200,3774.78,
2026-09-20T22:42:13.698692+00:00,200,3996.82,
2026-09-20T22:42:13.959057+00:00,200,3746.87,
2026-09-20T22:42:14.058389+00:00,200,3657.83,
2026-09-20T22:42:13.979247+00:00,200,3743.64,
2026-09-20T22:42:14.158818+00:00,200,3605.54,
2026-09-20T22:42:13.598748+00:00,200,4167.3,
2026-09-20T22:42:13.858470+00:00,200,3944.35,
2026-09-20T22:42:13.718973+00:00,200,4089.04,
2026-09-20T22:42:13.798656+00:00,200,4016.99,
2026-09-20T22:42:14.078343+00:00,200,3748.47,
2026-09-20T22:42:14.018970+00:00,200,3830.61,
2026-09-20T22:42:13.938811+00:00,200,3965.97,
2026-09-20T22:42:14.178601+00:00,200,3780.78,
2026-09-20T22:42:14.239408+00:00,200,3740.15,
2026-09-20T22:42:13.899629+00:00,200,4084.22,
2026-09-20T22:42:14.098215+00:00,200,3898.41,
2026-09-20T22:42:13.998584+00:00,200,4010.19,
2026-09-20T22:42:14.319104+00:00,200,3784.91,
2026-09-20T22:42:14.198852+00:00,200,3967.36,
2026-09-20T22:42:14.259763+00:00,200,3910.91,
2026-09-20T22:42:14.039493+00:00,200,4157.76,
2026-09-20T22:42:14.459748+00:00,200,3738.29,
2026-09-20T22:42:14.338373+00:00,200,3888.89,
2026-09-20T22:42:14.379103+00:00,200,3850.05,
2026-09-20T22:42:14.278516+00:00,200,4034.05,
2026-09-20T22:42:14.519041+00:00,200,3810.04,
2026-09-20T22:42:14.618552+00:00,200,3731.92,
2026-09-20T22:42:14.218670+00:00,200,4176.27,
2026-09-20T22:42:14.718920+00:00,200,3677.54,
2026-09-20T22:42:14.698595+00:00,200,3717.08,
2026-09-20T22:42:14.139512+00:00,200,4287.75,
2026-09-20T22:42:14.398573+00:00,200,4031.95,
2026-09-20T22:42:14.478446+00:00,200,3960.26,
2026-09-20T22:42:14.118420+00:00,200,4324.63,
2026-09-20T22:42:14.559628+00:00,200,3915.48,
2026-09-20T22:42:14.599002+00:00,200,3915.06,
2026-09-20T22:42:14.638198+00:00,200,3886.96,
2026-09-20T22:42:14.358567+00:00,200,4176.88,
2026-09-20T22:42:14.299720+00:00,200,4243.28,
2026-09-20T22:42:14.439607+00:00,200,4116.15,
2026-09-20T22:42:14.499809+00:00,200,4079.34,
2026-09-20T22:42:14.418555+00:00,200,4189.85,
2026-09-20T22:42:14.858383+00:00,200,3765.31,
2026-09-20T22:42:14.579773+00:00,200,4093.97,
2026-09-20T22:42:14.798515+00:00,200,3962.0,
2026-09-20T22:42:14.739850+00:00,200,4023.68,
2026-09-20T22:42:14.538372+00:00,200,4256.8,
2026-09-20T22:42:14.779967+00:00,200,4026.47,
2026-09-20T22:42:14.839480+00:00,200,3991.02,
2026-09-20T22:42:14.938233+00:00,200,3933.93,
2026-09-20T22:42:14.679266+00:00,200,4203.08,
2026-09-20T22:42:14.978841+00:00,200,3906.77,
2026-09-20T22:42:14.878888+00:00,200,4066.42,
2026-09-20T22:42:15.058766+00:00,200,3897.48,
2026-09-20T22:42:15.118542+00:00,200,3863.31,
2026-09-20T22:42:14.998892+00:00,200,3991.84,
2026-09-20T22:42:14.658391+00:00,200,4341.22,
2026-09-20T22:42:15.218731+00:00,200,3834.41,
2026-09-20T22:42:14.959828+00:00,200,4097.6,
2026-09-20T22:42:15.159427+00:00,200,3898.94,
2026-09-20T22:42:15.078899+00:00,200,4028.41,
2026-09-20T22:42:14.759103+00:00,200,4350.87,
2026-09-20T22:42:15.018711+00:00,200,4138.11,
2026-09-20T22:42:15.139103+00:00,200,4051.03,
2026-09-20T22:42:14.819047+00:00,200,4375.45,
2026-09-20T22:42:15.179087+00:00,200,4017.25,
2026-09-20T22:42:15.278603+00:00,200,3938.52,
2026-09-20T22:42:15.358953+00:00,200,3870.91,
2026-09-20T22:42:15.378526+00:00,200,3888.0,
2026-09-20T22:42:14.918721+00:00,200,4366.48,
2026-09-20T22:42:15.099747+00:00,200,4233.77,
2026-09-20T22:42:15.239785+00:00,200,4124.89,
2026-09-20T22:42:14.899421+00:00,200,4469.82,
2026-09-20T22:42:15.039439+00:00,200,4380.85,
2026-09-20T22:42:15.399748+00:00,200,4083.96,
2026-09-20T22:42:15.199569+00:00,200,4285.18,
2026-09-20T22:42:15.418439+00:00,200,4083.98,
2026-09-20T22:42:15.298770+00:00,200,4215.77,
2026-09-20T22:42:15.598242+00:00,200,3970.79,
2026-09-20T22:42:15.478962+00:00,200,4100.93,
2026-09-20T22:42:15.719470+00:00,200,3871.13,
2026-09-20T22:42:15.499809+00:00,200,4116.03,
2026-09-20T22:42:15.558258+00:00,200,4080.95,
2026-09-20T22:42:15.779792+00:00,200,3882.9,
2026-09-20T22:42:15.539649+00:00,200,4136.07,
2026-09-20T22:42:15.259240+00:00,200,4420.27,
2026-09-20T22:42:15.318481+00:00,200,4390.22,
2026-09-20T22:42:15.818915+00:00,200,3893.87,
2026-09-20T22:42:15.619003+00:00,200,4138.15,
2026-09-20T22:42:15.738567+00:00,200,4034.09,
2026-09-20T22:42:15.638479+00:00,200,4189.99,
2026-09-20T22:42:15.339636+00:00,200,4499.45,
2026-09-20T22:42:15.799899+00:00,200,4045.61,
2026-09-20T22:42:15.438284+00:00,200,4408.43,
2026-09-20T22:42:15.458937+00:00,200,4436.57,
2026-09-20T22:42:15.659767+00:00,200,4277.59,
2026-09-20T22:42:15.998492+00:00,200,3950.15,
2026-09-20T22:42:15.958322+00:00,200,4029.28,
2026-09-20T22:42:15.859574+00:00,200,4161.07,
2026-09-20T22:42:15.579161+00:00,200,4465.97,
2026-09-20T22:42:15.519169+00:00,200,4527.54,
2026-09-20T22:42:15.918410+00:00,200,4194.23,
2026-09-20T22:42:15.979017+00:00,200,4154.47,
2026-09-20T22:42:15.878482+00:00,200,4260.72,
2026-09-20T22:42:15.679461+00:00,200,4478.31,
2026-09-20T22:42:15.698172+00:00,200,4491.32,
2026-09-20T22:42:16.179769+00:00,200,4018.5,
2026-09-20T22:42:15.758927+00:00,200,4473.43,
2026-09-20T22:42:16.259090+00:00,200,3994.02,
2026-09-20T22:42:16.098700+00:00,200,4171.2,
2026-09-20T22:42:16.018407+00:00,200,4260.19,
2026-09-20T22:42:16.078342+00:00,200,4201.33,
2026-09-20T22:42:16.118232+00:00,200,4165.01,
2026-09-20T22:42:16.158947+00:00,200,4180.32,
2026-09-20T22:42:15.899084+00:00,200,4444.06,
2026-09-20T22:42:16.359789+00:00,200,4005.69,
2026-09-20T22:42:16.278644+00:00,200,4121.22,
2026-09-20T22:42:16.441198+00:00,200,3999.32,
2026-09-20T22:42:16.218855+00:00,200,4228.2,
2026-09-20T22:42:15.838351+00:00,200,4624.19,
2026-09-20T22:42:16.339821+00:00,200,4192.63,
2026-09-20T22:42:16.039310+00:00,200,4524.1,
2026-09-20T22:42:16.298775+00:00,200,4285.69,
2026-09-20T22:42:16.499565+00:00,200,4104.16,
2026-09-20T22:42:16.058908+00:00,200,4600.12,
2026-09-20T22:42:15.939641+00:00,200,4725.01,
2026-09-20T22:42:16.138308+00:00,200,4570.6,
2026-09-20T22:42:16.618913+00:00,200,4100.78,
2026-09-20T22:42:16.399925+00:00,200,4325.91,
2026-09-20T22:42:16.539044+00:00,200,4188.22,
2026-09-20T22:42:16.520006+00:00,200,4239.25,
2026-09-20T22:42:16.458197+00:00,200,4320.24,
2026-09-20T22:42:16.198846+00:00,200,4634.07,
2026-09-20T22:42:16.879445+00:00,200,3977.72,
2026-09-20T22:42:16.639666+00:00,200,4240.02,
2026-09-20T22:42:16.779364+00:00,200,4123.06,
2026-09-20T22:42:16.238545+00:00,200,4670.88,
2026-09-20T22:42:16.559331+00:00,200,4368.78,
2026-09-20T22:42:16.318151+00:00,200,4639.97,
2026-09-20T22:42:16.378925+00:00,200,4592.98,
2026-09-20T22:42:16.698690+00:00,200,4286.07,
2026-09-20T22:42:16.419469+00:00,200,4566.07,
2026-09-20T22:42:16.839724+00:00,200,4182.81,
2026-09-20T22:42:16.918464+00:00,200,4107.64,
2026-09-20T22:42:16.899776+00:00,200,4128.29,
2026-09-20T22:42:16.720721+00:00,200,4324.45,
2026-09-20T22:42:16.999705+00:00,200,4105.74,
2026-09-20T22:42:16.738477+00:00,200,4373.49,
2026-09-20T22:42:16.579107+00:00,200,4602.72,
2026-09-20T22:42:16.759515+00:00,200,4435.47,
2026-09-20T22:42:17.039206+00:00,200,4201.07,
2026-09-20T22:42:17.098685+00:00,200,4155.9,
2026-09-20T22:42:16.479118+00:00,200,4846.96,
2026-09-20T22:42:16.938181+00:00,200,4405.47,
2026-09-20T22:42:16.799496+00:00,200,4592.24,
2026-09-20T22:42:16.599384+00:00,200,4812.93,
2026-09-20T22:42:17.139008+00:00,200,4306.8,
2026-09-20T22:42:16.659391+00:00,200,4787.46,
2026-09-20T22:42:17.059298+00:00,200,4400.02,
2026-09-20T22:42:17.199010+00:00,200,4272.02,
2026-09-20T22:42:17.019844+00:00,200,4480.16,
2026-09-20T22:42:17.219604+00:00,200,4324.88,
2026-09-20T22:42:17.159764+00:00,200,4398.7,
2026-09-20T22:42:16.859878+00:00,200,4702.14,
2026-09-20T22:42:17.279329+00:00,200,4283.85,
2026-09-20T22:42:17.339679+00:00,200,4235.88,
2026-09-20T22:42:17.478418+00:00,200,4132.88,
2026-09-20T22:42:17.298206+00:00,200,4334.24,
2026-09-20T22:42:17.078322+00:00,200,4555.2,
2026-09-20T22:42:17.258691+00:00,200,4382.06,
2026-09-20T22:42:16.818209+00:00,200,4859.77,
2026-09-20T22:42:16.959233+00:00,200,4731.0,
2026-09-20T22:42:16.978463+00:00,200,4793.44,
2026-09-20T22:42:17.418797+00:00,200,4358.27,
2026-09-20T22:42:17.358826+00:00,200,4444.06,
2026-09-20T22:42:17.519567+00:00,200,4318.45,
2026-09-20T22:42:17.499736+00:00,200,4346.64,
2026-09-20T22:42:17.399798+00:00,200,4447.72,
2026-09-20T22:42:17.119179+00:00,200,4737.73,
2026-09-20T22:42:17.558289+00:00,200,4304.12,
2026-09-20T22:42:16.678343+00:00,200,5240.8,
2026-09-20T22:42:17.238717+00:00,200,4782.23,
2026-09-20T22:42:17.659826+00:00,200,4382.6,
2026-09-20T22:42:17.178596+00:00,200,4884.93,
2026-09-20T22:42:17.678434+00:00,200,4392.86,
2026-09-20T22:42:17.619710+00:00,200,4484.23,
2026-09-20T22:42:17.579025+00:00,200,4528.36,
2026-09-20T22:42:17.379440+00:00,200,4771.63,
2026-09-20T22:42:17.760161+00:00,200,4413.66,
2026-09-20T22:42:17.739828+00:00,200,4473.05,
2026-09-20T22:42:17.318239+00:00,200,4917.26,
2026-09-20T22:42:17.819759+00:00,200,4418.35,
2026-09-20T22:42:17.718998+00:00,200,4546.74,
2026-09-20T22:42:17.938663+00:00,200,4334.38,
2026-09-20T22:42:17.459445+00:00,200,4818.51,
2026-09-20T22:42:17.858453+00:00,200,4436.3,
2026-09-20T22:42:17.839224+00:00,200,4459.58,
2026-09-20T22:42:17.879103+00:00,200,4448.71,
2026-09-20T22:42:17.439419+00:00,200,4889.68,
2026-09-20T22:42:17.979919+00:00,200,4350.86,
2026-09-20T22:42:17.959986+00:00,200,4444.47,
2026-09-20T22:42:17.598536+00:00,200,4816.03,
2026-09-20T22:42:17.539545+00:00,200,4934.02,
2026-09-20T22:42:18.038811+00:00,200,4446.24,
2026-09-20T22:42:18.019757+00:00,200,4467.69,
2026-09-20T22:42:18.198625+00:00,200,4316.46,
2026-09-20T22:42:17.699502+00:00,200,4875.94,
2026-09-20T22:42:17.638247+00:00,200,4978.48,
2026-09-20T22:42:18.058563+00:00,200,4575.02,
2026-09-20T22:42:18.098289+00:00,200,4540.4,
2026-09-20T22:42:18.138407+00:00,200,4523.6,
2026-09-20T22:42:17.779754+00:00,200,4899.75,
2026-09-20T22:42:18.238450+00:00,200,4455.25,
2026-09-20T22:42:18.179353+00:00,200,4573.15,
2026-09-20T22:42:18.299959+00:00,200,4517.94,
2026-09-20T22:42:17.799299+00:00,200,5051.89,
2026-09-20T22:42:18.278917+00:00,200,4574.14,
2026-09-20T22:42:18.258588+00:00,200,4605.1,
2026-09-20T22:42:18.358709+00:00,200,4562.26,
2026-09-20T22:42:17.998695+00:00,200,4928.48,
2026-09-20T22:42:17.898688+00:00,200,5030.87,
2026-09-20T22:42:18.558618+00:00,200,4414.82,
2026-09-20T22:42:18.479807+00:00,200,4503.94,
2026-09-20T22:42:18.439192+00:00,200,4548.94,
2026-09-20T22:42:18.419609+00:00,200,4583.23,
2026-09-20T22:42:18.378673+00:00,200,4628.16,
2026-09-20T22:42:17.919595+00:00,200,5091.18,
2026-09-20T22:42:18.519456+00:00,200,4538.82,
2026-09-20T22:42:18.579591+00:00,200,4496.57,
2026-09-20T22:42:18.459551+00:00,200,4648.11,
2026-09-20T22:42:18.078469+00:00,200,5044.99,
2026-09-20T22:42:18.678927+00:00,200,4457.27,
2026-09-20T22:42:18.659501+00:00,200,4491.5,
2026-09-20T22:42:18.618525+00:00,200,4559.56,
2026-09-20T22:42:18.119637+00:00,200,5123.25,
2026-09-20T22:42:18.219278+00:00,200,5026.43,
2026-09-20T22:42:18.168185+00:00,200,5079.54,
2026-09-20T22:42:18.738372+00:00,200,4583.09,
2026-09-20T22:42:18.319739+00:00,200,5003.0,
2026-09-20T22:42:18.339067+00:00,200,5014.01,
2026-09-20T22:42:18.778378+00:00,200,4639.23,
2026-09-20T22:42:18.799590+00:00,200,4619.13,
2026-09-20T22:42:18.818786+00:00,200,4610.57,
2026-09-20T22:42:18.698823+00:00,200,4746.64,
2026-09-20T22:42:18.838544+00:00,200,4630.44,
2026-09-20T22:42:18.920085+00:00,200,4614.99,
2026-09-20T22:42:18.898828+00:00,200,4706.5,
2026-09-20T22:42:18.399967+00:00,200,5214.32,
2026-09-20T22:42:18.539042+00:00,200,5087.12,
2026-09-20T22:42:18.498884+00:00,200,5154.11,
2026-09-20T22:42:19.038342+00:00,200,4619.59,
2026-09-20T22:42:18.959618+00:00,200,4704.34,
2026-09-20T22:42:19.059906+00:00,200,4607.66,
2026-09-20T22:42:18.939073+00:00,200,4736.44,
2026-09-20T22:42:18.599095+00:00,200,5126.46,
2026-09-20T22:42:19.118876+00:00,200,4623.55,
2026-09-20T22:42:19.098794+00:00,200,4646.81,
2026-09-20T22:42:19.018783+00:00,200,4749.19,
2026-09-20T22:42:19.178780+00:00,200,4599.62,
2026-09-20T22:42:19.238737+00:00,200,4556.25,
2026-09-20T22:42:19.199316+00:00,200,4621.92,
2026-09-20T22:42:19.158859+00:00,200,4729.37,
2026-09-20T22:42:18.638555+00:00,200,5254.46,
2026-09-20T22:42:18.760131+00:00,200,5144.5,
2026-09-20T22:42:19.319132+00:00,200,4650.2,
2026-09-20T22:42:18.719466+00:00,200,5279.41,
2026-09-20T22:42:18.858421+00:00,200,5167.72,
2026-09-20T22:42:18.978370+00:00,200,5057.8,
2026-09-20T22:42:19.259250+00:00,200,4778.88,
2026-09-20T22:42:19.399713+00:00,200,4693.14,
2026-09-20T22:42:19.379717+00:00,200,4713.95,
2026-09-20T22:42:18.879291+00:00,200,5223.22,
2026-09-20T22:42:19.458515+00:00,200,4697.68,
2026-09-20T22:42:19.338356+00:00,200,4823.86,
2026-09-20T22:42:19.439299+00:00,200,4744.34,
2026-09-20T22:42:19.478817+00:00,200,4761.94,
2026-09-20T22:42:19.558456+00:00,200,4711.1,
2026-09-20T22:42:18.999781+00:00,200,5286.75,
2026-09-20T22:42:19.659570+00:00,200,4637.23,
2026-09-20T22:42:19.578994+00:00,200,4728.86,
2026-09-20T22:42:19.080253+00:00,200,5251.73,
2026-09-20T22:42:19.498858+00:00,200,4876.08,
2026-09-20T22:42:19.598418+00:00,200,4807.3,
2026-09-20T22:42:19.819022+00:00,200,4598.15,
2026-09-20T22:42:19.618222+00:00,200,4827.81,
2026-09-20T22:42:19.699354+00:00,200,4747.74,
2026-09-20T22:42:19.719009+00:00,200,4736.77,
2026-09-20T22:42:19.139701+00:00,200,5333.61,
2026-09-20T22:42:19.798165+00:00,200,4686.71,
2026-09-20T22:42:19.218386+00:00,200,5269.29,
2026-09-20T22:42:19.759326+00:00,200,4753.57,
2026-09-20T22:42:19.838405+00:00,200,4716.35,
2026-09-20T22:42:19.298301+00:00,200,5330.24,
2026-09-20T22:42:19.278921+00:00,200,5360.94,
2026-09-20T22:42:19.418735+00:00,200,5289.16,
2026-09-20T22:42:19.860218+00:00,200,4863.18,
2026-09-20T22:42:19.899576+00:00,200,4875.26,
2026-09-20T22:42:19.359240+00:00,200,5427.38,
2026-09-20T22:42:19.518652+00:00,200,5271.44,
2026-09-20T22:42:19.538544+00:00,200,5270.81,
2026-09-20T22:42:19.978501+00:00,200,4868.16,
2026-09-20T22:42:20.020918+00:00,200,4827.4,
2026-09-20T22:42:20.059472+00:00,200,4800.41,
2026-09-20T22:42:19.918854+00:00,200,4945.46,
2026-09-20T22:42:20.099316+00:00,200,4813.14,
2026-09-20T22:42:19.999247+00:00,200,4915.66,
2026-09-20T22:42:20.238824+00:00,200,4724.35,
2026-09-20T22:42:19.639764+00:00,200,5367.93,
2026-09-20T22:42:20.178681+00:00,200,4838.46,
2026-09-20T22:42:20.158485+00:00,200,4863.07,
2026-09-20T22:42:20.198638+00:00,200,4861.86,
2026-09-20T22:42:20.119136+00:00,200,4963.56,
2026-09-20T22:42:20.258780+00:00,200,4826.18,
2026-09-20T22:42:19.678284+00:00,200,5432.38,
2026-09-20T22:42:20.379719+00:00,200,4764.06,
2026-09-20T22:42:20.339743+00:00,200,4826.44,
2026-09-20T22:42:20.459401+00:00,200,4718.35,
2026-09-20T22:42:20.279204+00:00,200,4903.23,
2026-09-20T22:42:20.359279+00:00,200,4828.42,
2026-09-20T22:42:19.739467+00:00,200,5472.08,
2026-09-20T22:42:19.780023+00:00,200,5457.01,
2026-09-20T22:42:20.419207+00:00,200,4855.37,
2026-09-20T22:42:19.879203+00:00,200,5427.48,
2026-09-20T22:42:19.939203+00:00,200,5459.61,
2026-09-20T22:42:20.038615+00:00,200,5409.74,
2026-09-20T22:42:20.478406+00:00,200,4972.43,
2026-09-20T22:42:20.079407+00:00,200,5387.41,
2026-09-20T22:42:19.958461+00:00,200,5538.78,
2026-09-20T22:42:20.138759+00:00,200,5407.55,
2026-09-20T22:42:20.679242+00:00,200,4892.77,
2026-09-20T22:42:20.579536+00:00,200,4993.47,
2026-09-20T22:42:20.519176+00:00,200,5057.7,
2026-09-20T22:42:20.639454+00:00,200,4955.03,
2026-09-20T22:42:20.659369+00:00,200,4936.22,
2026-09-20T22:42:20.559589+00:00,200,5044.32,
2026-09-20T22:42:20.759720+00:00,200,4858.95,
2026-09-20T22:42:20.538872+00:00,200,5087.25,
2026-09-20T22:42:20.778786+00:00,200,4964.89,
2026-09-20T22:42:20.878248+00:00,200,4866.68,
2026-09-20T22:42:20.220249+00:00,200,5533.21,
2026-09-20T22:42:20.958849+00:00,200,4821.27,
2026-09-20T22:42:20.698532+00:00,200,5082.34,
2026-09-20T22:42:20.299518+00:00,200,5516.76,
2026-09-20T22:42:20.899119+00:00,200,4943.45,
2026-09-20T22:42:20.819159+00:00,200,5028.71,
2026-09-20T22:42:20.839932+00:00,200,5050.3,
2026-09-20T22:42:21.018984+00:00,200,4886.59,
2026-09-20T22:42:20.939716+00:00,200,4976.75,
2026-09-20T22:42:20.400394+00:00,200,5538.96,
2026-09-20T22:42:20.320079+00:00,200,5619.99,
2026-09-20T22:42:20.998988+00:00,200,4957.66,
2026-09-20T22:42:21.058672+00:00,200,4926.74,
2026-09-20T22:42:20.439632+00:00,200,5636.03,
2026-09-20T22:42:20.598681+00:00,200,5492.17,
2026-09-20T22:42:20.619547+00:00,200,5526.83,
2026-09-20T22:42:21.099483+00:00,200,5053.07,
2026-09-20T22:42:20.721100+00:00,200,5464.94,
2026-09-20T22:42:20.498401+00:00,200,5707.6,
2026-09-20T22:42:21.158889+00:00,200,5073.81,
2026-09-20T22:42:21.199257+00:00,200,5040.16,
2026-09-20T22:42:21.119964+00:00,200,5141.78,
2026-09-20T22:42:20.738782+00:00,200,5555.27,
2026-09-20T22:42:21.299578+00:00,200,5002.48,
2026-09-20T22:42:21.259689+00:00,200,5065.15,
2026-09-20T22:42:21.079060+00:00,200,5249.34,
2026-09-20T22:42:21.319410+00:00,200,5057.53,
2026-09-20T22:42:21.338599+00:00,200,5040.97,
2026-09-20T22:42:21.219082+00:00,200,5188.22,
2026-09-20T22:42:21.420442+00:00,200,4987.62,
2026-09-20T22:42:21.359224+00:00,200,5100.52,
2026-09-20T22:42:21.438323+00:00,200,5076.27,
2026-09-20T22:42:21.479470+00:00,200,5065.31,
2026-09-20T22:42:20.799236+00:00,200,5749.73,
2026-09-20T22:42:20.858059+00:00,200,5693.02,
2026-09-20T22:42:21.618383+00:00,200,4957.7,
2026-09-20T22:42:20.979547+00:00,200,5612.81,
2026-09-20T22:42:20.918926+00:00,200,5690.58,
2026-09-20T22:42:21.599703+00:00,200,5084.16,
2026-09-20T22:42:21.458289+00:00,200,5226.42,
2026-09-20T22:42:21.558776+00:00,200,5131.82,
2026-09-20T22:42:21.538645+00:00,200,5166.72,
2026-09-20T22:42:21.139488+00:00,200,5572.88,
2026-09-20T22:42:21.659567+00:00,200,5067.73,
2026-09-20T22:42:21.039444+00:00,200,5782.97,
2026-09-20T22:42:21.238971+00:00,200,5617.78,
2026-09-20T22:42:21.818992+00:00,200,5043.99,
2026-09-20T22:42:21.179739+00:00,200,5683.32,
2026-09-20T22:42:21.678797+00:00,200,5270.11,
2026-09-20T22:42:21.779504+00:00,200,5171.71,
2026-09-20T22:42:21.278463+00:00,200,5675.7,
2026-09-20T22:42:21.699883+00:00,200,5272.7,
2026-09-20T22:42:21.720304+00:00,200,5284.92,
2026-09-20T22:42:21.899683+00:00,200,5157.66,
2026-09-20T22:42:21.879504+00:00,200,5183.06,
2026-09-20T22:42:21.958772+00:00,200,5131.55,
2026-09-20T22:42:21.938609+00:00,200,5167.14,
2026-09-20T22:42:21.378873+00:00,200,5727.28,
2026-09-20T22:42:21.798834+00:00,200,5323.65,
2026-09-20T22:42:21.998934+00:00,200,5134.78,
2026-09-20T22:42:21.859265+00:00,200,5292.74,
2026-09-20T22:42:22.119805+00:00,200,5035.21,
2026-09-20T22:42:21.519813+00:00,200,5693.34,
2026-09-20T22:42:22.138838+00:00,200,5085.11,
2026-09-20T22:42:21.579815+00:00,200,5697.46,
2026-09-20T22:42:22.018756+00:00,200,5271.27,
2026-09-20T22:42:21.399208+00:00,200,5928.23,
2026-09-20T22:42:21.498569+00:00,200,5836.31,
2026-09-20T22:42:22.098721+00:00,200,5253.25,
2026-09-20T22:42:21.639684+00:00,200,5738.43,
2026-09-20T22:42:22.078628+00:00,200,5320.71,
2026-09-20T22:42:22.179245+00:00,200,5305.35,
2026-09-20T22:42:22.199181+00:00,200,5306.09,
2026-09-20T22:42:22.278465+00:00,200,5237.62,
2026-09-20T22:42:22.318593+00:00,200,5209.79,
2026-09-20T22:42:21.760226+00:00,200,5783.55,
2026-09-20T22:42:21.836973+00:00,200,5712.83,
2026-09-20T22:42:22.299558+00:00,200,5303.41,
2026-09-20T22:42:21.740053+00:00,200,5872.88,
2026-09-20T22:42:22.398807+00:00,200,5220.94,
2026-09-20T22:42:22.359859+00:00,200,5328.39,
2026-09-20T22:42:22.458738+00:00,200,5259.34,
2026-09-20T22:42:22.478755+00:00,200,5263.35,
2026-09-20T22:42:22.578412+00:00,200,5184.82,
2026-09-20T22:42:21.921194+00:00,200,5843.19,
2026-09-20T22:42:22.598662+00:00,200,5184.66,
2026-09-20T22:42:21.979779+00:00,200,5809.85,
2026-09-20T22:42:22.438898+00:00,200,5357.33,
2026-09-20T22:42:22.680064+00:00,200,5168.71,
2026-09-20T22:42:22.558719+00:00,200,5332.95,
2026-09-20T22:42:22.719343+00:00,200,5182.45,
2026-09-20T22:42:22.038718+00:00,200,5864.85,
2026-09-20T22:42:22.664046+00:00,200,5250.47,
2026-09-20T22:42:22.058971+00:00,200,5903.41,
2026-09-20T22:42:22.539744+00:00,200,5459.2,
2026-09-20T22:42:22.698565+00:00,200,5314.51,
2026-09-20T22:42:22.218798+00:00,200,5816.78,
2026-09-20T22:42:22.237846+00:00,200,5799.06,
2026-09-20T22:42:22.779679+00:00,200,5289.67,
2026-09-20T22:42:22.158288+00:00,200,5953.94,
2026-09-20T22:42:22.758773+00:00,200,5384.59,
2026-09-20T22:42:22.379106+00:00,200,5778.44,
2026-09-20T22:42:22.958987+00:00,200,5238.41,
2026-09-20T22:42:22.918898+00:00,200,5298.06,
2026-09-20T22:42:22.838416+00:00,200,5411.25,
2026-09-20T22:42:22.339192+00:00,200,5918.46,
2026-09-20T22:42:22.879250+00:00,200,5413.88,
2026-09-20T22:42:22.858347+00:00,200,5459.5,
2026-09-20T22:42:22.978367+00:00,200,5342.24,
2026-09-20T22:42:22.499226+00:00,200,5864.35,
2026-09-20T22:42:23.058751+00:00,200,5333.16,
2026-09-20T22:42:22.618725+00:00,200,5781.44,
2026-09-20T22:42:23.258706+00:00,200,5195.31,
2026-09-20T22:42:23.078341+00:00,200,5397.13,
2026-09-20T22:42:23.239223+00:00,200,5244.0,
2026-09-20T22:42:22.998837+00:00,200,5489.22,
2026-09-20T22:42:22.519068+00:00,200,5997.35,
2026-09-20T22:42:23.119218+00:00,200,5416.53,
2026-09-20T22:42:23.359588+00:00,200,5179.07,
2026-09-20T22:42:22.640055+00:00,200,5928.25,
2026-09-20T22:42:23.198309+00:00,200,5374.53,
2026-09-20T22:42:23.139466+00:00,200,5490.94,
2026-09-20T22:42:22.739593+00:00,200,5907.3,
2026-09-20T22:42:22.800348+00:00,200,5875.94,
2026-09-20T22:42:23.299691+00:00,200,5386.92,
2026-09-20T22:42:23.178434+00:00,200,5568.61,
2026-09-20T22:42:23.378594+00:00,200,5426.57,
2026-09-20T22:42:22.259176+00:00,200,6562.55,
2026-09-20T22:42:22.418384+00:00,200,6413.7,
2026-09-20T22:42:22.819141+00:00,200,6014.51,
2026-09-20T22:42:22.899273+00:00,200,5943.62,
2026-09-20T22:42:22.939466+00:00,200,5932.92,
2026-09-20T22:42:23.418985+00:00,200,5453.47,
2026-09-20T22:42:23.338372+00:00,200,5539.51,
2026-09-20T22:42:23.019172+00:00,200,5975.87,
2026-09-20T22:42:23.559482+00:00,200,5442.03,
2026-09-20T22:42:23.158208+00:00,200,5869.47,
2026-09-20T22:42:23.459041+00:00,200,5580.8,
2026-09-20T22:42:23.479911+00:00,200,5570.87,
2026-09-20T22:42:23.538410+00:00,200,5520.09,
2026-09-20T22:42:23.578426+00:00,200,5484.13,
2026-09-20T22:42:23.599364+00:00,200,5503.44,
2026-09-20T22:42:23.638626+00:00,200,5489.95,
2026-09-20T22:42:23.278978+00:00,200,5894.95,
2026-09-20T22:42:23.658367+00:00,200,5534.62,
2026-09-20T22:42:23.099656+00:00,200,6108.42,
2026-09-20T22:42:23.838712+00:00,200,5397.38,
2026-09-20T22:42:23.819287+00:00,200,5484.31,
2026-09-20T22:42:23.699340+00:00,200,5608.7,
2026-09-20T22:42:23.318815+00:00,200,5993.9,
2026-09-20T22:42:23.218523+00:00,200,6099.51,
2026-09-20T22:42:23.938390+00:00,200,5400.57,
2026-09-20T22:42:23.759699+00:00,200,5583.69,
2026-09-20T22:42:23.718402+00:00,200,5660.92,
2026-09-20T22:42:23.399224+00:00,200,5989.92,
2026-09-20T22:42:23.919181+00:00,200,5544.82,
2026-09-20T22:42:23.958934+00:00,200,5529.97,
2026-09-20T22:42:23.519387+00:00,200,5973.52,
2026-09-20T22:42:23.499342+00:00,200,6019.47,
2026-09-20T22:42:24.038639+00:00,200,5489.86,
2026-09-20T22:42:23.799786+00:00,200,5774.13,
2026-09-20T22:42:23.899680+00:00,200,5692.07,
2026-09-20T22:42:23.439861+00:00,200,6167.2,
2026-09-20T22:42:24.019704+00:00,200,5600.55,
2026-09-20T22:42:24.058216+00:00,200,5569.02,
2026-09-20T22:42:23.679563+00:00,200,5998.72,
2026-09-20T22:42:24.079037+00:00,200,5696.15,
2026-09-20T22:42:23.620333+00:00,200,6173.89,
2026-09-20T22:42:23.738298+00:00,200,6059.61,
2026-09-20T22:42:24.098776+00:00,200,5704.72,
2026-09-20T22:42:24.119826+00:00,200,5707.31,
2026-09-20T22:42:24.218617+00:00,200,5611.1,
2026-09-20T22:42:24.198882+00:00,200,5636.81,
2026-09-20T22:42:24.159304+00:00,200,5692.61,
2026-09-20T22:42:24.319038+00:00,200,5580.38,
2026-09-20T22:42:23.778989+00:00,200,6148.34,
2026-09-20T22:42:23.858272+00:00,200,6117.71,
2026-09-20T22:42:24.478178+00:00,200,5505.44,
2026-09-20T22:42:24.358389+00:00,200,5644.44,
2026-09-20T22:42:24.258971+00:00,200,5749.31,
2026-09-20T22:42:24.299464+00:00,200,5722.14,
2026-09-20T22:42:24.438547+00:00,200,5628.39,
2026-09-20T22:42:24.399696+00:00,200,5670.54,
2026-09-20T22:42:23.879181+00:00,200,6198.52,
2026-09-20T22:42:23.978335+00:00,200,6131.77,
2026-09-20T22:42:24.379015+00:00,200,5760.49,
2026-09-20T22:42:23.998874+00:00,200,6147.68,
2026-09-20T22:42:24.638450+00:00,200,5573.04,
2026-09-20T22:42:24.518363+00:00,200,5748.86,
2026-09-20T22:42:24.620895+00:00,200,5647.71,
2026-09-20T22:42:23.039250+00:00,200,7243.86,
2026-09-20T22:42:24.579952+00:00,200,5718.18,
2026-09-20T22:42:24.179468+00:00,200,6141.35,
2026-09-20T22:42:24.459075+00:00,200,5878.17,
2026-09-20T22:42:24.558794+00:00,200,5807.67,
2026-09-20T22:42:24.139836+00:00,200,6285.94,
2026-09-20T22:42:24.279158+00:00,200,6168.17,
2026-09-20T22:42:24.738386+00:00,200,5739.55,
2026-09-20T22:42:24.239362+00:00,200,6254.09,
2026-09-20T22:42:24.758869+00:00,200,5743.28,
2026-09-20T22:42:24.699315+00:00,200,5825.8,
2026-09-20T22:42:24.839676+00:00,200,5725.72,
2026-09-20T22:42:24.798376+00:00,200,5784.97,
2026-09-20T22:42:24.879329+00:00,200,5704.85,
2026-09-20T22:42:24.679660+00:00,200,5916.52,
2026-09-20T22:42:24.918746+00:00,200,5724.48,
2026-09-20T22:42:24.859198+00:00,200,5792.55,
2026-09-20T22:42:24.339082+00:00,200,6323.9,
2026-09-20T22:42:24.418682+00:00,200,6253.13,
2026-09-20T22:42:24.958561+00:00,200,5743.98,
2026-09-20T22:42:25.000677+00:00,200,5717.69,
2026-09-20T22:42:24.979008+00:00,200,5776.42,
2026-09-20T22:42:24.598931+00:00,200,6203.83,
2026-09-20T22:42:25.059301+00:00,200,5760.03,
2026-09-20T22:42:25.099873+00:00,200,5733.36,
2026-09-20T22:42:24.499634+00:00,200,6368.9,
2026-09-20T22:42:25.138639+00:00,200,5744.45,
2026-09-20T22:42:24.538224+00:00,200,6359.7,
2026-09-20T22:42:25.238358+00:00,200,5736.37,
2026-09-20T22:42:24.659738+00:00,200,6343.47,
2026-09-20T22:42:25.038384+00:00,200,5971.57,
2026-09-20T22:42:24.719227+00:00,200,6291.82,
2026-09-20T22:42:25.119195+00:00,200,5909.41,
2026-09-20T22:42:25.179138+00:00,200,5905.05,
2026-09-20T22:42:25.218570+00:00,200,5890.53,
2026-09-20T22:42:24.818296+00:00,200,6308.39,
2026-09-20T22:42:25.318418+00:00,200,5847.94,
2026-09-20T22:42:24.779783+00:00,200,6394.82,
2026-09-20T22:42:25.298387+00:00,200,5899.4,
2026-09-20T22:42:24.899721+00:00,200,6306.88,
2026-09-20T22:42:25.258872+00:00,200,5985.27,
2026-09-20T22:42:25.398954+00:00,200,5898.97,
2026-09-20T22:42:25.458934+00:00,200,5854.11,
2026-09-20T22:42:25.478487+00:00,200,5842.76,
2026-09-20T22:42:25.379827+00:00,200,5943.6,
2026-09-20T22:42:25.498836+00:00,200,5828.42,
2026-09-20T22:42:25.439392+00:00,200,5915.46,
2026-09-20T22:42:24.939254+00:00,200,6443.88,
2026-09-20T22:42:25.599199+00:00,200,5843.63,
2026-09-20T22:42:25.019020+00:00,200,6431.31,
2026-09-20T22:42:25.539618+00:00,200,5919.01,
2026-09-20T22:42:25.558950+00:00,200,5927.06,
2026-09-20T22:42:25.079484+00:00,200,6480.32,
2026-09-20T22:42:25.759600+00:00,200,5807.93,
2026-09-20T22:42:25.683171+00:00,200,5895.25,
2026-09-20T22:42:25.639826+00:00,200,5953.62,
2026-09-20T22:42:25.798900+00:00,200,5847.22,
2026-09-20T22:42:25.158871+00:00,200,6492.93,
2026-09-20T22:42:25.198236+00:00,200,6494.95,
2026-09-20T22:42:25.340019+00:00,200,6354.05,
2026-09-20T22:42:25.779485+00:00,200,5952.35,
2026-09-20T22:42:25.279435+00:00,200,6455.19,
2026-09-20T22:42:25.719893+00:00,200,6026.45,
2026-09-20T22:42:25.659482+00:00,200,6114.29,
2026-09-20T22:42:25.358939+00:00,200,6444.52,
2026-09-20T22:42:25.898448+00:00,200,5956.25,
2026-09-20T22:42:25.958803+00:00,200,5899.06,
2026-09-20T22:42:25.858851+00:00,200,6040.74,
2026-09-20T22:42:25.519688+00:00,200,6405.54,
2026-09-20T22:42:26.159645+00:00,200,5789.2,
2026-09-20T22:42:25.419128+00:00,200,6533.35,
2026-09-20T22:42:26.079383+00:00,200,5904.21,
2026-09-20T22:42:25.940128+00:00,200,6090.88,
2026-09-20T22:42:25.878594+00:00,200,6176.75,
2026-09-20T22:42:26.218835+00:00,200,5837.78,
2026-09-20T22:42:26.019020+00:00,200,6059.02,
2026-09-20T22:42:25.998579+00:00,200,6106.58,
2026-09-20T22:42:26.118228+00:00,200,5990.48,
2026-09-20T22:42:25.579543+00:00,200,6539.89,
2026-09-20T22:42:26.059646+00:00,200,6072.42,
2026-09-20T22:42:25.699310+00:00,200,6491.08,
2026-09-20T22:42:26.138349+00:00,200,6066.82,
2026-09-20T22:42:25.619050+00:00,200,6612.61,
2026-09-20T22:42:26.258892+00:00,200,5993.15,
2026-09-20T22:42:26.278772+00:00,200,6053.36,
2026-09-20T22:42:26.439172+00:00,200,5908.12,
2026-09-20T22:42:25.838805+00:00,200,6512.9,
2026-09-20T22:42:26.358930+00:00,200,6046.88,
2026-09-20T22:42:25.744712+00:00,200,6678.02,
2026-09-20T22:42:25.979518+00:00,200,6450.58,
2026-09-20T22:42:26.318818+00:00,200,6124.21,
2026-09-20T22:42:25.819082+00:00,200,6639.12,
2026-09-20T22:42:26.238351+00:00,200,6226.37,
2026-09-20T22:42:26.499523+00:00,200,6013.01,
2026-09-20T22:42:25.919626+00:00,200,6607.24,
2026-09-20T22:42:26.399057+00:00,200,6172.01,
2026-09-20T22:42:26.678752+00:00,200,5896.79,
2026-09-20T22:42:26.518723+00:00,200,6064.32,
2026-09-20T22:42:26.579077+00:00,200,6023.64,
2026-09-20T22:42:26.418788+00:00,200,6229.46,
2026-09-20T22:42:26.478454+00:00,200,6195.35,
2026-09-20T22:42:26.638745+00:00,200,6052.31,
2026-09-20T22:42:26.098788+00:00,200,6597.49,
2026-09-20T22:42:26.719840+00:00,200,6006.64,
2026-09-20T22:42:26.039370+00:00,200,6690.41,
2026-09-20T22:42:26.558817+00:00,200,6198.62,
2026-09-20T22:42:26.198638+00:00,200,6614.99,
2026-09-20T22:42:26.178627+00:00,200,6659.42,
2026-09-20T22:42:26.738924+00:00,200,6103.09,
2026-09-20T22:42:26.659677+00:00,200,6193.0,
2026-09-20T22:42:26.799153+00:00,200,6127.81,
2026-09-20T22:42:26.878681+00:00,200,6066.16,
2026-09-20T22:42:26.299117+00:00,200,6656.13,
2026-09-20T22:42:26.959019+00:00,200,6052.39,
2026-09-20T22:42:26.758582+00:00,200,6253.92,
2026-09-20T22:42:26.839175+00:00,200,6209.77,
2026-09-20T22:42:26.338464+00:00,200,6713.46,
2026-09-20T22:42:26.919285+00:00,200,6172.27,
2026-09-20T22:42:26.899051+00:00,200,6201.07,
2026-09-20T22:42:26.380232+00:00,200,6750.23,
2026-09-20T22:42:26.459222+00:00,200,6682.01,
2026-09-20T22:42:27.079711+00:00,200,6066.0,
2026-09-20T22:42:26.999360+00:00,200,6201.44,
2026-09-20T22:42:27.219262+00:00,200,6005.47,
2026-09-20T22:42:26.599410+00:00,200,6674.37,
2026-09-20T22:42:27.139028+00:00,200,6135.75,
2026-09-20T22:42:26.538902+00:00,200,6754.79,
2026-09-20T22:42:27.258847+00:00,200,6039.09,
2026-09-20T22:42:27.099398+00:00,200,6240.08,
2026-09-20T22:42:27.038678+00:00,200,6307.4,
2026-09-20T22:42:26.619183+00:00,200,6748.37,
2026-09-20T22:42:27.178261+00:00,200,6190.37,
2026-09-20T22:42:27.200192+00:00,200,6176.87,
2026-09-20T22:42:26.978226+00:00,200,6468.05,
2026-09-20T22:42:26.698867+00:00,200,6771.36,
2026-09-20T22:42:26.779509+00:00,200,6747.95,
2026-09-20T22:42:27.299052+00:00,200,6230.91,
2026-09-20T22:42:27.378916+00:00,200,6220.68,
2026-09-20T22:42:27.338383+00:00,200,6264.18,
2026-09-20T22:42:27.438200+00:00,200,6201.81,
2026-09-20T22:42:26.818342+00:00,200,6833.06,
2026-09-20T22:42:27.319064+00:00,200,6339.96,
2026-09-20T22:42:27.418377+00:00,200,6245.07,
2026-09-20T22:42:27.458165+00:00,200,6210.41,
2026-09-20T22:42:26.859452+00:00,200,6842.5,
2026-09-20T22:42:26.938698+00:00,200,6818.22,
2026-09-20T22:42:27.478824+00:00,200,6289.89,
2026-09-20T22:42:27.638835+00:00,200,6134.92,
2026-09-20T22:42:27.518526+00:00,200,6256.38,
2026-09-20T22:42:27.559438+00:00,200,6286.0,
2026-09-20T22:42:27.059440+00:00,200,6818.06,
2026-09-20T22:42:27.738237+00:00,200,6161.69,
2026-09-20T22:42:27.019588+00:00,200,6881.55,
2026-09-20T22:42:27.679002+00:00,200,6262.6,
2026-09-20T22:42:27.798251+00:00,200,6149.01,
2026-09-20T22:42:27.879388+00:00,200,6083.31,
2026-09-20T22:42:27.599486+00:00,200,6386.22,
2026-09-20T22:42:27.779783+00:00,200,6234.48,
2026-09-20T22:42:27.698676+00:00,200,6325.96,
2026-09-20T22:42:27.118575+00:00,200,6909.0,
2026-09-20T22:42:27.238385+00:00,200,6867.51,
2026-09-20T22:42:27.160043+00:00,200,6946.87,
2026-09-20T22:42:27.358907+00:00,200,6846.7,
2026-09-20T22:42:27.278720+00:00,200,6934.83,
2026-09-20T22:42:27.620039+00:00,200,6594.56,
2026-09-20T22:42:27.838709+00:00,200,6431.41,
2026-09-20T22:42:27.919183+00:00,200,6358.25,
2026-09-20T22:42:27.859075+00:00,200,6435.29,
2026-09-20T22:42:28.019505+00:00,200,6279.03,
2026-09-20T22:42:27.979534+00:00,200,6359.93,
2026-09-20T22:42:27.539020+00:00,200,6818.09,
2026-09-20T22:42:28.038755+00:00,200,6359.85,
2026-09-20T22:42:27.958216+00:00,200,6457.63,
2026-09-20T22:42:28.199178+00:00,200,6234.5,
2026-09-20T22:42:27.399910+00:00,200,7038.48,
2026-09-20T22:42:28.079082+00:00,200,6365.54,
2026-09-20T22:42:28.058752+00:00,200,6418.01,
2026-09-20T22:42:27.499532+00:00,200,6983.25,
2026-09-20T22:42:28.138259+00:00,200,6359.29,
2026-09-20T22:42:28.299016+00:00,200,6209.74,
2026-09-20T22:42:27.578797+00:00,200,6961.08,
2026-09-20T22:42:28.178507+00:00,200,6405.4,
2026-09-20T22:42:28.479582+00:00,200,6119.05,
2026-09-20T22:42:27.659799+00:00,200,6946.38,
2026-09-20T22:42:28.158777+00:00,200,6457.69,
2026-09-20T22:42:28.379322+00:00,200,6259.54,
2026-09-20T22:42:28.259047+00:00,200,6421.75,
2026-09-20T22:42:28.279870+00:00,200,6412.2,
2026-09-20T22:42:28.358300+00:00,200,6335.67,
2026-09-20T22:42:27.717302+00:00,200,7044.52,
2026-09-20T22:42:27.759353+00:00,200,7013.0,
2026-09-20T22:42:27.898609+00:00,200,6952.8,
2026-09-20T22:42:27.818446+00:00,200,7058.02,
2026-09-20T22:42:28.499255+00:00,200,6391.5,
2026-09-20T22:42:27.939524+00:00,200,6996.13,
2026-09-20T22:42:28.559506+00:00,200,6427.48,
2026-09-20T22:42:28.579487+00:00,200,6425.16,
2026-09-20T22:42:28.339399+00:00,200,6671.4,
2026-09-20T22:42:27.999352+00:00,200,7012.03,
2026-09-20T22:42:28.459735+00:00,200,6584.1,
2026-09-20T22:42:28.699446+00:00,200,6408.58,
2026-09-20T22:42:28.439681+00:00,200,6670.8,
2026-09-20T22:42:28.679463+00:00,200,6494.35,
2026-09-20T22:42:28.599412+00:00,200,6575.29,
2026-09-20T22:42:28.738736+00:00,200,6445.02,
2026-09-20T22:42:28.838517+00:00,200,6361.35,
2026-09-20T22:42:28.619385+00:00,200,6581.49,
2026-09-20T22:42:28.218150+00:00,200,6995.51,
2026-09-20T22:42:28.788540+00:00,200,6429.8,
2026-09-20T22:42:28.099223+00:00,200,7149.63,
2026-09-20T22:42:28.118741+00:00,200,7131.35,
2026-09-20T22:42:28.759055+00:00,200,6498.16,
2026-09-20T22:42:28.939101+00:00,200,6328.69,
2026-09-20T22:42:28.999478+00:00,200,6272.74,
2026-09-20T22:42:28.859721+00:00,200,6463.9,
2026-09-20T22:42:28.819698+00:00,200,6505.45,
2026-09-20T22:42:28.919255+00:00,200,6410.92,
2026-09-20T22:42:28.238617+00:00,200,7103.7,
2026-09-20T22:42:29.058952+00:00,200,6371.12,
2026-09-20T22:42:28.320864+00:00,200,7198.65,
2026-09-20T22:42:29.139728+00:00,200,6404.82,
2026-09-20T22:42:28.399383+00:00,200,7152.05,
2026-09-20T22:42:28.418837+00:00,200,7141.36,
2026-09-20T22:42:28.519769+00:00,200,7114.56,
2026-09-20T22:42:29.159115+00:00,200,6502.61,
2026-09-20T22:42:28.539568+00:00,200,7127.27,
2026-09-20T22:42:28.979921+00:00,200,6693.68,
2026-09-20T22:42:28.638428+00:00,200,7043.23,
2026-09-20T22:42:29.258774+00:00,200,6473.12,
2026-09-20T22:42:29.038584+00:00,200,6731.37,
2026-09-20T22:42:29.119400+00:00,200,6654.48,
2026-09-20T22:42:29.279578+00:00,200,6552.0,
2026-09-20T22:42:29.318886+00:00,200,6516.29,
2026-09-20T22:42:29.239656+00:00,200,6602.86,
2026-09-20T22:42:28.659063+00:00,200,7202.78,
2026-09-20T22:42:29.399651+00:00,200,6500.83,
2026-09-20T22:42:29.098825+00:00,200,6808.31,
2026-09-20T22:42:29.418351+00:00,200,6505.76,
2026-09-20T22:42:29.538752+00:00,200,6409.56,
2026-09-20T22:42:29.219817+00:00,200,6738.46,
2026-09-20T22:42:29.478397+00:00,200,6484.81,
2026-09-20T22:42:28.798145+00:00,200,7165.75,
2026-09-20T22:42:29.519424+00:00,200,6450.24,
2026-09-20T22:42:29.438850+00:00,200,6534.34,
2026-09-20T22:42:28.722062+00:00,200,7332.75,
2026-09-20T22:42:29.339811+00:00,200,6734.72,
2026-09-20T22:42:28.878532+00:00,200,7270.97,
2026-09-20T22:42:29.599263+00:00,200,6556.0,
2026-09-20T22:42:29.678907+00:00,200,6507.64,
2026-09-20T22:42:29.698826+00:00,200,6533.59,
2026-09-20T22:42:29.019034+00:00,200,7222.25,
2026-09-20T22:42:28.958985+00:00,200,7359.66,
2026-09-20T22:42:28.898722+00:00,200,7424.23,
2026-09-20T22:42:29.199677+00:00,200,7188.62,
2026-09-20T22:42:29.779083+00:00,200,6609.96,
2026-09-20T22:42:29.580051+00:00,200,6857.45,
2026-09-20T22:42:29.819294+00:00,200,6646.92,
2026-09-20T22:42:29.079951+00:00,200,7409.09,
2026-09-20T22:42:29.179039+00:00,200,7311.5,
2026-09-20T22:42:29.660027+00:00,200,6836.56,
2026-09-20T22:42:29.918280+00:00,200,6610.94,
2026-09-20T22:42:29.879194+00:00,200,6654.29,
2026-09-20T22:42:29.639666+00:00,200,6911.89,
2026-09-20T22:42:29.298503+00:00,200,7270.84,
2026-09-20T22:42:29.759590+00:00,200,6832.16,
2026-09-20T22:42:29.798149+00:00,200,6849.16,
2026-09-20T22:42:29.998801+00:00,200,6664.14,
2026-09-20T22:42:29.958560+00:00,200,6723.64,
2026-09-20T22:42:30.079036+00:00,200,6605.85,
2026-09-20T22:42:30.059784+00:00,200,6653.04,
2026-09-20T22:42:30.099080+00:00,200,6615.06,
2026-09-20T22:42:29.358905+00:00,200,7376.06,
2026-09-20T22:42:29.938551+00:00,200,6820.19,
2026-09-20T22:42:29.978996+00:00,200,6795.01,
2026-09-20T22:42:30.119656+00:00,200,6738.34,
2026-09-20T22:42:30.198636+00:00,200,6668.79,
2026-09-20T22:42:29.379718+00:00,200,7509.54,
2026-09-20T22:42:29.498645+00:00,200,7392.35,
2026-09-20T22:42:29.458098+00:00,200,7466.65,
2026-09-20T22:42:30.238483+00:00,200,6695.31,
2026-09-20T22:42:30.339200+00:00,200,6624.78,
2026-09-20T22:42:29.558566+00:00,200,7444.18,
2026-09-20T22:42:30.179756+00:00,200,6842.09,
2026-09-20T22:42:29.738912+00:00,200,7295.31,
2026-09-20T22:42:30.359506+00:00,200,6691.37,
2026-09-20T22:42:29.618553+00:00,200,7451.82,
2026-09-20T22:42:30.459809+00:00,200,6697.79,
2026-09-20T22:42:29.859190+00:00,200,7303.62,
2026-09-20T22:42:30.478872+00:00,200,6719.33,
2026-09-20T22:42:29.838982+00:00,200,7361.49,
2026-09-20T22:42:30.299475+00:00,200,6919.13,
2026-09-20T22:42:30.218432+00:00,200,7016.48,
2026-09-20T22:42:29.718548+00:00,200,7520.74,
2026-09-20T22:42:30.518849+00:00,200,6743.78,
2026-09-20T22:42:30.318455+00:00,200,6951.53,
2026-09-20T22:42:30.419757+00:00,200,6875.78,
2026-09-20T22:42:30.618286+00:00,200,6733.54,
2026-09-20T22:42:30.539063+00:00,200,6817.95,
2026-09-20T22:42:30.638887+00:00,200,6734.81,
2026-09-20T22:42:30.438479+00:00,200,7004.4,
2026-09-20T22:42:30.578920+00:00,200,6867.15,
2026-09-20T22:42:29.899559+00:00,200,7565.3,
2026-09-20T22:42:30.738782+00:00,200,6804.18,
2026-09-20T22:42:30.038475+00:00,200,7510.18,
2026-09-20T22:42:30.659576+00:00,200,6892.19,
2026-09-20T22:42:30.718931+00:00,200,6844.73,
2026-09-20T22:42:30.779421+00:00,200,6875.17,
2026-09-20T22:42:30.158459+00:00,200,7506.98,
2026-09-20T22:42:30.138411+00:00,200,7549.78,
2026-09-20T22:42:30.958711+00:00,200,6731.6,
2026-09-20T22:42:30.859477+00:00,200,6832.87,
2026-09-20T22:42:30.758556+00:00,200,6933.75,
2026-09-20T22:42:30.019237+00:00,200,7725.92,
2026-09-20T22:42:30.258991+00:00,200,7490.94,
2026-09-20T22:42:30.919705+00:00,200,6865.46,
2026-09-20T22:42:30.818613+00:00,200,7002.26,
2026-09-20T22:42:30.999398+00:00,200,6825.22,
2026-09-20T22:42:30.279062+00:00,200,7562.64,
2026-09-20T22:42:30.379862+00:00,200,7476.7,
2026-09-20T22:42:31.099574+00:00,200,6780.62,
2026-09-20T22:42:30.938363+00:00,200,6984.69,
2026-09-20T22:42:31.079851+00:00,200,6884.17,
2026-09-20T22:42:31.119262+00:00,200,6866.45,
2026-09-20T22:42:30.399002+00:00,200,7596.49,
2026-09-20T22:42:31.218585+00:00,200,6779.56,
2026-09-20T22:42:30.498531+00:00,200,7503.55,
2026-09-20T22:42:31.139237+00:00,200,6877.2,
2026-09-20T22:42:30.878679+00:00,200,7147.13,
2026-09-20T22:42:31.019530+00:00,200,7016.06,
2026-09-20T22:42:30.599305+00:00,200,7599.62,
2026-09-20T22:42:30.558875+00:00,200,7648.1,
2026-09-20T22:42:31.178866+00:00,200,7034.69,
2026-09-20T22:42:31.239575+00:00,200,7014.73,
2026-09-20T22:42:31.339643+00:00,200,6941.95,
2026-09-20T22:42:30.679740+00:00,200,7635.86,
2026-09-20T22:42:31.258990+00:00,200,7073.36,
2026-09-20T22:42:31.479517+00:00,200,6858.71,
2026-09-20T22:42:31.318670+00:00,200,7020.55,
2026-09-20T22:42:30.838969+00:00,200,7501.19,
2026-09-20T22:42:31.378226+00:00,200,6990.88,
2026-09-20T22:42:30.699399+00:00,200,7676.32,
2026-09-20T22:42:31.420836+00:00,200,6960.09,
2026-09-20T22:42:31.498763+00:00,200,6912.59,
2026-09-20T22:42:30.798849+00:00,200,7676.46,
2026-09-20T22:42:31.578774+00:00,200,6930.99,
2026-09-20T22:42:31.398834+00:00,200,7116.48,
2026-09-20T22:42:31.458390+00:00,200,7094.65,
2026-09-20T22:42:31.659350+00:00,200,6896.08,
2026-09-20T22:42:31.719762+00:00,200,6850.75,
2026-09-20T22:42:30.979091+00:00,200,7598.47,
2026-09-20T22:42:30.898274+00:00,200,7720.93,
2026-09-20T22:42:31.799051+00:00,200,6833.14,
2026-09-20T22:42:31.558726+00:00,200,7079.66,
2026-09-20T22:42:31.599331+00:00,200,7059.65,
2026-09-20T22:42:31.778463+00:00,200,6938.08,
2026-09-20T22:42:31.059303+00:00,200,7692.68,
2026-09-20T22:42:31.678162+00:00,200,7095.93,
2026-09-20T22:42:31.038640+00:00,200,7741.51,
2026-09-20T22:42:31.699251+00:00,200,7092.75,
2026-09-20T22:42:31.159730+00:00,200,7709.5,
2026-09-20T22:42:31.759358+00:00,200,7142.31,
2026-09-20T22:42:31.857571+00:00,200,7102.21,
2026-09-20T22:42:31.838583+00:00,200,7139.84,
2026-09-20T22:42:32.018790+00:00,200,6960.7,
2026-09-20T22:42:31.279847+00:00,200,7713.88,
2026-09-20T22:42:31.958197+00:00,200,7038.44,
2026-09-20T22:42:31.199196+00:00,200,7806.75,
2026-09-20T22:42:31.299284+00:00,200,7723.43,
2026-09-20T22:42:31.918973+00:00,200,7119.66,
2026-09-20T22:42:32.120011+00:00,200,6920.25,
2026-09-20T22:42:32.039087+00:00,200,7070.12,
2026-09-20T22:42:31.899443+00:00,200,7210.78,
2026-09-20T22:42:31.358993+00:00,200,7792.54,
2026-09-20T22:42:32.199195+00:00,200,7008.56,
2026-09-20T22:42:32.219522+00:00,200,6995.06,
2026-09-20T22:42:32.298887+00:00,200,6926.83,
2026-09-20T22:42:32.098888+00:00,200,7156.01,
2026-09-20T22:42:31.439529+00:00,200,7836.2,
2026-09-20T22:42:32.379143+00:00,200,6905.88,
2026-09-20T22:42:31.519264+00:00,200,7772.42,
2026-09-20T22:42:32.179329+00:00,200,7119.33,
2026-09-20T22:42:31.998582+00:00,200,7315.5,
2026-09-20T22:42:32.158786+00:00,200,7205.86,
2026-09-20T22:42:32.399203+00:00,200,6983.91,
2026-09-20T22:42:31.538757+00:00,200,7905.92,
2026-09-20T22:42:31.739344+00:00,200,7759.78,
2026-09-20T22:42:31.618740+00:00,200,7897.94,
2026-09-20T22:42:32.279762+00:00,200,7277.56,
2026-09-20T22:42:31.639875+00:00,200,7923.71,
2026-09-20T22:42:32.319207+00:00,200,7244.65,
2026-09-20T22:42:32.559132+00:00,200,7069.05,
2026-09-20T22:42:31.939253+00:00,200,7707.03,
2026-09-20T22:42:32.499396+00:00,200,7148.17,
2026-09-20T22:42:32.359870+00:00,200,7291.47,
2026-09-20T22:42:31.818939+00:00,200,7866.25,
2026-09-20T22:42:32.618777+00:00,200,7083.02,
2026-09-20T22:42:32.438949+00:00,200,7270.0,
2026-09-20T22:42:32.478679+00:00,200,7249.11,
2026-09-20T22:42:32.679636+00:00,200,7070.4,
2026-09-20T22:42:31.880345+00:00,200,7883.4,
2026-09-20T22:42:32.698690+00:00,200,7084.85,
2026-09-20T22:42:32.858432+00:00,200,6959.63,
2026-09-20T22:42:32.538544+00:00,200,7368.54,
2026-09-20T22:42:31.978582+00:00,200,7929.09,
2026-09-20T22:42:32.979278+00:00,200,6938.12,
2026-09-20T22:42:32.878615+00:00,200,7047.66,
2026-09-20T22:42:32.079220+00:00,200,7856.27,
2026-09-20T22:42:32.598460+00:00,200,7349.67,
2026-09-20T22:42:32.778401+00:00,200,7170.59,
2026-09-20T22:42:32.658413+00:00,200,7294.68,
2026-09-20T22:42:32.059660+00:00,200,7961.67,
2026-09-20T22:42:33.039473+00:00,200,7004.4,
2026-09-20T22:42:32.739375+00:00,200,7307.56,
2026-09-20T22:42:32.799414+00:00,200,7325.29,
2026-09-20T22:42:32.238659+00:00,200,7930.4,
2026-09-20T22:42:33.078261+00:00,200,7153.41,
2026-09-20T22:42:32.139010+00:00,200,8112.68,
2026-09-20T22:42:32.419574+00:00,200,7846.82,
2026-09-20T22:42:32.341203+00:00,200,7926.48,
2026-09-20T22:42:32.958626+00:00,200,7325.29,
2026-09-20T22:42:32.838876+00:00,200,7452.72,
2026-09-20T22:42:32.459268+00:00,200,7848.23,
2026-09-20T22:42:32.938563+00:00,200,7392.34,
2026-09-20T22:42:32.259170+00:00,200,8076.87,
2026-09-20T22:42:33.139107+00:00,200,7250.83,
2026-09-20T22:42:33.259663+00:00,200,7155.06,
2026-09-20T22:42:33.119428+00:00,200,7331.71,
2026-09-20T22:42:33.378238+00:00,200,7100.63,
2026-09-20T22:42:33.019583+00:00,200,7460.89,
2026-09-20T22:42:33.340249+00:00,200,7190.5,
2026-09-20T22:42:33.459822+00:00,200,7088.03,
2026-09-20T22:42:33.219233+00:00,200,7337.06,
2026-09-20T22:42:32.639339+00:00,200,7953.15,
2026-09-20T22:42:33.298537+00:00,200,7306.44,
2026-09-20T22:42:33.199969+00:00,200,7409.1,
2026-09-20T22:42:32.519545+00:00,200,8092.39,
2026-09-20T22:42:33.478672+00:00,200,7134.75,
2026-09-20T22:42:33.178651+00:00,200,7477.66,
2026-09-20T22:42:33.521054+00:00,200,7166.72,
2026-09-20T22:42:33.640932+00:00,200,7054.03,
2026-09-20T22:42:32.579484+00:00,200,8175.78,
2026-09-20T22:42:32.719130+00:00,200,8051.33,
2026-09-20T22:42:33.319227+00:00,200,7484.5,
2026-09-20T22:42:33.698426+00:00,200,7119.6,
2026-09-20T22:42:32.758993+00:00,200,8120.99,
2026-09-20T22:42:32.999521+00:00,200,7915.66,
2026-09-20T22:42:33.418402+00:00,200,7523.26,
2026-09-20T22:42:33.438730+00:00,200,7505.13,
2026-09-20T22:42:32.898845+00:00,200,8055.16,
2026-09-20T22:42:32.919664+00:00,200,8079.01,
2026-09-20T22:42:32.819349+00:00,200,8190.8,
2026-09-20T22:42:33.739264+00:00,200,7273.54,
2026-09-20T22:42:33.599253+00:00,200,7447.07,
2026-09-20T22:42:33.059713+00:00,200,8017.81,
2026-09-20T22:42:33.819175+00:00,200,7279.18,
2026-09-20T22:42:33.538532+00:00,200,7565.56,
2026-09-20T22:42:33.839794+00:00,200,7307.56,
2026-09-20T22:42:33.999552+00:00,200,7174.8,
2026-09-20T22:42:33.619838+00:00,200,7606.7,
2026-09-20T22:42:33.778566+00:00,200,7448.72,
2026-09-20T22:42:33.658442+00:00,200,7569.75,
2026-09-20T22:42:33.099125+00:00,200,8135.11,
2026-09-20T22:42:33.799045+00:00,200,7462.94,
2026-09-20T22:42:33.919411+00:00,200,7384.83,
2026-09-20T22:42:34.218977+00:00,200,7086.04,
2026-09-20T22:42:34.118509+00:00,200,7209.79,
2026-09-20T22:42:34.038448+00:00,200,7312.16,
2026-09-20T22:42:33.159042+00:00,200,8223.52,
2026-09-20T22:42:33.879688+00:00,200,7554.2,
2026-09-20T22:42:34.139048+00:00,200,7300.98,
2026-09-20T22:42:33.239231+00:00,200,8277.89,
2026-09-20T22:42:34.278877+00:00,200,7239.18,
2026-09-20T22:42:33.359518+00:00,200,8165.66,
2026-09-20T22:42:33.279942+00:00,200,8258.73,
2026-09-20T22:42:33.499898+00:00,200,8063.17,
2026-09-20T22:42:33.398637+00:00,200,8178.72,
2026-09-20T22:42:34.078685+00:00,200,7506.83,
2026-09-20T22:42:33.958841+00:00,200,7627.59,
2026-09-20T22:42:34.318592+00:00,200,7386.76,
2026-09-20T22:42:34.397724+00:00,200,7337.22,
2026-09-20T22:42:33.979084+00:00,200,7768.04,
2026-09-20T22:42:33.579895+00:00,200,8167.82,
2026-09-20T22:42:34.178933+00:00,200,7617.77,
2026-09-20T22:42:34.099193+00:00,200,7702.49,
2026-09-20T22:42:34.519009+00:00,200,7295.9,
2026-09-20T22:42:33.558822+00:00,200,8266.26,
2026-09-20T22:42:33.679095+00:00,200,8149.77,
2026-09-20T22:42:34.478733+00:00,200,7374.13,
2026-09-20T22:42:34.238318+00:00,200,7644.02,
2026-09-20T22:42:33.719590+00:00,200,8192.52,
2026-09-20T22:42:34.679055+00:00,200,7247.5,
2026-09-20T22:42:34.439176+00:00,200,7503.19,
2026-09-20T22:42:34.299300+00:00,200,7648.32,
2026-09-20T22:42:34.639405+00:00,200,7329.34,
2026-09-20T22:42:34.379816+00:00,200,7589.71,
2026-09-20T22:42:34.558181+00:00,200,7440.12,
2026-09-20T22:42:34.778715+00:00,200,7318.14,
2026-09-20T22:42:33.758517+00:00,200,8391.12,
2026-09-20T22:42:33.899712+00:00,200,8274.4,
2026-09-20T22:42:34.018957+00:00,200,8164.04,
2026-09-20T22:42:34.878995+00:00,200,7308.95,
2026-09-20T22:42:34.818411+00:00,200,7374.09,
2026-09-20T22:42:34.540513+00:00,200,7657.44,
2026-09-20T22:42:34.058697+00:00,200,8153.01,
2026-09-20T22:42:34.459186+00:00,200,7791.41,
2026-09-20T22:42:33.938460+00:00,200,8338.21,
2026-09-20T22:42:34.599214+00:00,200,7723.54,
2026-09-20T22:42:33.858671+00:00,200,8507.0,
2026-09-20T22:42:34.998505+00:00,200,7369.03,
2026-09-20T22:42:34.921057+00:00,200,7524.23,
2026-09-20T22:42:35.059668+00:00,200,7399.15,
2026-09-20T22:42:34.159242+00:00,200,8309.94,
2026-09-20T22:42:34.838878+00:00,200,7671.93,
2026-09-20T22:42:34.659241+00:00,200,7863.09,
2026-09-20T22:42:35.099840+00:00,200,7425.09,
2026-09-20T22:42:34.758205+00:00,200,7771.38,
2026-09-20T22:42:34.198481+00:00,200,8344.41,
2026-09-20T22:42:34.258870+00:00,200,8316.61,
2026-09-20T22:42:34.899129+00:00,200,7677.58,
2026-09-20T22:42:34.739491+00:00,200,7857.08,
2026-09-20T22:42:35.179282+00:00,200,7430.71,
2026-09-20T22:42:35.219867+00:00,200,7413.48,
2026-09-20T22:42:34.339937+00:00,200,8294.39,
2026-09-20T22:42:34.958719+00:00,200,7726.23,
2026-09-20T22:42:35.039439+00:00,200,7687.84,
2026-09-20T22:42:35.319502+00:00,200,7448.26,
2026-09-20T22:42:35.078634+00:00,200,7699.33,
2026-09-20T22:42:34.499208+00:00,200,8323.13,
2026-09-20T22:42:35.398852+00:00,200,7425.48,
2026-09-20T22:42:35.338178+00:00,200,7495.77,
2026-09-20T22:42:34.578399+00:00,200,8286.66,
2026-09-20T22:42:34.419730+00:00,200,8476.69,
2026-09-20T22:42:34.358496+00:00,200,8544.5,
2026-09-20T22:42:35.518451+00:00,200,7476.93,
2026-09-20T22:42:35.499923+00:00,200,7524.5,
2026-09-20T22:42:35.198203+00:00,200,7833.86,
2026-09-20T22:42:35.139649+00:00,200,7902.73,
2026-09-20T22:42:34.618765+00:00,200,8424.45,
2026-09-20T22:42:35.579634+00:00,200,7536.07,
2026-09-20T22:42:34.719009+00:00,200,8397.62,
2026-09-20T22:42:35.679327+00:00,200,7455.21,
2026-09-20T22:42:35.259687+00:00,200,7886.78,
2026-09-20T22:42:35.779925+00:00,200,7402.96,
2026-09-20T22:42:35.699458+00:00,200,7495.53,
2026-09-20T22:42:35.458379+00:00,200,7797.95,
2026-09-20T22:42:35.839205+00:00,200,7429.51,
2026-09-20T22:42:34.939418+00:00,200,8331.35,
2026-09-20T22:42:35.379578+00:00,200,7894.8,
2026-09-20T22:42:34.699578+00:00,200,8576.06,
2026-09-20T22:42:35.298321+00:00,200,7999.38,
2026-09-20T22:42:34.799943+00:00,200,8530.32,
2026-09-20T22:42:35.478380+00:00,200,7870.62,
2026-09-20T22:42:34.859036+00:00,200,8507.1,
2026-09-20T22:42:35.939306+00:00,200,7516.82,
2026-09-20T22:42:35.538737+00:00,200,7920.7,
2026-09-20T22:42:35.659200+00:00,200,7805.46,
2026-09-20T22:42:35.119530+00:00,200,8354.43,
2026-09-20T22:42:34.978421+00:00,200,8515.72,
2026-09-20T22:42:35.639918+00:00,200,7869.48,
2026-09-20T22:42:35.018181+00:00,200,8514.24,
2026-09-20T22:42:35.919231+00:00,200,7620.47,
2026-09-20T22:42:36.099655+00:00,200,7500.77,
2026-09-20T22:42:36.038693+00:00,200,7582.37,
2026-09-20T22:42:35.158611+00:00,200,8527.02,
2026-09-20T22:42:36.158191+00:00,200,7600.67,
2026-09-20T22:42:36.239307+00:00,200,7530.59,
2026-09-20T22:42:36.179802+00:00,200,7604.24,
2026-09-20T22:42:35.239156+00:00,200,8561.01,
2026-09-20T22:42:35.818535+00:00,200,7984.78,
2026-09-20T22:42:35.758997+00:00,200,8052.55,
2026-09-20T22:42:35.878272+00:00,200,7946.65,
2026-09-20T22:42:36.338811+00:00,200,7517.85,
2026-09-20T22:42:36.398218+00:00,200,7471.26,
2026-09-20T22:42:35.279933+00:00,200,8626.72,
2026-09-20T22:42:35.359447+00:00,200,8550.48,
2026-09-20T22:42:35.898137+00:00,200,8030.9,
2026-09-20T22:42:36.419076+00:00,200,7512.32,
2026-09-20T22:42:35.419383+00:00,200,8577.08,
2026-09-20T22:42:36.019124+00:00,200,8010.54,
2026-09-20T22:42:35.979696+00:00,200,8055.16,
2026-09-20T22:42:35.558835+00:00,200,8527.86,
2026-09-20T22:42:35.438392+00:00,200,8666.95,
2026-09-20T22:42:36.258254+00:00,200,7854.2,
2026-09-20T22:42:35.618588+00:00,200,8506.94,
2026-09-20T22:42:36.479630+00:00,200,7657.99,
2026-09-20T22:42:35.598551+00:00,200,8558.21,
2026-09-20T22:42:36.139915+00:00,200,8024.68,
2026-09-20T22:42:36.078864+00:00,200,8103.39,
2026-09-20T22:42:36.298891+00:00,200,7955.56,
2026-09-20T22:42:35.719354+00:00,200,8537.41,
2026-09-20T22:42:36.639363+00:00,200,7627.06,
2026-09-20T22:42:36.579132+00:00,200,7773.21,
2026-09-20T22:42:36.678565+00:00,200,7683.5,
2026-09-20T22:42:36.819134+00:00,200,7602.67,
2026-09-20T22:42:36.858708+00:00,200,7589.78,
2026-09-20T22:42:36.458881+00:00,200,8003.47,
2026-09-20T22:42:36.938322+00:00,200,7543.53,
2026-09-20T22:42:35.739254+00:00,200,8797.36,
2026-09-20T22:42:36.718271+00:00,200,7825.18,
2026-09-20T22:42:36.539174+00:00,200,8008.88,
2026-09-20T22:42:35.958748+00:00,200,8598.21,
2026-09-20T22:42:36.959083+00:00,200,7604.86,
2026-09-20T22:42:35.799691+00:00,200,8774.73,
2026-09-20T22:42:36.379326+00:00,200,8204.6,
2026-09-20T22:42:37.059467+00:00,200,7535.34,
2026-09-20T22:42:36.320356+00:00,200,8288.98,
2026-09-20T22:42:35.859153+00:00,200,8761.78,
2026-09-20T22:42:36.199933+00:00,200,8548.71,
2026-09-20T22:42:35.999187+00:00,200,8773.76,
2026-09-20T22:42:36.699686+00:00,200,8083.1,
2026-09-20T22:42:36.558234+00:00,200,8268.06,
2026-09-20T22:42:36.218641+00:00,200,8611.37,
2026-09-20T22:42:37.078867+00:00,200,7755.8,
2026-09-20T22:42:36.618396+00:00,200,8220.88,
2026-09-20T22:42:36.119103+00:00,200,8738.31,
2026-09-20T22:42:36.059463+00:00,200,8808.46,
2026-09-20T22:42:36.278964+00:00,200,8599.09,
2026-09-20T22:42:37.158965+00:00,200,7740.08,
2026-09-20T22:42:36.778608+00:00,200,8153.44,
2026-09-20T22:42:36.799363+00:00,200,8148.59,
2026-09-20T22:42:36.878917+00:00,200,8192.98,
2026-09-20T22:42:37.259241+00:00,200,7819.62,
2026-09-20T22:42:36.918995+00:00,200,8174.68,
2026-09-20T22:42:37.478900+00:00,200,7619.8,
2026-09-20T22:42:37.418680+00:00,200,7681.12,
2026-09-20T22:42:37.319959+00:00,200,7801.53,
2026-09-20T22:42:37.198318+00:00,200,7953.28,
2026-09-20T22:42:36.438757+00:00,200,8727.5,
2026-09-20T22:42:37.539836+00:00,200,7676.33,
2026-09-20T22:42:37.018710+00:00,200,8250.26,
2026-09-20T22:42:37.639051+00:00,200,7643.24,
2026-09-20T22:42:36.498897+00:00,200,8786.46,
2026-09-20T22:42:37.558439+00:00,200,7755.55,
2026-09-20T22:42:36.359954+00:00,200,8972.41,
2026-09-20T22:42:36.519148+00:00,200,8839.29,
2026-09-20T22:42:37.038876+00:00,200,8323.76,
2026-09-20T22:42:37.178213+00:00,200,8233.91,
2026-09-20T22:42:36.599984+00:00,200,8823.73,
2026-09-20T22:42:37.118345+00:00,200,8331.29,
2026-09-20T22:42:36.738448+00:00,200,8747.19,
2026-09-20T22:42:36.659544+00:00,200,8874.96,
2026-09-20T22:42:36.839531+00:00,200,8742.38,
2026-09-20T22:42:37.699491+00:00,200,7883.91,
2026-09-20T22:42:36.899878+00:00,200,8684.86,
2026-09-20T22:42:37.299244+00:00,200,8298.13,
2026-09-20T22:42:37.759449+00:00,200,7852.01,
2026-09-20T22:42:36.759704+00:00,200,8859.04,
2026-09-20T22:42:37.240817+00:00,200,8417.49,
2026-09-20T22:42:37.399371+00:00,200,8279.96,
2026-09-20T22:42:37.338936+00:00,200,8348.53,
2026-09-20T22:42:37.918531+00:00,200,7807.44,
2026-09-20T22:42:38.019726+00:00,200,7709.09,
2026-09-20T22:42:37.518298+00:00,200,8263.27,
2026-09-20T22:42:37.878231+00:00,200,7926.91,
2026-09-20T22:42:37.818900+00:00,200,8003.71,
2026-09-20T22:42:36.978366+00:00,200,8848.51,
2026-09-20T22:42:38.099903+00:00,200,7747.65,
2026-09-20T22:42:37.459747+00:00,200,8405.95,
2026-09-20T22:42:38.038205+00:00,200,7864.64,
2026-09-20T22:42:38.179490+00:00,200,7767.58,
2026-09-20T22:42:37.619504+00:00,200,8367.39,
2026-09-20T22:42:37.738944+00:00,200,8287.31,
2026-09-20T22:42:37.219707+00:00,200,8838.02,
2026-09-20T22:42:37.139672+00:00,200,8922.45,
2026-09-20T22:42:37.678622+00:00,200,8384.74,
2026-09-20T22:42:36.998554+00:00,200,9065.62,
2026-09-20T22:42:37.279220+00:00,200,8817.92,
2026-09-20T22:42:37.098857+00:00,200,9010.74,
2026-09-20T22:42:38.219036+00:00,200,7911.58,
2026-09-20T22:42:37.799191+00:00,200,8411.57,
2026-09-20T22:42:37.438309+00:00,200,8806.6,
2026-09-20T22:42:38.319508+00:00,200,7963.11,
2026-09-20T22:42:38.379820+00:00,200,7909.45,
2026-09-20T22:42:37.499198+00:00,200,8800.97,
2026-09-20T22:42:37.378633+00:00,200,8926.65,
2026-09-20T22:42:37.359567+00:00,200,8948.83,
2026-09-20T22:42:38.499741+00:00,200,7827.84,
2026-09-20T22:42:37.858903+00:00,200,8485.78,
2026-09-20T22:42:38.399914+00:00,200,7953.63,
2026-09-20T22:42:37.898440+00:00,200,8509.88,
2026-09-20T22:42:37.979511+00:00,200,8436.73,
2026-09-20T22:42:37.579640+00:00,200,8846.18,
2026-09-20T22:42:38.079094+00:00,200,8385.39,
2026-09-20T22:42:38.518917+00:00,200,7947.64,
2026-09-20T22:42:37.999269+00:00,200,8496.0,
2026-09-20T22:42:38.658300+00:00,200,7856.97,
2026-09-20T22:42:38.798451+00:00,200,7776.59,
2026-09-20T22:42:38.579792+00:00,200,7999.49,
2026-09-20T22:42:38.719613+00:00,200,7915.6,
2026-09-20T22:42:38.139191+00:00,200,8540.87,
2026-09-20T22:42:38.199355+00:00,200,8483.43,
2026-09-20T22:42:37.599832+00:00,200,9123.32,
2026-09-20T22:42:38.279263+00:00,200,8466.6,
2026-09-20T22:42:37.718221+00:00,200,9060.58,
2026-09-20T22:42:37.778492+00:00,200,9017.21,
2026-09-20T22:42:37.658413+00:00,200,9167.83,
2026-09-20T22:42:37.938472+00:00,200,8935.97,
2026-09-20T22:42:37.838275+00:00,200,9047.41,
2026-09-20T22:42:38.818760+00:00,200,8072.07,
2026-09-20T22:42:38.981071+00:00,200,7927.7,
2026-09-20T22:42:38.879628+00:00,200,8045.22,
2026-09-20T22:42:38.299819+00:00,200,8632.99,
2026-09-20T22:42:38.358886+00:00,200,8624.08,
2026-09-20T22:42:38.998205+00:00,200,7990.37,
2026-09-20T22:42:39.059206+00:00,200,7961.41,
2026-09-20T22:42:38.459293+00:00,200,8608.75,
2026-09-20T22:42:38.058735+00:00,200,9015.39,
2026-09-20T22:42:37.958410+00:00,200,9136.51,
2026-09-20T22:42:38.619889+00:00,200,8483.02,
2026-09-20T22:42:38.158857+00:00,200,8952.46,
2026-09-20T22:42:39.158847+00:00,200,7956.74,
2026-09-20T22:42:38.118521+00:00,200,9033.5,
2026-09-20T22:42:39.180217+00:00,200,7991.12,
2026-09-20T22:42:38.558908+00:00,200,8629.02,
2026-09-20T22:42:38.479120+00:00,200,8718.52,
2026-09-20T22:42:39.258168+00:00,200,7959.82,
2026-09-20T22:42:38.699214+00:00,200,8552.51,
2026-09-20T22:42:38.779305+00:00,200,8529.19,
2026-09-20T22:42:38.859150+00:00,200,8517.17,
2026-09-20T22:42:39.339154+00:00,200,8041.24,
2026-09-20T22:42:38.338733+00:00,200,9069.04,
2026-09-20T22:42:38.259351+00:00,200,9165.42,
2026-09-20T22:42:39.359398+00:00,200,8077.49,
2026-09-20T22:42:38.739571+00:00,200,8713.91,
2026-09-20T22:42:38.239493+00:00,200,9281.98,
2026-09-20T22:42:38.440096+00:00,200,9092.8,
2026-09-20T22:42:38.419516+00:00,200,9143.58,
2026-09-20T22:42:38.538751+00:00,200,9063.41,
2026-09-20T22:42:39.519059+00:00,200,8084.22,
2026-09-20T22:42:39.618436+00:00,200,8009.89,
2026-09-20T22:42:39.579269+00:00,200,8067.46,
2026-09-20T22:42:38.918744+00:00,200,8770.9,
2026-09-20T22:42:39.418996+00:00,200,8276.77,
2026-09-20T22:42:39.678946+00:00,200,8047.78,
2026-09-20T22:42:39.040504+00:00,200,8752.01,
2026-09-20T22:42:38.960259+00:00,200,8839.18,
2026-09-20T22:42:38.679328+00:00,200,9132.77,
2026-09-20T22:42:39.118626+00:00,200,8712.51,
2026-09-20T22:42:39.758622+00:00,200,8091.68,
2026-09-20T22:42:38.598946+00:00,200,9268.06,
2026-09-20T22:42:38.640395+00:00,200,9259.68,
2026-09-20T22:42:38.758978+00:00,200,9159.02,
2026-09-20T22:42:39.139538+00:00,200,8786.23,
2026-09-20T22:42:39.818852+00:00,200,8108.44,
2026-09-20T22:42:39.238488+00:00,200,8698.86,
2026-09-20T22:42:39.299007+00:00,200,8687.33,
2026-09-20T22:42:39.838606+00:00,200,8153.52,
2026-09-20T22:42:39.398627+00:00,200,8654.15,
2026-09-20T22:42:39.319861+00:00,200,8764.68,
2026-09-20T22:42:38.839709+00:00,200,9305.81,
2026-09-20T22:42:38.899512+00:00,200,9252.02,
2026-09-20T22:42:39.899421+00:00,200,8266.59,
2026-09-20T22:42:39.958630+00:00,200,8233.27,
2026-09-20T22:42:39.019900+00:00,200,9228.91,
2026-09-20T22:42:39.458239+00:00,200,8792.76,
2026-09-20T22:42:40.079447+00:00,200,8244.29,
2026-09-20T22:42:39.079154+00:00,200,9248.21,
2026-09-20T22:42:40.060376+00:00,200,8281.89,
2026-09-20T22:42:38.938352+00:00,200,9415.9,
2026-09-20T22:42:39.098515+00:00,200,9283.3,
2026-09-20T22:42:40.179465+00:00,200,8223.47,
2026-09-20T22:42:40.238390+00:00,200,8195.67,
2026-09-20T22:42:39.499434+00:00,200,8934.64,
2026-09-20T22:42:40.299201+00:00,200,8162.59,
2026-09-20T22:42:39.198564+00:00,200,9277.34,
2026-09-20T22:42:39.557940+00:00,200,8960.76,
2026-09-20T22:42:40.319650+00:00,200,8215.43,
2026-09-20T22:42:39.719912+00:00,200,8837.35,
2026-09-20T22:42:39.659110+00:00,200,8934.56,
2026-09-20T22:42:39.219911+00:00,200,9380.4,
2026-09-20T22:42:40.399925+00:00,200,8234.68,
2026-09-20T22:42:39.378549+00:00,200,9257.3,
2026-09-20T22:42:39.279732+00:00,200,9362.8,
2026-09-20T22:42:39.739477+00:00,200,8909.15,
2026-09-20T22:42:40.459985+00:00,200,8256.4,
2026-09-20T22:42:39.938997+00:00,200,8794.13,
2026-09-20T22:42:39.878591+00:00,200,8857.3,
2026-09-20T22:42:39.799502+00:00,200,8937.56,
2026-09-20T22:42:39.438818+00:00,200,9376.69,
2026-09-20T22:42:39.999803+00:00,200,8825.39,
2026-09-20T22:42:39.478543+00:00,200,9370.08,
2026-09-20T22:42:40.558998+00:00,200,8303.64,
2026-09-20T22:42:40.538600+00:00,200,8343.74,
2026-09-20T22:42:39.539317+00:00,200,9386.72,
2026-09-20T22:42:40.718301+00:00,200,8231.81,
2026-09-20T22:42:40.039124+00:00,200,8967.63,
2026-09-20T22:42:39.599127+00:00,200,9428.39,
2026-09-20T22:42:40.618425+00:00,200,8421.43,
2026-09-20T22:42:40.758382+00:00,200,8282.73,
2026-09-20T22:42:40.818633+00:00,200,8230.75,
2026-09-20T22:42:39.699227+00:00,200,9390.89,
2026-09-20T22:42:39.638640+00:00,200,9504.9,
2026-09-20T22:42:40.918167+00:00,200,8238.8,
2026-09-20T22:42:40.859942+00:00,200,8301.51,
2026-09-20T22:42:40.139028+00:00,200,9069.21,
2026-09-20T22:42:39.778837+00:00,200,9477.99,
2026-09-20T22:42:40.218266+00:00,200,9054.77,
2026-09-20T22:42:40.159220+00:00,200,9123.33,
2026-09-20T22:42:40.358192+00:00,200,8954.32,
2026-09-20T22:42:40.418726+00:00,200,8927.75,
2026-09-20T22:42:39.858374+00:00,200,9490.61,
2026-09-20T22:42:40.279045+00:00,200,9091.12,
2026-09-20T22:42:41.018424+00:00,200,8357.34,
2026-09-20T22:42:41.099017+00:00,200,8325.71,
2026-09-20T22:42:39.919430+00:00,200,9509.09,
2026-09-20T22:42:39.978975+00:00,200,9450.45,
2026-09-20T22:42:40.018609+00:00,200,9455.07,
2026-09-20T22:42:40.498898+00:00,200,8979.08,
2026-09-20T22:42:40.119553+00:00,200,9381.01,
2026-09-20T22:42:40.099278+00:00,200,9476.57,
2026-09-20T22:42:41.078903+00:00,200,8498.13,
2026-09-20T22:42:40.480658+00:00,200,9106.7,
2026-09-20T22:42:41.198822+00:00,200,8390.35,
2026-09-20T22:42:40.599212+00:00,200,9005.36,
2026-09-20T22:42:41.218346+00:00,200,8462.13,
2026-09-20T22:42:41.338643+00:00,200,8343.36,
2026-09-20T22:42:41.438902+00:00,200,8274.68,
2026-09-20T22:42:41.279533+00:00,200,8454.23,
2026-09-20T22:42:40.259688+00:00,200,9497.69,
2026-09-20T22:42:40.659179+00:00,200,9099.2,
2026-09-20T22:42:41.516623+00:00,200,8298.48,
2026-09-20T22:42:41.499466+00:00,200,8321.94,
2026-09-20T22:42:40.199834+00:00,200,9626.65,
2026-09-20T22:42:40.339198+00:00,200,9568.36,
2026-09-20T22:42:40.799934+00:00,200,9134.31,
2026-09-20T22:42:40.378433+00:00,200,9579.46,
2026-09-20T22:42:40.698401+00:00,200,9274.86,
2026-09-20T22:42:40.958973+00:00,200,9054.5,
2026-09-20T22:42:40.838409+00:00,200,9192.23,
2026-09-20T22:42:41.638424+00:00,200,8430.63,
2026-09-20T22:42:40.439186+00:00,200,9661.75,
2026-09-20T22:42:40.898551+00:00,200,9203.3,
2026-09-20T22:42:41.578511+00:00,200,8530.68,
2026-09-20T22:42:40.679385+00:00,200,9436.26,
2026-09-20T22:42:40.639798+00:00,200,9481.35,
2026-09-20T22:42:40.578649+00:00,200,9548.25,
2026-09-20T22:42:40.739335+00:00,200,9433.46,
2026-09-20T22:42:40.519162+00:00,200,9663.31,
2026-09-20T22:42:41.058869+00:00,200,9126.07,
2026-09-20T22:42:40.999253+00:00,200,9211.48,
2026-09-20T22:42:41.839354+00:00,200,8440.78,
2026-09-20T22:42:41.719715+00:00,200,8576.49,
2026-09-20T22:42:41.878851+00:00,200,8444.44,
2026-09-20T22:42:41.758540+00:00,200,8584.78,
2026-09-20T22:42:41.159200+00:00,200,9184.93,
2026-09-20T22:42:42.018828+00:00,200,8339.83,
2026-09-20T22:42:41.179052+00:00,200,9214.54,
2026-09-20T22:42:41.959049+00:00,200,8458.8,
2026-09-20T22:42:40.778549+00:00,200,9651.41,
2026-09-20T22:42:42.178461+00:00,200,8305.25,
2026-09-20T22:42:42.079976+00:00,200,8410.11,
2026-09-20T22:42:41.259054+00:00,200,9280.25,
2026-09-20T22:42:40.878464+00:00,200,9725.08,
2026-09-20T22:42:41.318821+00:00,200,9301.47,
2026-09-20T22:42:40.938674+00:00,200,9712.9,
2026-09-20T22:42:41.418371+00:00,200,9289.66,
2026-09-20T22:42:40.978958+00:00,200,9738.98,
2026-09-20T22:42:41.400266+00:00,200,9326.8,
2026-09-20T22:42:42.238905+00:00,200,8495.17,
2026-09-20T22:42:41.479329+00:00,200,9255.61,
2026-09-20T22:42:41.119635+00:00,200,9641.44,
2026-09-20T22:42:41.139796+00:00,200,9646.02,
2026-09-20T22:42:41.298116+00:00,200,9496.26,
2026-09-20T22:42:41.598334+00:00,200,9237.57,
2026-09-20T22:42:41.038692+00:00,200,9803.35,
2026-09-20T22:42:41.239638+00:00,200,9603.23,
2026-09-20T22:42:42.259327+00:00,200,8587.4,
2026-09-20T22:42:42.359186+00:00,200,8545.99,
2026-09-20T22:42:41.618762+00:00,200,9297.49,
2026-09-20T22:42:41.358905+00:00,200,9580.86,
2026-09-20T22:42:42.459013+00:00,200,8500.17,
2026-09-20T22:42:42.558555+00:00,200,8481.02,
2026-09-20T22:42:42.538390+00:00,200,8507.86,
2026-09-20T22:42:42.379741+00:00,200,8690.42,
2026-09-20T22:42:41.699015+00:00,200,9381.8,
2026-09-20T22:42:41.379648+00:00,200,9708.91,
2026-09-20T22:42:42.638570+00:00,200,8455.6,
2026-09-20T22:42:42.719361+00:00,200,8383.47,
2026-09-20T22:42:41.778898+00:00,200,9331.07,
2026-09-20T22:42:41.799168+00:00,200,9324.86,
2026-09-20T22:42:42.778477+00:00,200,8354.19,
2026-09-20T22:42:41.858232+00:00,200,9409.66,
2026-09-20T22:42:41.938599+00:00,200,9330.65,
2026-09-20T22:42:41.999686+00:00,200,9326.48,
2026-09-20T22:42:41.459419+00:00,200,9874.76,
2026-09-20T22:42:42.818599+00:00,200,8589.78,
2026-09-20T22:42:41.538893+00:00,200,9888.1,
2026-09-20T22:42:41.678999+00:00,200,9748.58,
2026-09-20T22:42:42.138471+00:00,200,9326.84,
2026-09-20T22:42:41.738925+00:00,200,9729.76,
2026-09-20T22:42:42.039647+00:00,200,9429.93,
2026-09-20T22:42:41.658974+00:00,200,9827.18,
2026-09-20T22:42:41.818150+00:00,200,9694.54,
2026-09-20T22:42:41.559768+00:00,200,9955.7,
2026-09-20T22:42:42.958357+00:00,200,8594.34,
2026-09-20T22:42:42.998508+00:00,200,8613.47,
2026-09-20T22:42:41.898770+00:00,200,9722.65,
2026-09-20T22:42:43.079056+00:00,200,8547.28,
2026-09-20T22:42:42.159648+00:00,200,9467.58,
2026-09-20T22:42:42.879059+00:00,200,8785.29,
2026-09-20T22:42:41.918272+00:00,200,9748.96,
2026-09-20T22:42:42.218548+00:00,200,9510.53,
2026-09-20T22:42:43.358399+00:00,200,8376.67,
2026-09-20T22:42:43.238492+00:00,200,8503.4,
2026-09-20T22:42:43.099365+00:00,200,8658.54,
2026-09-20T22:42:41.979242+00:00,200,9820.5,
2026-09-20T22:42:42.438922+00:00,200,9366.98,
2026-09-20T22:42:43.279382+00:00,200,8530.71,
2026-09-20T22:42:43.159369+00:00,200,8652.83,
2026-09-20T22:42:42.338966+00:00,200,9576.86,
2026-09-20T22:42:42.519333+00:00,200,9406.73,
2026-09-20T22:42:42.279377+00:00,200,9660.5,
2026-09-20T22:42:42.598868+00:00,200,9385.36,
2026-09-20T22:42:42.499450+00:00,200,9571.26,
2026-09-20T22:42:42.059435+00:00,200,10021.51,
2026-09-20T22:42:43.419024+00:00,200,8669.78,
2026-09-20T22:42:42.198845+00:00,200,9898.67,
2026-09-20T22:42:42.318866+00:00,200,9787.46,
2026-09-20T22:42:42.398916+00:00,200,9760.62,
2026-09-20T22:42:42.099170+00:00,200,10085.6,
2026-09-20T22:42:42.298449+00:00,200,9887.33,
2026-09-20T22:42:43.498914+00:00,200,8688.95,
2026-09-20T22:42:42.678885+00:00,200,9520.66,
2026-09-20T22:42:43.479157+00:00,200,8729.79,
2026-09-20T22:42:42.419134+00:00,200,9802.13,
2026-09-20T22:42:43.579030+00:00,200,8675.58,
2026-09-20T22:42:42.698766+00:00,200,9565.17,
2026-09-20T22:42:43.719104+00:00,200,8597.98,
2026-09-20T22:42:42.479089+00:00,200,9873.43,
2026-09-20T22:42:42.759565+00:00,200,9611.04,
2026-09-20T22:42:43.739338+00:00,200,8633.52,
2026-09-20T22:42:43.659431+00:00,200,8742.64,
2026-09-20T22:42:42.579583+00:00,200,9870.74,
2026-09-20T22:42:43.898353+00:00,200,8567.57,
2026-09-20T22:42:42.859675+00:00,200,9615.13,
2026-09-20T22:42:43.819997+00:00,200,8672.76,
2026-09-20T22:42:42.618288+00:00,200,9909.89,
2026-09-20T22:42:42.919225+00:00,200,9633.89,
2026-09-20T22:42:43.918431+00:00,200,8656.92,
2026-09-20T22:42:43.038451+00:00,200,9551.86,
2026-09-20T22:42:43.139641+00:00,200,9487.5,
2026-09-20T22:42:43.978692+00:00,200,8707.84,
2026-09-20T22:42:42.939753+00:00,200,9766.89,
2026-09-20T22:42:42.738819+00:00,200,9977.07,
2026-09-20T22:42:42.799060+00:00,200,9954.42,
2026-09-20T22:42:42.839463+00:00,200,9935.11,
2026-09-20T22:42:43.199752+00:00,200,9583.75,
2026-09-20T22:42:43.059298+00:00,200,9727.43,
2026-09-20T22:42:42.899698+00:00,200,9907.58,
2026-09-20T22:42:42.658826+00:00,200,10181.7,
2026-09-20T22:42:44.098291+00:00,200,8771.52,
2026-09-20T22:42:44.179135+00:00,200,8706.16,
2026-09-20T22:42:44.078261+00:00,200,8816.77,
2026-09-20T22:42:42.980260+00:00,200,9933.68,
2026-09-20T22:42:43.018442+00:00,200,9937.24,
2026-09-20T22:42:43.218565+00:00,200,9750.33,
2026-09-20T22:42:44.259647+00:00,200,8732.86,
2026-09-20T22:42:43.298852+00:00,200,9715.61,
2026-09-20T22:42:44.278471+00:00,200,8756.71,
2026-09-20T22:42:43.119341+00:00,200,9978.12,
2026-09-20T22:42:43.338317+00:00,200,9792.01,
2026-09-20T22:42:44.418674+00:00,200,8737.23,
2026-09-20T22:42:43.178470+00:00,200,10013.99,
2026-09-20T22:42:42.120199+00:00,200,11074.23,
2026-09-20T22:42:44.378817+00:00,200,8838.98,
2026-09-20T22:42:44.499162+00:00,200,8752.47,
2026-09-20T22:42:43.559574+00:00,200,9697.85,
2026-09-20T22:42:43.598605+00:00,200,9701.05,
2026-09-20T22:42:43.398569+00:00,200,9912.76,
2026-09-20T22:42:43.460091+00:00,200,9863.68,
2026-09-20T22:42:44.558644+00:00,200,8781.43,
2026-09-20T22:42:43.259097+00:00,200,10097.61,
2026-09-20T22:42:44.619492+00:00,200,8764.55,
2026-09-20T22:42:43.439383+00:00,200,9946.17,
2026-09-20T22:42:43.379307+00:00,200,10009.63,
2026-09-20T22:42:43.319819+00:00,200,10088.72,
2026-09-20T22:42:44.658723+00:00,200,8882.56,
2026-09-20T22:42:44.778364+00:00,200,8771.93,
2026-09-20T22:42:43.638565+00:00,200,9912.96,
2026-09-20T22:42:43.798812+00:00,200,9780.04,
2026-09-20T22:42:43.698442+00:00,200,9891.59,
2026-09-20T22:42:44.719244+00:00,200,8878.64,
2026-09-20T22:42:43.538558+00:00,200,10076.77,
2026-09-20T22:42:44.819439+00:00,200,8805.2,
2026-09-20T22:42:43.519597+00:00,200,10106.83,
2026-09-20T22:42:43.619619+00:00,200,10075.75,
2026-09-20T22:42:43.859730+00:00,200,9844.25,
2026-09-20T22:42:44.918583+00:00,200,8805.42,
2026-09-20T22:42:43.879229+00:00,200,9890.13,
2026-09-20T22:42:43.678797+00:00,200,10101.99,
2026-09-20T22:42:44.979622+00:00,200,8838.66,
2026-09-20T22:42:43.778819+00:00,200,10040.33,
2026-09-20T22:42:43.959913+00:00,200,9896.42,
2026-09-20T22:42:44.039085+00:00,200,9837.38,
2026-09-20T22:42:44.059496+00:00,200,9891.22,
2026-09-20T22:42:45.000120+00:00,200,8969.57,
2026-09-20T22:42:43.938751+00:00,200,10059.4,
2026-09-20T22:42:45.079557+00:00,200,8942.87,
2026-09-20T22:42:45.179682+00:00,200,8846.24,
2026-09-20T22:42:43.758287+00:00,200,10267.43,
2026-09-20T22:42:43.838708+00:00,200,10197.57,
2026-09-20T22:42:45.159404+00:00,200,8903.19,
2026-09-20T22:42:44.158854+00:00,200,9905.78,
2026-09-20T22:42:44.198444+00:00,200,9871.5,
2026-09-20T22:42:44.020722+00:00,200,10082.65,
2026-09-20T22:42:43.999562+00:00,200,10109.79,
2026-09-20T22:42:45.258699+00:00,200,8898.33,
2026-09-20T22:42:45.318198+00:00,200,8846.19,
2026-09-20T22:42:45.399362+00:00,200,8855.3,
2026-09-20T22:42:45.419338+00:00,200,8859.72,
2026-09-20T22:42:44.239256+00:00,200,10050.43,
2026-09-20T22:42:44.359690+00:00,200,9959.5,
2026-09-20T22:42:45.478734+00:00,200,8865.19,
2026-09-20T22:42:44.139857+00:00,200,10225.27,
2026-09-20T22:42:44.119614+00:00,200,10277.73,
2026-09-20T22:42:44.339680+00:00,200,10071.94,
2026-09-20T22:42:44.319516+00:00,200,10126.43,
2026-09-20T22:42:45.558242+00:00,200,8889.34,
2026-09-20T22:42:44.458485+00:00,200,10009.34,
2026-09-20T22:42:44.219735+00:00,200,10255.02,
2026-09-20T22:42:44.598286+00:00,200,9897.94,
2026-09-20T22:42:44.478852+00:00,200,10034.22,
2026-09-20T22:42:44.299596+00:00,200,10299.04,
2026-09-20T22:42:44.698686+00:00,200,9916.37,
2026-09-20T22:42:45.758455+00:00,200,8877.22,
2026-09-20T22:42:44.538453+00:00,200,10126.49,
2026-09-20T22:42:45.639736+00:00,200,9065.12,
2026-09-20T22:42:44.398250+00:00,200,10307.74,
2026-09-20T22:42:44.525611+00:00,200,10221.0,
2026-09-20T22:42:45.680107+00:00,200,9092.16,
2026-09-20T22:42:45.859234+00:00,200,8936.24,
2026-09-20T22:42:44.799070+00:00,200,10003.46,
2026-09-20T22:42:44.638230+00:00,200,10165.83,
2026-09-20T22:42:44.439818+00:00,200,10366.98,
2026-09-20T22:42:45.798705+00:00,200,9015.08,
2026-09-20T22:42:45.939660+00:00,200,8891.13,
2026-09-20T22:42:44.578920+00:00,200,10263.85,
2026-09-20T22:42:44.738594+00:00,200,10132.86,
2026-09-20T22:42:45.979145+00:00,200,8919.08,
2026-09-20T22:42:46.059665+00:00,200,8859.23,
2026-09-20T22:42:46.078805+00:00,200,8913.23,
2026-09-20T22:42:44.899725+00:00,200,10134.03,
2026-09-20T22:42:45.099060+00:00,200,9955.66,
2026-09-20T22:42:46.159462+00:00,200,8924.25,
2026-09-20T22:42:44.879720+00:00,200,10207.23,
2026-09-20T22:42:44.679630+00:00,200,10413.39,
2026-09-20T22:42:44.839722+00:00,200,10267.56,
2026-09-20T22:42:44.958985+00:00,200,10225.34,
2026-09-20T22:42:44.759524+00:00,200,10432.19,
2026-09-20T22:42:44.859198+00:00,200,10350.24,
2026-09-20T22:42:45.138238+00:00,200,10107.65,
2026-09-20T22:42:46.198420+00:00,200,9057.36,
2026-09-20T22:42:45.239522+00:00,200,10019.24,
2026-09-20T22:42:45.038699+00:00,200,10237.68,
2026-09-20T22:42:45.019575+00:00,200,10332.89,
2026-09-20T22:42:44.939269+00:00,200,10423.39,
2026-09-20T22:42:46.300949+00:00,200,9082.04,
2026-09-20T22:42:45.058500+00:00,200,10332.3,
2026-09-20T22:42:45.279624+00:00,200,10127.83,
2026-09-20T22:42:46.539472+00:00,200,8901.6,
2026-09-20T22:42:46.398744+00:00,200,9089.37,
2026-09-20T22:42:46.659095+00:00,200,8852.41,
2026-09-20T22:42:45.359622+00:00,200,10157.23,
2026-09-20T22:42:45.119977+00:00,200,10406.43,
2026-09-20T22:42:46.318336+00:00,200,9233.23,
2026-09-20T22:42:45.199068+00:00,200,10365.86,
2026-09-20T22:42:46.558904+00:00,200,9012.42,
2026-09-20T22:42:45.218098+00:00,200,10374.75,
2026-09-20T22:42:46.458738+00:00,200,9135.88,
2026-09-20T22:42:45.379488+00:00,200,10268.05,
2026-09-20T22:42:46.678500+00:00,200,8990.32,
2026-09-20T22:42:45.538384+00:00,200,10172.73,
2026-09-20T22:42:46.759527+00:00,200,8960.83,
2026-09-20T22:42:45.339033+00:00,200,10397.95,
2026-09-20T22:42:45.299058+00:00,200,10520.01,
2026-09-20T22:42:45.600055+00:00,200,10256.76,
2026-09-20T22:42:46.799407+00:00,200,9097.74,
2026-09-20T22:42:45.738800+00:00,200,10158.97,
2026-09-20T22:42:45.439652+00:00,200,10488.99,
2026-09-20T22:42:45.498498+00:00,200,10455.19,
2026-09-20T22:42:45.619028+00:00,200,10357.57,
2026-09-20T22:42:46.879161+00:00,200,9146.8,
2026-09-20T22:42:45.458391+00:00,200,10572.36,
2026-09-20T22:42:45.838310+00:00,200,10195.89,
2026-09-20T22:42:45.719710+00:00,200,10323.09,
2026-09-20T22:42:45.519084+00:00,200,10534.09,
2026-09-20T22:42:45.659463+00:00,200,10399.49,
2026-09-20T22:42:45.578228+00:00,200,10512.33,
2026-09-20T22:42:47.079030+00:00,200,9065.65,
2026-09-20T22:42:45.698717+00:00,200,10459.48,
2026-09-20T22:42:46.958110+00:00,200,9200.85,
2026-09-20T22:42:45.898765+00:00,200,10271.61,
2026-09-20T22:42:47.019098+00:00,200,9153.6,
2026-09-20T22:42:47.178927+00:00,200,9051.4,
2026-09-20T22:42:45.920065+00:00,200,10372.39,
2026-09-20T22:42:47.279518+00:00,200,9069.53,
2026-09-20T22:42:47.118771+00:00,200,9234.2,
2026-09-20T22:42:45.778505+00:00,200,10576.04,
2026-09-20T22:42:46.039054+00:00,200,10321.03,
2026-09-20T22:42:45.818948+00:00,200,10561.21,
2026-09-20T22:42:47.259388+00:00,200,9136.32,
2026-09-20T22:42:47.358336+00:00,200,9038.21,
2026-09-20T22:42:45.878396+00:00,200,10549.94,
2026-09-20T22:42:45.998389+00:00,200,10430.93,
2026-09-20T22:42:47.438985+00:00,200,9112.78,
2026-09-20T22:42:46.179007+00:00,200,10395.52,
2026-09-20T22:42:45.958411+00:00,200,10623.17,
2026-09-20T22:42:46.278065+00:00,200,10314.24,
2026-09-20T22:42:46.138928+00:00,200,10474.48,
2026-09-20T22:42:46.220089+00:00,200,10464.58,
2026-09-20T22:42:46.118295+00:00,200,10568.15,
2026-09-20T22:42:46.019685+00:00,200,10711.37,
2026-09-20T22:42:47.479397+00:00,200,9261.75,
2026-09-20T22:42:46.259173+00:00,200,10507.83,
2026-09-20T22:42:46.098557+00:00,200,10672.83,
2026-09-20T22:42:47.538401+00:00,200,9236.63,
2026-09-20T22:42:46.378226+00:00,200,10421.99,
2026-09-20T22:42:46.339732+00:00,200,10465.74,
2026-09-20T22:42:46.438730+00:00,200,10372.79,
2026-09-20T22:42:47.679395+00:00,200,9152.42,
2026-09-20T22:42:47.598393+00:00,200,9236.77,
2026-09-20T22:42:47.719578+00:00,200,9147.08,
2026-09-20T22:42:46.239565+00:00,200,10653.1,
2026-09-20T22:42:46.498956+00:00,200,10443.85,
2026-09-20T22:42:46.619346+00:00,200,10337.89,
2026-09-20T22:42:47.800456+00:00,200,9213.72,
2026-09-20T22:42:46.519527+00:00,200,10526.77,
2026-09-20T22:42:47.918569+00:00,200,9136.32,
2026-09-20T22:42:46.478712+00:00,200,10605.29,
2026-09-20T22:42:47.838639+00:00,200,9259.53,
2026-09-20T22:42:47.939684+00:00,200,9196.58,
2026-09-20T22:42:46.359291+00:00,200,10798.46,
2026-09-20T22:42:46.639310+00:00,200,10519.43,
2026-09-20T22:42:46.419769+00:00,200,10764.82,
2026-09-20T22:42:48.019363+00:00,200,9212.96,
2026-09-20T22:42:46.739822+00:00,200,10538.91,
2026-09-20T22:42:46.600322+00:00,200,10713.63,
2026-09-20T22:42:46.698673+00:00,200,10643.33,
2026-09-20T22:42:48.098508+00:00,200,9274.85,
2026-09-20T22:42:46.579659+00:00,200,10801.78,
2026-09-20T22:42:46.779498+00:00,200,10637.35,
2026-09-20T22:42:48.158425+00:00,200,9271.64,
2026-09-20T22:42:46.839720+00:00,200,10605.83,
2026-09-20T22:42:46.858251+00:00,200,10591.91,
2026-09-20T22:42:48.219673+00:00,200,9238.16,
2026-09-20T22:42:48.259632+00:00,200,9214.05,
2026-09-20T22:42:46.719266+00:00,200,10778.08,
2026-09-20T22:42:46.819510+00:00,200,10702.12,
2026-09-20T22:42:46.999145+00:00,200,10528.7,
2026-09-20T22:42:48.358574+00:00,200,9176.69,
2026-09-20T22:42:46.938900+00:00,200,10619.58,
2026-09-20T22:42:47.159025+00:00,200,10444.28,
2026-09-20T22:42:46.918841+00:00,200,10736.26,
2026-09-20T22:42:46.898474+00:00,200,10759.45,
2026-09-20T22:42:48.398384+00:00,200,9274.18,
2026-09-20T22:42:47.058324+00:00,200,10629.99,
2026-09-20T22:42:46.978624+00:00,200,10787.11,
2026-09-20T22:42:48.419530+00:00,200,9354.03,
2026-09-20T22:42:48.519483+00:00,200,9295.4,
2026-09-20T22:42:47.198694+00:00,200,10633.59,
2026-09-20T22:42:48.558982+00:00,200,9313.98,
2026-09-20T22:42:48.638838+00:00,200,9242.39,
2026-09-20T22:42:47.239230+00:00,200,10655.88,
2026-09-20T22:42:47.338736+00:00,200,10583.29,
2026-09-20T22:42:47.099252+00:00,200,10857.54,
2026-09-20T22:42:47.039031+00:00,200,10957.45,
2026-09-20T22:42:47.218747+00:00,200,10796.16,
2026-09-20T22:42:47.299187+00:00,200,10734.99,
2026-09-20T22:42:48.658213+00:00,200,9376.95,
2026-09-20T22:42:48.738681+00:00,200,9336.88,
2026-09-20T22:42:47.138854+00:00,200,10938.04,
2026-09-20T22:42:47.318638+00:00,200,10758.87,
2026-09-20T22:42:48.798467+00:00,200,9346.7,
2026-09-20T22:42:48.919065+00:00,200,9229.7,
2026-09-20T22:42:47.379030+00:00,200,10800.88,
2026-09-20T22:42:47.398838+00:00,200,10786.98,
2026-09-20T22:42:48.859144+00:00,200,9347.28,
2026-09-20T22:42:47.418532+00:00,200,10797.93,
2026-09-20T22:42:47.459534+00:00,200,10807.22,
2026-09-20T22:42:47.498920+00:00,200,10799.52,
2026-09-20T22:42:47.578268+00:00,200,10730.31,
2026-09-20T22:42:47.659052+00:00,200,10662.19,
2026-09-20T22:42:48.979187+00:00,200,9349.99,
2026-09-20T22:42:49.019351+00:00,200,9357.43,
2026-09-20T22:42:47.778670+00:00,200,10652.76,
2026-09-20T22:42:47.521739+00:00,200,10946.11,
2026-09-20T22:42:47.559563+00:00,200,10933.59,
2026-09-20T22:42:47.639568+00:00,200,10862.0,
2026-09-20T22:42:49.099051+00:00,200,9403.48,
2026-09-20T22:42:49.199128+00:00,200,9338.21,
2026-09-20T22:42:47.858528+00:00,200,10730.8,
2026-09-20T22:42:47.759875+00:00,200,10843.18,
2026-09-20T22:42:47.898480+00:00,200,10718.2,
2026-09-20T22:42:47.740144+00:00,200,10893.62,
2026-09-20T22:42:47.819823+00:00,200,10814.88,
2026-09-20T22:42:49.179188+00:00,200,9469.17,
2026-09-20T22:42:49.298949+00:00,200,9350.55,
2026-09-20T22:42:49.319909+00:00,200,9390.15,
2026-09-20T22:42:47.618984+00:00,200,11100.53,
2026-09-20T22:42:47.699653+00:00,200,11025.15,
2026-09-20T22:42:47.959671+00:00,200,10778.56,
2026-09-20T22:42:49.419364+00:00,200,9388.28,
2026-09-20T22:42:47.878331+00:00,200,10946.5,
2026-09-20T22:42:47.999553+00:00,200,10852.32,
2026-09-20T22:42:49.438854+00:00,200,9414.04,
2026-09-20T22:42:47.979430+00:00,200,10895.28,
2026-09-20T22:42:49.519284+00:00,200,9368.04,
2026-09-20T22:42:48.059139+00:00,200,10896.0,
2026-09-20T22:42:49.578936+00:00,200,9411.52,
2026-09-20T22:42:49.658215+00:00,200,9337.76,
2026-09-20T22:42:48.039744+00:00,200,10987.81,
2026-09-20T22:42:48.199178+00:00,200,10833.05,
2026-09-20T22:42:48.179563+00:00,200,10878.74,
2026-09-20T22:42:48.298933+00:00,200,10822.48,
2026-09-20T22:42:48.079732+00:00,200,11090.79,
2026-09-20T22:42:48.119800+00:00,200,11052.44,
2026-09-20T22:42:49.678546+00:00,200,9495.82,
2026-09-20T22:42:48.238812+00:00,200,10994.4,
2026-09-20T22:42:49.778980+00:00,200,9461.55,
2026-09-20T22:42:48.139552+00:00,200,11128.94,
2026-09-20T22:42:48.498261+00:00,200,10775.79,
2026-09-20T22:42:48.318744+00:00,200,10972.27,
2026-09-20T22:42:48.280022+00:00,200,11041.39,
2026-09-20T22:42:49.899363+00:00,200,9441.45,
2026-09-20T22:42:48.378698+00:00,200,10981.99,
2026-09-20T22:42:49.958387+00:00,200,9416.93,
2026-09-20T22:42:48.459628+00:00,200,10930.83,
2026-09-20T22:42:49.799069+00:00,200,9614.42,
2026-09-20T22:42:48.480090+00:00,200,10945.25,
2026-09-20T22:42:48.438302+00:00,200,11017.67,
2026-09-20T22:42:50.058479+00:00,200,9416.2,
2026-09-20T22:42:48.598861+00:00,200,10885.56,
2026-09-20T22:42:49.978478+00:00,200,9527.8,
2026-09-20T22:42:48.339047+00:00,200,11205.0,
2026-09-20T22:42:50.119950+00:00,200,9436.84,
2026-09-20T22:42:48.539050+00:00,200,11052.6,
2026-09-20T22:42:48.578340+00:00,200,11045.53,
2026-09-20T22:42:50.199627+00:00,200,9504.73,
2026-09-20T22:42:50.219592+00:00,200,9495.51,
2026-09-20T22:42:48.619691+00:00,200,11213.64,
2026-09-20T22:42:48.679624+00:00,200,11201.32,
2026-09-20T22:42:50.338790+00:00,200,9552.49,
2026-09-20T22:42:48.758108+00:00,200,11139.36,
2026-09-20T22:42:48.819606+00:00,200,11086.43,
2026-09-20T22:42:48.718323+00:00,200,11199.11,
2026-09-20T22:42:48.699063+00:00,200,11258.68,
2026-09-20T22:42:50.299579+00:00,200,9679.23,
2026-09-20T22:42:48.938673+00:00,200,11050.98,
2026-09-20T22:42:48.779409+00:00,200,11211.22,
2026-09-20T22:42:50.439671+00:00,200,9557.32,
2026-09-20T22:42:48.878487+00:00,200,11120.73,
2026-09-20T22:42:48.898718+00:00,200,11124.16,
2026-09-20T22:42:48.959539+00:00,200,11095.56,
2026-09-20T22:42:50.459507+00:00,200,9596.38,
2026-09-20T22:42:48.839044+00:00,200,11228.38,
2026-09-20T22:42:50.599130+00:00,200,9563.03,
2026-09-20T22:42:49.040142+00:00,200,11144.31,
2026-09-20T22:42:49.078399+00:00,200,11106.59,
2026-09-20T22:42:50.518752+00:00,200,9679.33,
2026-09-20T22:42:49.118333+00:00,200,11086.54,
2026-09-20T22:42:50.678469+00:00,200,9526.81,
2026-09-20T22:42:48.998890+00:00,200,11243.96,
2026-09-20T22:42:49.059855+00:00,200,11194.3,
2026-09-20T22:42:50.718599+00:00,200,9583.63,
2026-09-20T22:42:49.158556+00:00,200,11221.55,
2026-09-20T22:42:49.138534+00:00,200,11242.05,
2026-09-20T22:42:49.219233+00:00,200,11163.23,
2026-09-20T22:42:50.738652+00:00,200,9648.63,
2026-09-20T22:42:50.859852+00:00,200,9590.08,
2026-09-20T22:42:50.879483+00:00,200,9653.6,
2026-09-20T22:42:49.358442+00:00,200,11249.99,
2026-09-20T22:42:49.238158+00:00,200,11380.12,
2026-09-20T22:42:49.501173+00:00,200,11127.04,
2026-09-20T22:42:49.459453+00:00,200,11172.64,
2026-09-20T22:42:49.278448+00:00,200,11379.11,
2026-09-20T22:42:50.979205+00:00,200,9689.93,
2026-09-20T22:42:49.398541+00:00,200,11283.65,
2026-09-20T22:42:49.379159+00:00,200,11306.29,
2026-09-20T22:42:49.259041+00:00,200,11441.3,
2026-09-20T22:42:49.339655+00:00,200,11361.12,
2026-09-20T22:42:49.478579+00:00,200,11236.3,
2026-09-20T22:42:51.059779+00:00,200,9662.58,
2026-09-20T22:42:50.999703+00:00,200,9728.39,
2026-09-20T22:42:49.539804+00:00,200,11191.08,
2026-09-20T22:42:49.558982+00:00,200,11240.43,
2026-09-20T22:42:51.239713+00:00,200,9604.88,
2026-09-20T22:42:51.159018+00:00,200,9687.24,
2026-09-20T22:42:49.618605+00:00,200,11288.49,
2026-09-20T22:42:49.698754+00:00,200,11260.84,
2026-09-20T22:42:49.639349+00:00,200,11329.76,
2026-09-20T22:42:49.718923+00:00,200,11253.07,
2026-09-20T22:42:51.218668+00:00,200,9757.75,
2026-09-20T22:42:49.598735+00:00,200,11414.48,
2026-09-20T22:42:51.319339+00:00,200,9753.68,
2026-09-20T22:42:49.818753+00:00,200,11277.06,
2026-09-20T22:42:49.738707+00:00,200,11366.79,
2026-09-20T22:42:51.378763+00:00,200,9744.13,
2026-09-20T22:42:51.419925+00:00,200,9728.06,
2026-09-20T22:42:49.758652+00:00,200,11398.58,
2026-09-20T22:42:51.499515+00:00,200,9733.22,
2026-09-20T22:42:49.919420+00:00,200,11391.21,
2026-09-20T22:42:49.878830+00:00,200,11462.39,
2026-09-20T22:42:49.839652+00:00,200,11519.05,
2026-09-20T22:42:51.559189+00:00,200,9806.76,
2026-09-20T22:42:50.039362+00:00,200,11335.88,
2026-09-20T22:42:49.858813+00:00,200,11532.44,
2026-09-20T22:42:50.098878+00:00,200,11307.17,
2026-09-20T22:42:50.018726+00:00,200,11396.89,
2026-09-20T22:42:49.938223+00:00,200,11490.97,
2026-09-20T22:42:49.999012+00:00,200,11434.84,
2026-09-20T22:42:50.078741+00:00,200,11374.76,
2026-09-20T22:42:51.619572+00:00,200,9844.12,
2026-09-20T22:42:51.678262+00:00,200,9814.9,
2026-09-20T22:42:50.139408+00:00,200,11382.91,
2026-09-20T22:42:51.739383+00:00,200,9783.54,
2026-09-20T22:42:51.800425+00:00,200,9740.97,
2026-09-20T22:42:50.159736+00:00,200,11386.1,
2026-09-20T22:42:50.179190+00:00,200,11499.08,
2026-09-20T22:42:51.838590+00:00,200,9869.18,
2026-09-20T22:42:50.239184+00:00,200,11472.62,
2026-09-20T22:42:50.359302+00:00,200,11376.39,
2026-09-20T22:42:50.278916+00:00,200,11460.43,
2026-09-20T22:42:51.919245+00:00,200,9863.8,
2026-09-20T22:42:51.979032+00:00,200,9828.16,
2026-09-20T22:42:50.319568+00:00,200,11494.97,
2026-09-20T22:42:50.258572+00:00,200,11560.75,
2026-09-20T22:42:50.379055+00:00,200,11465.76,
2026-09-20T22:42:50.398092+00:00,200,11491.62,
2026-09-20T22:42:52.058576+00:00,200,9886.8,
2026-09-20T22:42:52.118384+00:00,200,9861.52,
2026-09-20T22:42:50.418423+00:00,200,11606.96,
2026-09-20T22:42:50.479491+00:00,200,11585.15,
2026-09-20T22:42:52.179808+00:00,200,9903.39,
2026-09-20T22:42:50.537567+00:00,200,11570.45,
2026-09-20T22:42:50.759065+00:00,200,11378.8,
2026-09-20T22:42:50.558557+00:00,200,11583.07,
2026-09-20T22:42:50.578187+00:00,200,11584.38,
2026-09-20T22:42:50.620803+00:00,200,11553.48,
2026-09-20T22:42:50.660113+00:00,200,11515.03,
2026-09-20T22:42:50.499659+00:00,200,11676.06,
2026-09-20T22:42:50.698876+00:00,200,11476.47,
2026-09-20T22:42:52.238763+00:00,200,9937.64,
2026-09-20T22:42:52.278261+00:00,200,9906.23,
2026-09-20T22:42:50.639096+00:00,200,11580.48,
2026-09-20T22:42:52.358699+00:00,200,9886.45,
2026-09-20T22:42:50.778827+00:00,200,11533.04,
2026-09-20T22:42:52.379600+00:00,200,9933.3,
2026-09-20T22:42:50.798364+00:00,200,11574.4,
2026-09-20T22:42:52.459691+00:00,200,9936.63,
2026-09-20T22:42:50.839201+00:00,200,11601.94,
2026-09-20T22:42:50.819194+00:00,200,11636.09,
2026-09-20T22:42:50.918856+00:00,200,11554.15,
2026-09-20T22:42:52.598857+00:00,200,9903.7,
2026-09-20T22:42:51.019023+00:00,200,11487.25,
2026-09-20T22:42:52.519722+00:00,200,9996.68,
2026-09-20T22:42:50.940246+00:00,200,11623.8,
2026-09-20T22:42:50.898678+00:00,200,11669.28,
2026-09-20T22:42:50.958558+00:00,200,11632.71,
2026-09-20T22:42:52.619423+00:00,200,10088.37,
2026-09-20T22:42:51.037550+00:00,200,11700.91,
2026-09-20T22:42:52.759084+00:00,200,10015.68,
2026-09-20T22:42:52.719378+00:00,200,10078.49,
2026-09-20T22:42:52.799508+00:00,200,10022.84,
2026-09-20T22:42:51.099283+00:00,200,11733.72,
2026-09-20T22:42:51.118212+00:00,200,11716.53,
2026-09-20T22:42:51.178118+00:00,200,11662.6,
2026-09-20T22:42:52.858582+00:00,200,10008.78,
2026-09-20T22:42:51.079106+00:00,200,11796.57,
2026-09-20T22:42:51.339145+00:00,200,11589.69,
2026-09-20T22:42:51.258313+00:00,200,11670.76,
2026-09-20T22:42:52.958708+00:00,200,9990.76,
2026-09-20T22:42:51.278968+00:00,200,11674.35,
2026-09-20T22:42:51.199330+00:00,200,11791.03,
2026-09-20T22:42:51.139509+00:00,200,11852.43,
2026-09-20T22:42:51.299008+00:00,200,11704.85,
2026-09-20T22:42:53.019083+00:00,200,9988.03,
2026-09-20T22:42:51.439104+00:00,200,11580.19,
2026-09-20T22:42:51.359121+00:00,200,11690.47,
2026-09-20T22:42:53.038322+00:00,200,10031.11,
2026-09-20T22:42:51.478391+00:00,200,11644.01,
2026-09-20T22:42:51.398632+00:00,200,11739.32,
2026-09-20T22:42:51.519574+00:00,200,11665.39,
2026-09-20T22:42:53.138592+00:00,200,10069.4,
2026-09-20T22:42:53.199071+00:00,200,10014.27,
2026-09-20T22:42:51.458872+00:00,200,11798.64,
2026-09-20T22:42:51.598846+00:00,200,11665.39,
2026-09-20T22:42:51.578240+00:00,200,11745.2,
2026-09-20T22:42:51.539045+00:00,200,11853.36,
2026-09-20T22:42:53.299142+00:00,200,10147.77,
2026-09-20T22:42:51.698848+00:00,200,11764.6,
2026-09-20T22:42:53.220154+00:00,200,10248.55,
2026-09-20T22:42:51.638807+00:00,200,11867.38,
2026-09-20T22:42:53.498510+00:00,200,10015.21,
2026-09-20T22:42:51.718788+00:00,200,11798.95,
2026-09-20T22:42:53.419416+00:00,200,10104.96,
2026-09-20T22:42:53.338439+00:00,200,10201.71,
2026-09-20T22:42:53.520107+00:00,200,10021.72,
2026-09-20T22:42:51.658969+00:00,200,11931.43,
2026-09-20T22:42:51.758449+00:00,200,11864.61,
2026-09-20T22:42:51.999598+00:00,200,11646.58,
2026-09-20T22:42:51.819733+00:00,200,11853.73,
2026-09-20T22:42:51.879492+00:00,200,11805.74,
2026-09-20T22:42:53.619512+00:00,200,10073.67,
2026-09-20T22:42:51.779331+00:00,200,11931.68,
2026-09-20T22:42:51.858773+00:00,200,11893.67,
2026-09-20T22:42:51.940231+00:00,200,11832.88,
2026-09-20T22:42:52.019069+00:00,200,11769.27,
2026-09-20T22:42:52.139828+00:00,200,11674.11,
2026-09-20T22:42:51.898554+00:00,200,11915.7,
2026-09-20T22:42:52.079354+00:00,200,11765.25,
2026-09-20T22:42:53.799393+00:00,200,10065.26,
2026-09-20T22:42:53.738678+00:00,200,10126.87,
2026-09-20T22:42:51.959252+00:00,200,11913.95,
2026-09-20T22:42:53.679262+00:00,200,10219.65,
2026-09-20T22:42:52.098929+00:00,200,11832.78,
2026-09-20T22:42:52.039277+00:00,200,12002.91,
2026-09-20T22:42:53.820018+00:00,200,10258.53,
2026-09-20T22:42:52.200105+00:00,200,11901.56,
2026-09-20T22:42:52.218891+00:00,200,11900.59,
2026-09-20T22:42:54.038458+00:00,200,10121.43,
2026-09-20T22:42:52.160177+00:00,200,12028.53,
2026-09-20T22:42:53.939389+00:00,200,10253.41,
2026-09-20T22:42:54.059768+00:00,200,10169.81,
2026-09-20T22:42:52.259276+00:00,200,11977.08,
2026-09-20T22:42:53.919693+00:00,200,10338.19,
2026-09-20T22:42:52.339432+00:00,200,11939.54,
2026-09-20T22:42:52.299071+00:00,200,11993.9,
2026-09-20T22:42:54.158679+00:00,200,10154.94,
2026-09-20T22:42:54.178704+00:00,200,10138.43,
2026-09-20T22:42:52.419565+00:00,200,11943.0,
2026-09-20T22:42:52.319725+00:00,200,12043.95,
2026-09-20T22:42:52.498409+00:00,200,11945.0,
2026-09-20T22:42:52.539512+00:00,200,11904.9,
2026-09-20T22:42:52.398779+00:00,200,12049.27,
2026-09-20T22:42:52.558479+00:00,200,11907.74,
2026-09-20T22:42:52.479684+00:00,200,11991.01,
2026-09-20T22:42:52.439015+00:00,200,12035.85,
2026-09-20T22:42:54.239275+00:00,200,10262.66,
2026-09-20T22:42:52.680304+00:00,200,11821.77,
2026-09-20T22:42:54.339114+00:00,200,10190.27,
2026-09-20T22:42:52.579351+00:00,200,11962.74,
2026-09-20T22:42:52.639989+00:00,200,11952.07,
2026-09-20T22:42:52.666515+00:00,200,11954.67,
2026-09-20T22:42:52.738711+00:00,200,11884.86,
2026-09-20T22:42:54.379903+00:00,200,10266.31,
2026-09-20T22:42:54.478758+00:00,200,10311.63,
2026-09-20T22:42:54.458991+00:00,200,10338.5,
2026-09-20T22:42:52.778385+00:00,200,12022.16,
2026-09-20T22:42:54.558849+00:00,200,10269.49,
2026-09-20T22:42:52.818151+00:00,200,12071.31,
2026-09-20T22:42:52.879806+00:00,200,12022.32,
2026-09-20T22:42:52.698870+00:00,200,12207.5,
2026-09-20T22:42:52.898980+00:00,200,12009.28,
2026-09-20T22:42:54.618255+00:00,200,10296.21,
2026-09-20T22:42:52.838615+00:00,200,12111.56,
2026-09-20T22:42:54.818653+00:00,200,10185.46,
2026-09-20T22:42:54.758684+00:00,200,10260.59,
2026-09-20T22:42:52.939213+00:00,200,12090.71,
2026-09-20T22:42:53.058227+00:00,200,11972.06,
2026-09-20T22:42:52.918982+00:00,200,12139.14,
2026-09-20T22:42:52.978197+00:00,200,12089.61,
2026-09-20T22:42:54.659775+00:00,200,10416.64,
2026-09-20T22:42:53.258106+00:00,200,11856.62,
2026-09-20T22:42:53.098319+00:00,200,12039.46,
2026-09-20T22:42:54.899827+00:00,200,10240.99,
2026-09-20T22:42:53.119008+00:00,200,12065.57,
2026-09-20T22:42:52.999857+00:00,200,12189.87,
2026-09-20T22:42:54.858890+00:00,200,10333.47,
2026-09-20T22:42:53.159511+00:00,200,12057.94,
2026-09-20T22:42:53.079550+00:00,200,12167.17,
2026-09-20T22:42:53.278101+00:00,200,11990.13,
2026-09-20T22:42:53.239573+00:00,200,12035.79,
2026-09-20T22:42:53.359705+00:00,200,11965.28,
2026-09-20T22:42:53.179571+00:00,200,12174.23,
2026-09-20T22:42:54.978784+00:00,200,10408.01,
2026-09-20T22:42:55.079591+00:00,200,10337.85,
2026-09-20T22:42:55.058721+00:00,200,10395.49,
2026-09-20T22:42:53.318820+00:00,200,12141.9,
2026-09-20T22:42:55.199794+00:00,200,10324.19,
2026-09-20T22:42:55.179295+00:00,200,10376.32,
2026-09-20T22:42:53.378585+00:00,200,12190.29,
2026-09-20T22:42:53.438845+00:00,200,12173.61,
2026-09-20T22:42:55.278795+00:00,200,10389.54,
2026-09-20T22:42:53.398269+00:00,200,12331.89,
2026-09-20T22:42:53.538926+00:00,200,12193.82,
2026-09-20T22:42:53.579218+00:00,200,12155.54,
2026-09-20T22:42:55.319892+00:00,200,10415.83,
2026-09-20T22:42:53.458523+00:00,200,12308.77,
2026-09-20T22:42:53.759438+00:00,200,12008.8,
2026-09-20T22:42:53.699072+00:00,200,12097.55,
2026-09-20T22:42:53.479195+00:00,200,12329.5,
2026-09-20T22:42:55.418368+00:00,200,10394.13,
2026-09-20T22:42:55.439783+00:00,200,10377.4,
2026-09-20T22:42:53.558944+00:00,200,12298.32,
2026-09-20T22:42:55.559359+00:00,200,10302.52,
2026-09-20T22:42:53.639598+00:00,200,12234.88,
2026-09-20T22:42:53.658451+00:00,200,12248.72,
2026-09-20T22:42:53.779172+00:00,200,12151.01,
2026-09-20T22:42:53.838413+00:00,200,12101.3,
2026-09-20T22:42:53.599915+00:00,200,12349.45,
2026-09-20T22:42:53.718269+00:00,200,12253.65,
2026-09-20T22:42:53.859717+00:00,200,12160.89,
2026-09-20T22:42:55.698833+00:00,200,10369.9,
2026-09-20T22:42:55.539443+00:00,200,10550.22,
2026-09-20T22:42:55.658326+00:00,200,10442.95,
2026-09-20T22:42:53.878487+00:00,200,12264.11,
2026-09-20T22:42:53.899879+00:00,200,12259.06,
2026-09-20T22:42:53.958859+00:00,200,12219.53,
2026-09-20T22:42:55.778936+00:00,200,10430.48,
2026-09-20T22:42:53.998704+00:00,200,12219.14,
2026-09-20T22:42:55.799835+00:00,200,10440.23,
2026-09-20T22:42:53.980096+00:00,200,12293.7,
2026-09-20T22:42:55.898975+00:00,200,10465.29,
2026-09-20T22:42:54.099316+00:00,200,12270.74,
2026-09-20T22:42:54.259461+00:00,200,12191.22,
2026-09-20T22:42:54.019272+00:00,200,12435.6,
2026-09-20T22:42:54.198328+00:00,200,12263.95,
2026-09-20T22:42:54.079272+00:00,200,12393.55,
2026-09-20T22:42:55.918452+00:00,200,10591.71,
2026-09-20T22:42:56.039583+00:00,200,10496.34,
2026-09-20T22:42:56.098436+00:00,200,10439.45,
2026-09-20T22:42:54.358132+00:00,200,12181.34,
2026-09-20T22:42:54.138912+00:00,200,12403.63,
2026-09-20T22:42:54.299449+00:00,200,12254.42,
2026-09-20T22:42:54.119210+00:00,200,12449.85,
2026-09-20T22:42:54.279736+00:00,200,12289.2,
2026-09-20T22:42:56.018323+00:00,200,10575.05,
2026-09-20T22:42:54.219202+00:00,200,12465.63,
2026-09-20T22:42:54.398843+00:00,200,12292.42,
2026-09-20T22:42:56.198698+00:00,200,10507.28,
2026-09-20T22:42:54.418835+00:00,200,12305.44,
2026-09-20T22:42:54.319723+00:00,200,12430.06,
2026-09-20T22:42:54.499531+00:00,200,12252.08,
2026-09-20T22:42:56.319664+00:00,200,10476.7,
2026-09-20T22:42:56.339419+00:00,200,10488.43,
2026-09-20T22:42:56.218318+00:00,200,10628.69,
2026-09-20T22:42:54.519668+00:00,200,12377.0,
2026-09-20T22:42:54.579098+00:00,200,12339.74,
2026-09-20T22:42:54.599735+00:00,200,12325.68,
2026-09-20T22:42:56.419775+00:00,200,10507.11,
2026-09-20T22:42:54.439506+00:00,200,12518.56,
2026-09-20T22:42:54.538697+00:00,200,12425.7,
2026-09-20T22:42:54.678439+00:00,200,12355.43,
2026-09-20T22:42:54.699571+00:00,200,12361.46,
2026-09-20T22:42:54.639388+00:00,200,12479.78,
2026-09-20T22:42:56.459432+00:00,200,10673.58,
2026-09-20T22:42:54.779627+00:00,200,12371.25,
2026-09-20T22:42:56.678932+00:00,200,10480.12,
2026-09-20T22:42:54.839061+00:00,200,12376.6,
2026-09-20T22:42:54.739305+00:00,200,12478.36,
2026-09-20T22:42:56.618627+00:00,200,10620.12,
2026-09-20T22:42:54.919083+00:00,200,12383.44,
2026-09-20T22:42:54.718360+00:00,200,12584.98,
2026-09-20T22:42:56.719427+00:00,200,10596.81,
2026-09-20T22:42:56.539793+00:00,200,10777.62,
2026-09-20T22:42:54.959423+00:00,200,12389.1,
2026-09-20T22:42:54.799319+00:00,200,12607.15,
2026-09-20T22:42:56.819038+00:00,200,10599.02,
2026-09-20T22:42:56.898703+00:00,200,10520.59,
2026-09-20T22:42:56.758238+00:00,200,10661.65,
2026-09-20T22:42:54.939408+00:00,200,12488.23,
2026-09-20T22:42:55.021576+00:00,200,12437.38,
2026-09-20T22:42:54.878535+00:00,200,12594.91,
2026-09-20T22:42:55.099653+00:00,200,12402.2,
2026-09-20T22:42:54.999577+00:00,200,12506.99,
2026-09-20T22:42:56.959089+00:00,200,10566.12,
2026-09-20T22:42:55.118500+00:00,200,12433.64,
2026-09-20T22:42:57.019547+00:00,200,10536.99,
2026-09-20T22:42:55.139211+00:00,200,12418.25,
2026-09-20T22:42:55.038159+00:00,200,12527.4,
2026-09-20T22:42:55.218413+00:00,200,12378.86,
2026-09-20T22:42:55.358490+00:00,200,12258.85,
2026-09-20T22:42:55.259679+00:00,200,12365.06,
2026-09-20T22:42:55.159547+00:00,200,12514.39,
2026-09-20T22:42:55.338737+00:00,200,12354.77,
2026-09-20T22:42:57.119654+00:00,200,10581.7,
2026-09-20T22:42:55.239342+00:00,200,12462.81,
2026-09-20T22:42:55.298851+00:00,200,12452.88,
2026-09-20T22:42:57.058260+00:00,200,10715.33,
2026-09-20T22:42:55.459428+00:00,200,12331.81,
2026-09-20T22:42:55.379244+00:00,200,12473.1,
2026-09-20T22:42:55.578370+00:00,200,12318.7,
2026-09-20T22:42:55.498898+00:00,200,12405.1,
2026-09-20T22:42:55.478157+00:00,200,12438.06,
2026-09-20T22:42:55.518118+00:00,200,12441.16,
2026-09-20T22:42:55.739146+00:00,200,12254.83,
2026-09-20T22:42:55.399617+00:00,200,12597.97,
2026-09-20T22:42:55.638584+00:00,200,12362.04,
2026-09-20T22:42:55.718313+00:00,200,12284.46,
2026-09-20T22:42:55.680215+00:00,200,12328.25,
2026-09-20T22:42:55.619844+00:00,200,12389.45,
2026-09-20T22:42:55.858137+00:00,200,12181.54,
2026-09-20T22:42:55.939143+00:00,200,12106.24,
2026-09-20T22:42:55.598697+00:00,200,12476.75,
2026-09-20T22:42:55.818049+00:00,200,12274.51,
2026-09-20T22:42:55.958522+00:00,200,12137.44,
2026-09-20T22:42:55.838916+00:00,200,12284.4,
2026-09-20T22:42:55.880393+00:00,200,12280.75,
2026-09-20T22:42:55.758677+00:00,200,12410.98,
2026-09-20T22:42:56.059323+00:00,200,12239.97,
2026-09-20T22:42:56.119672+00:00,200,12250.67,
2026-09-20T22:42:56.159393+00:00,200,12212.53,
2026-09-20T22:42:55.999275+00:00,200,12372.66,
2026-09-20T22:42:55.979585+00:00,200,12408.32,
2026-09-20T22:42:56.079099+00:00,200,12349.0,
2026-09-20T22:42:56.179137+00:00,200,12259.26,
2026-09-20T22:42:56.258914+00:00,200,12193.65,
2026-09-20T22:42:56.279560+00:00,200,12177.95,
2026-09-20T22:42:56.239511+00:00,200,12232.77,
2026-09-20T22:42:56.298429+00:00,200,12189.84,
2026-09-20T22:42:56.138519+00:00,200,12366.75,
2026-09-20T22:42:56.379075+00:00,200,12138.8,
2026-09-20T22:42:56.478646+00:00,200,12065.7,
2026-09-20T22:42:56.358223+00:00,200,12186.97,
2026-09-20T22:42:56.499069+00:00,200,12054.28,
2026-09-20T22:42:56.560208+00:00,200,11997.93,
2026-09-20T22:42:56.400159+00:00,200,12160.68,
2026-09-20T22:42:56.439254+00:00,200,12213.53,
2026-09-20T22:42:56.518523+00:00,200,12146.76,
2026-09-20T22:42:56.658273+00:00,200,12086.06,
2026-09-20T22:42:56.698922+00:00,200,12086.44,
2026-09-20T22:42:56.779389+00:00,200,12022.72,
2026-09-20T22:42:56.578218+00:00,200,12224.66,
2026-09-20T22:42:56.599032+00:00,200,12208.43,
2026-09-20T22:42:56.639304+00:00,200,12182.06,
2026-09-20T22:42:56.838352+00:00,200,12006.77,
2026-09-20T22:42:56.738816+00:00,200,12122.4,
2026-09-20T22:42:56.919322+00:00,200,11960.67,
2026-09-20T22:42:56.798847+00:00,200,12084.52,
2026-09-20T22:42:56.998597+00:00,200,11896.41,
2026-09-20T22:42:57.079064+00:00,200,11817.57,
2026-09-20T22:42:56.858904+00:00,200,12041.56,
2026-09-20T22:42:56.880196+00:00,200,12031.75,
2026-09-20T22:42:57.098701+00:00,200,11819.53,
2026-09-20T22:42:57.138604+00:00,200,11784.84,
2026-09-20T22:42:56.938351+00:00,200,11986.0,
2026-09-20T22:42:56.979616+00:00,200,11945.76,
2026-09-20T22:42:57.159168+00:00,200,11773.32,
2026-09-20T22:42:57.038177+00:00,200,11900.95,
