timestamp_iso,status_code,latency_ms,error
2026-09-12T03:48:02.572434+00:00,201,96.86,
2026-09-12T03:48:02.551208+00:00,201,121.9,
2026-09-12T03:48:02.610834+00:00,201,79.13,
2026-09-12T03:48:02.592288+00:00,201,98.56,
2026-09-12T03:48:02.632081+00:00,201,77.0,
2026-09-12T03:48:02.651450+00:00,201,66.71,
2026-09-12T03:48:02.671042+00:00,201,59.04,
2026-09-12T03:48:02.691824+00:00,201,45.58,
2026-09-12T03:48:02.710938+00:00,201,42.69,
2026-09-12T03:48:02.731857+00:00,201,45.03,
2026-09-12T03:48:02.750965+00:00,201,47.74,
2026-09-12T03:48:02.771671+00:00,201,51.69,
2026-09-12T03:48:02.791072+00:00,201,70.05,
2026-09-12T03:48:02.811779+00:00,201,73.89,
2026-09-12T03:48:02.832007+00:00,201,63.63,
2026-09-12T03:48:02.851446+00:00,201,60.9,
2026-09-12T03:48:02.870898+00:00,201,56.3,
2026-09-12T03:48:02.891890+00:00,201,46.13,
2026-09-12T03:48:02.911201+00:00,201,47.24,
2026-09-12T03:48:02.931328+00:00,201,42.62,
2026-09-12T03:48:02.951171+00:00,201,59.28,
2026-09-12T03:48:02.972051+00:00,201,44.86,
2026-09-12T03:48:02.992100+00:00,201,42.96,
2026-09-12T03:48:03.012166+00:00,201,61.11,
2026-09-12T03:48:03.031677+00:00,201,42.26,
2026-09-12T03:48:03.051023+00:00,201,42.42,
2026-09-12T03:48:03.070907+00:00,201,38.29,
2026-09-12T03:48:03.091524+00:00,201,38.69,
2026-09-12T03:48:03.110807+00:00,201,43.5,
2026-09-12T03:48:03.131948+00:00,201,74.37,
2026-09-12T03:48:03.151418+00:00,201,66.14,
2026-09-12T03:48:03.171894+00:00,201,49.08,
2026-09-12T03:48:03.191341+00:00,201,42.11,
2026-09-12T03:48:03.212056+00:00,201,42.44,
2026-09-12T03:48:03.231218+00:00,201,41.52,
2026-09-12T03:48:03.251970+00:00,201,42.08,
2026-09-12T03:48:03.290722+00:00,201,62.49,
2026-09-12T03:48:03.271779+00:00,201,84.21,
2026-09-12T03:48:03.312373+00:00,201,61.85,
2026-09-12T03:48:03.331394+00:00,201,78.69,
2026-09-12T03:48:03.371029+00:00,201,49.8,
2026-09-12T03:48:03.350869+00:00,201,79.12,
2026-09-12T03:48:03.391315+00:00,201,56.18,
2026-09-12T03:48:03.411799+00:00,201,51.68,
2026-09-12T03:48:03.431146+00:00,201,48.42,
2026-09-12T03:48:03.450778+00:00,201,76.24,
2026-09-12T03:48:03.470869+00:00,201,65.43,
2026-09-12T03:48:03.491126+00:00,201,55.42,
2026-09-12T03:48:03.511542+00:00,201,83.71,
2026-09-12T03:48:03.530908+00:00,201,79.55,
2026-09-12T03:48:03.551791+00:00,201,59.22,
2026-09-12T03:48:03.571522+00:00,201,56.15,
2026-09-12T03:48:03.591297+00:00,201,65.93,
2026-09-12T03:48:03.611129+00:00,201,48.12,
2026-09-12T03:48:03.631025+00:00,201,54.23,
2026-09-12T03:48:03.651603+00:00,201,76.46,
2026-09-12T03:48:03.672115+00:00,201,69.22,
2026-09-12T03:48:03.691922+00:00,201,61.31,
2026-09-12T03:48:03.711413+00:00,201,47.77,
2026-09-12T03:48:03.732180+00:00,201,42.66,
2026-09-12T03:48:03.750935+00:00,201,67.86,
2026-09-12T03:48:03.771452+00:00,201,55.51,
2026-09-12T03:48:03.811506+00:00,201,41.69,
2026-09-12T03:48:03.790878+00:00,201,68.84,
2026-09-12T03:48:03.831005+00:00,201,40.94,
2026-09-12T03:48:03.851614+00:00,201,42.45,
2026-09-12T03:48:03.890901+00:00,201,51.4,
2026-09-12T03:48:03.871915+00:00,201,72.62,
2026-09-12T03:48:03.912549+00:00,201,64.42,
2026-09-12T03:48:03.931370+00:00,201,55.76,
2026-09-12T03:48:03.951099+00:00,201,44.26,
2026-09-12T03:48:03.970919+00:00,201,68.93,
2026-09-12T03:48:03.991780+00:00,201,63.48,
2026-09-12T03:48:04.031274+00:00,201,74.38,
2026-09-12T03:48:04.011680+00:00,201,109.69,
2026-09-12T03:48:04.050884+00:00,201,82.5,
2026-09-12T03:48:04.071478+00:00,201,78.8,
2026-09-12T03:48:04.091312+00:00,201,68.25,
2026-09-12T03:48:04.111123+00:00,201,58.0,
2026-09-12T03:48:04.130857+00:00,201,49.09,
2026-09-12T03:48:04.152126+00:00,201,55.5,
2026-09-12T03:48:04.171194+00:00,201,52.14,
2026-09-12T03:48:04.192101+00:00,201,41.23,
2026-09-12T03:48:04.211149+00:00,201,61.09,
2026-09-12T03:48:04.232385+00:00,201,40.57,
2026-09-12T03:48:04.250968+00:00,201,40.5,
2026-09-12T03:48:04.270974+00:00,201,67.41,
2026-09-12T03:48:04.291802+00:00,201,78.84,
2026-09-12T03:48:04.332099+00:00,201,64.19,
2026-09-12T03:48:04.312626+00:00,201,84.27,
2026-09-12T03:48:04.352215+00:00,201,54.34,
2026-09-12T03:48:04.371038+00:00,201,63.41,
2026-09-12T03:48:04.390810+00:00,201,50.65,
2026-09-12T03:48:04.411506+00:00,201,51.26,
2026-09-12T03:48:04.431591+00:00,201,47.74,
2026-09-12T03:48:04.471418+00:00,201,56.15,
2026-09-12T03:48:04.452112+00:00,201,76.54,
2026-09-12T03:48:04.490871+00:00,201,60.75,
2026-09-12T03:48:04.511434+00:00,201,43.38,
2026-09-12T03:48:04.530975+00:00,201,54.19,
2026-09-12T03:48:04.551772+00:00,201,42.6,
2026-09-12T03:48:04.571696+00:00,201,51.2,
2026-09-12T03:48:04.591817+00:00,201,50.71,
2026-09-12T03:48:04.611300+00:00,201,44.57,
2026-09-12T03:48:04.631445+00:00,201,41.75,
2026-09-12T03:48:04.651968+00:00,201,41.38,
2026-09-12T03:48:04.670991+00:00,201,41.51,
2026-09-12T03:48:04.691954+00:00,201,42.46,
2026-09-12T03:48:04.711343+00:00,201,40.14,
2026-09-12T03:48:04.730853+00:00,201,38.07,
2026-09-12T03:48:04.751688+00:00,201,56.12,
2026-09-12T03:48:04.770901+00:00,201,37.24,
2026-09-12T03:48:04.791933+00:00,201,38.93,
2026-09-12T03:48:04.811912+00:00,201,48.78,
2026-09-12T03:48:04.851859+00:00,201,51.2,
2026-09-12T03:48:04.831021+00:00,201,72.42,
2026-09-12T03:48:04.871031+00:00,201,43.2,
2026-09-12T03:48:04.892138+00:00,201,59.73,
2026-09-12T03:48:04.912059+00:00,201,63.19,
2026-09-12T03:48:04.931735+00:00,201,59.96,
2026-09-12T03:48:04.950940+00:00,201,59.97,
2026-09-12T03:48:04.972239+00:00,201,46.85,
2026-09-12T03:48:04.991677+00:00,201,43.72,
2026-09-12T03:48:05.011159+00:00,201,39.65,
2026-09-12T03:48:05.031241+00:00,201,43.01,
2026-09-12T03:48:05.051624+00:00,201,54.0,
2026-09-12T03:48:05.071003+00:00,201,39.97,
2026-09-12T03:48:05.090897+00:00,201,78.49,
2026-09-12T03:48:05.111386+00:00,201,65.12,
2026-09-12T03:48:05.152148+00:00,201,49.6,
2026-09-12T03:48:05.131721+00:00,201,77.43,
2026-09-12T03:48:05.191604+00:00,201,46.13,
2026-09-12T03:48:05.170929+00:00,201,67.1,
2026-09-12T03:48:05.211564+00:00,201,79.09,
2026-09-12T03:48:05.231460+00:00,201,73.21,
2026-09-12T03:48:05.251814+00:00,201,66.14,
2026-09-12T03:48:05.270662+00:00,201,53.37,
2026-09-12T03:48:05.290764+00:00,201,50.49,
2026-09-12T03:48:05.312222+00:00,201,62.1,
2026-09-12T03:48:05.331094+00:00,201,55.8,
2026-09-12T03:48:05.371055+00:00,201,47.08,
2026-09-12T03:48:05.350964+00:00,201,70.53,
2026-09-12T03:48:05.392104+00:00,201,48.5,
2026-09-12T03:48:05.410830+00:00,201,46.8,
2026-09-12T03:48:05.430884+00:00,201,80.21,
2026-09-12T03:48:05.450895+00:00,201,61.83,
2026-09-12T03:48:05.471931+00:00,201,53.29,
2026-09-12T03:48:05.491941+00:00,201,45.15,
2026-09-12T03:48:05.510702+00:00,201,49.74,
2026-09-12T03:48:05.531311+00:00,201,44.52,
2026-09-12T03:48:05.552058+00:00,201,43.12,
2026-09-12T03:48:05.571124+00:00,201,71.61,
2026-09-12T03:48:05.591787+00:00,201,64.23,
2026-09-12T03:48:05.611556+00:00,201,57.7,
2026-09-12T03:48:05.631830+00:00,201,51.94,
2026-09-12T03:48:05.651566+00:00,201,42.61,
2026-09-12T03:48:05.671624+00:00,201,38.37,
2026-09-12T03:48:05.691900+00:00,201,59.08,
2026-09-12T03:48:05.710994+00:00,201,40.52,
2026-09-12T03:48:05.731817+00:00,201,43.84,
2026-09-12T03:48:05.751130+00:00,201,42.29,
2026-09-12T03:48:05.771956+00:00,201,38.08,
2026-09-12T03:48:05.811992+00:00,201,49.82,
2026-09-12T03:48:05.791701+00:00,201,70.56,
2026-09-12T03:48:05.830803+00:00,201,60.18,
2026-09-12T03:48:05.850921+00:00,201,43.92,
2026-09-12T03:48:05.871878+00:00,201,42.93,
2026-09-12T03:48:05.910682+00:00,201,53.7,
2026-09-12T03:48:05.891165+00:00,201,74.43,
2026-09-12T03:48:05.931617+00:00,201,49.18,
2026-09-12T03:48:05.950728+00:00,201,39.33,
2026-09-12T03:48:05.971339+00:00,201,41.96,
2026-09-12T03:48:05.991801+00:00,201,61.2,
2026-09-12T03:48:06.010822+00:00,201,57.23,
2026-09-12T03:48:06.030744+00:00,201,46.5,
2026-09-12T03:48:06.051023+00:00,201,42.7,
2026-09-12T03:48:06.071056+00:00,201,38.99,
2026-09-12T03:48:06.091692+00:00,201,42.33,
2026-09-12T03:48:06.112076+00:00,201,65.09,
2026-09-12T03:48:06.131630+00:00,201,56.49,
2026-09-12T03:48:06.150721+00:00,201,53.33,
2026-09-12T03:48:06.170838+00:00,201,39.76,
2026-09-12T03:48:06.191944+00:00,201,37.61,
2026-09-12T03:48:06.211853+00:00,201,62.4,
2026-09-12T03:48:06.232269+00:00,201,62.44,
2026-09-12T03:48:06.250878+00:00,201,68.14,
2026-09-12T03:48:06.271463+00:00,201,48.3,
2026-09-12T03:48:06.291715+00:00,201,46.63,
2026-09-12T03:48:06.311133+00:00,201,47.63,
2026-09-12T03:48:06.331540+00:00,201,68.13,
2026-09-12T03:48:06.351422+00:00,201,48.74,
2026-09-12T03:48:06.371782+00:00,201,42.05,
2026-09-12T03:48:06.410949+00:00,201,44.82,
2026-09-12T03:48:06.391340+00:00,201,64.82,
2026-09-12T03:48:06.431717+00:00,201,54.38,
2026-09-12T03:48:06.450901+00:00,201,71.61,
2026-09-12T03:48:06.470887+00:00,201,65.65,
2026-09-12T03:48:06.490679+00:00,201,60.83,
2026-09-12T03:48:06.511628+00:00,201,45.77,
2026-09-12T03:48:06.531135+00:00,201,45.09,
2026-09-12T03:48:06.551947+00:00,201,63.21,
2026-09-12T03:48:06.571034+00:00,201,56.25,
2026-09-12T03:48:06.590690+00:00,201,54.8,
2026-09-12T03:48:06.631739+00:00,201,76.09,
2026-09-12T03:48:06.610835+00:00,201,100.89,
2026-09-12T03:48:06.651120+00:00,201,74.81,
2026-09-12T03:48:06.671781+00:00,201,70.49,
2026-09-12T03:48:06.690715+00:00,201,62.04,
2026-09-12T03:48:06.712152+00:00,201,56.52,
2026-09-12T03:48:06.731544+00:00,201,56.34,
2026-09-12T03:48:06.753049+00:00,201,67.28,
2026-09-12T03:48:06.772204+00:00,201,62.88,
2026-09-12T03:48:06.791700+00:00,201,56.94,
2026-09-12T03:48:06.812054+00:00,201,46.15,
2026-09-12T03:48:06.831395+00:00,201,46.24,
2026-09-12T03:48:06.851911+00:00,201,55.51,
2026-09-12T03:48:06.872115+00:00,201,55.54,
2026-09-12T03:48:06.891330+00:00,201,47.23,
2026-09-12T03:48:06.911403+00:00,201,39.56,
2026-09-12T03:48:06.930838+00:00,201,35.9,
2026-09-12T03:48:06.951268+00:00,201,49.7,
2026-09-12T03:48:06.972002+00:00,201,65.2,
2026-09-12T03:48:06.990905+00:00,201,53.22,
2026-09-12T03:48:07.031988+00:00,201,33.39,
2026-09-12T03:48:07.011412+00:00,201,61.86,
2026-09-12T03:48:07.050781+00:00,201,59.96,
2026-09-12T03:48:07.070878+00:00,201,56.2,
2026-09-12T03:48:07.091638+00:00,201,48.68,
2026-09-12T03:48:07.111785+00:00,201,37.95,
2026-09-12T03:48:07.132061+00:00,201,32.12,
2026-09-12T03:48:07.150816+00:00,201,31.05,
2026-09-12T03:48:07.171157+00:00,201,31.35,
2026-09-12T03:48:07.191544+00:00,201,39.81,
2026-09-12T03:48:07.210734+00:00,201,34.93,
2026-09-12T03:48:07.231682+00:00,201,32.57,
2026-09-12T03:48:07.271816+00:00,201,71.49,
2026-09-12T03:48:07.251431+00:00,201,96.51,
2026-09-12T03:48:07.292141+00:00,201,65.01,
2026-09-12T03:48:07.310982+00:00,201,57.32,
2026-09-12T03:48:07.331484+00:00,201,46.51,
2026-09-12T03:48:07.351659+00:00,201,39.22,
2026-09-12T03:48:07.372184+00:00,201,40.11,
2026-09-12T03:48:07.391103+00:00,201,37.06,
2026-09-12T03:48:07.411018+00:00,201,42.38,
2026-09-12T03:48:07.432106+00:00,201,34.13,
2026-09-12T03:48:07.450991+00:00,201,41.46,
2026-09-12T03:48:07.471616+00:00,201,39.01,
2026-09-12T03:48:07.490993+00:00,201,35.78,
2026-09-12T03:48:07.511363+00:00,201,38.7,
2026-09-12T03:48:07.531529+00:00,201,36.51,
2026-09-12T03:48:07.571462+00:00,201,39.44,
2026-09-12T03:48:07.551484+00:00,201,59.91,
2026-09-12T03:48:07.592169+00:00,201,35.28,
2026-09-12T03:48:07.612209+00:00,201,35.08,
2026-09-12T03:48:07.631060+00:00,201,36.07,
2026-09-12T03:48:07.651484+00:00,201,34.16,
2026-09-12T03:48:07.671865+00:00,201,35.53,
2026-09-12T03:48:07.690959+00:00,201,35.09,
2026-09-12T03:48:07.711488+00:00,201,36.92,
2026-09-12T03:48:07.731898+00:00,201,34.09,
2026-09-12T03:48:07.752006+00:00,201,33.41,
2026-09-12T03:48:07.770872+00:00,201,32.86,
2026-09-12T03:48:07.791095+00:00,201,32.52,
2026-09-12T03:48:07.811283+00:00,201,33.94,
2026-09-12T03:48:07.831762+00:00,201,33.87,
2026-09-12T03:48:07.850759+00:00,201,35.42,
2026-09-12T03:48:07.870946+00:00,201,36.16,
2026-09-12T03:48:07.891233+00:00,201,33.92,
2026-09-12T03:48:07.911524+00:00,201,33.47,
2026-09-12T03:48:07.931923+00:00,201,34.58,
2026-09-12T03:48:07.950881+00:00,201,33.86,
2026-09-12T03:48:07.971318+00:00,201,31.92,
2026-09-12T03:48:08.011817+00:00,201,36.53,
2026-09-12T03:48:07.991753+00:00,201,57.08,
2026-09-12T03:48:08.030952+00:00,201,34.99,
2026-09-12T03:48:08.051620+00:00,201,32.56,
2026-09-12T03:48:08.071675+00:00,201,32.68,
2026-09-12T03:48:08.091472+00:00,201,32.84,
2026-09-12T03:48:08.111820+00:00,201,32.03,
2026-09-12T03:48:08.130847+00:00,201,30.35,
2026-09-12T03:48:08.152050+00:00,201,29.2,
2026-09-12T03:48:08.172159+00:00,201,38.0,
2026-09-12T03:48:08.191226+00:00,201,31.82,
2026-09-12T03:48:08.211217+00:00,201,35.82,
2026-09-12T03:48:08.231999+00:00,201,31.83,
2026-09-12T03:48:08.252171+00:00,201,29.61,
2026-09-12T03:48:08.270878+00:00,201,35.3,
2026-09-12T03:48:08.290750+00:00,201,32.36,
2026-09-12T03:48:08.310998+00:00,201,31.49,
2026-09-12T03:48:08.331242+00:00,201,39.07,
2026-09-12T03:48:08.351640+00:00,201,31.98,
2026-09-12T03:48:08.372007+00:00,201,29.92,
2026-09-12T03:48:08.390728+00:00,201,40.78,
2026-09-12T03:48:08.411319+00:00,201,33.19,
2026-09-12T03:48:08.431227+00:00,201,31.31,
2026-09-12T03:48:08.452134+00:00,201,38.53,
2026-09-12T03:48:08.470958+00:00,201,61.15,
2026-09-12T03:48:08.491578+00:00,201,40.66,
2026-09-12T03:48:08.512142+00:00,201,35.58,
2026-09-12T03:48:08.531224+00:00,201,32.73,
2026-09-12T03:48:08.551137+00:00,201,32.57,
2026-09-12T03:48:08.571541+00:00,201,52.48,
2026-09-12T03:48:08.592021+00:00,201,34.99,
2026-09-12T03:48:08.611102+00:00,201,33.27,
2026-09-12T03:48:08.631813+00:00,201,29.06,
2026-09-12T03:48:08.652084+00:00,201,50.55,
2026-09-12T03:48:08.670720+00:00,201,35.09,
2026-09-12T03:48:08.691484+00:00,201,31.37,
2026-09-12T03:48:08.711941+00:00,201,38.34,
2026-09-12T03:48:08.730988+00:00,201,31.25,
2026-09-12T03:48:08.751291+00:00,201,28.56,
2026-09-12T03:48:08.771570+00:00,201,60.55,
2026-09-12T03:48:08.790769+00:00,201,42.05,
2026-09-12T03:48:08.811445+00:00,201,34.98,
2026-09-12T03:48:08.832042+00:00,201,30.73,
2026-09-12T03:48:08.851353+00:00,201,30.71,
2026-09-12T03:48:08.871380+00:00,201,34.17,
2026-09-12T03:48:08.890716+00:00,201,33.01,
2026-09-12T03:48:08.911056+00:00,201,31.59,
2026-09-12T03:48:08.931091+00:00,201,29.48,
2026-09-12T03:48:08.951420+00:00,201,30.9,
2026-09-12T03:48:08.971678+00:00,201,42.51,
2026-09-12T03:48:08.992020+00:00,201,34.09,
2026-09-12T03:48:09.010820+00:00,201,31.92,
2026-09-12T03:48:09.031954+00:00,201,46.44,
2026-09-12T03:48:09.050807+00:00,201,61.92,
2026-09-12T03:48:09.071281+00:00,201,56.3,
2026-09-12T03:48:09.091972+00:00,201,49.33,
2026-09-12T03:48:09.110704+00:00,201,37.85,
2026-09-12T03:48:09.131138+00:00,201,32.25,
2026-09-12T03:48:09.151622+00:00,201,29.0,
2026-09-12T03:48:09.171720+00:00,201,49.43,
2026-09-12T03:48:09.211327+00:00,201,48.26,
2026-09-12T03:48:09.190887+00:00,201,69.02,
2026-09-12T03:48:09.231749+00:00,201,37.77,
2026-09-12T03:48:09.250891+00:00,201,33.35,
2026-09-12T03:48:09.271227+00:00,201,31.66,
2026-09-12T03:48:09.291621+00:00,201,41.34,
2026-09-12T03:48:09.311773+00:00,201,33.15,
2026-09-12T03:48:09.331945+00:00,201,30.51,
2026-09-12T03:48:09.351812+00:00,201,41.23,
2026-09-12T03:48:09.372157+00:00,201,31.38,
2026-09-12T03:48:09.390715+00:00,201,30.25,
2026-09-12T03:48:09.411238+00:00,201,40.09,
2026-09-12T03:48:09.431291+00:00,201,32.56,
2026-09-12T03:48:09.451593+00:00,201,35.78,
2026-09-12T03:48:09.471731+00:00,201,31.59,
2026-09-12T03:48:09.492120+00:00,201,30.4,
2026-09-12T03:48:09.510727+00:00,201,31.92,
2026-09-12T03:48:09.531276+00:00,201,32.78,
2026-09-12T03:48:09.571182+00:00,201,46.23,
2026-09-12T03:48:09.550963+00:00,201,67.05,
2026-09-12T03:48:09.591382+00:00,201,40.01,
2026-09-12T03:48:09.611375+00:00,201,49.9,
2026-09-12T03:48:09.631636+00:00,201,32.73,
2026-09-12T03:48:09.651924+00:00,201,30.78,
2026-09-12T03:48:09.671664+00:00,201,32.63,
2026-09-12T03:48:09.691640+00:00,201,31.19,
2026-09-12T03:48:09.730888+00:00,201,41.65,
2026-09-12T03:48:09.712051+00:00,201,61.5,
2026-09-12T03:48:09.751525+00:00,201,35.52,
2026-09-12T03:48:09.771706+00:00,201,32.43,
2026-09-12T03:48:09.791954+00:00,201,30.12,
2026-09-12T03:48:09.812178+00:00,201,32.76,
2026-09-12T03:48:09.831854+00:00,201,30.61,
2026-09-12T03:48:09.852110+00:00,201,37.65,
2026-09-12T03:48:09.870863+00:00,201,55.39,
2026-09-12T03:48:09.890933+00:00,201,37.82,
2026-09-12T03:48:09.911516+00:00,201,33.4,
2026-09-12T03:48:09.931503+00:00,201,32.25,
2026-09-12T03:48:09.951878+00:00,201,48.57,
2026-09-12T03:48:09.972255+00:00,201,59.92,
2026-09-12T03:48:10.010990+00:00,201,37.35,
2026-09-12T03:48:09.990860+00:00,201,57.91,
2026-09-12T03:48:10.031461+00:00,201,33.27,
2026-09-12T03:48:10.052046+00:00,201,31.14,
2026-09-12T03:48:10.070792+00:00,201,29.71,
2026-09-12T03:48:10.090858+00:00,201,35.11,
2026-09-12T03:48:10.111455+00:00,201,31.67,
2026-09-12T03:48:10.131810+00:00,201,29.1,
2026-09-12T03:48:10.151974+00:00,201,37.04,
2026-09-12T03:48:10.170806+00:00,201,52.62,
2026-09-12T03:48:10.191189+00:00,201,32.58,
2026-09-12T03:48:10.211701+00:00,201,41.57,
2026-09-12T03:48:10.232006+00:00,201,32.36,
2026-09-12T03:48:10.250661+00:00,201,32.35,
2026-09-12T03:48:10.271163+00:00,201,29.97,
2026-09-12T03:48:10.291297+00:00,201,42.05,
2026-09-12T03:48:10.311781+00:00,201,35.59,
2026-09-12T03:48:10.331807+00:00,201,31.95,
2026-09-12T03:48:10.352222+00:00,201,30.19,
2026-09-12T03:48:10.371075+00:00,201,29.87,
2026-09-12T03:48:10.391470+00:00,201,30.13,
2026-09-12T03:48:10.411933+00:00,201,38.48,
2026-09-12T03:48:10.451351+00:00,201,38.04,
2026-09-12T03:48:10.432054+00:00,201,58.44,
2026-09-12T03:48:10.471083+00:00,201,33.06,
2026-09-12T03:48:10.491498+00:00,201,31.07,
2026-09-12T03:48:10.511847+00:00,201,36.36,
2026-09-12T03:48:10.532201+00:00,201,31.79,
2026-09-12T03:48:10.550826+00:00,201,88.49,
2026-09-12T03:48:10.571168+00:00,201,74.89,
2026-09-12T03:48:10.591595+00:00,201,57.54,
2026-09-12T03:48:10.610931+00:00,201,50.34,
2026-09-12T03:48:10.630937+00:00,201,69.42,
2026-09-12T03:48:10.650947+00:00,201,64.99,
2026-09-12T03:48:10.671326+00:00,201,58.32,
2026-09-12T03:48:10.690709+00:00,201,45.44,
2026-09-12T03:48:10.711338+00:00,201,66.0,
2026-09-12T03:48:10.731297+00:00,201,46.16,
2026-09-12T03:48:10.751855+00:00,201,67.52,
2026-09-12T03:48:10.791869+00:00,201,39.99,
2026-09-12T03:48:10.770744+00:00,201,62.12,
2026-09-12T03:48:10.810785+00:00,201,34.99,
2026-09-12T03:48:10.831241+00:00,201,33.46,
2026-09-12T03:48:10.851484+00:00,201,57.38,
2026-09-12T03:48:10.871664+00:00,201,49.56,
2026-09-12T03:48:10.891843+00:00,201,59.46,
2026-09-12T03:48:10.912237+00:00,201,53.89,
2026-09-12T03:48:10.930884+00:00,201,51.46,
2026-09-12T03:48:10.952168+00:00,201,34.74,
2026-09-12T03:48:10.970713+00:00,201,35.22,
2026-09-12T03:48:10.991112+00:00,201,32.36,
2026-09-12T03:48:11.011740+00:00,201,29.22,
2026-09-12T03:48:11.030783+00:00,201,50.22,
2026-09-12T03:48:11.052319+00:00,201,40.84,
2026-09-12T03:48:11.071224+00:00,201,41.88,
2026-09-12T03:48:11.091379+00:00,201,44.72,
2026-09-12T03:48:11.111459+00:00,201,44.72,
2026-09-12T03:48:11.132000+00:00,201,38.19,
2026-09-12T03:48:11.150804+00:00,201,32.65,
2026-09-12T03:48:11.172166+00:00,201,68.86,
2026-09-12T03:48:11.192166+00:00,201,69.66,
2026-09-12T03:48:11.212156+00:00,201,49.88,
2026-09-12T03:48:11.232183+00:00,201,41.04,
2026-09-12T03:48:11.251383+00:00,201,56.59,
2026-09-12T03:48:11.271232+00:00,201,50.14,
2026-09-12T03:48:11.291195+00:00,201,44.57,
2026-09-12T03:48:11.311323+00:00,201,62.35,
2026-09-12T03:48:11.331734+00:00,201,54.11,
2026-09-12T03:48:11.351974+00:00,201,35.46,
2026-09-12T03:48:11.372055+00:00,201,60.89,
2026-09-12T03:48:11.411477+00:00,201,35.37,
2026-09-12T03:48:11.391129+00:00,201,56.2,
2026-09-12T03:48:11.431385+00:00,201,34.11,
2026-09-12T03:48:11.451547+00:00,201,31.84,
2026-09-12T03:48:11.471859+00:00,201,30.51,
2026-09-12T03:48:11.492465+00:00,201,32.34,
2026-09-12T03:48:11.512188+00:00,201,31.03,
2026-09-12T03:48:11.530897+00:00,201,30.46,
2026-09-12T03:48:11.551422+00:00,201,37.68,
2026-09-12T03:48:11.571916+00:00,201,30.82,
2026-09-12T03:48:11.592194+00:00,201,37.7,
2026-09-12T03:48:11.610806+00:00,201,32.09,
2026-09-12T03:48:11.630771+00:00,201,31.23,
2026-09-12T03:48:11.651321+00:00,201,29.65,
2026-09-12T03:48:11.671198+00:00,201,41.31,
2026-09-12T03:48:11.692109+00:00,201,34.78,
2026-09-12T03:48:11.710669+00:00,201,39.03,
2026-09-12T03:48:11.731966+00:00,201,32.08,
2026-09-12T03:48:11.750880+00:00,201,58.96,
2026-09-12T03:48:11.771092+00:00,201,51.76,
2026-09-12T03:48:11.791582+00:00,201,43.38,
2026-09-12T03:48:11.830783+00:00,201,42.91,
2026-09-12T03:48:11.812005+00:00,201,63.42,
2026-09-12T03:48:11.851149+00:00,201,33.7,
2026-09-12T03:48:11.871339+00:00,201,31.18,
2026-09-12T03:48:11.911334+00:00,201,39.92,
2026-09-12T03:48:11.891135+00:00,201,62.37,
2026-09-12T03:48:11.931904+00:00,201,36.03,
2026-09-12T03:48:11.951455+00:00,201,62.11,
2026-09-12T03:48:11.990793+00:00,201,38.07,
2026-09-12T03:48:11.971899+00:00,201,57.94,
2026-09-12T03:48:12.011102+00:00,201,36.97,
2026-09-12T03:48:12.031226+00:00,201,31.99,
2026-09-12T03:48:12.051655+00:00,201,29.22,
2026-09-12T03:48:12.072011+00:00,201,50.64,
2026-09-12T03:48:12.091926+00:00,201,33.25,
2026-09-12T03:48:12.112115+00:00,201,62.3,
2026-09-12T03:48:12.130869+00:00,201,44.76,
2026-09-12T03:48:12.151765+00:00,201,36.98,
2026-09-12T03:48:12.170861+00:00,201,35.65,
2026-09-12T03:48:12.192538+00:00,201,35.07,
2026-09-12T03:48:12.211565+00:00,201,50.34,
2026-09-12T03:48:12.231441+00:00,201,67.98,
2026-09-12T03:48:12.251632+00:00,201,57.08,
2026-09-12T03:48:12.271114+00:00,201,40.75,
2026-09-12T03:48:12.290822+00:00,201,36.12,
2026-09-12T03:48:12.311147+00:00,201,59.17,
2026-09-12T03:48:12.331369+00:00,201,39.28,
2026-09-12T03:48:12.351700+00:00,201,37.97,
2026-09-12T03:48:12.372237+00:00,201,74.74,
2026-09-12T03:48:12.390937+00:00,201,69.1,
2026-09-12T03:48:12.411643+00:00,201,55.55,
2026-09-12T03:48:12.431176+00:00,201,42.68,
2026-09-12T03:48:12.451491+00:00,201,33.96,
2026-09-12T03:48:12.472005+00:00,201,31.58,
2026-09-12T03:48:12.491699+00:00,201,30.78,
2026-09-12T03:48:12.512068+00:00,201,38.87,
2026-09-12T03:48:12.530845+00:00,201,32.0,
2026-09-12T03:48:12.551519+00:00,201,32.64,
2026-09-12T03:48:12.571416+00:00,201,75.42,
2026-09-12T03:48:12.591842+00:00,201,55.98,
2026-09-12T03:48:12.611891+00:00,201,57.09,
2026-09-12T03:48:12.630684+00:00,201,57.72,
2026-09-12T03:48:12.650750+00:00,201,44.68,
2026-09-12T03:48:12.671321+00:00,201,36.07,
2026-09-12T03:48:12.692068+00:00,201,64.89,
2026-09-12T03:48:12.711332+00:00,201,47.85,
2026-09-12T03:48:12.731673+00:00,201,42.41,
2026-09-12T03:48:12.751029+00:00,201,36.11,
2026-09-12T03:48:12.771135+00:00,201,32.62,
2026-09-12T03:48:12.791540+00:00,201,64.7,
2026-09-12T03:48:12.811654+00:00,201,61.13,
2026-09-12T03:48:12.832309+00:00,201,43.83,
2026-09-12T03:48:12.851286+00:00,201,36.3,
2026-09-12T03:48:12.872005+00:00,201,34.57,
2026-09-12T03:48:12.891818+00:00,201,32.69,
2026-09-12T03:48:12.912189+00:00,201,32.35,
2026-09-12T03:48:12.931896+00:00,201,73.56,
2026-09-12T03:48:12.951673+00:00,201,54.24,
2026-09-12T03:48:12.971752+00:00,201,42.99,
2026-09-12T03:48:12.990854+00:00,201,34.96,
2026-09-12T03:48:13.011726+00:00,201,59.38,
2026-09-12T03:48:13.031606+00:00,201,50.54,
2026-09-12T03:48:13.052191+00:00,201,45.16,
2026-09-12T03:48:13.071150+00:00,201,61.5,
2026-09-12T03:48:13.091581+00:00,201,55.25,
2026-09-12T03:48:13.111962+00:00,201,37.03,
2026-09-12T03:48:13.130767+00:00,201,33.14,
2026-09-12T03:48:13.152196+00:00,201,30.77,
2026-09-12T03:48:13.171884+00:00,201,32.26,
2026-09-12T03:48:13.190735+00:00,201,39.67,
2026-09-12T03:48:13.211082+00:00,201,31.85,
2026-09-12T03:48:13.230946+00:00,201,41.7,
2026-09-12T03:48:13.251579+00:00,201,33.43,
2026-09-12T03:48:13.272165+00:00,201,31.15,
2026-09-12T03:48:13.291001+00:00,201,32.07,
2026-09-12T03:48:13.311232+00:00,201,60.41,
2026-09-12T03:48:13.331725+00:00,201,41.84,
2026-09-12T03:48:13.352099+00:00,201,33.54,
2026-09-12T03:48:13.370844+00:00,201,32.87,
2026-09-12T03:48:13.391051+00:00,201,30.19,
2026-09-12T03:48:13.411236+00:00,201,32.99,
2026-09-12T03:48:13.431276+00:00,201,31.98,
2026-09-12T03:48:13.451564+00:00,201,30.88,
2026-09-12T03:48:13.471921+00:00,201,35.28,
2026-09-12T03:48:13.491561+00:00,201,47.95,
2026-09-12T03:48:13.511797+00:00,201,62.53,
2026-09-12T03:48:13.531910+00:00,201,44.32,
2026-09-12T03:48:13.550752+00:00,201,35.12,
2026-09-12T03:48:13.571185+00:00,201,30.94,
2026-09-12T03:48:13.592074+00:00,201,36.41,
2026-09-12T03:48:13.610703+00:00,201,59.36,
2026-09-12T03:48:13.632086+00:00,201,45.53,
2026-09-12T03:48:13.671727+00:00,201,43.88,
2026-09-12T03:48:13.650927+00:00,201,65.3,
2026-09-12T03:48:13.691582+00:00,201,34.26,
2026-09-12T03:48:13.711845+00:00,201,33.13,
2026-09-12T03:48:13.730649+00:00,201,31.53,
2026-09-12T03:48:13.751011+00:00,201,29.78,
2026-09-12T03:48:13.770974+00:00,201,32.97,
2026-09-12T03:48:13.791386+00:00,201,63.25,
2026-09-12T03:48:13.811769+00:00,201,43.98,
2026-09-12T03:48:13.831938+00:00,201,54.81,
2026-09-12T03:48:13.850728+00:00,201,36.09,
2026-09-12T03:48:13.871331+00:00,201,68.48,
2026-09-12T03:48:13.891656+00:00,201,48.61,
2026-09-12T03:48:13.912463+00:00,201,42.54,
2026-09-12T03:48:13.931367+00:00,201,38.21,
2026-09-12T03:48:13.951545+00:00,201,32.49,
2026-09-12T03:48:13.991833+00:00,201,38.24,
2026-09-12T03:48:13.971523+00:00,201,60.72,
2026-09-12T03:48:14.012224+00:00,201,35.95,
2026-09-12T03:48:14.030955+00:00,201,31.86,
2026-09-12T03:48:14.050858+00:00,201,51.66,
2026-09-12T03:48:14.071344+00:00,201,43.3,
2026-09-12T03:48:14.111515+00:00,201,50.03,
2026-09-12T03:48:14.091283+00:00,201,71.01,
2026-09-12T03:48:14.132188+00:00,201,43.34,
2026-09-12T03:48:14.151305+00:00,201,34.63,
2026-09-12T03:48:14.171949+00:00,201,31.69,
2026-09-12T03:48:14.190709+00:00,201,56.6,
2026-09-12T03:48:14.211447+00:00,201,36.21,
2026-09-12T03:48:14.251535+00:00,201,50.2,
2026-09-12T03:48:14.231168+00:00,201,70.55,
2026-09-12T03:48:14.271908+00:00,201,44.08,
2026-09-12T03:48:14.290762+00:00,201,37.01,
2026-09-12T03:48:14.311846+00:00,201,34.31,
2026-09-12T03:48:14.332220+00:00,201,53.78,
2026-09-12T03:48:14.350993+00:00,201,49.93,
2026-09-12T03:48:14.371023+00:00,201,36.42,
2026-09-12T03:48:14.391420+00:00,201,31.7,
2026-09-12T03:48:14.411797+00:00,201,29.62,
2026-09-12T03:48:14.432015+00:00,201,30.09,
2026-09-12T03:48:14.450681+00:00,201,31.63,
2026-09-12T03:48:14.470899+00:00,201,30.32,
2026-09-12T03:48:14.491060+00:00,201,34.14,
2026-09-12T03:48:14.510712+00:00,201,31.0,
2026-09-12T03:48:14.530926+00:00,201,40.28,
2026-09-12T03:48:14.571339+00:00,201,34.89,
2026-09-12T03:48:14.551321+00:00,201,55.1,
2026-09-12T03:48:14.592051+00:00,201,41.53,
2026-09-12T03:48:14.610804+00:00,201,37.32,
2026-09-12T03:48:14.631328+00:00,201,42.18,
2026-09-12T03:48:14.651507+00:00,201,44.78,
2026-09-12T03:48:14.672021+00:00,201,38.02,
2026-09-12T03:48:14.691074+00:00,201,32.27,
2026-09-12T03:48:14.711261+00:00,201,30.38,
2026-09-12T03:48:14.731525+00:00,201,38.79,
2026-09-12T03:48:14.770734+00:00,201,44.93,
2026-09-12T03:48:14.752199+00:00,201,64.06,
2026-09-12T03:48:14.791367+00:00,201,36.92,
2026-09-12T03:48:14.811441+00:00,201,32.32,
2026-09-12T03:48:14.832155+00:00,201,29.87,
2026-09-12T03:48:14.850913+00:00,201,32.6,
2026-09-12T03:48:14.871424+00:00,201,37.39,
2026-09-12T03:48:14.891543+00:00,201,40.17,
2026-09-12T03:48:14.912069+00:00,201,32.21,
2026-09-12T03:48:14.931624+00:00,201,30.13,
2026-09-12T03:48:14.951467+00:00,201,39.35,
2026-09-12T03:48:14.971605+00:00,201,59.59,
2026-09-12T03:48:14.991846+00:00,201,40.93,
2026-09-12T03:48:15.011037+00:00,201,36.06,
2026-09-12T03:48:15.031301+00:00,201,32.16,
2026-09-12T03:48:15.051657+00:00,201,30.09,
2026-09-12T03:48:15.071565+00:00,201,33.13,
2026-09-12T03:48:15.092024+00:00,201,31.43,
2026-09-12T03:48:15.112167+00:00,201,29.83,
2026-09-12T03:48:15.130832+00:00,201,35.96,
2026-09-12T03:48:15.151431+00:00,201,30.17,
2026-09-12T03:48:15.171535+00:00,201,43.45,
2026-09-12T03:48:15.192196+00:00,201,31.32,
2026-09-12T03:48:15.210788+00:00,201,30.98,
2026-09-12T03:48:15.230714+00:00,201,30.53,
2026-09-12T03:48:15.251196+00:00,201,37.55,
2026-09-12T03:48:15.271517+00:00,201,59.24,
2026-09-12T03:48:15.291597+00:00,201,42.92,
2026-09-12T03:48:15.312110+00:00,201,43.93,
2026-09-12T03:48:15.330920+00:00,201,33.15,
2026-09-12T03:48:15.351096+00:00,201,32.07,
2026-09-12T03:48:15.371181+00:00,201,45.85,
2026-09-12T03:48:15.391233+00:00,201,60.54,
2026-09-12T03:48:15.411386+00:00,201,41.82,
2026-09-12T03:48:15.432386+00:00,201,34.35,
2026-09-12T03:48:15.451799+00:00,201,33.87,
2026-09-12T03:48:15.471610+00:00,201,34.89,
2026-09-12T03:48:15.490722+00:00,201,33.52,
2026-09-12T03:48:15.511764+00:00,201,49.15,
2026-09-12T03:48:15.532230+00:00,201,31.44,
2026-09-12T03:48:15.551059+00:00,201,29.8,
2026-09-12T03:48:15.571355+00:00,201,52.74,
2026-09-12T03:48:15.591506+00:00,201,32.96,
2026-09-12T03:48:15.612089+00:00,201,30.79,
2026-09-12T03:48:15.631420+00:00,201,30.53,
2026-09-12T03:48:15.651623+00:00,201,31.74,
2026-09-12T03:48:15.671910+00:00,201,29.94,
2026-09-12T03:48:15.691783+00:00,201,39.27,
2026-09-12T03:48:15.712120+00:00,201,30.62,
2026-09-12T03:48:15.731056+00:00,201,39.11,
2026-09-12T03:48:15.750886+00:00,201,31.4,
2026-09-12T03:48:15.771021+00:00,201,29.49,
2026-09-12T03:48:15.791231+00:00,201,33.78,
2026-09-12T03:48:15.831910+00:00,201,43.03,
2026-09-12T03:48:15.811337+00:00,201,63.93,
2026-09-12T03:48:15.850927+00:00,201,51.15,
2026-09-12T03:48:15.871130+00:00,201,44.77,
2026-09-12T03:48:15.891768+00:00,201,32.55,
2026-09-12T03:48:15.910750+00:00,201,31.29,
2026-09-12T03:48:15.931193+00:00,201,32.55,
2026-09-12T03:48:15.951540+00:00,201,30.77,
2026-09-12T03:48:15.971719+00:00,201,40.54,
2026-09-12T03:48:15.992103+00:00,201,54.44,
2026-09-12T03:48:16.010648+00:00,201,36.62,
2026-09-12T03:48:16.031107+00:00,201,31.99,
2026-09-12T03:48:16.051773+00:00,201,38.37,
2026-09-12T03:48:16.072027+00:00,201,71.9,
2026-09-12T03:48:16.091917+00:00,201,52.59,
2026-09-12T03:48:16.110778+00:00,201,44.73,
2026-09-12T03:48:16.131153+00:00,201,35.56,
2026-09-12T03:48:16.151988+00:00,201,31.66,
2026-09-12T03:48:16.172225+00:00,201,65.51,
2026-09-12T03:48:16.191213+00:00,201,56.61,
2026-09-12T03:48:16.212117+00:00,201,48.43,
2026-09-12T03:48:16.231454+00:00,201,47.02,
2026-09-12T03:48:16.252226+00:00,201,33.12,
2026-09-12T03:48:16.271453+00:00,201,32.0,
2026-09-12T03:48:16.291116+00:00,201,33.76,
2026-09-12T03:48:16.311403+00:00,201,30.7,
2026-09-12T03:48:16.331401+00:00,201,39.25,
2026-09-12T03:48:16.372147+00:00,201,35.08,
2026-09-12T03:48:16.351796+00:00,201,55.57,
2026-09-12T03:48:16.391000+00:00,201,33.91,
2026-09-12T03:48:16.411192+00:00,201,32.33,
2026-09-12T03:48:16.431148+00:00,201,30.74,
2026-09-12T03:48:16.451359+00:00,201,42.5,
2026-09-12T03:48:16.471636+00:00,201,33.77,
2026-09-12T03:48:16.491892+00:00,201,30.66,
2026-09-12T03:48:16.511166+00:00,201,29.44,
2026-09-12T03:48:16.531369+00:00,201,67.28,
2026-09-12T03:48:16.551728+00:00,201,47.32,
2026-09-12T03:48:16.572077+00:00,201,37.26,
2026-09-12T03:48:16.591064+00:00,201,54.71,
2026-09-12T03:48:16.610884+00:00,201,38.42,
2026-09-12T03:48:16.631470+00:00,201,35.27,
2026-09-12T03:48:16.651768+00:00,201,31.9,
2026-09-12T03:48:16.671135+00:00,201,49.17,
2026-09-12T03:48:16.691506+00:00,201,33.52,
2026-09-12T03:48:16.711675+00:00,201,31.41,
2026-09-12T03:48:16.732079+00:00,201,51.37,
2026-09-12T03:48:16.771240+00:00,201,31.77,
2026-09-12T03:48:16.752200+00:00,201,58.42,
2026-09-12T03:48:16.791586+00:00,201,33.76,
2026-09-12T03:48:16.812190+00:00,201,31.65,
2026-09-12T03:48:16.831256+00:00,201,63.2,
2026-09-12T03:48:16.851095+00:00,201,53.79,
2026-09-12T03:48:16.871838+00:00,201,48.28,
2026-09-12T03:48:16.890709+00:00,201,34.81,
2026-09-12T03:48:16.911239+00:00,201,32.09,
2026-09-12T03:48:16.932027+00:00,201,29.77,
2026-09-12T03:48:16.950844+00:00,201,52.83,
2026-09-12T03:48:16.970723+00:00,201,34.58,
2026-09-12T03:48:16.991070+00:00,201,33.19,
2026-09-12T03:48:17.011584+00:00,201,32.18,
2026-09-12T03:48:17.031645+00:00,201,33.31,
2026-09-12T03:48:17.051973+00:00,201,34.18,
2026-09-12T03:48:17.070768+00:00,201,36.88,
2026-09-12T03:48:17.090882+00:00,201,34.17,
2026-09-12T03:48:17.111097+00:00,201,63.59,
2026-09-12T03:48:17.131503+00:00,201,46.33,
2026-09-12T03:48:17.151800+00:00,201,36.71,
2026-09-12T03:48:17.170838+00:00,201,43.03,
2026-09-12T03:48:17.191656+00:00,201,33.85,
2026-09-12T03:48:17.211889+00:00,201,33.14,
2026-09-12T03:48:17.230926+00:00,201,35.29,
2026-09-12T03:48:17.252167+00:00,201,38.16,
2026-09-12T03:48:17.270940+00:00,201,38.88,
2026-09-12T03:48:17.291495+00:00,201,34.27,
2026-09-12T03:48:17.311870+00:00,201,31.4,
2026-09-12T03:48:17.332126+00:00,201,29.86,
2026-09-12T03:48:17.351003+00:00,201,56.66,
2026-09-12T03:48:17.371246+00:00,201,48.58,
2026-09-12T03:48:17.391695+00:00,201,33.17,
2026-09-12T03:48:17.411979+00:00,201,57.82,
2026-09-12T03:48:17.432022+00:00,201,38.24,
2026-09-12T03:48:17.451961+00:00,201,34.61,
2026-09-12T03:48:17.471136+00:00,201,33.49,
2026-09-12T03:48:17.491503+00:00,201,55.25,
2026-09-12T03:48:17.511708+00:00,201,36.2,
2026-09-12T03:48:17.532019+00:00,201,32.87,
2026-09-12T03:48:17.550805+00:00,201,31.38,
2026-09-12T03:48:17.571181+00:00,201,34.75,
2026-09-12T03:48:17.590996+00:00,201,30.59,
2026-09-12T03:48:17.611021+00:00,201,39.68,
2026-09-12T03:48:17.631217+00:00,201,31.37,
2026-09-12T03:48:17.651273+00:00,201,31.51,
2026-09-12T03:48:17.671646+00:00,201,40.8,
2026-09-12T03:48:17.692130+00:00,201,32.16,
2026-09-12T03:48:17.710907+00:00,201,31.03,
2026-09-12T03:48:17.730743+00:00,201,29.4,
2026-09-12T03:48:17.751236+00:00,201,48.92,
2026-09-12T03:48:17.771737+00:00,201,36.73,
2026-09-12T03:48:17.791507+00:00,201,35.62,
2026-09-12T03:48:17.811520+00:00,201,32.8,
2026-09-12T03:48:17.831426+00:00,201,29.38,
2026-09-12T03:48:17.851608+00:00,201,34.92,
2026-09-12T03:48:17.871965+00:00,201,30.9,
2026-09-12T03:48:17.892174+00:00,201,38.1,
2026-09-12T03:48:17.910696+00:00,201,31.33,
2026-09-12T03:48:17.931484+00:00,201,33.45,
2026-09-12T03:48:17.951142+00:00,201,31.73,
2026-09-12T03:48:17.971232+00:00,201,29.71,
2026-09-12T03:48:17.991496+00:00,201,36.35,
2026-09-12T03:48:18.012006+00:00,201,33.7,
2026-09-12T03:48:18.030868+00:00,201,32.01,
2026-09-12T03:48:18.051454+00:00,201,57.1,
2026-09-12T03:48:18.071793+00:00,201,46.76,
2026-09-12T03:48:18.091829+00:00,201,56.93,
2026-09-12T03:48:18.112139+00:00,201,52.16,
2026-09-12T03:48:18.130937+00:00,201,50.58,
2026-09-12T03:48:18.151567+00:00,201,34.21,
2026-09-12T03:48:18.191362+00:00,201,46.16,
2026-09-12T03:48:18.170747+00:00,201,67.14,
2026-09-12T03:48:18.212010+00:00,201,37.7,
2026-09-12T03:48:18.231083+00:00,201,31.6,
2026-09-12T03:48:18.251239+00:00,201,73.52,
2026-09-12T03:48:18.271557+00:00,201,54.47,
2026-09-12T03:48:18.291429+00:00,201,43.14,
2026-09-12T03:48:18.312105+00:00,201,36.15,
2026-09-12T03:48:18.331323+00:00,201,32.06,
2026-09-12T03:48:18.351615+00:00,201,28.95,
2026-09-12T03:48:18.371740+00:00,201,54.31,
2026-09-12T03:48:18.392139+00:00,201,34.64,
2026-09-12T03:48:18.411157+00:00,201,33.37,
2026-09-12T03:48:18.431508+00:00,201,29.77,
2026-09-12T03:48:18.451617+00:00,201,32.35,
2026-09-12T03:48:18.471723+00:00,201,30.0,
2026-09-12T03:48:18.490801+00:00,201,40.65,
2026-09-12T03:48:18.511292+00:00,201,33.19,
2026-09-12T03:48:18.531868+00:00,201,33.0,
2026-09-12T03:48:18.551005+00:00,201,30.42,
2026-09-12T03:48:18.571965+00:00,201,38.59,
2026-09-12T03:48:18.590725+00:00,201,32.25,
2026-09-12T03:48:18.611211+00:00,201,29.4,
2026-09-12T03:48:18.631468+00:00,201,61.22,
2026-09-12T03:48:18.651480+00:00,201,42.12,
2026-09-12T03:48:18.671731+00:00,201,34.54,
2026-09-12T03:48:18.691980+00:00,201,31.33,
2026-09-12T03:48:18.711011+00:00,201,30.6,
2026-09-12T03:48:18.731335+00:00,201,32.89,
2026-09-12T03:48:18.751659+00:00,201,30.27,
2026-09-12T03:48:18.771723+00:00,201,40.7,
2026-09-12T03:48:18.792034+00:00,201,33.32,
2026-09-12T03:48:18.810675+00:00,201,32.08,
2026-09-12T03:48:18.831914+00:00,201,61.4,
2026-09-12T03:48:18.852183+00:00,201,53.1,
2026-09-12T03:48:18.872499+00:00,201,47.63,
2026-09-12T03:48:18.891860+00:00,201,33.59,
2026-09-12T03:48:18.910791+00:00,201,33.51,
2026-09-12T03:48:18.931212+00:00,201,31.43,
2026-09-12T03:48:18.951698+00:00,201,31.61,
2026-09-12T03:48:18.971953+00:00,201,30.05,
2026-09-12T03:48:18.990847+00:00,201,63.29,
2026-09-12T03:48:19.010802+00:00,201,43.75,
2026-09-12T03:48:19.030793+00:00,201,39.34,
2026-09-12T03:48:19.052107+00:00,201,35.72,
2026-09-12T03:48:19.071544+00:00,201,30.99,
2026-09-12T03:48:19.091092+00:00,201,28.9,
2026-09-12T03:48:19.110882+00:00,201,72.56,
2026-09-12T03:48:19.131124+00:00,201,52.64,
2026-09-12T03:48:19.151527+00:00,201,40.82,
2026-09-12T03:48:19.170921+00:00,201,49.88,
2026-09-12T03:48:19.191049+00:00,201,32.48,
2026-09-12T03:48:19.211337+00:00,201,30.28,
2026-09-12T03:48:19.231679+00:00,201,52.46,
2026-09-12T03:48:19.251418+00:00,201,34.8,
2026-09-12T03:48:19.271724+00:00,201,35.36,
2026-09-12T03:48:19.292107+00:00,201,32.91,
2026-09-12T03:48:19.311299+00:00,201,31.09,
2026-09-12T03:48:19.331469+00:00,201,39.51,
2026-09-12T03:48:19.351830+00:00,201,32.5,
2026-09-12T03:48:19.371918+00:00,201,30.4,
2026-09-12T03:48:19.390846+00:00,201,29.26,
2026-09-12T03:48:19.411081+00:00,201,71.63,
2026-09-12T03:48:19.431453+00:00,201,73.3,
2026-09-12T03:48:19.451875+00:00,201,56.54,
2026-09-12T03:48:19.473565+00:00,201,56.35,
2026-09-12T03:48:19.490974+00:00,201,47.27,
2026-09-12T03:48:19.510737+00:00,201,40.21,
2026-09-12T03:48:19.531368+00:00,201,34.6,
2026-09-12T03:48:19.551736+00:00,201,32.96,
2026-09-12T03:48:19.570842+00:00,201,62.81,
2026-09-12T03:48:19.591186+00:00,201,51.84,
2026-09-12T03:48:19.631452+00:00,201,43.17,
2026-09-12T03:48:19.612295+00:00,201,62.71,
2026-09-12T03:48:19.672199+00:00,201,37.29,
2026-09-12T03:48:19.651871+00:00,201,57.81,
2026-09-12T03:48:19.692184+00:00,201,32.73,
2026-09-12T03:48:19.710835+00:00,201,31.56,
2026-09-12T03:48:19.731091+00:00,201,29.8,
2026-09-12T03:48:19.751274+00:00,201,31.02,
2026-09-12T03:48:19.771341+00:00,201,29.36,
2026-09-12T03:48:19.791543+00:00,201,41.64,
2026-09-12T03:48:19.812389+00:00,201,33.63,
2026-09-12T03:48:19.831494+00:00,201,32.34,
2026-09-12T03:48:19.851778+00:00,201,29.84,
2026-09-12T03:48:19.872153+00:00,201,36.03,
2026-09-12T03:48:19.891738+00:00,201,31.73,
2026-09-12T03:48:19.910746+00:00,201,64.78,
2026-09-12T03:48:19.930966+00:00,201,56.19,
2026-09-12T03:48:19.951396+00:00,201,36.85,
2026-09-12T03:48:19.970874+00:00,201,51.87,
2026-09-12T03:48:19.991349+00:00,201,33.64,
2026-09-12T03:48:20.011717+00:00,201,31.15,
2026-09-12T03:48:20.032005+00:00,201,51.04,
2026-09-12T03:48:20.070771+00:00,201,35.78,
2026-09-12T03:48:20.051970+00:00,201,60.83,
2026-09-12T03:48:20.090940+00:00,201,33.18,
2026-09-12T03:48:20.111016+00:00,201,31.15,
2026-09-12T03:48:20.151806+00:00,201,47.76,
2026-09-12T03:48:20.131436+00:00,201,70.43,
2026-09-12T03:48:20.172232+00:00,201,40.83,
2026-09-12T03:48:20.190739+00:00,201,32.61,
2026-09-12T03:48:20.211096+00:00,201,29.91,
2026-09-12T03:48:20.231306+00:00,201,57.36,
2026-09-12T03:48:20.251209+00:00,201,50.82,
2026-09-12T03:48:20.271487+00:00,201,37.9,
2026-09-12T03:48:20.291866+00:00,201,31.24,
2026-09-12T03:48:20.312149+00:00,201,35.95,
2026-09-12T03:48:20.332218+00:00,201,30.88,
2026-09-12T03:48:20.351176+00:00,201,30.67,
2026-09-12T03:48:20.371188+00:00,201,36.62,
2026-09-12T03:48:20.391614+00:00,201,30.91,
2026-09-12T03:48:20.411915+00:00,201,36.91,
2026-09-12T03:48:20.430703+00:00,201,59.14,
2026-09-12T03:48:20.452167+00:00,201,47.06,
2026-09-12T03:48:20.472153+00:00,201,62.98,
2026-09-12T03:48:20.492056+00:00,201,43.4,
2026-09-12T03:48:20.511098+00:00,201,34.67,
2026-09-12T03:48:20.531461+00:00,201,30.21,
2026-09-12T03:48:20.551905+00:00,201,88.89,
2026-09-12T03:48:20.590875+00:00,201,55.71,
2026-09-12T03:48:20.572212+00:00,201,77.2,
2026-09-12T03:48:20.611691+00:00,201,56.53,
2026-09-12T03:48:20.631685+00:00,201,50.63,
2026-09-12T03:48:20.651200+00:00,201,47.15,
2026-09-12T03:48:20.671156+00:00,201,48.45,
2026-09-12T03:48:20.691250+00:00,201,41.74,
2026-09-12T03:48:20.711112+00:00,201,58.85,
2026-09-12T03:48:20.730692+00:00,201,52.39,
2026-09-12T03:48:20.750944+00:00,201,42.79,
2026-09-12T03:48:20.770988+00:00,201,59.56,
2026-09-12T03:48:20.791530+00:00,201,52.96,
2026-09-12T03:48:20.812009+00:00,201,45.86,
2026-09-12T03:48:20.832191+00:00,201,35.03,
2026-09-12T03:48:20.851032+00:00,201,32.8,
2026-09-12T03:48:20.870839+00:00,201,30.32,
2026-09-12T03:48:20.891348+00:00,201,29.86,
2026-09-12T03:48:20.911668+00:00,201,38.49,
2026-09-12T03:48:20.931976+00:00,201,56.03,
2026-09-12T03:48:20.951877+00:00,201,49.62,
2026-09-12T03:48:20.970791+00:00,201,37.21,
2026-09-12T03:48:20.991129+00:00,201,79.76,
2026-09-12T03:48:21.031978+00:00,201,39.32,
2026-09-12T03:48:21.011425+00:00,201,60.71,
2026-09-12T03:48:21.050826+00:00,201,44.7,
2026-09-12T03:48:21.071388+00:00,201,41.76,
2026-09-12T03:48:21.091127+00:00,201,42.57,
2026-09-12T03:48:21.110950+00:00,201,47.7,
2026-09-12T03:48:21.131040+00:00,201,39.46,
2026-09-12T03:48:21.151081+00:00,201,34.29,
2026-09-12T03:48:21.172203+00:00,201,31.59,
2026-09-12T03:48:21.191097+00:00,201,42.95,
2026-09-12T03:48:21.211583+00:00,201,33.24,
2026-09-12T03:48:21.231863+00:00,201,30.18,
2026-09-12T03:48:21.251978+00:00,201,31.59,
2026-09-12T03:48:21.270821+00:00,201,33.68,
2026-09-12T03:48:21.291464+00:00,201,30.41,
2026-09-12T03:48:21.311193+00:00,201,35.89,
2026-09-12T03:48:21.331375+00:00,201,31.13,
2026-09-12T03:48:21.351367+00:00,201,30.3,
2026-09-12T03:48:21.371255+00:00,201,37.25,
2026-09-12T03:48:21.391706+00:00,201,31.44,
2026-09-12T03:48:21.411995+00:00,201,33.49,
2026-09-12T03:48:21.431311+00:00,201,31.45,
2026-09-12T03:48:21.451233+00:00,201,34.21,
2026-09-12T03:48:21.471505+00:00,201,30.58,
2026-09-12T03:48:21.511698+00:00,201,43.74,
2026-09-12T03:48:21.491866+00:00,201,65.51,
2026-09-12T03:48:21.531399+00:00,201,38.18,
2026-09-12T03:48:21.551222+00:00,201,48.58,
2026-09-12T03:48:21.572072+00:00,201,30.55,
2026-09-12T03:48:21.590795+00:00,201,30.1,
2026-09-12T03:48:21.611099+00:00,201,32.49,
2026-09-12T03:48:21.631286+00:00,201,32.76,
2026-09-12T03:48:21.651038+00:00,201,31.03,
2026-09-12T03:48:21.671297+00:00,201,32.0,
2026-09-12T03:48:21.690687+00:00,201,32.38,
2026-09-12T03:48:21.711844+00:00,201,38.33,
2026-09-12T03:48:21.731806+00:00,201,32.16,
2026-09-12T03:48:21.751276+00:00,201,29.84,
2026-09-12T03:48:21.771368+00:00,201,39.32,
2026-09-12T03:48:21.791785+00:00,201,31.49,
2026-09-12T03:48:21.812226+00:00,201,30.68,
2026-09-12T03:48:21.830985+00:00,201,32.04,
2026-09-12T03:48:21.851663+00:00,201,29.73,
2026-09-12T03:48:21.871870+00:00,201,33.4,
2026-09-12T03:48:21.890881+00:00,201,31.81,
2026-09-12T03:48:21.911419+00:00,201,39.86,
2026-09-12T03:48:21.931789+00:00,201,55.06,
2026-09-12T03:48:21.951591+00:00,201,45.64,
2026-09-12T03:48:21.970770+00:00,201,37.3,
2026-09-12T03:48:21.991319+00:00,201,34.79,
2026-09-12T03:48:22.011782+00:00,201,31.22,
2026-09-12T03:48:22.031917+00:00,201,28.87,
2026-09-12T03:48:22.051804+00:00,201,39.05,
2026-09-12T03:48:22.071646+00:00,201,53.46,
2026-09-12T03:48:22.091896+00:00,201,44.26,
2026-09-12T03:48:22.111629+00:00,201,34.11,
2026-09-12T03:48:22.131896+00:00,201,30.65,
2026-09-12T03:48:22.152132+00:00,201,34.05,
2026-09-12T03:48:22.171171+00:00,201,33.02,
2026-09-12T03:48:22.191364+00:00,201,30.17,
2026-09-12T03:48:22.211494+00:00,201,34.97,
2026-09-12T03:48:22.231516+00:00,201,57.73,
2026-09-12T03:48:22.251658+00:00,201,39.98,
2026-09-12T03:48:22.270725+00:00,201,35.86,
2026-09-12T03:48:22.290907+00:00,201,32.97,
2026-09-12T03:48:22.311501+00:00,201,29.63,
2026-09-12T03:48:22.331751+00:00,201,61.44,
2026-09-12T03:48:22.371185+00:00,201,36.81,
2026-09-12T03:48:22.350752+00:00,201,57.68,
2026-09-12T03:48:22.391455+00:00,201,33.58,
2026-09-12T03:48:22.411787+00:00,201,31.38,
2026-09-12T03:48:22.431959+00:00,201,28.71,
2026-09-12T03:48:22.451640+00:00,201,51.7,
2026-09-12T03:48:22.490763+00:00,201,32.97,
2026-09-12T03:48:22.472097+00:00,201,59.27,
2026-09-12T03:48:22.511140+00:00,201,32.94,
2026-09-12T03:48:22.531623+00:00,201,30.68,
2026-09-12T03:48:22.552017+00:00,201,42.61,
2026-09-12T03:48:22.572152+00:00,201,58.61,
2026-09-12T03:48:22.590898+00:00,201,40.36,
2026-09-12T03:48:22.610773+00:00,201,34.03,
2026-09-12T03:48:22.631054+00:00,201,30.3,
2026-09-12T03:48:22.651192+00:00,201,37.96,
2026-09-12T03:48:22.671545+00:00,201,52.03,
2026-09-12T03:48:22.691766+00:00,201,37.94,
2026-09-12T03:48:22.711857+00:00,201,42.35,
2026-09-12T03:48:22.730658+00:00,201,35.72,
2026-09-12T03:48:22.752145+00:00,201,56.59,
2026-09-12T03:48:22.791169+00:00,201,44.81,
2026-09-12T03:48:22.772460+00:00,201,63.45,
2026-09-12T03:48:22.811767+00:00,201,43.71,
2026-09-12T03:48:22.832079+00:00,201,63.18,
2026-09-12T03:48:22.851910+00:00,201,43.73,
2026-09-12T03:48:22.870853+00:00,201,47.36,
2026-09-12T03:48:22.891368+00:00,201,35.23,
2026-09-12T03:48:22.911191+00:00,201,33.58,
2026-09-12T03:48:22.931580+00:00,201,55.35,
2026-09-12T03:48:22.951984+00:00,201,47.86,
2026-09-12T03:48:22.971630+00:00,201,60.52,
2026-09-12T03:48:22.992106+00:00,201,55.92,
2026-09-12T03:48:23.010998+00:00,201,38.56,
2026-09-12T03:48:23.031401+00:00,201,34.54,
2026-09-12T03:48:23.051673+00:00,201,31.6,
2026-09-12T03:48:23.071664+00:00,201,30.39,
2026-09-12T03:48:23.091945+00:00,201,46.67,
2026-09-12T03:48:23.132136+00:00,201,42.25,
2026-09-12T03:48:23.112017+00:00,201,64.94,
2026-09-12T03:48:23.152171+00:00,201,35.7,
2026-09-12T03:48:23.171172+00:00,201,32.74,
2026-09-12T03:48:23.191762+00:00,201,30.62,
2026-09-12T03:48:23.212175+00:00,201,35.97,
2026-09-12T03:48:23.230861+00:00,201,49.22,
2026-09-12T03:48:23.250923+00:00,201,64.53,
2026-09-12T03:48:23.271372+00:00,201,45.88,
2026-09-12T03:48:23.291924+00:00,201,34.21,
2026-09-12T03:48:23.312185+00:00,201,33.52,
2026-09-12T03:48:23.331413+00:00,201,33.26,
2026-09-12T03:48:23.351860+00:00,201,30.34,
2026-09-12T03:48:23.371999+00:00,201,34.21,
2026-09-12T03:48:23.390715+00:00,201,31.67,
2026-09-12T03:48:23.410985+00:00,201,29.46,
2026-09-12T03:48:23.431211+00:00,201,53.96,
2026-09-12T03:48:23.451452+00:00,201,47.89,
2026-09-12T03:48:23.471807+00:00,201,35.18,
2026-09-12T03:48:23.490976+00:00,201,32.57,
2026-09-12T03:48:23.511617+00:00,201,29.92,
2026-09-12T03:48:23.532082+00:00,201,38.41,
2026-09-12T03:48:23.552227+00:00,201,59.85,
2026-09-12T03:48:23.570779+00:00,201,43.43,
2026-09-12T03:48:23.591524+00:00,201,33.64,
2026-09-12T03:48:23.611742+00:00,201,31.1,
2026-09-12T03:48:23.650981+00:00,201,40.0,
2026-09-12T03:48:23.630977+00:00,201,60.07,
2026-09-12T03:48:23.671308+00:00,201,34.22,
2026-09-12T03:48:23.691918+00:00,201,31.08,
2026-09-12T03:48:23.711054+00:00,201,29.92,
2026-09-12T03:48:23.731313+00:00,201,62.03,
2026-09-12T03:48:23.751549+00:00,201,44.23,
2026-09-12T03:48:23.772023+00:00,201,36.89,
2026-09-12T03:48:23.791226+00:00,201,33.41,
2026-09-12T03:48:23.811700+00:00,201,32.02,
2026-09-12T03:48:23.831965+00:00,201,61.9,
2026-09-12T03:48:23.850884+00:00,201,56.79,
2026-09-12T03:48:23.871667+00:00,201,38.85,
2026-09-12T03:48:23.891556+00:00,201,32.91,
2026-09-12T03:48:23.911757+00:00,201,69.04,
2026-09-12T03:48:23.931815+00:00,201,49.43,
2026-09-12T03:48:23.950788+00:00,201,40.62,
2026-09-12T03:48:23.971616+00:00,201,33.11,
2026-09-12T03:48:23.991879+00:00,201,30.5,
2026-09-12T03:48:24.010897+00:00,201,30.01,
2026-09-12T03:48:24.031221+00:00,201,46.5,
2026-09-12T03:48:24.051151+00:00,201,63.82,
2026-09-12T03:48:24.071443+00:00,201,44.53,
2026-09-12T03:48:24.092070+00:00,201,36.78,
2026-09-12T03:48:24.111485+00:00,201,34.85,
2026-09-12T03:48:24.131230+00:00,201,32.3,
2026-09-12T03:48:24.151461+00:00,201,29.32,
2026-09-12T03:48:24.171669+00:00,201,39.32,
2026-09-12T03:48:24.191965+00:00,201,60.51,
2026-09-12T03:48:24.212109+00:00,201,53.85,
2026-09-12T03:48:24.230909+00:00,201,37.13,
2026-09-12T03:48:24.250643+00:00,201,66.37,
2026-09-12T03:48:24.270985+00:00,201,46.92,
2026-09-12T03:48:24.291294+00:00,201,37.45,
2026-09-12T03:48:24.311728+00:00,201,33.51,
2026-09-12T03:48:24.330909+00:00,201,30.91,
2026-09-12T03:48:24.351110+00:00,201,62.46,
2026-09-12T03:48:24.371412+00:00,201,52.69,
2026-09-12T03:48:24.392182+00:00,201,46.44,
2026-09-12T03:48:24.410956+00:00,201,36.32,
2026-09-12T03:48:24.431557+00:00,201,32.08,
2026-09-12T03:48:24.451364+00:00,201,32.7,
2026-09-12T03:48:24.471672+00:00,201,30.56,
2026-09-12T03:48:24.492049+00:00,201,40.98,
2026-09-12T03:48:24.511924+00:00,201,33.54,
2026-09-12T03:48:24.530769+00:00,201,33.14,
2026-09-12T03:48:24.551371+00:00,201,68.17,
2026-09-12T03:48:24.571764+00:00,201,59.39,
2026-09-12T03:48:24.592243+00:00,201,44.84,
2026-09-12T03:48:24.610809+00:00,201,38.39,
2026-09-12T03:48:24.632220+00:00,201,31.96,
2026-09-12T03:48:24.650787+00:00,201,30.41,
2026-09-12T03:48:24.671073+00:00,201,52.16,
2026-09-12T03:48:24.691345+00:00,201,34.47,
2026-09-12T03:48:24.711091+00:00,201,31.56,
2026-09-12T03:48:24.731320+00:00,201,29.73,
2026-09-12T03:48:24.751937+00:00,201,29.5,
2026-09-12T03:48:24.772048+00:00,201,39.12,
2026-09-12T03:48:24.790862+00:00,201,32.53,
2026-09-12T03:48:24.811332+00:00,201,33.11,
2026-09-12T03:48:24.831873+00:00,201,30.96,
2026-09-12T03:48:24.851630+00:00,201,38.57,
2026-09-12T03:48:24.890963+00:00,201,32.78,
2026-09-12T03:48:24.870669+00:00,201,61.42,
2026-09-12T03:48:24.911041+00:00,201,41.55,
2026-09-12T03:48:24.931601+00:00,201,59.16,
2026-09-12T03:48:24.950783+00:00,201,48.51,
2026-09-12T03:48:24.971212+00:00,201,35.61,
2026-09-12T03:48:24.991057+00:00,201,32.39,
2026-09-12T03:48:25.011443+00:00,201,29.36,
2026-09-12T03:48:25.031629+00:00,201,66.74,
2026-09-12T03:48:25.051664+00:00,201,47.57,
2026-09-12T03:48:25.071939+00:00,201,39.94,
2026-09-12T03:48:25.090820+00:00,201,49.4,
2026-09-12T03:48:25.110718+00:00,201,59.82,
2026-09-12T03:48:25.131026+00:00,201,55.02,
2026-09-12T03:48:25.151305+00:00,201,36.16,
2026-09-12T03:48:25.171476+00:00,201,39.91,
2026-09-12T03:48:25.191540+00:00,201,31.9,
2026-09-12T03:48:25.211766+00:00,201,35.84,
2026-09-12T03:48:25.232021+00:00,201,30.51,
2026-09-12T03:48:25.251880+00:00,201,42.49,
2026-09-12T03:48:25.270739+00:00,201,33.19,
2026-09-12T03:48:25.290798+00:00,201,30.11,
2026-09-12T03:48:25.311956+00:00,201,40.16,
2026-09-12T03:48:25.330709+00:00,201,32.39,
2026-09-12T03:48:25.351075+00:00,201,29.81,
2026-09-12T03:48:25.371537+00:00,201,32.39,
2026-09-12T03:48:25.392009+00:00,201,31.94,
2026-09-12T03:48:25.411018+00:00,201,30.79,
2026-09-12T03:48:25.431337+00:00,201,50.16,
2026-09-12T03:48:25.472136+00:00,201,42.72,
2026-09-12T03:48:25.451937+00:00,201,63.31,
2026-09-12T03:48:25.490964+00:00,201,34.27,
2026-09-12T03:48:25.510866+00:00,201,32.27,
2026-09-12T03:48:25.531474+00:00,201,28.91,
2026-09-12T03:48:25.551847+00:00,201,42.05,
2026-09-12T03:48:25.572078+00:00,201,32.97,
2026-09-12T03:48:25.590883+00:00,201,30.55,
2026-09-12T03:48:25.610833+00:00,201,40.67,
2026-09-12T03:48:25.631445+00:00,201,32.2,
2026-09-12T03:48:25.651726+00:00,201,33.19,
2026-09-12T03:48:25.671834+00:00,201,30.15,
2026-09-12T03:48:25.692047+00:00,201,38.13,
2026-09-12T03:48:25.711298+00:00,201,55.4,
2026-09-12T03:48:25.731187+00:00,201,35.96,
2026-09-12T03:48:25.751761+00:00,201,32.21,
2026-09-12T03:48:25.771982+00:00,201,30.37,
2026-09-12T03:48:25.792130+00:00,201,33.91,
2026-09-12T03:48:25.810981+00:00,201,30.9,
2026-09-12T03:48:25.831157+00:00,201,43.61,
2026-09-12T03:48:25.852205+00:00,201,31.29,
2026-09-12T03:48:25.871136+00:00,201,29.94,
2026-09-12T03:48:25.911715+00:00,201,43.44,
2026-09-12T03:48:25.891355+00:00,201,64.44,
2026-09-12T03:48:25.932095+00:00,201,36.42,
2026-09-12T03:48:25.950722+00:00,201,32.59,
2026-09-12T03:48:25.971077+00:00,201,29.66,
2026-09-12T03:48:25.991268+00:00,201,37.44,
2026-09-12T03:48:26.011340+00:00,201,32.08,
2026-09-12T03:48:26.031807+00:00,201,30.94,
2026-09-12T03:48:26.052116+00:00,201,38.24,
2026-09-12T03:48:26.070917+00:00,201,31.43,
2026-09-12T03:48:26.091245+00:00,201,30.15,
2026-09-12T03:48:26.111230+00:00,201,59.11,
2026-09-12T03:48:26.130685+00:00,201,44.6,
2026-09-12T03:48:26.151457+00:00,201,49.6,
2026-09-12T03:48:26.190982+00:00,201,43.37,
2026-09-12T03:48:26.172190+00:00,201,62.43,
2026-09-12T03:48:26.211330+00:00,201,59.17,
2026-09-12T03:48:26.231681+00:00,201,49.96,
2026-09-12T03:48:26.251836+00:00,201,65.83,
2026-09-12T03:48:26.272011+00:00,201,54.52,
2026-09-12T03:48:26.291009+00:00,201,37.98,
2026-09-12T03:48:26.310874+00:00,201,40.61,
2026-09-12T03:48:26.331297+00:00,201,58.56,
2026-09-12T03:48:26.351548+00:00,201,50.89,
2026-09-12T03:48:26.372087+00:00,201,49.58,
2026-09-12T03:48:26.390727+00:00,201,35.92,
2026-09-12T03:48:26.411622+00:00,201,31.59,
2026-09-12T03:48:26.431888+00:00,201,29.64,
2026-09-12T03:48:26.451605+00:00,201,31.22,
2026-09-12T03:48:26.471895+00:00,201,38.35,
2026-09-12T03:48:26.510612+00:00,201,38.73,
2026-09-12T03:48:26.492234+00:00,201,57.88,
2026-09-12T03:48:26.530708+00:00,201,33.82,
2026-09-12T03:48:26.551229+00:00,201,31.3,
2026-09-12T03:48:26.571565+00:00,201,53.21,
2026-09-12T03:48:26.591726+00:00,201,45.46,
2026-09-12T03:48:26.611506+00:00,201,34.05,
2026-09-12T03:48:26.631893+00:00,201,30.51,
2026-09-12T03:48:26.651731+00:00,201,32.22,
2026-09-12T03:48:26.690846+00:00,201,49.12,
2026-09-12T03:48:26.672025+00:00,201,68.51,
2026-09-12T03:48:26.710690+00:00,201,39.92,
2026-09-12T03:48:26.731552+00:00,201,32.5,
2026-09-12T03:48:26.750727+00:00,201,65.09,
2026-09-12T03:48:26.771261+00:00,201,55.68,
2026-09-12T03:48:26.791719+00:00,201,36.21,
2026-09-12T03:48:26.810757+00:00,201,32.75,
2026-09-12T03:48:26.831645+00:00,201,30.71,
2026-09-12T03:48:26.851404+00:00,201,58.99,
2026-09-12T03:48:26.871731+00:00,201,39.02,
2026-09-12T03:48:26.890697+00:00,201,34.75,
2026-09-12T03:48:26.911836+00:00,201,30.85,
2026-09-12T03:48:26.931724+00:00,201,33.16,
2026-09-12T03:48:26.951712+00:00,201,30.15,
2026-09-12T03:48:26.971837+00:00,201,42.77,
2026-09-12T03:48:26.992110+00:00,201,34.74,
2026-09-12T03:48:27.012133+00:00,201,48.07,
2026-09-12T03:48:27.051303+00:00,201,43.64,
2026-09-12T03:48:27.031487+00:00,201,64.99,
2026-09-12T03:48:27.072071+00:00,201,35.39,
2026-09-12T03:48:27.091286+00:00,201,31.46,
2026-09-12T03:48:27.111504+00:00,201,38.73,
2026-09-12T03:48:27.152188+00:00,201,37.71,
2026-09-12T03:48:27.132102+00:00,201,57.94,
2026-09-12T03:48:27.170978+00:00,201,33.33,
2026-09-12T03:48:27.191546+00:00,201,30.05,
2026-09-12T03:48:27.211549+00:00,201,34.77,
2026-09-12T03:48:27.231848+00:00,201,51.04,
2026-09-12T03:48:27.251905+00:00,201,63.67,
2026-09-12T03:48:27.271722+00:00,201,45.1,
2026-09-12T03:48:27.292206+00:00,201,36.22,
2026-09-12T03:48:27.311320+00:00,201,32.9,
2026-09-12T03:48:27.332044+00:00,201,29.79,
2026-09-12T03:48:27.350710+00:00,201,59.28,
2026-09-12T03:48:27.371285+00:00,201,58.87,
2026-09-12T03:48:27.391667+00:00,201,46.14,
2026-09-12T03:48:27.412123+00:00,201,36.37,
2026-09-12T03:48:27.451565+00:00,201,35.34,
2026-09-12T03:48:27.431122+00:00,201,56.15,
2026-09-12T03:48:27.471889+00:00,201,32.74,
2026-09-12T03:48:27.492137+00:00,201,29.99,
2026-09-12T03:48:27.510812+00:00,201,49.31,
2026-09-12T03:48:27.530753+00:00,201,64.78,
2026-09-12T03:48:27.551027+00:00,201,44.91,
2026-09-12T03:48:27.571548+00:00,201,35.2,
2026-09-12T03:48:27.592099+00:00,201,32.09,
2026-09-12T03:48:27.611319+00:00,201,31.21,
2026-09-12T03:48:27.631553+00:00,201,29.27,
2026-09-12T03:48:27.652008+00:00,201,34.39,
2026-09-12T03:48:27.671780+00:00,201,32.0,
2026-09-12T03:48:27.691013+00:00,201,29.78,
2026-09-12T03:48:27.711214+00:00,201,37.19,
2026-09-12T03:48:27.731362+00:00,201,32.84,
2026-09-12T03:48:27.751823+00:00,201,31.63,
2026-09-12T03:48:27.772132+00:00,201,29.35,
2026-09-12T03:48:27.791152+00:00,201,34.93,
2026-09-12T03:48:27.811745+00:00,201,32.79,
2026-09-12T03:48:27.831759+00:00,201,30.68,
2026-09-12T03:48:27.851966+00:00,201,36.6,
2026-09-12T03:48:27.872113+00:00,201,31.38,
2026-09-12T03:48:27.890878+00:00,201,31.12,
2026-09-12T03:48:27.911081+00:00,201,41.0,
2026-09-12T03:48:27.931266+00:00,201,31.06,
2026-09-12T03:48:27.951978+00:00,201,39.81,
2026-09-12T03:48:27.972054+00:00,201,35.38,
2026-09-12T03:48:27.990758+00:00,201,33.86,
2026-09-12T03:48:28.011556+00:00,201,30.7,
2026-09-12T03:48:28.031144+00:00,201,39.46,
2026-09-12T03:48:28.050868+00:00,201,32.47,
2026-09-12T03:48:28.070883+00:00,201,37.82,
2026-09-12T03:48:28.091360+00:00,201,30.44,
2026-09-12T03:48:28.111308+00:00,201,39.42,
2026-09-12T03:48:28.131585+00:00,201,33.29,
2026-09-12T03:48:28.151643+00:00,201,31.71,
2026-09-12T03:48:28.171949+00:00,201,30.46,
2026-09-12T03:48:28.190793+00:00,201,29.63,
2026-09-12T03:48:28.211243+00:00,201,36.15,
2026-09-12T03:48:28.231807+00:00,201,35.3,
2026-09-12T03:48:28.251682+00:00,201,33.08,
2026-09-12T03:48:28.270847+00:00,201,31.21,
2026-09-12T03:48:28.291002+00:00,201,34.42,
2026-09-12T03:48:28.312122+00:00,201,29.3,
2026-09-12T03:48:28.330868+00:00,201,42.0,
2026-09-12T03:48:28.351206+00:00,201,32.38,
2026-09-12T03:48:28.371420+00:00,201,30.6,
2026-09-12T03:48:28.391702+00:00,201,40.73,
2026-09-12T03:48:28.412037+00:00,201,33.07,
2026-09-12T03:48:28.432643+00:00,201,33.05,
2026-09-12T03:48:28.451610+00:00,201,32.43,
2026-09-12T03:48:28.471914+00:00,201,29.82,
2026-09-12T03:48:28.492217+00:00,201,35.83,
2026-09-12T03:48:28.510815+00:00,201,31.94,
2026-09-12T03:48:28.531251+00:00,201,33.7,
2026-09-12T03:48:28.551992+00:00,201,31.14,
2026-09-12T03:48:28.570916+00:00,201,30.33,
2026-09-12T03:48:28.591057+00:00,201,29.66,
2026-09-12T03:48:28.611147+00:00,201,38.38,
2026-09-12T03:48:28.652140+00:00,201,34.51,
2026-09-12T03:48:28.631767+00:00,201,56.49,
2026-09-12T03:48:28.670922+00:00,201,36.08,
2026-09-12T03:48:28.691519+00:00,201,30.76,
2026-09-12T03:48:28.712071+00:00,201,35.8,
2026-09-12T03:48:28.731014+00:00,201,31.63,
2026-09-12T03:48:28.751185+00:00,201,29.85,
2026-09-12T03:48:28.771710+00:00,201,38.2,
2026-09-12T03:48:28.792003+00:00,201,30.81,
2026-09-12T03:48:28.810796+00:00,201,30.31,
2026-09-12T03:48:28.830939+00:00,201,37.98,
2026-09-12T03:48:28.851101+00:00,201,54.4,
2026-09-12T03:48:28.871138+00:00,201,34.81,
2026-09-12T03:48:28.891677+00:00,201,32.57,
2026-09-12T03:48:28.911106+00:00,201,32.28,
2026-09-12T03:48:28.930814+00:00,201,29.97,
2026-09-12T03:48:28.951247+00:00,201,33.27,
2026-09-12T03:48:28.971665+00:00,201,31.76,
2026-09-12T03:48:28.990912+00:00,201,30.6,
2026-09-12T03:48:29.011302+00:00,201,34.83,
2026-09-12T03:48:29.031654+00:00,201,32.02,
2026-09-12T03:48:29.051752+00:00,201,29.38,
2026-09-12T03:48:29.092066+00:00,201,36.69,
2026-09-12T03:48:29.071584+00:00,201,57.3,
2026-09-12T03:48:29.110849+00:00,201,32.22,
2026-09-12T03:48:29.131642+00:00,201,39.5,
2026-09-12T03:48:29.151976+00:00,201,31.38,
2026-09-12T03:48:29.172168+00:00,201,28.9,
2026-09-12T03:48:29.191102+00:00,201,63.81,
2026-09-12T03:48:29.211732+00:00,201,43.21,
2026-09-12T03:48:29.230837+00:00,201,52.95,
2026-09-12T03:48:29.251135+00:00,201,33.02,
2026-09-12T03:48:29.271759+00:00,201,30.46,
2026-09-12T03:48:29.292007+00:00,201,34.51,
2026-09-12T03:48:29.311962+00:00,201,33.34,
2026-09-12T03:48:29.330696+00:00,201,31.57,
2026-09-12T03:48:29.350977+00:00,201,29.88,
2026-09-12T03:48:29.371193+00:00,201,52.39,
2026-09-12T03:48:29.391278+00:00,201,32.65,
2026-09-12T03:48:29.411625+00:00,201,32.73,
2026-09-12T03:48:29.432237+00:00,201,30.47,
2026-09-12T03:48:29.451897+00:00,201,32.92,
2026-09-12T03:48:29.472063+00:00,201,65.69,
2026-09-12T03:48:29.491019+00:00,201,57.15,
2026-09-12T03:48:29.511434+00:00,201,37.94,
2026-09-12T03:48:29.531664+00:00,201,33.54,
2026-09-12T03:48:29.550930+00:00,201,30.72,
2026-09-12T03:48:29.571347+00:00,201,41.29,
2026-09-12T03:48:29.591014+00:00,201,32.21,
2026-09-12T03:48:29.611525+00:00,201,39.07,
2026-09-12T03:48:29.631940+00:00,201,81.75,
2026-09-12T03:48:29.652107+00:00,201,67.96,
2026-09-12T03:48:29.671415+00:00,201,51.64,
2026-09-12T03:48:29.691328+00:00,201,43.02,
2026-09-12T03:48:29.710877+00:00,201,35.44,
2026-09-12T03:48:29.731526+00:00,201,32.06,
2026-09-12T03:48:29.751917+00:00,201,47.73,
2026-09-12T03:48:29.792005+00:00,201,44.0,
2026-09-12T03:48:29.772227+00:00,201,64.58,
2026-09-12T03:48:29.810980+00:00,201,34.44,
2026-09-12T03:48:29.831868+00:00,201,30.63,
2026-09-12T03:48:29.871846+00:00,201,42.33,
2026-09-12T03:48:29.851806+00:00,201,65.3,
2026-09-12T03:48:29.890674+00:00,201,35.73,
2026-09-12T03:48:29.912022+00:00,201,31.95,
2026-09-12T03:48:29.932137+00:00,201,39.6,
2026-09-12T03:48:29.952071+00:00,201,31.41,
2026-09-12T03:48:29.970971+00:00,201,48.09,
2026-09-12T03:48:29.991438+00:00,201,61.15,
2026-09-12T03:48:30.011829+00:00,201,41.43,
2026-09-12T03:48:30.030802+00:00,201,34.4,
2026-09-12T03:48:30.071145+00:00,201,48.5,
2026-09-12T03:48:30.051102+00:00,201,68.54,
2026-09-12T03:48:30.091573+00:00,201,40.45,
2026-09-12T03:48:30.111351+00:00,201,31.91,
2026-09-12T03:48:30.131851+00:00,201,29.5,
2026-09-12T03:48:30.152237+00:00,201,56.31,
2026-09-12T03:48:30.170985+00:00,201,47.98,
2026-09-12T03:48:30.211157+00:00,201,44.25,
2026-09-12T03:48:30.191021+00:00,201,65.13,
2026-09-12T03:48:30.231475+00:00,201,38.11,
2026-09-12T03:48:30.251745+00:00,201,31.43,
2026-09-12T03:48:30.271570+00:00,201,30.17,
2026-09-12T03:48:30.291877+00:00,201,35.47,
2026-09-12T03:48:30.311810+00:00,201,30.66,
2026-09-12T03:48:30.332105+00:00,201,39.75,
2026-09-12T03:48:30.350944+00:00,201,31.5,
2026-09-12T03:48:30.371089+00:00,201,35.0,
2026-09-12T03:48:30.391905+00:00,201,31.0,
2026-09-12T03:48:30.412011+00:00,201,40.03,
2026-09-12T03:48:30.430806+00:00,201,31.85,
2026-09-12T03:48:30.450912+00:00,201,36.68,
2026-09-12T03:48:30.471348+00:00,201,63.47,
2026-09-12T03:48:30.491623+00:00,201,46.2,
2026-09-12T03:48:30.511484+00:00,201,35.85,
2026-09-12T03:48:30.532555+00:00,201,32.53,
2026-09-12T03:48:30.552082+00:00,201,30.92,
2026-09-12T03:48:30.570873+00:00,201,31.7,
2026-09-12T03:48:30.591304+00:00,201,64.05,
2026-09-12T03:48:30.612148+00:00,201,46.98,
2026-09-12T03:48:30.631136+00:00,201,50.08,
2026-09-12T03:48:30.652214+00:00,201,49.1,
2026-09-12T03:48:30.671467+00:00,201,51.67,
2026-09-12T03:48:30.691659+00:00,201,45.8,
2026-09-12T03:48:30.710974+00:00,201,39.67,
2026-09-12T03:48:30.731345+00:00,201,36.29,
2026-09-12T03:48:30.751096+00:00,201,37.36,
2026-09-12T03:48:30.791950+00:00,201,44.35,
2026-09-12T03:48:30.771668+00:00,201,65.46,
2026-09-12T03:48:30.810830+00:00,201,41.24,
2026-09-12T03:48:30.831417+00:00,201,35.28,
2026-09-12T03:48:30.852107+00:00,201,33.78,
2026-09-12T03:48:30.871699+00:00,201,31.73,
2026-09-12T03:48:30.891312+00:00,201,31.22,
2026-09-12T03:48:30.911525+00:00,201,38.87,
2026-09-12T03:48:30.931906+00:00,201,31.7,
2026-09-12T03:48:30.952111+00:00,201,30.51,
2026-09-12T03:48:30.972127+00:00,201,39.88,
2026-09-12T03:48:30.991060+00:00,201,32.13,
2026-09-12T03:48:31.011325+00:00,201,32.68,
2026-09-12T03:48:31.031834+00:00,201,29.73,
2026-09-12T03:48:31.071709+00:00,201,45.03,
2026-09-12T03:48:31.051758+00:00,201,65.56,
2026-09-12T03:48:31.091073+00:00,201,45.38,
2026-09-12T03:48:31.111780+00:00,201,49.18,
2026-09-12T03:48:31.130878+00:00,201,43.68,
2026-09-12T03:48:31.151882+00:00,201,33.97,
2026-09-12T03:48:31.171488+00:00,201,30.53,
2026-09-12T03:48:31.191586+00:00,201,42.07,
2026-09-12T03:48:31.211828+00:00,201,32.75,
2026-09-12T03:48:31.232168+00:00,201,34.0,
2026-09-12T03:48:31.252187+00:00,201,37.35,
2026-09-12T03:48:31.271000+00:00,201,55.03,
2026-09-12T03:48:31.292039+00:00,201,48.19,
2026-09-12T03:48:31.311734+00:00,201,34.57,
2026-09-12T03:48:31.332246+00:00,201,30.91,
2026-09-12T03:48:31.351004+00:00,201,30.86,
2026-09-12T03:48:31.371641+00:00,201,34.28,
2026-09-12T03:48:31.391946+00:00,201,30.5,
2026-09-12T03:48:31.410894+00:00,201,29.71,
2026-09-12T03:48:31.431234+00:00,201,36.45,
2026-09-12T03:48:31.451460+00:00,201,32.47,
2026-09-12T03:48:31.471979+00:00,201,31.96,
2026-09-12T03:48:31.492229+00:00,201,38.62,
2026-09-12T03:48:31.511323+00:00,201,32.47,
2026-09-12T03:48:31.530697+00:00,201,31.39,
2026-09-12T03:48:31.551272+00:00,201,30.17,
2026-09-12T03:48:31.571584+00:00,201,37.56,
2026-09-12T03:48:31.591660+00:00,201,52.09,
2026-09-12T03:48:31.611878+00:00,201,34.01,
2026-09-12T03:48:31.631206+00:00,201,61.9,
2026-09-12T03:48:31.651107+00:00,201,42.73,
2026-09-12T03:48:31.671231+00:00,201,35.17,
2026-09-12T03:48:31.691662+00:00,201,37.54,
2026-09-12T03:48:31.711016+00:00,201,34.84,
2026-09-12T03:48:31.731077+00:00,201,32.07,
2026-09-12T03:48:31.771948+00:00,201,42.84,
2026-09-12T03:48:31.751490+00:00,201,63.41,
2026-09-12T03:48:31.790900+00:00,201,52.91,
2026-09-12T03:48:31.810965+00:00,201,43.24,
2026-09-12T03:48:31.851216+00:00,201,42.66,
2026-09-12T03:48:31.831215+00:00,201,64.52,
2026-09-12T03:48:31.871450+00:00,201,35.61,
2026-09-12T03:48:31.891854+00:00,201,33.71,
2026-09-12T03:48:31.910816+00:00,201,31.35,
2026-09-12T03:48:31.931012+00:00,201,29.5,
2026-09-12T03:48:31.951190+00:00,201,59.43,
2026-09-12T03:48:31.970974+00:00,201,40.28,
2026-09-12T03:48:31.991467+00:00,201,35.6,
2026-09-12T03:48:32.011565+00:00,201,33.09,
2026-09-12T03:48:32.031828+00:00,201,30.68,
2026-09-12T03:48:32.052064+00:00,201,37.87,
2026-09-12T03:48:32.070708+00:00,201,32.21,
2026-09-12T03:48:32.091319+00:00,201,33.54,
2026-09-12T03:48:32.111078+00:00,201,32.03,
2026-09-12T03:48:32.131270+00:00,201,29.94,
2026-09-12T03:48:32.151459+00:00,201,35.54,
2026-09-12T03:48:32.171802+00:00,201,31.58,
2026-09-12T03:48:32.192078+00:00,201,29.9,
2026-09-12T03:48:32.210717+00:00,201,37.97,
2026-09-12T03:48:32.231041+00:00,201,34.56,
2026-09-12T03:48:32.250984+00:00,201,66.68,
2026-09-12T03:48:32.270698+00:00,201,60.22,
2026-09-12T03:48:32.292004+00:00,201,41.42,
2026-09-12T03:48:32.310910+00:00,201,36.88,
2026-09-12T03:48:32.331266+00:00,201,32.76,
2026-09-12T03:48:32.350947+00:00,201,30.44,
2026-09-12T03:48:32.371137+00:00,201,52.85,
2026-09-12T03:48:32.391494+00:00,201,33.34,
2026-09-12T03:48:32.411891+00:00,201,31.05,
2026-09-12T03:48:32.430815+00:00,201,30.42,
2026-09-12T03:48:32.451188+00:00,201,32.43,
2026-09-12T03:48:32.470965+00:00,201,30.91,
2026-09-12T03:48:32.491619+00:00,201,37.33,
2026-09-12T03:48:32.511874+00:00,201,31.56,
2026-09-12T03:48:32.531677+00:00,201,30.56,
2026-09-12T03:48:32.551909+00:00,201,42.47,
2026-09-12T03:48:32.572244+00:00,201,33.65,
2026-09-12T03:48:32.590998+00:00,201,31.88,
2026-09-12T03:48:32.611663+00:00,201,41.06,
2026-09-12T03:48:32.631679+00:00,201,32.22,
2026-09-12T03:48:32.652127+00:00,201,33.05,
2026-09-12T03:48:32.691561+00:00,201,85.45,
2026-09-12T03:48:32.671936+00:00,201,105.33,
2026-09-12T03:48:32.711696+00:00,201,73.28,
2026-09-12T03:48:32.731091+00:00,201,64.64,
2026-09-12T03:48:32.770713+00:00,201,54.07,
2026-09-12T03:48:32.751027+00:00,201,75.95,
2026-09-12T03:48:32.791480+00:00,201,51.0,
2026-09-12T03:48:32.811641+00:00,201,51.26,
2026-09-12T03:48:32.832172+00:00,201,42.93,
2026-09-12T03:48:32.851463+00:00,201,58.61,
2026-09-12T03:48:32.871797+00:00,201,47.34,
2026-09-12T03:48:32.911040+00:00,201,45.55,
2026-09-12T03:48:32.890750+00:00,201,65.92,
2026-09-12T03:48:32.931663+00:00,201,62.66,
2026-09-12T03:48:32.950824+00:00,201,44.18,
2026-09-12T03:48:32.971192+00:00,201,41.02,
2026-09-12T03:48:32.992029+00:00,201,33.5,
2026-09-12T03:48:33.010976+00:00,201,30.97,
2026-09-12T03:48:33.031538+00:00,201,46.0,
2026-09-12T03:48:33.052176+00:00,201,62.49,
2026-09-12T03:48:33.072023+00:00,201,43.2,
2026-09-12T03:48:33.090800+00:00,201,35.34,
2026-09-12T03:48:33.111550+00:00,201,32.85,
2026-09-12T03:48:33.131800+00:00,201,56.06,
2026-09-12T03:48:33.150746+00:00,201,53.63,
2026-09-12T03:48:33.171603+00:00,201,42.97,
2026-09-12T03:48:33.191856+00:00,201,34.02,
2026-09-12T03:48:33.210867+00:00,201,57.2,
2026-09-12T03:48:33.231332+00:00,201,47.14,
2026-09-12T03:48:33.252018+00:00,201,60.77,
2026-09-12T03:48:33.272170+00:00,201,40.71,
2026-09-12T03:48:33.311130+00:00,201,35.06,
2026-09-12T03:48:33.290858+00:00,201,56.77,
2026-09-12T03:48:33.331152+00:00,201,33.44,
2026-09-12T03:48:33.351651+00:00,201,29.39,
2026-09-12T03:48:33.372010+00:00,201,52.66,
2026-09-12T03:48:33.390765+00:00,201,34.25,
2026-09-12T03:48:33.410998+00:00,201,30.73,
2026-09-12T03:48:33.431354+00:00,201,36.75,
2026-09-12T03:48:33.451646+00:00,201,52.66,
2026-09-12T03:48:33.471471+00:00,201,34.72,
2026-09-12T03:48:33.492019+00:00,201,30.83,
2026-09-12T03:48:33.511185+00:00,201,30.84,
2026-09-12T03:48:33.531039+00:00,201,30.69,
2026-09-12T03:48:33.551273+00:00,201,40.86,
2026-09-12T03:48:33.571586+00:00,201,32.27,
2026-09-12T03:48:33.591894+00:00,201,30.77,
2026-09-12T03:48:33.611000+00:00,201,30.24,
2026-09-12T03:48:33.631459+00:00,201,41.05,
2026-09-12T03:48:33.651720+00:00,201,32.15,
2026-09-12T03:48:33.671039+00:00,201,30.85,
2026-09-12T03:48:33.691368+00:00,201,40.05,
2026-09-12T03:48:33.711707+00:00,201,32.21,
2026-09-12T03:48:33.732007+00:00,201,33.16,
2026-09-12T03:48:33.750883+00:00,201,31.94,
2026-09-12T03:48:33.771098+00:00,201,30.47,
2026-09-12T03:48:33.790999+00:00,201,37.64,
2026-09-12T03:48:33.811795+00:00,201,31.62,
2026-09-12T03:48:33.832166+00:00,201,31.23,
2026-09-12T03:48:33.850929+00:00,201,31.12,
2026-09-12T03:48:33.871156+00:00,201,34.22,
2026-09-12T03:48:33.891109+00:00,201,31.17,
2026-09-12T03:48:33.911484+00:00,201,41.46,
2026-09-12T03:48:33.931832+00:00,201,34.66,
2026-09-12T03:48:33.952262+00:00,201,36.66,
2026-09-12T03:48:33.970749+00:00,201,33.01,
2026-09-12T03:48:33.991440+00:00,201,61.53,
2026-09-12T03:48:34.011770+00:00,201,43.91,
2026-09-12T03:48:34.030989+00:00,201,39.05,
2026-09-12T03:48:34.051159+00:00,201,33.12,
2026-09-12T03:48:34.071088+00:00,201,31.07,
2026-09-12T03:48:34.091075+00:00,201,29.73,
2026-09-12T03:48:34.111589+00:00,201,40.44,
2026-09-12T03:48:34.151757+00:00,201,41.04,
2026-09-12T03:48:34.131624+00:00,201,61.64,
2026-09-12T03:48:34.170907+00:00,201,35.05,
2026-09-12T03:48:34.191217+00:00,201,33.29,
2026-09-12T03:48:34.211334+00:00,201,30.0,
2026-09-12T03:48:34.231566+00:00,201,53.78,
2026-09-12T03:48:34.252114+00:00,201,33.74,
2026-09-12T03:48:34.271651+00:00,201,33.33,
2026-09-12T03:48:34.291004+00:00,201,33.32,
2026-09-12T03:48:34.311416+00:00,201,33.93,
2026-09-12T03:48:34.331955+00:00,201,33.58,
2026-09-12T03:48:34.350766+00:00,201,31.77,
2026-09-12T03:48:34.370955+00:00,201,51.93,
2026-09-12T03:48:34.391408+00:00,201,44.51,
2026-09-12T03:48:34.411530+00:00,201,33.34,
2026-09-12T03:48:34.452086+00:00,201,37.63,
2026-09-12T03:48:34.431190+00:00,201,59.82,
2026-09-12T03:48:34.471227+00:00,201,34.74,
2026-09-12T03:48:34.491848+00:00,201,30.57,
2026-09-12T03:48:34.510730+00:00,201,30.08,
2026-09-12T03:48:34.532014+00:00,201,31.53,
2026-09-12T03:48:34.552225+00:00,201,63.71,
2026-09-12T03:48:34.570844+00:00,201,58.76,
2026-09-12T03:48:34.591487+00:00,201,40.7,
2026-09-12T03:48:34.611787+00:00,201,33.65,
2026-09-12T03:48:34.632020+00:00,201,30.69,
2026-09-12T03:48:34.650803+00:00,201,57.45,
2026-09-12T03:48:34.671089+00:00,201,48.57,
2026-09-12T03:48:34.691847+00:00,201,36.3,
2026-09-12T03:48:34.710851+00:00,201,31.18,
2026-09-12T03:48:34.731251+00:00,201,56.51,
2026-09-12T03:48:34.751434+00:00,201,36.76,
2026-09-12T03:48:34.771802+00:00,201,33.68,
2026-09-12T03:48:34.792087+00:00,201,29.72,
2026-09-12T03:48:34.812126+00:00,201,33.14,
2026-09-12T03:48:34.830919+00:00,201,30.74,
2026-09-12T03:48:34.850834+00:00,201,43.07,
2026-09-12T03:48:34.872106+00:00,201,31.98,
2026-09-12T03:48:34.891034+00:00,201,29.77,
2026-09-12T03:48:34.911445+00:00,201,40.72,
2026-09-12T03:48:34.931600+00:00,201,32.35,
2026-09-12T03:48:34.952426+00:00,201,44.08,
2026-09-12T03:48:34.970543+00:00,201,39.89,
2026-09-12T03:48:34.991593+00:00,201,43.38,
2026-09-12T03:48:35.012153+00:00,201,35.94,
2026-09-12T03:48:35.030648+00:00,201,32.0,
2026-09-12T03:48:35.051240+00:00,201,30.43,
2026-09-12T03:48:35.071495+00:00,201,57.41,
2026-09-12T03:48:35.091761+00:00,201,46.94,
2026-09-12T03:48:35.110722+00:00,201,41.93,
2026-09-12T03:48:35.131604+00:00,201,31.58,
2026-09-12T03:48:35.151992+00:00,201,37.04,
2026-09-12T03:48:35.171125+00:00,201,30.95,
2026-09-12T03:48:35.191815+00:00,201,39.19,
2026-09-12T03:48:35.211805+00:00,201,32.75,
2026-09-12T03:48:35.231018+00:00,201,30.79,
2026-09-12T03:48:35.251025+00:00,201,31.65,
2026-09-12T03:48:35.291524+00:00,201,46.99,
2026-09-12T03:48:35.271211+00:00,201,68.23,
2026-09-12T03:48:35.311913+00:00,201,38.51,
2026-09-12T03:48:35.352231+00:00,201,43.33,
2026-09-12T03:48:35.331642+00:00,201,64.23,
2026-09-12T03:48:35.371115+00:00,201,35.9,
2026-09-12T03:48:35.391119+00:00,201,32.3,
2026-09-12T03:48:35.411709+00:00,201,30.02,
2026-09-12T03:48:35.431825+00:00,201,42.43,
2026-09-12T03:48:35.452204+00:00,201,34.5,
2026-09-12T03:48:35.472102+00:00,201,31.34,
2026-09-12T03:48:35.490736+00:00,201,31.15,
2026-09-12T03:48:35.511134+00:00,201,36.54,
2026-09-12T03:48:35.531658+00:00,201,31.34,
2026-09-12T03:48:35.551790+00:00,201,37.76,
2026-09-12T03:48:35.571783+00:00,201,58.93,
2026-09-12T03:48:35.591891+00:00,201,39.25,
2026-09-12T03:48:35.610878+00:00,201,34.3,
2026-09-12T03:48:35.631847+00:00,201,30.65,
2026-09-12T03:48:35.650876+00:00,201,30.71,
2026-09-12T03:48:35.671358+00:00,201,31.01,
2026-09-12T03:48:35.711985+00:00,201,44.58,
2026-09-12T03:48:35.691745+00:00,201,65.31,
2026-09-12T03:48:35.730794+00:00,201,39.8,
2026-09-12T03:48:35.751720+00:00,201,33.17,
2026-09-12T03:48:35.770649+00:00,201,30.13,
2026-09-12T03:48:35.791115+00:00,201,59.24,
2026-09-12T03:48:35.811460+00:00,201,40.68,
2026-09-12T03:48:35.831967+00:00,201,61.42,
2026-09-12T03:48:35.850718+00:00,201,42.79,
2026-09-12T03:48:35.891434+00:00,201,35.41,
2026-09-12T03:48:35.871037+00:00,201,56.84,
2026-09-12T03:48:35.911775+00:00,201,33.88,
2026-09-12T03:48:35.931306+00:00,201,30.64,
2026-09-12T03:48:35.951628+00:00,201,52.62,
2026-09-12T03:48:35.972187+00:00,201,45.82,
2026-09-12T03:48:35.992135+00:00,201,34.9,
2026-09-12T03:48:36.010744+00:00,201,32.24,
2026-09-12T03:48:36.031491+00:00,201,32.63,
2026-09-12T03:48:36.051867+00:00,201,44.69,
2026-09-12T03:48:36.091646+00:00,201,40.21,
2026-09-12T03:48:36.071332+00:00,201,61.29,
2026-09-12T03:48:36.112174+00:00,201,50.34,
2026-09-12T03:48:36.130708+00:00,201,34.27,
2026-09-12T03:48:36.150987+00:00,201,31.4,
2026-09-12T03:48:36.170899+00:00,201,29.55,
2026-09-12T03:48:36.191003+00:00,201,30.16,
2026-09-12T03:48:36.211373+00:00,201,44.81,
2026-09-12T03:48:36.231739+00:00,201,32.81,
2026-09-12T03:48:36.250621+00:00,201,48.16,
2026-09-12T03:48:36.270779+00:00,201,62.03,
2026-09-12T03:48:36.312132+00:00,201,36.5,
2026-09-12T03:48:36.291422+00:00,201,57.67,
2026-09-12T03:48:36.332219+00:00,201,33.31,
2026-09-12T03:48:36.351186+00:00,201,37.27,
2026-09-12T03:48:36.371329+00:00,201,53.83,
2026-09-12T03:48:36.392813+00:00,201,42.67,
2026-09-12T03:48:36.411013+00:00,201,34.98,
2026-09-12T03:48:36.431697+00:00,201,32.66,
2026-09-12T03:48:36.451857+00:00,201,52.65,
2026-09-12T03:48:36.470975+00:00,201,47.58,
2026-09-12T03:48:36.492156+00:00,201,32.81,
2026-09-12T03:48:36.510930+00:00,201,32.06,
2026-09-12T03:48:36.531293+00:00,201,34.49,
2026-09-12T03:48:36.550851+00:00,201,53.9,
2026-09-12T03:48:36.571559+00:00,201,35.47,
2026-09-12T03:48:36.591773+00:00,201,32.38,
2026-09-12T03:48:36.610790+00:00,201,30.94,
2026-09-12T03:48:36.631096+00:00,201,46.16,
2026-09-12T03:48:36.651422+00:00,201,61.63,
2026-09-12T03:48:36.671685+00:00,201,51.3,
2026-09-12T03:48:36.690815+00:00,201,36.19,
2026-09-12T03:48:36.711211+00:00,201,32.82,
2026-09-12T03:48:36.731605+00:00,201,30.81,
2026-09-12T03:48:36.751779+00:00,201,34.98,
2026-09-12T03:48:36.770706+00:00,201,53.2,
2026-09-12T03:48:36.790982+00:00,201,33.66,
2026-09-12T03:48:36.811619+00:00,201,31.94,
2026-09-12T03:48:36.832051+00:00,201,29.33,
2026-09-12T03:48:36.850753+00:00,201,29.87,
2026-09-12T03:48:36.870977+00:00,201,40.24,
2026-09-12T03:48:36.890802+00:00,201,32.06,
2026-09-12T03:48:36.911511+00:00,201,31.35,
2026-09-12T03:48:36.931255+00:00,201,31.12,
2026-09-12T03:48:36.951393+00:00,201,28.64,
2026-09-12T03:48:36.991856+00:00,201,33.17,
2026-09-12T03:48:36.971771+00:00,201,53.53,
2026-09-12T03:48:37.010789+00:00,201,31.66,
2026-09-12T03:48:37.031278+00:00,201,29.06,
2026-09-12T03:48:37.051816+00:00,201,33.01,
2026-09-12T03:48:37.071698+00:00,201,30.27,
2026-09-12T03:48:37.091892+00:00,201,58.53,
2026-09-12T03:48:37.110830+00:00,201,40.11,
2026-09-12T03:48:37.131208+00:00,201,33.68,
2026-09-12T03:48:37.152274+00:00,201,30.48,
2026-09-12T03:48:37.172125+00:00,201,37.27,
2026-09-12T03:48:37.190975+00:00,201,31.42,
2026-09-12T03:48:37.211048+00:00,201,32.86,
2026-09-12T03:48:37.231274+00:00,201,62.06,
2026-09-12T03:48:37.251318+00:00,201,42.4,
2026-09-12T03:48:37.271459+00:00,201,44.48,
2026-09-12T03:48:37.291447+00:00,201,35.59,
2026-09-12T03:48:37.311313+00:00,201,31.52,
2026-09-12T03:48:37.331353+00:00,201,48.75,
2026-09-12T03:48:37.351702+00:00,201,61.83,
2026-09-12T03:48:37.391240+00:00,201,35.2,
2026-09-12T03:48:37.371989+00:00,201,54.51,
2026-09-12T03:48:37.411781+00:00,201,32.84,
2026-09-12T03:48:37.431921+00:00,201,29.99,
2026-09-12T03:48:37.451925+00:00,201,39.08,
2026-09-12T03:48:37.470720+00:00,201,32.71,
2026-09-12T03:48:37.492220+00:00,201,37.23,
2026-09-12T03:48:37.511377+00:00,201,59.73,
2026-09-12T03:48:37.531748+00:00,201,39.97,
2026-09-12T03:48:37.550963+00:00,201,36.55,
2026-09-12T03:48:37.571525+00:00,201,33.61,
2026-09-12T03:48:37.590778+00:00,201,30.85,
2026-09-12T03:48:37.611052+00:00,201,35.19,
2026-09-12T03:48:37.631647+00:00,201,30.99,
2026-09-12T03:48:37.651926+00:00,201,40.2,
2026-09-12T03:48:37.670810+00:00,201,31.73,
2026-09-12T03:48:37.691913+00:00,201,31.63,
2026-09-12T03:48:37.711113+00:00,201,29.21,
2026-09-12T03:48:37.731280+00:00,201,44.16,
2026-09-12T03:48:37.751556+00:00,201,36.05,
2026-09-12T03:48:37.772097+00:00,201,32.25,
2026-09-12T03:48:37.791606+00:00,201,30.95,
2026-09-12T03:48:37.812066+00:00,201,59.12,
2026-09-12T03:48:37.831322+00:00,201,50.79,
2026-09-12T03:48:37.851549+00:00,201,37.19,
2026-09-12T03:48:37.871981+00:00,201,31.63,
2026-09-12T03:48:37.892015+00:00,201,29.65,
2026-09-12T03:48:37.910852+00:00,201,51.47,
2026-09-12T03:48:37.950955+00:00,201,33.21,
2026-09-12T03:48:37.930838+00:00,201,57.26,
2026-09-12T03:48:37.971709+00:00,201,54.97,
2026-09-12T03:48:37.992209+00:00,201,36.55,
2026-09-12T03:48:38.011315+00:00,201,35.03,
2026-09-12T03:48:38.030740+00:00,201,30.34,
2026-09-12T03:48:38.051230+00:00,201,44.55,
2026-09-12T03:48:38.071470+00:00,201,66.57,
2026-09-12T03:48:38.091480+00:00,201,47.12,
2026-09-12T03:48:38.112210+00:00,201,38.92,
2026-09-12T03:48:38.131959+00:00,201,33.19,
2026-09-12T03:48:38.152193+00:00,201,31.81,
2026-09-12T03:48:38.191381+00:00,201,36.58,
2026-09-12T03:48:38.170948+00:00,201,57.7,
2026-09-12T03:48:38.211904+00:00,201,33.88,
2026-09-12T03:48:38.230903+00:00,201,30.91,
2026-09-12T03:48:38.252123+00:00,201,33.07,
2026-09-12T03:48:38.270942+00:00,201,49.51,
2026-09-12T03:48:38.291551+00:00,201,32.79,
2026-09-12T03:48:38.311982+00:00,201,30.69,
2026-09-12T03:48:38.330633+00:00,201,29.4,
2026-09-12T03:48:38.352056+00:00,201,38.32,
2026-09-12T03:48:38.370815+00:00,201,76.47,
2026-09-12T03:48:38.390982+00:00,201,57.54,
2026-09-12T03:48:38.411254+00:00,201,50.2,
2026-09-12T03:48:38.431822+00:00,201,37.24,
2026-09-12T03:48:38.451368+00:00,201,57.32,
2026-09-12T03:48:38.471506+00:00,201,48.6,
2026-09-12T03:48:38.491948+00:00,201,35.29,
2026-09-12T03:48:38.510730+00:00,201,32.3,
2026-09-12T03:48:38.531200+00:00,201,29.2,
2026-09-12T03:48:38.551065+00:00,201,49.56,
2026-09-12T03:48:38.571588+00:00,201,57.99,
2026-09-12T03:48:38.591977+00:00,201,54.31,
2026-09-12T03:48:38.610977+00:00,201,36.58,
2026-09-12T03:48:38.631178+00:00,201,34.38,
2026-09-12T03:48:38.651869+00:00,201,30.34,
2026-09-12T03:48:38.672100+00:00,201,37.5,
2026-09-12T03:48:38.690898+00:00,201,32.6,
2026-09-12T03:48:38.712184+00:00,201,37.44,
2026-09-12T03:48:38.730874+00:00,201,31.73,
2026-09-12T03:48:38.750828+00:00,201,29.98,
2026-09-12T03:48:38.771381+00:00,201,30.54,
2026-09-12T03:48:38.791790+00:00,201,38.99,
2026-09-12T03:48:38.810946+00:00,201,31.81,
2026-09-12T03:48:38.832045+00:00,201,32.71,
2026-09-12T03:48:38.851410+00:00,201,32.76,
2026-09-12T03:48:38.871803+00:00,201,32.06,
2026-09-12T03:48:38.892049+00:00,201,30.73,
2026-09-12T03:48:38.911297+00:00,201,31.31,
2026-09-12T03:48:38.931570+00:00,201,37.94,
2026-09-12T03:48:38.972467+00:00,201,37.35,
2026-09-12T03:48:38.951612+00:00,201,58.94,
2026-09-12T03:48:38.991155+00:00,201,34.79,
2026-09-12T03:48:39.010940+00:00,201,32.43,
2026-09-12T03:48:39.031657+00:00,201,30.93,
2026-09-12T03:48:39.052064+00:00,201,40.49,
2026-09-12T03:48:39.071225+00:00,201,32.7,
2026-09-12T03:48:39.091200+00:00,201,30.3,
2026-09-12T03:48:39.110938+00:00,201,34.49,
2026-09-12T03:48:39.132054+00:00,201,30.23,
2026-09-12T03:48:39.151775+00:00,201,39.83,
2026-09-12T03:48:39.170911+00:00,201,32.05,
2026-09-12T03:48:39.191985+00:00,201,32.55,
2026-09-12T03:48:39.212040+00:00,201,32.63,
2026-09-12T03:48:39.230932+00:00,201,29.93,
2026-09-12T03:48:39.251112+00:00,201,39.57,
2026-09-12T03:48:39.271602+00:00,201,32.52,
2026-09-12T03:48:39.291765+00:00,201,29.68,
2026-09-12T03:48:39.311905+00:00,201,38.23,
2026-09-12T03:48:39.332099+00:00,201,30.89,
2026-09-12T03:48:39.351933+00:00,201,34.47,
2026-09-12T03:48:39.370801+00:00,201,32.72,
2026-09-12T03:48:39.391229+00:00,201,30.37,
2026-09-12T03:48:39.411387+00:00,201,32.82,
2026-09-12T03:48:39.432034+00:00,201,66.68,
2026-09-12T03:48:39.471624+00:00,201,37.86,
2026-09-12T03:48:39.450847+00:00,201,59.08,
2026-09-12T03:48:39.490640+00:00,201,33.49,
2026-09-12T03:48:39.511634+00:00,201,30.43,
2026-09-12T03:48:39.531725+00:00,201,39.45,
2026-09-12T03:48:39.551681+00:00,201,31.52,
2026-09-12T03:48:39.571720+00:00,201,31.01,
2026-09-12T03:48:39.592007+00:00,201,39.41,
2026-09-12T03:48:39.611064+00:00,201,32.54,
2026-09-12T03:48:39.631715+00:00,201,32.34,
2026-09-12T03:48:39.651157+00:00,201,30.75,
2026-09-12T03:48:39.671133+00:00,201,40.16,
2026-09-12T03:48:39.691755+00:00,201,31.87,
2026-09-12T03:48:39.712083+00:00,201,38.53,
2026-09-12T03:48:39.730972+00:00,201,31.75,
2026-09-12T03:48:39.751460+00:00,201,38.61,
2026-09-12T03:48:39.772131+00:00,201,31.71,
2026-09-12T03:48:39.791491+00:00,201,30.82,
2026-09-12T03:48:39.811252+00:00,201,29.84,
2026-09-12T03:48:39.831632+00:00,201,37.81,
2026-09-12T03:48:39.852093+00:00,201,33.55,
2026-09-12T03:48:39.872135+00:00,201,30.75,
2026-09-12T03:48:39.891150+00:00,201,30.21,
2026-09-12T03:48:39.911344+00:00,201,34.32,
2026-09-12T03:48:39.931259+00:00,201,31.21,
2026-09-12T03:48:39.951778+00:00,201,37.47,
2026-09-12T03:48:39.970727+00:00,201,55.41,
2026-09-12T03:48:39.990905+00:00,201,47.86,
2026-09-12T03:48:40.011449+00:00,201,34.25,
2026-09-12T03:48:40.050848+00:00,201,42.78,
2026-09-12T03:48:40.032134+00:00,201,62.36,
2026-09-12T03:48:40.071921+00:00,201,35.81,
2026-09-12T03:48:40.090829+00:00,201,49.47,
2026-09-12T03:48:40.111084+00:00,201,50.87,
2026-09-12T03:48:40.131102+00:00,201,40.22,
2026-09-12T03:48:40.152127+00:00,201,52.48,
2026-09-12T03:48:40.171137+00:00,201,33.78,
2026-09-12T03:48:40.191930+00:00,201,33.52,
2026-09-12T03:48:40.210859+00:00,201,54.08,
2026-09-12T03:48:40.231400+00:00,201,43.49,
2026-09-12T03:48:40.272073+00:00,201,44.44,
2026-09-12T03:48:40.251789+00:00,201,65.25,
2026-09-12T03:48:40.291180+00:00,201,35.89,
2026-09-12T03:48:40.311690+00:00,201,32.96,
2026-09-12T03:48:40.332101+00:00,201,29.32,
2026-09-12T03:48:40.351784+00:00,201,58.68,
2026-09-12T03:48:40.372137+00:00,201,38.68,
2026-09-12T03:48:40.391017+00:00,201,36.55,
2026-09-12T03:48:40.411294+00:00,201,31.35,
2026-09-12T03:48:40.432185+00:00,201,35.81,
2026-09-12T03:48:40.451016+00:00,201,33.44,
2026-09-12T03:48:40.471291+00:00,201,30.87,
2026-09-12T03:48:40.491670+00:00,201,38.1,
2026-09-12T03:48:40.512131+00:00,201,31.58,
2026-09-12T03:48:40.530849+00:00,201,29.79,
2026-09-12T03:48:40.551470+00:00,201,69.63,
2026-09-12T03:48:40.571912+00:00,201,67.02,
2026-09-12T03:48:40.591132+00:00,201,52.96,
2026-09-12T03:48:40.611217+00:00,201,51.67,
2026-09-12T03:48:40.631970+00:00,201,48.81,
2026-09-12T03:48:40.652161+00:00,201,45.45,
2026-09-12T03:48:40.671108+00:00,201,48.78,
2026-09-12T03:48:40.691247+00:00,201,49.66,
2026-09-12T03:48:40.711805+00:00,201,42.85,
2026-09-12T03:48:40.732306+00:00,201,35.91,
2026-09-12T03:48:40.750944+00:00,201,32.42,
2026-09-12T03:48:40.771249+00:00,201,29.62,
2026-09-12T03:48:40.791441+00:00,201,35.86,
2026-09-12T03:48:40.811999+00:00,201,47.9,
2026-09-12T03:48:40.830708+00:00,201,65.04,
2026-09-12T03:48:40.851294+00:00,201,44.88,
2026-09-12T03:48:40.871759+00:00,201,34.19,
2026-09-12T03:48:40.891916+00:00,201,33.23,
2026-09-12T03:48:40.911884+00:00,201,31.84,
2026-09-12T03:48:40.951010+00:00,201,40.89,
2026-09-12T03:48:40.932122+00:00,201,60.15,
2026-09-12T03:48:40.971433+00:00,201,42.98,
2026-09-12T03:48:40.992094+00:00,201,33.18,
2026-09-12T03:48:41.010904+00:00,201,31.38,
2026-09-12T03:48:41.031092+00:00,201,29.05,
2026-09-12T03:48:41.051778+00:00,201,50.42,
2026-09-12T03:48:41.071661+00:00,201,40.46,
2026-09-12T03:48:41.090924+00:00,201,39.18,
2026-09-12T03:48:41.111615+00:00,201,41.97,
2026-09-12T03:48:41.131914+00:00,201,41.03,
2026-09-12T03:48:41.152107+00:00,201,55.12,
2026-09-12T03:48:41.170747+00:00,201,37.16,
2026-09-12T03:48:41.191845+00:00,201,36.96,
2026-09-12T03:48:41.210769+00:00,201,57.4,
2026-09-12T03:48:41.230977+00:00,201,37.51,
2026-09-12T03:48:41.251616+00:00,201,65.88,
2026-09-12T03:48:41.270992+00:00,201,46.83,
2026-09-12T03:48:41.291949+00:00,201,36.09,
2026-09-12T03:48:41.312130+00:00,201,32.91,
2026-09-12T03:48:41.331293+00:00,201,62.92,
2026-09-12T03:48:41.351497+00:00,201,55.95,
2026-09-12T03:48:41.372285+00:00,201,38.49,
2026-09-12T03:48:41.391150+00:00,201,36.1,
2026-09-12T03:48:41.411825+00:00,201,32.54,
2026-09-12T03:48:41.432199+00:00,201,30.9,
2026-09-12T03:48:41.450987+00:00,201,30.8,
2026-09-12T03:48:41.471245+00:00,201,37.81,
2026-09-12T03:48:41.490742+00:00,201,63.21,
2026-09-12T03:48:41.510893+00:00,201,43.13,
2026-09-12T03:48:41.531588+00:00,201,35.14,
2026-09-12T03:48:41.552142+00:00,201,33.23,
2026-09-12T03:48:41.571466+00:00,201,30.87,
2026-09-12T03:48:41.591692+00:00,201,34.36,
2026-09-12T03:48:41.610800+00:00,201,32.76,
2026-09-12T03:48:41.630933+00:00,201,29.74,
2026-09-12T03:48:41.651242+00:00,201,39.84,
2026-09-12T03:48:41.671740+00:00,201,32.9,
2026-09-12T03:48:41.691075+00:00,201,31.21,
2026-09-12T03:48:41.710863+00:00,201,34.54,
2026-09-12T03:48:41.730969+00:00,201,39.92,
2026-09-12T03:48:41.751026+00:00,201,34.66,
2026-09-12T03:48:41.771924+00:00,201,31.06,
2026-09-12T03:48:41.790768+00:00,201,59.61,
2026-09-12T03:48:41.811163+00:00,201,51.14,
2026-09-12T03:48:41.831555+00:00,201,43.44,
2026-09-12T03:48:41.870837+00:00,201,42.71,
2026-09-12T03:48:41.851933+00:00,201,63.33,
2026-09-12T03:48:41.911468+00:00,201,37.03,
2026-09-12T03:48:41.891343+00:00,201,57.56,
2026-09-12T03:48:41.930671+00:00,201,34.64,
2026-09-12T03:48:41.950980+00:00,201,31.78,
2026-09-12T03:48:41.970769+00:00,201,53.38,
2026-09-12T03:48:41.990948+00:00,201,34.39,
2026-09-12T03:48:42.011583+00:00,201,30.77,
2026-09-12T03:48:42.032203+00:00,201,55.45,
2026-09-12T03:48:42.051058+00:00,201,47.68,
2026-09-12T03:48:42.091718+00:00,201,42.78,
2026-09-12T03:48:42.071738+00:00,201,64.98,
2026-09-12T03:48:42.110933+00:00,201,33.86,
2026-09-12T03:48:42.131511+00:00,201,31.69,
2026-09-12T03:48:42.151169+00:00,201,30.7,
2026-09-12T03:48:42.171330+00:00,201,36.81,
2026-09-12T03:48:42.191799+00:00,201,34.48,
2026-09-12T03:48:42.210737+00:00,201,32.28,
2026-09-12T03:48:42.230982+00:00,201,30.63,
2026-09-12T03:48:42.251655+00:00,201,35.89,
2026-09-12T03:48:42.270931+00:00,201,33.27,
2026-09-12T03:48:42.291280+00:00,201,29.43,
2026-09-12T03:48:42.311631+00:00,201,36.63,
2026-09-12T03:48:42.332147+00:00,201,30.69,
2026-09-12T03:48:42.351094+00:00,201,63.6,
2026-09-12T03:48:42.371389+00:00,201,45.17,
2026-09-12T03:48:42.411152+00:00,201,36.08,
2026-09-12T03:48:42.390757+00:00,201,56.61,
2026-09-12T03:48:42.431774+00:00,201,33.94,
2026-09-12T03:48:42.452148+00:00,201,31.46,
2026-09-12T03:48:42.470986+00:00,201,31.41,
2026-09-12T03:48:42.492206+00:00,201,36.99,
2026-09-12T03:48:42.531279+00:00,201,42.64,
2026-09-12T03:48:42.511080+00:00,201,64.86,
2026-09-12T03:48:42.551608+00:00,201,36.23,
2026-09-12T03:48:42.572085+00:00,201,32.71,
2026-09-12T03:48:42.591977+00:00,201,30.26,
2026-09-12T03:48:42.610861+00:00,201,52.24,
2026-09-12T03:48:42.631344+00:00,201,44.82,
2026-09-12T03:48:42.651840+00:00,201,32.93,
2026-09-12T03:48:42.672231+00:00,201,30.37,
2026-09-12T03:48:42.691308+00:00,201,51.41,
2026-09-12T03:48:42.711616+00:00,201,34.72,
2026-09-12T03:48:42.731290+00:00,201,36.62,
2026-09-12T03:48:42.750929+00:00,201,37.34,
2026-09-12T03:48:42.771469+00:00,201,31.41,
2026-09-12T03:48:42.791337+00:00,201,29.52,
2026-09-12T03:48:42.810713+00:00,201,55.4,
2026-09-12T03:48:42.831336+00:00,201,45.98,
2026-09-12T03:48:42.851933+00:00,201,33.4,
2026-09-12T03:48:42.872190+00:00,201,31.02,
2026-09-12T03:48:42.891118+00:00,201,29.49,
2026-09-12T03:48:42.911574+00:00,201,31.32,
2026-09-12T03:48:42.932060+00:00,201,41.12,
2026-09-12T03:48:42.952011+00:00,201,36.94,
2026-09-12T03:48:42.971449+00:00,201,32.42,
2026-09-12T03:48:43.010899+00:00,201,45.18,
2026-09-12T03:48:42.992181+00:00,201,64.38,
2026-09-12T03:48:43.031728+00:00,201,36.51,
2026-09-12T03:48:43.052221+00:00,201,30.75,
2026-09-12T03:48:43.071380+00:00,201,64.85,
2026-09-12T03:48:43.091775+00:00,201,56.26,
2026-09-12T03:48:43.112088+00:00,201,40.06,
2026-09-12T03:48:43.132009+00:00,201,33.67,
2026-09-12T03:48:43.151616+00:00,201,30.81,
2026-09-12T03:48:43.170714+00:00,201,58.92,
2026-09-12T03:48:43.191050+00:00,201,40.89,
2026-09-12T03:48:43.211474+00:00,201,63.97,
2026-09-12T03:48:43.231142+00:00,201,44.68,
2026-09-12T03:48:43.251510+00:00,201,35.76,
2026-09-12T03:48:43.271594+00:00,201,30.85,
2026-09-12T03:48:43.292067+00:00,201,40.7,
2026-09-12T03:48:43.310818+00:00,201,31.18,
2026-09-12T03:48:43.331110+00:00,201,33.37,
2026-09-12T03:48:43.351379+00:00,201,29.41,
2026-09-12T03:48:43.371560+00:00,201,40.71,
2026-09-12T03:48:43.391872+00:00,201,32.35,
2026-09-12T03:48:43.412046+00:00,201,39.74,
2026-09-12T03:48:43.431106+00:00,201,31.54,
2026-09-12T03:48:43.451369+00:00,201,40.03,
2026-09-12T03:48:43.471194+00:00,201,34.26,
2026-09-12T03:48:43.491497+00:00,201,34.19,
2026-09-12T03:48:43.511817+00:00,201,32.73,
2026-09-12T03:48:43.531871+00:00,201,30.89,
2026-09-12T03:48:43.551910+00:00,201,29.39,
2026-09-12T03:48:43.571878+00:00,201,62.05,
2026-09-12T03:48:43.592123+00:00,201,54.25,
2026-09-12T03:48:43.610681+00:00,201,40.18,
2026-09-12T03:48:43.631089+00:00,201,34.51,
2026-09-12T03:48:43.651875+00:00,201,30.32,
2026-09-12T03:48:43.670749+00:00,201,29.64,
2026-09-12T03:48:43.690967+00:00,201,32.05,
2026-09-12T03:48:43.711321+00:00,201,62.82,
2026-09-12T03:48:43.731707+00:00,201,54.5,
2026-09-12T03:48:43.752347+00:00,201,37.88,
2026-09-12T03:48:43.770930+00:00,201,35.41,
2026-09-12T03:48:43.792187+00:00,201,51.96,
2026-09-12T03:48:43.810810+00:00,201,49.87,
2026-09-12T03:48:43.830938+00:00,201,39.85,
2026-09-12T03:48:43.851699+00:00,201,64.24,
2026-09-12T03:48:43.870751+00:00,201,56.36,
2026-09-12T03:48:43.891621+00:00,201,36.03,
2026-09-12T03:48:43.911594+00:00,201,34.81,
2026-09-12T03:48:43.930808+00:00,201,31.99,
2026-09-12T03:48:43.951119+00:00,201,30.11,
2026-09-12T03:48:43.971540+00:00,201,33.84,
2026-09-12T03:48:43.991939+00:00,201,36.09,
2026-09-12T03:48:44.010841+00:00,201,31.57,
2026-09-12T03:48:44.031214+00:00,201,29.32,
2026-09-12T03:48:44.051649+00:00,201,32.77,
2026-09-12T03:48:44.072028+00:00,201,30.08,
2026-09-12T03:48:44.091858+00:00,201,38.93,
2026-09-12T03:48:44.110684+00:00,201,54.63,
2026-09-12T03:48:44.131196+00:00,201,35.26,
2026-09-12T03:48:44.151463+00:00,201,32.54,
2026-09-12T03:48:44.171662+00:00,201,30.61,
2026-09-12T03:48:44.191960+00:00,201,48.98,
2026-09-12T03:48:44.210904+00:00,201,62.17,
2026-09-12T03:48:44.251499+00:00,201,36.73,
2026-09-12T03:48:44.231352+00:00,201,58.17,
2026-09-12T03:48:44.271811+00:00,201,34.88,
2026-09-12T03:48:44.291819+00:00,201,32.38,
2026-09-12T03:48:44.312072+00:00,201,32.4,
2026-09-12T03:48:44.330720+00:00,201,49.17,
2026-09-12T03:48:44.370774+00:00,201,46.11,
2026-09-12T03:48:44.352125+00:00,201,67.8,
2026-09-12T03:48:44.391003+00:00,201,37.3,
2026-09-12T03:48:44.411198+00:00,201,32.43,
2026-09-12T03:48:44.431618+00:00,201,31.3,
2026-09-12T03:48:44.451795+00:00,201,40.61,
2026-09-12T03:48:44.470723+00:00,201,33.34,
2026-09-12T03:48:44.490814+00:00,201,33.76,
2026-09-12T03:48:44.511122+00:00,201,30.66,
2026-09-12T03:48:44.531628+00:00,201,34.51,
2026-09-12T03:48:44.551787+00:00,201,31.02,
2026-09-12T03:48:44.571777+00:00,201,29.83,
2026-09-12T03:48:44.592175+00:00,201,35.94,
2026-09-12T03:48:44.610967+00:00,201,31.1,
2026-09-12T03:48:44.631352+00:00,201,44.25,
2026-09-12T03:48:44.651548+00:00,201,34.46,
2026-09-12T03:48:44.672004+00:00,201,31.04,
2026-09-12T03:48:44.692127+00:00,201,29.98,
2026-09-12T03:48:44.710874+00:00,201,38.74,
2026-09-12T03:48:44.731410+00:00,201,56.19,
2026-09-12T03:48:44.751923+00:00,201,47.92,
2026-09-12T03:48:44.771800+00:00,201,34.59,
2026-09-12T03:48:44.792038+00:00,201,31.16,
2026-09-12T03:48:44.811074+00:00,201,29.26,
2026-09-12T03:48:44.831170+00:00,201,31.54,
2026-09-12T03:48:44.851571+00:00,201,64.54,
2026-09-12T03:48:44.872029+00:00,201,44.13,
2026-09-12T03:48:44.910908+00:00,201,32.78,
2026-09-12T03:48:44.892093+00:00,201,51.98,
2026-09-12T03:48:44.931014+00:00,201,30.76,
2026-09-12T03:48:44.950845+00:00,201,37.24,
2026-09-12T03:48:44.971134+00:00,201,33.11,
2026-09-12T03:48:44.991451+00:00,201,30.46,
2026-09-12T03:48:45.011921+00:00,201,47.48,
2026-09-12T03:48:45.031591+00:00,201,38.65,
2026-09-12T03:48:45.051792+00:00,201,39.11,
2026-09-12T03:48:45.072242+00:00,201,31.82,
2026-09-12T03:48:45.091129+00:00,201,30.6,
2026-09-12T03:48:45.111132+00:00,201,29.7,
2026-09-12T03:48:45.131395+00:00,201,62.29,
2026-09-12T03:48:45.151201+00:00,201,43.44,
2026-09-12T03:48:45.171535+00:00,201,39.1,
2026-09-12T03:48:45.190804+00:00,201,32.63,
2026-09-12T03:48:45.211276+00:00,201,30.79,
2026-09-12T03:48:45.232047+00:00,201,34.89,
2026-09-12T03:48:45.250873+00:00,201,33.02,
2026-09-12T03:48:45.270993+00:00,201,30.88,
2026-09-12T03:48:45.291324+00:00,201,38.27,
2026-09-12T03:48:45.311494+00:00,201,31.53,
2026-09-12T03:48:45.332070+00:00,201,67.48,
2026-09-12T03:48:45.352028+00:00,201,57.73,
2026-09-12T03:48:45.370855+00:00,201,41.75,
2026-09-12T03:48:45.390824+00:00,201,36.65,
2026-09-12T03:48:45.411307+00:00,201,31.85,
2026-09-12T03:48:45.431765+00:00,201,29.89,
2026-09-12T03:48:45.452120+00:00,201,36.36,
2026-09-12T03:48:45.470958+00:00,201,32.33,
2026-09-12T03:48:45.490899+00:00,201,30.41,
2026-09-12T03:48:45.511117+00:00,201,37.38,
2026-09-12T03:48:45.531546+00:00,201,30.69,
2026-09-12T03:48:45.551724+00:00,201,40.6,
2026-09-12T03:48:45.570752+00:00,201,31.61,
2026-09-12T03:48:45.591028+00:00,201,35.6,
2026-09-12T03:48:45.611713+00:00,201,31.7,
2026-09-12T03:48:45.632155+00:00,201,30.48,
2026-09-12T03:48:45.650882+00:00,201,31.36,
2026-09-12T03:48:45.671242+00:00,201,33.17,
2026-09-12T03:48:45.711396+00:00,201,45.63,
2026-09-12T03:48:45.691268+00:00,201,66.47,
2026-09-12T03:48:45.732126+00:00,201,36.38,
2026-09-12T03:48:45.752134+00:00,201,31.72,
2026-09-12T03:48:45.771178+00:00,201,32.18,
2026-09-12T03:48:45.791106+00:00,201,30.25,
2026-09-12T03:48:45.811353+00:00,201,37.04,
2026-09-12T03:48:45.831609+00:00,201,33.31,
2026-09-12T03:48:45.850848+00:00,201,31.15,
2026-09-12T03:48:45.871153+00:00,201,39.21,
2026-09-12T03:48:45.891435+00:00,201,31.18,
2026-09-12T03:48:45.911884+00:00,201,41.57,
2026-09-12T03:48:45.932251+00:00,201,31.48,
2026-09-12T03:48:45.950975+00:00,201,30.69,
2026-09-12T03:48:45.971463+00:00,201,30.7,
2026-09-12T03:48:45.991896+00:00,201,38.41,
2026-09-12T03:48:46.010657+00:00,201,33.64,
2026-09-12T03:48:46.031475+00:00,201,30.81,
2026-09-12T03:48:46.051327+00:00,201,29.46,
2026-09-12T03:48:46.071576+00:00,201,40.26,
2026-09-12T03:48:46.092038+00:00,201,32.15,
2026-09-12T03:48:46.112190+00:00,201,36.72,
2026-09-12T03:48:46.151228+00:00,201,43.94,
2026-09-12T03:48:46.131339+00:00,201,64.18,
2026-09-12T03:48:46.171928+00:00,201,39.73,
2026-09-12T03:48:46.191096+00:00,201,34.19,
2026-09-12T03:48:46.211105+00:00,201,32.44,
2026-09-12T03:48:46.231130+00:00,201,29.3,
2026-09-12T03:48:46.251489+00:00,201,35.59,
2026-09-12T03:48:46.271632+00:00,201,33.07,
2026-09-12T03:48:46.291917+00:00,201,30.39,
2026-09-12T03:48:46.311165+00:00,201,29.39,
2026-09-12T03:48:46.331530+00:00,201,29.6,
2026-09-12T03:48:46.351901+00:00,201,38.74,
2026-09-12T03:48:46.370703+00:00,201,34.29,
2026-09-12T03:48:46.390889+00:00,201,53.35,
2026-09-12T03:48:46.411524+00:00,201,33.26,
2026-09-12T03:48:46.432103+00:00,201,31.08,
2026-09-12T03:48:46.450954+00:00,201,55.43,
2026-09-12T03:48:46.471266+00:00,201,35.13,
2026-09-12T03:48:46.491271+00:00,201,62.87,
2026-09-12T03:48:46.511885+00:00,201,55.18,
2026-09-12T03:48:46.532172+00:00,201,37.77,
2026-09-12T03:48:46.551000+00:00,201,33.11,
2026-09-12T03:48:46.571681+00:00,201,30.15,
2026-09-12T03:48:46.590793+00:00,201,39.11,
2026-09-12T03:48:46.611347+00:00,201,32.31,
2026-09-12T03:48:46.631846+00:00,201,30.03,
2026-09-12T03:48:46.652204+00:00,201,36.42,
2026-09-12T03:48:46.691587+00:00,201,36.97,
2026-09-12T03:48:46.671254+00:00,201,57.78,
2026-09-12T03:48:46.712060+00:00,201,34.3,
2026-09-12T03:48:46.730746+00:00,201,31.57,
2026-09-12T03:48:46.751167+00:00,201,29.55,
2026-09-12T03:48:46.771258+00:00,201,29.24,
2026-09-12T03:48:46.791542+00:00,201,41.76,
2026-09-12T03:48:46.811914+00:00,201,54.43,
2026-09-12T03:48:46.830652+00:00,201,46.97,
2026-09-12T03:48:46.871741+00:00,201,46.15,
2026-09-12T03:48:46.851315+00:00,201,67.28,
2026-09-12T03:48:46.891800+00:00,201,36.99,
2026-09-12T03:48:46.911946+00:00,201,33.79,
2026-09-12T03:48:46.931073+00:00,201,32.31,
2026-09-12T03:48:46.951628+00:00,201,32.18,
2026-09-12T03:48:46.971322+00:00,201,30.79,
2026-09-12T03:48:46.991669+00:00,201,31.1,
2026-09-12T03:48:47.012028+00:00,201,39.01,
2026-09-12T03:48:47.030830+00:00,201,32.67,
2026-09-12T03:48:47.051319+00:00,201,30.0,
2026-09-12T03:48:47.071183+00:00,201,39.51,
2026-09-12T03:48:47.091390+00:00,201,31.53,
2026-09-12T03:48:47.111419+00:00,201,34.56,
2026-09-12T03:48:47.131376+00:00,201,30.96,
2026-09-12T03:48:47.151826+00:00,201,37.08,
2026-09-12T03:48:47.191136+00:00,201,38.19,
2026-09-12T03:48:47.170764+00:00,201,60.02,
2026-09-12T03:48:47.211890+00:00,201,32.79,
2026-09-12T03:48:47.230964+00:00,201,29.75,
2026-09-12T03:48:47.251367+00:00,201,37.79,
2026-09-12T03:48:47.271762+00:00,201,33.26,
2026-09-12T03:48:47.291050+00:00,201,51.92,
2026-09-12T03:48:47.311968+00:00,201,50.32,
2026-09-12T03:48:47.331510+00:00,201,39.76,
2026-09-12T03:48:47.351974+00:00,201,46.81,
2026-09-12T03:48:47.391632+00:00,201,47.18,
2026-09-12T03:48:47.370982+00:00,201,68.44,
2026-09-12T03:48:47.412166+00:00,201,46.24,
2026-09-12T03:48:47.431227+00:00,201,32.92,
2026-09-12T03:48:47.451779+00:00,201,32.33,
2026-09-12T03:48:47.472011+00:00,201,30.0,
2026-09-12T03:48:47.490926+00:00,201,33.26,
2026-09-12T03:48:47.511447+00:00,201,29.63,
2026-09-12T03:48:47.531525+00:00,201,59.42,
2026-09-12T03:48:47.551924+00:00,201,52.48,
2026-09-12T03:48:47.571500+00:00,201,35.98,
2026-09-12T03:48:47.591598+00:00,201,32.79,
2026-09-12T03:48:47.612176+00:00,201,30.13,
2026-09-12T03:48:47.630935+00:00,201,54.51,
2026-09-12T03:48:47.651286+00:00,201,34.72,
2026-09-12T03:48:47.671767+00:00,201,32.41,
2026-09-12T03:48:47.692151+00:00,201,29.76,
2026-09-12T03:48:47.711336+00:00,201,36.16,
2026-09-12T03:48:47.731663+00:00,201,33.25,
2026-09-12T03:48:47.750756+00:00,201,33.17,
2026-09-12T03:48:47.770766+00:00,201,32.31,
2026-09-12T03:48:47.791357+00:00,201,31.47,
2026-09-12T03:48:47.811555+00:00,201,40.84,
2026-09-12T03:48:47.831777+00:00,201,57.02,
2026-09-12T03:48:47.852035+00:00,201,49.72,
2026-09-12T03:48:47.870758+00:00,201,37.26,
2026-09-12T03:48:47.891644+00:00,201,36.67,
2026-09-12T03:48:47.911940+00:00,201,33.39,
2026-09-12T03:48:47.930836+00:00,201,33.2,
2026-09-12T03:48:47.952088+00:00,201,32.86,
2026-09-12T03:48:47.970831+00:00,201,33.45,
2026-09-12T03:48:47.991077+00:00,201,32.56,
2026-09-12T03:48:48.010815+00:00,201,31.55,
2026-09-12T03:48:48.031046+00:00,201,30.33,
2026-09-12T03:48:48.071790+00:00,201,37.18,
2026-09-12T03:48:48.051369+00:00,201,57.66,
2026-09-12T03:48:48.090754+00:00,201,35.1,
2026-09-12T03:48:48.111074+00:00,201,34.8,
2026-09-12T03:48:48.131273+00:00,201,32.96,
2026-09-12T03:48:48.151219+00:00,201,31.45,
2026-09-12T03:48:48.171639+00:00,201,62.4,
2026-09-12T03:48:48.192041+00:00,201,57.13,
2026-09-12T03:48:48.210829+00:00,201,39.22,
2026-09-12T03:48:48.231075+00:00,201,35.45,
2026-09-12T03:48:48.271310+00:00,201,40.2,
2026-09-12T03:48:48.251131+00:00,201,60.76,
2026-09-12T03:48:48.291901+00:00,201,34.26,
2026-09-12T03:48:48.312157+00:00,201,32.61,
2026-09-12T03:48:48.330830+00:00,201,56.34,
2026-09-12T03:48:48.351023+00:00,201,46.15,
2026-09-12T03:48:48.371265+00:00,201,64.83,
2026-09-12T03:48:48.391483+00:00,201,56.92,
2026-09-12T03:48:48.411847+00:00,201,36.91,
2026-09-12T03:48:48.430832+00:00,201,35.3,
2026-09-12T03:48:48.451606+00:00,201,33.24,
2026-09-12T03:48:48.471742+00:00,201,32.5,
2026-09-12T03:48:48.492129+00:00,201,31.19,
2026-09-12T03:48:48.512059+00:00,201,64.92,
2026-09-12T03:48:48.532091+00:00,201,56.5,
2026-09-12T03:48:48.552076+00:00,201,37.34,
2026-09-12T03:48:48.571173+00:00,201,51.97,
2026-09-12T03:48:48.591718+00:00,201,34.87,
2026-09-12T03:48:48.612054+00:00,201,31.27,
2026-09-12T03:48:48.632085+00:00,201,29.84,
2026-09-12T03:48:48.652100+00:00,201,40.07,
2026-09-12T03:48:48.670762+00:00,201,33.07,
2026-09-12T03:48:48.690711+00:00,201,31.53,
2026-09-12T03:48:48.712153+00:00,201,30.46,
2026-09-12T03:48:48.730866+00:00,201,31.21,
2026-09-12T03:48:48.751230+00:00,201,38.65,
2026-09-12T03:48:48.772125+00:00,201,34.18,
2026-09-12T03:48:48.790894+00:00,201,33.17,
2026-09-12T03:48:48.811134+00:00,201,31.78,
2026-09-12T03:48:48.831354+00:00,201,35.52,
2026-09-12T03:48:48.851726+00:00,201,32.97,
2026-09-12T03:48:48.870863+00:00,201,32.47,
2026-09-12T03:48:48.891205+00:00,201,30.74,
2026-09-12T03:48:48.911248+00:00,201,36.46,
2026-09-12T03:48:48.931518+00:00,201,34.01,
2026-09-12T03:48:48.951968+00:00,201,32.18,
2026-09-12T03:48:48.971943+00:00,201,32.55,
2026-09-12T03:48:48.990836+00:00,201,31.43,
2026-09-12T03:48:49.011249+00:00,201,30.76,
2026-09-12T03:48:49.031492+00:00,201,40.66,
2026-09-12T03:48:49.052277+00:00,201,32.87,
2026-09-12T03:48:49.071903+00:00,201,32.88,
2026-09-12T03:48:49.090762+00:00,201,31.48,
2026-09-12T03:48:49.110824+00:00,201,37.45,
2026-09-12T03:48:49.131024+00:00,201,32.84,
2026-09-12T03:48:49.151407+00:00,201,32.56,
2026-09-12T03:48:49.171729+00:00,201,34.6,
2026-09-12T03:48:49.191987+00:00,201,31.51,
2026-09-12T03:48:49.212202+00:00,201,37.51,
2026-09-12T03:48:49.231122+00:00,201,75.68,
2026-09-12T03:48:49.251431+00:00,201,56.14,
2026-09-12T03:48:49.271259+00:00,201,46.97,
2026-09-12T03:48:49.292157+00:00,201,44.72,
2026-09-12T03:48:49.331770+00:00,201,40.17,
2026-09-12T03:48:49.311449+00:00,201,62.4,
2026-09-12T03:48:49.351088+00:00,201,36.27,
2026-09-12T03:48:49.371261+00:00,201,38.16,
2026-09-12T03:48:49.391445+00:00,201,33.16,
2026-09-12T03:48:49.411718+00:00,201,32.54,
2026-09-12T03:48:49.431942+00:00,201,51.2,
2026-09-12T03:48:49.450696+00:00,201,35.93,
2026-09-12T03:48:49.470989+00:00,201,34.06,
2026-09-12T03:48:49.491260+00:00,201,33.39,
2026-09-12T03:48:49.511381+00:00,201,33.12,
2026-09-12T03:48:49.531748+00:00,201,31.56,
2026-09-12T03:48:49.551703+00:00,201,30.42,
2026-09-12T03:48:49.572010+00:00,201,31.79,
2026-09-12T03:48:49.592033+00:00,201,31.17,
2026-09-12T03:48:49.610839+00:00,201,30.96,
2026-09-12T03:48:49.631521+00:00,201,35.42,
2026-09-12T03:48:49.651685+00:00,201,33.27,
2026-09-12T03:48:49.671899+00:00,201,31.81,
2026-09-12T03:48:49.711026+00:00,201,36.76,
2026-09-12T03:48:49.690835+00:00,201,57.9,
2026-09-12T03:48:49.731239+00:00,201,33.55,
2026-09-12T03:48:49.751485+00:00,201,30.44,
2026-09-12T03:48:49.771604+00:00,201,34.49,
2026-09-12T03:48:49.791965+00:00,201,32.5,
2026-09-12T03:48:49.810748+00:00,201,60.34,
2026-09-12T03:48:49.831091+00:00,201,53.56,
2026-09-12T03:48:49.851690+00:00,201,36.47,
2026-09-12T03:48:49.872281+00:00,201,34.06,
2026-09-12T03:48:49.892135+00:00,201,31.7,
2026-09-12T03:48:49.931116+00:00,201,35.22,
2026-09-12T03:48:49.910726+00:00,201,56.66,
2026-09-12T03:48:49.951670+00:00,201,34.16,
2026-09-12T03:48:49.971540+00:00,201,35.64,
2026-09-12T03:48:49.991734+00:00,201,47.54,
2026-09-12T03:48:50.011995+00:00,201,43.13,
2026-09-12T03:48:50.050985+00:00,201,40.28,
2026-09-12T03:48:50.030728+00:00,201,60.98,
2026-09-12T03:48:50.071506+00:00,201,34.31,
2026-09-12T03:48:50.091681+00:00,201,33.61,
2026-09-12T03:48:50.111513+00:00,201,32.02,
2026-09-12T03:48:50.132213+00:00,201,31.0,
2026-09-12T03:48:50.150954+00:00,201,61.47,
2026-09-12T03:48:50.171445+00:00,201,53.36,
2026-09-12T03:48:50.191883+00:00,201,51.1,
2026-09-12T03:48:50.212463+00:00,201,36.79,
2026-09-12T03:48:50.231188+00:00,201,32.88,
2026-09-12T03:48:50.251718+00:00,201,58.21,
2026-09-12T03:48:50.271906+00:00,201,38.44,
2026-09-12T03:48:50.290802+00:00,201,34.13,
2026-09-12T03:48:50.310913+00:00,201,33.84,
2026-09-12T03:48:50.331107+00:00,201,32.21,
2026-09-12T03:48:50.351395+00:00,201,31.36,
2026-09-12T03:48:50.371921+00:00,201,40.5,
2026-09-12T03:48:50.390762+00:00,201,33.39,
2026-09-12T03:48:50.411035+00:00,201,37.31,
2026-09-12T03:48:50.451867+00:00,201,43.96,
2026-09-12T03:48:50.431836+00:00,201,64.16,
2026-09-12T03:48:50.491428+00:00,201,38.17,
2026-09-12T03:48:50.470799+00:00,201,62.07,
2026-09-12T03:48:50.511653+00:00,201,34.9,
2026-09-12T03:48:50.530553+00:00,201,33.19,
2026-09-12T03:48:50.551118+00:00,201,54.01,
2026-09-12T03:48:50.571120+00:00,201,49.86,
2026-09-12T03:48:50.591403+00:00,201,38.24,
2026-09-12T03:48:50.611647+00:00,201,47.21,
2026-09-12T03:48:50.632113+00:00,201,63.68,
2026-09-12T03:48:50.651574+00:00,201,52.49,
2026-09-12T03:48:50.672145+00:00,201,53.84,
2026-09-12T03:48:50.690840+00:00,201,53.84,
2026-09-12T03:48:50.711549+00:00,201,65.1,
2026-09-12T03:48:50.730811+00:00,201,61.54,
2026-09-12T03:48:50.751466+00:00,201,56.19,
2026-09-12T03:48:50.771168+00:00,201,44.03,
2026-09-12T03:48:50.791589+00:00,201,39.69,
2026-09-12T03:48:50.811833+00:00,201,35.6,
2026-09-12T03:48:50.832500+00:00,201,65.84,
2026-09-12T03:48:50.852130+00:00,201,48.14,
2026-09-12T03:48:50.870878+00:00,201,78.95,
2026-09-12T03:48:50.892105+00:00,201,59.13,
2026-09-12T03:48:50.911732+00:00,201,50.3,
2026-09-12T03:48:50.932256+00:00,201,44.1,
2026-09-12T03:48:50.951298+00:00,201,66.7,
2026-09-12T03:48:50.970702+00:00,201,57.18,
2026-09-12T03:48:50.991219+00:00,201,44.78,
2026-09-12T03:48:51.011579+00:00,201,40.85,
2026-09-12T03:48:51.032002+00:00,201,40.4,
2026-09-12T03:48:51.052657+00:00,201,43.91,
2026-09-12T03:48:51.070849+00:00,201,50.88,
2026-09-12T03:48:51.091673+00:00,201,47.19,
2026-09-12T03:48:51.110886+00:00,201,49.63,
2026-09-12T03:48:51.130478+00:00,201,51.7,
2026-09-12T03:48:51.151147+00:00,201,51.75,
2026-09-12T03:48:51.172230+00:00,201,45.55,
2026-09-12T03:48:51.191023+00:00,201,53.67,
2026-09-12T03:48:51.211227+00:00,201,39.31,
2026-09-12T03:48:51.231424+00:00,201,37.23,
2026-09-12T03:48:51.251843+00:00,201,59.38,
2026-09-12T03:48:51.271692+00:00,201,52.44,
2026-09-12T03:48:51.311070+00:00,201,38.43,
2026-09-12T03:48:51.290920+00:00,201,63.85,
2026-09-12T03:48:51.331514+00:00,201,39.34,
2026-09-12T03:48:51.350822+00:00,201,38.74,
2026-09-12T03:48:51.370763+00:00,201,36.75,
2026-09-12T03:48:51.391211+00:00,201,35.86,
2026-09-12T03:48:51.411544+00:00,201,36.68,
2026-09-12T03:48:51.431603+00:00,201,38.14,
2026-09-12T03:48:51.452062+00:00,201,35.14,
2026-09-12T03:48:51.470724+00:00,201,35.82,
2026-09-12T03:48:51.491047+00:00,201,35.39,
2026-09-12T03:48:51.511214+00:00,201,34.6,
2026-09-12T03:48:51.531463+00:00,201,33.58,
2026-09-12T03:48:51.551968+00:00,201,55.98,
2026-09-12T03:48:51.570947+00:00,201,38.17,
2026-09-12T03:48:51.591228+00:00,201,34.84,
2026-09-12T03:48:51.611535+00:00,201,34.59,
2026-09-12T03:48:51.631757+00:00,201,32.83,
2026-09-12T03:48:51.651809+00:00,201,32.89,
2026-09-12T03:48:51.672086+00:00,201,32.89,
2026-09-12T03:48:51.691012+00:00,201,32.38,
2026-09-12T03:48:51.711056+00:00,201,30.99,
2026-09-12T03:48:51.731422+00:00,201,39.71,
2026-09-12T03:48:51.751456+00:00,201,38.85,
2026-09-12T03:48:51.771938+00:00,201,35.73,
2026-09-12T03:48:51.792012+00:00,201,35.59,
2026-09-12T03:48:51.811004+00:00,201,33.84,
2026-09-12T03:48:51.831648+00:00,201,32.33,
2026-09-12T03:48:51.852022+00:00,201,53.14,
2026-09-12T03:48:51.872084+00:00,201,35.37,
2026-09-12T03:48:51.890899+00:00,201,34.56,
2026-09-12T03:48:51.911287+00:00,201,32.6,
2026-09-12T03:48:51.931328+00:00,201,64.48,
2026-09-12T03:48:51.951750+00:00,201,57.2,
2026-09-12T03:48:51.971820+00:00,201,40.34,
2026-09-12T03:48:51.990847+00:00,201,35.85,
2026-09-12T03:48:52.011472+00:00,201,61.34,
2026-09-12T03:48:52.031753+00:00,201,56.82,
2026-09-12T03:48:52.052093+00:00,201,50.36,
2026-09-12T03:48:52.072169+00:00,201,38.45,
2026-09-12T03:48:52.091025+00:00,201,34.25,
2026-09-12T03:48:52.110706+00:00,201,33.19,
2026-09-12T03:48:52.132183+00:00,201,30.95,
2026-09-12T03:48:52.151015+00:00,201,33.2,
2026-09-12T03:48:52.171027+00:00,201,32.86,
2026-09-12T03:48:52.191992+00:00,201,31.54,
2026-09-12T03:48:52.211087+00:00,201,31.38,
2026-09-12T03:48:52.231212+00:00,201,30.67,
2026-09-12T03:48:52.251372+00:00,201,38.87,
2026-09-12T03:48:52.271018+00:00,201,35.18,
2026-09-12T03:48:52.290655+00:00,201,33.78,
2026-09-12T03:48:52.310865+00:00,201,60.13,
2026-09-12T03:48:52.331442+00:00,201,40.05,
2026-09-12T03:48:52.351689+00:00,201,35.51,
2026-09-12T03:48:52.371474+00:00,201,33.96,
2026-09-12T03:48:52.391831+00:00,201,32.49,
2026-09-12T03:48:52.412239+00:00,201,52.83,
2026-09-12T03:48:52.431047+00:00,201,34.81,
2026-09-12T03:48:52.451397+00:00,201,34.75,
2026-09-12T03:48:52.471749+00:00,201,34.91,
2026-09-12T03:48:52.490927+00:00,201,33.76,
2026-09-12T03:48:52.510817+00:00,201,33.05,
2026-09-12T03:48:52.531006+00:00,201,32.77,
2026-09-12T03:48:52.551117+00:00,201,31.58,
2026-09-12T03:48:52.571150+00:00,201,31.5,
2026-09-12T03:48:52.591456+00:00,201,30.85,
2026-09-12T03:48:52.611586+00:00,201,37.38,
2026-09-12T03:48:52.632116+00:00,201,34.28,
2026-09-12T03:48:52.650983+00:00,201,35.21,
2026-09-12T03:48:52.671351+00:00,201,57.03,
2026-09-12T03:48:52.691284+00:00,201,50.9,
2026-09-12T03:48:52.710692+00:00,201,38.85,
2026-09-12T03:48:52.731066+00:00,201,66.83,
2026-09-12T03:48:52.750940+00:00,201,47.5,
2026-09-12T03:48:52.771629+00:00,201,39.57,
2026-09-12T03:48:52.812104+00:00,201,49.38,
2026-09-12T03:48:52.791525+00:00,201,71.42,
2026-09-12T03:48:52.830868+00:00,201,42.47,
2026-09-12T03:48:52.851483+00:00,201,45.46,
2026-09-12T03:48:52.871971+00:00,201,90.35,
2026-09-12T03:48:52.890859+00:00,201,75.15,
2026-09-12T03:48:52.911194+00:00,201,62.46,
2026-09-12T03:48:52.932288+00:00,201,51.14,
2026-09-12T03:48:52.952169+00:00,201,43.07,
2026-09-12T03:48:52.972147+00:00,201,38.1,
2026-09-12T03:48:52.991157+00:00,201,51.44,
2026-09-12T03:48:53.011298+00:00,201,62.39,
2026-09-12T03:48:53.031596+00:00,201,56.21,
2026-09-12T03:48:53.051932+00:00,201,38.91,
2026-09-12T03:48:53.070941+00:00,201,37.19,
2026-09-12T03:48:53.091393+00:00,201,34.76,
2026-09-12T03:48:53.111550+00:00,201,38.14,
2026-09-12T03:48:53.132006+00:00,201,46.73,
2026-09-12T03:48:53.151045+00:00,201,42.88,
2026-09-12T03:48:53.171394+00:00,201,35.15,
2026-09-12T03:48:53.191760+00:00,201,34.27,
2026-09-12T03:48:53.212129+00:00,201,33.91,
2026-09-12T03:48:53.230965+00:00,201,33.84,
2026-09-12T03:48:53.271213+00:00,201,38.71,
2026-09-12T03:48:53.250997+00:00,201,60.14,
2026-09-12T03:48:53.291503+00:00,201,35.32,
2026-09-12T03:48:53.311428+00:00,201,34.61,
2026-09-12T03:48:53.331153+00:00,201,33.86,
2026-09-12T03:48:53.351529+00:00,201,33.06,
2026-09-12T03:48:53.371431+00:00,201,32.25,
2026-09-12T03:48:53.391613+00:00,201,31.88,
2026-09-12T03:48:53.412114+00:00,201,31.65,
2026-09-12T03:48:53.430681+00:00,201,33.53,
2026-09-12T03:48:53.450968+00:00,201,33.07,
2026-09-12T03:48:53.471305+00:00,201,33.15,
2026-09-12T03:48:53.491477+00:00,201,35.03,
2026-09-12T03:48:53.511192+00:00,201,35.52,
2026-09-12T03:48:53.531656+00:00,201,35.62,
2026-09-12T03:48:53.552036+00:00,201,33.3,
2026-09-12T03:48:53.570947+00:00,201,34.12,
2026-09-12T03:48:53.591267+00:00,201,33.29,
2026-09-12T03:48:53.611958+00:00,201,32.97,
2026-09-12T03:48:53.630706+00:00,201,33.54,
2026-09-12T03:48:53.651272+00:00,201,34.34,
2026-09-12T03:48:53.671391+00:00,201,32.11,
2026-09-12T03:48:53.691265+00:00,201,32.83,
2026-09-12T03:48:53.711246+00:00,201,41.83,
2026-09-12T03:48:53.731676+00:00,201,33.8,
2026-09-12T03:48:53.751776+00:00,201,34.64,
2026-09-12T03:48:53.770757+00:00,201,56.0,
2026-09-12T03:48:53.791341+00:00,201,35.97,
2026-09-12T03:48:53.811714+00:00,201,33.7,
2026-09-12T03:48:53.832111+00:00,201,31.58,
2026-09-12T03:48:53.851077+00:00,201,52.1,
2026-09-12T03:48:53.871501+00:00,201,34.59,
2026-09-12T03:48:53.891919+00:00,201,32.48,
2026-09-12T03:48:53.911869+00:00,201,55.25,
2026-09-12T03:48:53.930883+00:00,201,48.05,
2026-09-12T03:48:53.951153+00:00,201,36.67,
2026-09-12T03:48:53.971643+00:00,201,36.07,
2026-09-12T03:48:53.991048+00:00,201,33.19,
2026-09-12T03:48:54.010860+00:00,201,34.98,
2026-09-12T03:48:54.031394+00:00,201,35.22,
2026-09-12T03:48:54.051624+00:00,201,37.05,
2026-09-12T03:48:54.071709+00:00,201,49.99,
2026-09-12T03:48:54.092043+00:00,201,35.29,
2026-09-12T03:48:54.110845+00:00,201,56.4,
2026-09-12T03:48:54.131289+00:00,201,51.03,
2026-09-12T03:48:54.171837+00:00,201,46.38,
2026-09-12T03:48:54.151652+00:00,201,67.63,
2026-09-12T03:48:54.192225+00:00,201,38.88,
2026-09-12T03:48:54.211332+00:00,201,35.08,
2026-09-12T03:48:54.231986+00:00,201,33.62,
2026-09-12T03:48:54.270900+00:00,201,44.2,
2026-09-12T03:48:54.252076+00:00,201,63.56,
2026-09-12T03:48:54.291306+00:00,201,37.04,
2026-09-12T03:48:54.312088+00:00,201,33.72,
2026-09-12T03:48:54.330884+00:00,201,33.95,
2026-09-12T03:48:54.351200+00:00,201,51.43,
2026-09-12T03:48:54.392018+00:00,201,48.7,
2026-09-12T03:48:54.371657+00:00,201,69.56,
2026-09-12T03:48:54.410859+00:00,201,39.76,
2026-09-12T03:48:54.431545+00:00,201,34.05,
2026-09-12T03:48:54.471143+00:00,201,59.51,
2026-09-12T03:48:54.450611+00:00,201,81.3,
2026-09-12T03:48:54.491532+00:00,201,45.36,
2026-09-12T03:48:54.531777+00:00,201,46.13,
2026-09-12T03:48:54.511219+00:00,201,67.71,
2026-09-12T03:48:54.551675+00:00,201,37.52,
2026-09-12T03:48:54.571866+00:00,201,34.54,
2026-09-12T03:48:54.590863+00:00,201,68.9,
2026-09-12T03:48:54.611850+00:00,201,55.49,
2026-09-12T03:48:54.631128+00:00,201,46.98,
2026-09-12T03:48:54.651382+00:00,201,41.94,
2026-09-12T03:48:54.672242+00:00,201,38.23,
2026-09-12T03:48:54.691163+00:00,201,37.53,
2026-09-12T03:48:54.711551+00:00,201,40.36,
2026-09-12T03:48:54.731898+00:00,201,37.08,
2026-09-12T03:48:54.752217+00:00,201,37.81,
2026-09-12T03:48:54.770689+00:00,201,36.91,
2026-09-12T03:48:54.790934+00:00,201,34.89,
2026-09-12T03:48:54.831586+00:00,201,47.22,
2026-09-12T03:48:54.811361+00:00,201,67.73,
2026-09-12T03:48:54.852002+00:00,201,52.83,
2026-09-12T03:48:54.870828+00:00,201,35.39,
2026-09-12T03:48:54.891279+00:00,201,35.1,
2026-09-12T03:48:54.911487+00:00,201,33.68,
2026-09-12T03:48:54.931209+00:00,201,59.69,
2026-09-12T03:48:54.951579+00:00,201,39.72,
2026-09-12T03:48:54.971283+00:00,201,39.67,
2026-09-12T03:48:54.991575+00:00,201,36.92,
2026-09-12T03:48:55.010870+00:00,201,38.49,
2026-09-12T03:48:55.031982+00:00,201,37.74,
2026-09-12T03:48:55.050998+00:00,201,38.78,
2026-09-12T03:48:55.091089+00:00,201,38.3,
2026-09-12T03:48:55.071267+00:00,201,58.55,
2026-09-12T03:48:55.110834+00:00,201,46.37,
2026-09-12T03:48:55.131501+00:00,201,42.92,
2026-09-12T03:48:55.150999+00:00,201,39.03,
2026-09-12T03:48:55.171642+00:00,201,36.06,
2026-09-12T03:48:55.192115+00:00,201,39.43,
2026-09-12T03:48:55.210826+00:00,201,35.43,
2026-09-12T03:48:55.231589+00:00,201,36.29,
2026-09-12T03:48:55.251796+00:00,201,36.31,
2026-09-12T03:48:55.272150+00:00,201,56.68,
2026-09-12T03:48:55.291176+00:00,201,50.31,
2026-09-12T03:48:55.311065+00:00,201,38.31,
2026-09-12T03:48:55.331180+00:00,201,35.25,
2026-09-12T03:48:55.351758+00:00,201,34.24,
2026-09-12T03:48:55.372421+00:00,201,49.12,
2026-09-12T03:48:55.411335+00:00,201,43.27,
2026-09-12T03:48:55.391387+00:00,201,63.96,
2026-09-12T03:48:55.431624+00:00,201,37.02,
2026-09-12T03:48:55.451648+00:00,201,35.93,
2026-09-12T03:48:55.490740+00:00,201,43.82,
2026-09-12T03:48:55.472016+00:00,201,62.87,
2026-09-12T03:48:55.510893+00:00,201,45.9,
2026-09-12T03:48:55.531166+00:00,201,38.87,
2026-09-12T03:48:55.551918+00:00,201,35.28,
2026-09-12T03:48:55.571020+00:00,201,34.04,
2026-09-12T03:48:55.591372+00:00,201,33.89,
2026-09-12T03:48:55.611543+00:00,201,34.9,
2026-09-12T03:48:55.632073+00:00,201,33.76,
2026-09-12T03:48:55.650734+00:00,201,34.12,
2026-09-12T03:48:55.671132+00:00,201,32.54,
2026-09-12T03:48:55.691736+00:00,201,63.88,
2026-09-12T03:48:55.711922+00:00,201,44.49,
2026-09-12T03:48:55.731075+00:00,201,47.3,
2026-09-12T03:48:55.751680+00:00,201,34.42,
2026-09-12T03:48:55.771965+00:00,201,34.3,
2026-09-12T03:48:55.790903+00:00,201,33.23,
2026-09-12T03:48:55.811544+00:00,201,46.8,
2026-09-12T03:48:55.832052+00:00,201,62.34,
2026-09-12T03:48:55.850772+00:00,201,56.91,
2026-09-12T03:48:55.871276+00:00,201,38.47,
2026-09-12T03:48:55.890888+00:00,201,36.31,
2026-09-12T03:48:55.911416+00:00,201,34.18,
2026-09-12T03:48:55.931216+00:00,201,32.99,
2026-09-12T03:48:55.951287+00:00,201,32.43,
2026-09-12T03:48:55.971167+00:00,201,33.43,
2026-09-12T03:48:55.991580+00:00,201,31.96,
2026-09-12T03:48:56.011954+00:00,201,31.71,
2026-09-12T03:48:56.030828+00:00,201,33.29,
2026-09-12T03:48:56.050821+00:00,201,34.92,
2026-09-12T03:48:56.070983+00:00,201,33.4,
2026-09-12T03:48:56.091502+00:00,201,32.6,
2026-09-12T03:48:56.111729+00:00,201,33.06,
2026-09-12T03:48:56.131495+00:00,201,33.31,
2026-09-12T03:48:56.151764+00:00,201,36.33,
2026-09-12T03:48:56.171864+00:00,201,34.0,
2026-09-12T03:48:56.192085+00:00,201,32.38,
2026-09-12T03:48:56.210722+00:00,201,32.65,
2026-09-12T03:48:56.231448+00:00,201,32.96,
2026-09-12T03:48:56.251834+00:00,201,32.26,
2026-09-12T03:48:56.271056+00:00,201,32.41,
2026-09-12T03:48:56.291402+00:00,201,31.61,
2026-09-12T03:48:56.311329+00:00,201,41.72,
2026-09-12T03:48:56.332060+00:00,201,63.27,
2026-09-12T03:48:56.350713+00:00,201,45.34,
2026-09-12T03:48:56.372123+00:00,201,40.98,
2026-09-12T03:48:56.391607+00:00,201,34.83,
2026-09-12T03:48:56.411670+00:00,201,32.5,
2026-09-12T03:48:56.450725+00:00,201,36.79,
2026-09-12T03:48:56.432010+00:00,201,56.35,
2026-09-12T03:48:56.471258+00:00,201,35.56,
2026-09-12T03:48:56.491615+00:00,201,33.28,
2026-09-12T03:48:56.511832+00:00,201,33.47,
2026-09-12T03:48:56.532111+00:00,201,33.48,
2026-09-12T03:48:56.551032+00:00,201,33.06,
2026-09-12T03:48:56.571536+00:00,201,56.21,
2026-09-12T03:48:56.592221+00:00,201,35.73,
2026-09-12T03:48:56.611022+00:00,201,34.88,
2026-09-12T03:48:56.631391+00:00,201,32.6,
2026-09-12T03:48:56.652061+00:00,201,32.34,
2026-09-12T03:48:56.671070+00:00,201,31.88,
2026-09-12T03:48:56.691371+00:00,201,43.7,
2026-09-12T03:48:56.711236+00:00,201,35.5,
2026-09-12T03:48:56.731810+00:00,201,33.24,
2026-09-12T03:48:56.751957+00:00,201,62.47,
2026-09-12T03:48:56.770871+00:00,201,55.98,
2026-09-12T03:48:56.790796+00:00,201,49.42,
2026-09-12T03:48:56.811071+00:00,201,37.09,
2026-09-12T03:48:56.831575+00:00,201,35.21,
2026-09-12T03:48:56.852086+00:00,201,32.83,
2026-09-12T03:48:56.870778+00:00,201,33.16,
2026-09-12T03:48:56.891327+00:00,201,32.81,
2026-09-12T03:48:56.911832+00:00,201,41.73,
2026-09-12T03:48:56.931910+00:00,201,34.55,
2026-09-12T03:48:56.950766+00:00,201,52.65,
2026-09-12T03:48:56.971133+00:00,201,34.6,
2026-09-12T03:48:56.991777+00:00,201,33.23,
2026-09-12T03:48:57.012012+00:00,201,32.47,
2026-09-12T03:48:57.032158+00:00,201,31.7,
2026-09-12T03:48:57.050823+00:00,201,34.93,
2026-09-12T03:48:57.071232+00:00,201,32.84,
2026-09-12T03:48:57.092138+00:00,201,33.1,
2026-09-12T03:48:57.112221+00:00,201,31.82,
2026-09-12T03:48:57.132076+00:00,201,60.69,
2026-09-12T03:48:57.151035+00:00,201,42.73,
2026-09-12T03:48:57.171030+00:00,201,37.85,
2026-09-12T03:48:57.191691+00:00,201,34.29,
2026-09-12T03:48:57.212176+00:00,201,33.48,
2026-09-12T03:48:57.231362+00:00,201,32.77,
2026-09-12T03:48:57.251213+00:00,201,62.93,
2026-09-12T03:48:57.270778+00:00,201,55.79,
2026-09-12T03:48:57.290753+00:00,201,37.16,
2026-09-12T03:48:57.311961+00:00,201,34.28,
2026-09-12T03:48:57.332118+00:00,201,31.8,
2026-09-12T03:48:57.352159+00:00,201,54.92,
2026-09-12T03:48:57.370734+00:00,201,48.77,
2026-09-12T03:48:57.391082+00:00,201,35.12,
2026-09-12T03:48:57.411709+00:00,201,59.12,
2026-09-12T03:48:57.430767+00:00,201,40.55,
2026-09-12T03:48:57.451348+00:00,201,35.94,
2026-09-12T03:48:57.472219+00:00,201,39.8,
2026-09-12T03:48:57.492051+00:00,201,34.47,
2026-09-12T03:48:57.511133+00:00,201,39.43,
2026-09-12T03:48:57.531643+00:00,201,33.4,
2026-09-12T03:48:57.550897+00:00,201,60.73,
2026-09-12T03:48:57.570759+00:00,201,53.55,
2026-09-12T03:48:57.591012+00:00,201,36.45,
2026-09-12T03:48:57.611387+00:00,201,35.84,
2026-09-12T03:48:57.631631+00:00,201,33.75,
2026-09-12T03:48:57.650639+00:00,201,53.03,
2026-09-12T03:48:57.671082+00:00,201,46.55,
2026-09-12T03:48:57.691125+00:00,201,33.86,
2026-09-12T03:48:57.711509+00:00,201,33.0,
2026-09-12T03:48:57.731598+00:00,201,31.65,
2026-09-12T03:48:57.771066+00:00,201,52.72,
2026-09-12T03:48:57.751956+00:00,201,72.4,
2026-09-12T03:48:57.791458+00:00,201,42.82,
2026-09-12T03:48:57.811600+00:00,201,34.96,
2026-09-12T03:48:57.832128+00:00,201,33.03,
2026-09-12T03:48:57.850854+00:00,201,31.76,
2026-09-12T03:48:57.871360+00:00,201,35.7,
2026-09-12T03:48:57.891922+00:00,201,63.94,
2026-09-12T03:48:57.911001+00:00,201,45.25,
2026-09-12T03:48:57.931103+00:00,201,55.17,
2026-09-12T03:48:57.951265+00:00,201,35.67,
2026-09-12T03:48:57.971747+00:00,201,34.55,
2026-09-12T03:48:57.992085+00:00,201,31.58,
2026-09-12T03:48:58.010940+00:00,201,31.88,
2026-09-12T03:48:58.031369+00:00,201,31.79,
2026-09-12T03:48:58.051663+00:00,201,60.12,
2026-09-12T03:48:58.071653+00:00,201,52.37,
2026-09-12T03:48:58.090574+00:00,201,44.63,
2026-09-12T03:48:58.111848+00:00,201,38.9,
2026-09-12T03:48:58.131549+00:00,201,39.38,
2026-09-12T03:48:58.151921+00:00,201,62.19,
2026-09-12T03:48:58.170613+00:00,201,43.49,
2026-09-12T03:48:58.191350+00:00,201,37.66,
2026-09-12T03:48:58.211695+00:00,201,37.07,
2026-09-12T03:48:58.232237+00:00,201,50.85,
2026-09-12T03:48:58.252162+00:00,201,66.9,
2026-09-12T03:48:58.291333+00:00,201,38.17,
2026-09-12T03:48:58.270921+00:00,201,62.09,
2026-09-12T03:48:58.311419+00:00,201,63.9,
2026-09-12T03:48:58.331423+00:00,201,44.8,
2026-09-12T03:48:58.372096+00:00,201,38.78,
2026-09-12T03:48:58.351946+00:00,201,61.12,
2026-09-12T03:48:58.391065+00:00,201,36.54,
2026-09-12T03:48:58.411302+00:00,201,34.71,
2026-09-12T03:48:58.431041+00:00,201,33.52,
2026-09-12T03:48:58.451196+00:00,201,50.0,
2026-09-12T03:48:58.471386+00:00,201,63.37,
2026-09-12T03:48:58.491650+00:00,201,43.89,
2026-09-12T03:48:58.511264+00:00,201,55.91,
2026-09-12T03:48:58.530992+00:00,201,39.15,
2026-09-12T03:48:58.551393+00:00,201,35.84,
2026-09-12T03:48:58.572045+00:00,201,33.78,
2026-09-12T03:48:58.591080+00:00,201,33.32,
2026-09-12T03:48:58.610888+00:00,201,33.68,
2026-09-12T03:48:58.651825+00:00,201,62.67,
2026-09-12T03:48:58.631464+00:00,201,85.09,
2026-09-12T03:48:58.672122+00:00,201,52.13,
2026-09-12T03:48:58.691386+00:00,201,44.7,
2026-09-12T03:48:58.711065+00:00,201,37.35,
2026-09-12T03:48:58.732123+00:00,201,34.65,
2026-09-12T03:48:58.750866+00:00,201,60.73,
2026-09-12T03:48:58.771217+00:00,201,42.23,
2026-09-12T03:48:58.791533+00:00,201,39.4,
2026-09-12T03:48:58.810814+00:00,201,38.3,
2026-09-12T03:48:58.831690+00:00,201,35.22,
2026-09-12T03:48:58.852215+00:00,201,60.15,
2026-09-12T03:48:58.871015+00:00,201,43.35,
2026-09-12T03:48:58.891547+00:00,201,42.27,
2026-09-12T03:48:58.911870+00:00,201,64.08,
2026-09-12T03:48:58.931605+00:00,201,44.72,
2026-09-12T03:48:58.951965+00:00,201,35.76,
2026-09-12T03:48:58.972174+00:00,201,62.12,
2026-09-12T03:48:58.992081+00:00,201,56.0,
2026-09-12T03:48:59.012136+00:00,201,39.26,
2026-09-12T03:48:59.030996+00:00,201,36.64,
2026-09-12T03:48:59.051614+00:00,201,34.36,
2026-09-12T03:48:59.071988+00:00,201,31.93,
2026-09-12T03:48:59.090771+00:00,201,54.7,
2026-09-12T03:48:59.111075+00:00,201,34.83,
2026-09-12T03:48:59.131615+00:00,201,37.4,
2026-09-12T03:48:59.150909+00:00,201,32.61,
2026-09-12T03:48:59.171121+00:00,201,33.25,
2026-09-12T03:48:59.191626+00:00,201,33.61,
2026-09-12T03:48:59.211977+00:00,201,32.88,
2026-09-12T03:48:59.230781+00:00,201,32.3,
2026-09-12T03:48:59.250790+00:00,201,31.56,
2026-09-12T03:48:59.271274+00:00,201,39.5,
2026-09-12T03:48:59.311644+00:00,201,35.99,
2026-09-12T03:48:59.291596+00:00,201,56.5,
2026-09-12T03:48:59.331261+00:00,201,35.17,
2026-09-12T03:48:59.351636+00:00,201,32.11,
2026-09-12T03:48:59.370754+00:00,201,33.61,
2026-09-12T03:48:59.392176+00:00,201,33.02,
2026-09-12T03:48:59.410840+00:00,201,35.66,
2026-09-12T03:48:59.431387+00:00,201,34.37,
2026-09-12T03:48:59.452055+00:00,201,33.27,
2026-09-12T03:48:59.470826+00:00,201,34.07,
2026-09-12T03:48:59.491129+00:00,201,33.65,
2026-09-12T03:48:59.511159+00:00,201,33.71,
2026-09-12T03:48:59.532029+00:00,201,34.13,
2026-09-12T03:48:59.550811+00:00,201,36.07,
2026-09-12T03:48:59.571015+00:00,201,32.41,
2026-09-12T03:48:59.590865+00:00,201,50.22,
2026-09-12T03:48:59.610775+00:00,201,62.09,
2026-09-12T03:48:59.631011+00:00,201,54.99,
2026-09-12T03:48:59.651155+00:00,201,51.28,
2026-09-12T03:48:59.671152+00:00,201,38.06,
2026-09-12T03:48:59.691190+00:00,201,33.87,
2026-09-12T03:48:59.711710+00:00,201,32.75,
2026-09-12T03:48:59.731459+00:00,201,32.06,
2026-09-12T03:48:59.751664+00:00,201,31.32,
2026-09-12T03:48:59.771623+00:00,201,43.42,
2026-09-12T03:48:59.791948+00:00,201,34.39,
2026-09-12T03:48:59.812191+00:00,201,37.01,
2026-09-12T03:48:59.831041+00:00,201,38.18,
2026-09-12T03:48:59.851518+00:00,201,33.2,
2026-09-12T03:48:59.871913+00:00,201,31.81,
2026-09-12T03:48:59.892233+00:00,201,42.59,
2026-09-12T03:48:59.910818+00:00,201,34.61,
2026-09-12T03:48:59.930650+00:00,201,32.86,
2026-09-12T03:48:59.951091+00:00,201,31.82,
2026-09-12T03:48:59.971358+00:00,201,48.88,
2026-09-12T03:48:59.991784+00:00,201,39.5,
2026-09-12T03:49:00.012071+00:00,201,37.91,
2026-09-12T03:49:00.030739+00:00,201,50.27,
2026-09-12T03:49:00.051278+00:00,201,58.77,
2026-09-12T03:49:00.071875+00:00,201,51.63,
2026-09-12T03:49:00.090613+00:00,201,47.14,
2026-09-12T03:49:00.111059+00:00,201,69.3,
2026-09-12T03:49:00.131334+00:00,201,58.92,
2026-09-12T03:49:00.151536+00:00,201,39.83,
2026-09-12T03:49:00.171591+00:00,201,36.33,
2026-09-12T03:49:00.192032+00:00,201,35.22,
2026-09-12T03:49:00.212060+00:00,201,59.06,
2026-09-12T03:49:00.231260+00:00,201,51.17,
2026-09-12T03:49:00.251246+00:00,201,37.1,
2026-09-12T03:49:00.271736+00:00,201,32.34,
2026-09-12T03:49:00.290808+00:00,201,32.51,
2026-09-12T03:49:00.311214+00:00,201,31.71,
2026-09-12T03:49:00.330951+00:00,201,32.36,
2026-09-12T03:49:00.351001+00:00,201,31.51,
2026-09-12T03:49:00.371034+00:00,201,31.35,
2026-09-12T03:49:00.391382+00:00,201,32.88,
2026-09-12T03:49:00.411757+00:00,201,31.33,
2026-09-12T03:49:00.431302+00:00,201,60.56,
2026-09-12T03:49:00.451552+00:00,201,51.4,
2026-09-12T03:49:00.472057+00:00,201,37.16,
2026-09-12T03:49:00.490956+00:00,201,35.4,
2026-09-12T03:49:00.510760+00:00,201,55.53,
2026-09-12T03:49:00.532230+00:00,201,47.91,
2026-09-12T03:49:00.551020+00:00,201,38.56,
2026-09-12T03:49:00.571653+00:00,201,33.76,
2026-09-12T03:49:00.591796+00:00,201,33.0,
2026-09-12T03:49:00.612099+00:00,201,45.29,
2026-09-12T03:49:00.632145+00:00,201,59.04,
2026-09-12T03:49:00.650932+00:00,201,59.24,
2026-09-12T03:49:00.671166+00:00,201,66.72,
2026-09-12T03:49:00.691030+00:00,201,54.92,
2026-09-12T03:49:00.710824+00:00,201,57.09,
2026-09-12T03:49:00.731570+00:00,201,53.64,
2026-09-12T03:49:00.750885+00:00,201,47.41,
2026-09-12T03:49:00.771349+00:00,201,39.49,
2026-09-12T03:49:00.791514+00:00,201,62.01,
2026-09-12T03:49:00.811881+00:00,201,52.44,
2026-09-12T03:49:00.830843+00:00,201,42.19,
2026-09-12T03:49:00.851385+00:00,201,39.76,
2026-09-12T03:49:00.871510+00:00,201,36.45,
2026-09-12T03:49:00.891906+00:00,201,64.12,
2026-09-12T03:49:00.911525+00:00,201,60.77,
2026-09-12T03:49:00.931528+00:00,201,54.43,
2026-09-12T03:49:00.951405+00:00,201,51.4,
2026-09-12T03:49:00.971632+00:00,201,41.44,
2026-09-12T03:49:00.992139+00:00,201,37.27,
2026-09-12T03:49:01.011520+00:00,201,36.09,
2026-09-12T03:49:01.031626+00:00,201,37.1,
2026-09-12T03:49:01.051920+00:00,201,73.11,
2026-09-12T03:49:01.070690+00:00,201,56.5,
2026-09-12T03:49:01.092039+00:00,201,49.03,
2026-09-12T03:49:01.110964+00:00,201,49.55,
2026-09-12T03:49:01.131374+00:00,201,51.56,
2026-09-12T03:49:01.150721+00:00,201,51.1,
2026-09-12T03:49:01.171695+00:00,201,46.01,
2026-09-12T03:49:01.192035+00:00,201,39.93,
2026-09-12T03:49:01.211527+00:00,201,39.04,
2026-09-12T03:49:01.232047+00:00,201,52.05,
2026-09-12T03:49:01.251127+00:00,201,67.07,
2026-09-12T03:49:01.271552+00:00,201,58.3,
2026-09-12T03:49:01.291159+00:00,201,42.01,
2026-09-12T03:49:01.311405+00:00,201,37.52,
2026-09-12T03:49:01.331320+00:00,201,35.12,
2026-09-12T03:49:01.351616+00:00,201,56.64,
2026-09-12T03:49:01.371480+00:00,201,50.14,
2026-09-12T03:49:01.411561+00:00,201,44.9,
2026-09-12T03:49:01.391769+00:00,201,67.09,
2026-09-12T03:49:01.431972+00:00,201,39.35,
2026-09-12T03:49:01.450858+00:00,201,38.69,
2026-09-12T03:49:01.471471+00:00,201,34.84,
2026-09-12T03:49:01.491796+00:00,201,33.14,
2026-09-12T03:49:01.510686+00:00,201,51.61,
2026-09-12T03:49:01.550759+00:00,201,37.52,
2026-09-12T03:49:01.532020+00:00,201,60.41,
2026-09-12T03:49:01.570768+00:00,201,40.67,
2026-09-12T03:49:01.591256+00:00,201,61.08,
2026-09-12T03:49:01.612002+00:00,201,53.79,
2026-09-12T03:49:01.631180+00:00,201,45.19,
2026-09-12T03:49:01.650704+00:00,201,60.68,
2026-09-12T03:49:01.670972+00:00,201,50.86,
2026-09-12T03:49:01.691369+00:00,201,38.88,
2026-09-12T03:49:01.711820+00:00,201,59.52,
2026-09-12T03:49:01.730967+00:00,201,59.04,
2026-09-12T03:49:01.771489+00:00,201,39.42,
2026-09-12T03:49:01.752174+00:00,201,64.25,
2026-09-12T03:49:01.811926+00:00,201,39.19,
2026-09-12T03:49:01.791150+00:00,201,60.59,
2026-09-12T03:49:01.831805+00:00,201,37.38,
2026-09-12T03:49:01.852162+00:00,201,34.77,
2026-09-12T03:49:01.870732+00:00,201,35.31,
2026-09-12T03:49:01.890964+00:00,201,44.09,
2026-09-12T03:49:01.911313+00:00,201,35.52,
2026-09-12T03:49:01.931325+00:00,201,35.32,
2026-09-12T03:49:01.951819+00:00,201,34.37,
2026-09-12T03:49:01.971789+00:00,201,34.88,
2026-09-12T03:49:01.991593+00:00,201,34.13,
2026-09-12T03:49:02.012092+00:00,201,34.16,
2026-09-12T03:49:02.030730+00:00,201,41.59,
2026-09-12T03:49:02.051092+00:00,201,71.91,
2026-09-12T03:49:02.071266+00:00,201,51.88,
2026-09-12T03:49:02.092053+00:00,201,41.08,
2026-09-12T03:49:02.112049+00:00,201,53.51,
2026-09-12T03:49:02.131668+00:00,201,40.37,
2026-09-12T03:49:02.150906+00:00,201,56.4,
2026-09-12T03:49:02.170775+00:00,201,37.59,
2026-09-12T03:49:02.190885+00:00,201,35.91,
2026-09-12T03:49:02.211475+00:00,201,33.86,
2026-09-12T03:49:02.231595+00:00,201,35.07,
2026-09-12T03:49:02.250706+00:00,201,36.02,
2026-09-12T03:49:02.270751+00:00,201,37.08,
2026-09-12T03:49:02.291039+00:00,201,33.14,
2026-09-12T03:49:02.311374+00:00,201,33.17,
2026-09-12T03:49:02.331358+00:00,201,34.44,
2026-09-12T03:49:02.351756+00:00,201,33.22,
2026-09-12T03:49:02.372128+00:00,201,33.41,
2026-09-12T03:49:02.392139+00:00,201,33.38,
2026-09-12T03:49:02.410721+00:00,201,32.74,
2026-09-12T03:49:02.431099+00:00,201,32.53,
2026-09-12T03:49:02.451435+00:00,201,32.98,
2026-09-12T03:49:02.471536+00:00,201,31.79,
2026-09-12T03:49:02.492112+00:00,201,31.29,
2026-09-12T03:49:02.511033+00:00,201,32.08,
2026-09-12T03:49:02.531282+00:00,201,45.91,
