timestamp_iso,status_code,latency_ms,error
2026-09-12T03:52:59.931873+00:00,201,53.35,
2026-09-12T03:52:59.942561+00:00,201,73.27,
2026-09-12T03:52:59.920730+00:00,201,102.08,
2026-09-12T03:52:59.975286+00:00,201,59.81,
2026-09-12T03:52:59.952363+00:00,201,96.79,
2026-09-12T03:53:00.008099+00:00,201,59.54,
2026-09-12T03:52:59.986019+00:00,201,83.9,
2026-09-12T03:52:59.964277+00:00,201,107.41,
2026-09-12T03:52:59.996829+00:00,201,80.26,
2026-09-12T03:53:00.020326+00:00,201,61.8,
2026-09-12T03:53:00.030137+00:00,201,57.81,
2026-09-12T03:53:00.041244+00:00,201,57.41,
2026-09-12T03:53:00.064614+00:00,201,47.46,
2026-09-12T03:53:00.053633+00:00,201,61.19,
2026-09-12T03:53:00.075535+00:00,201,44.96,
2026-09-12T03:53:00.086502+00:00,201,42.34,
2026-09-12T03:53:00.097454+00:00,201,40.83,
2026-09-12T03:53:00.118971+00:00,201,38.41,
2026-09-12T03:53:00.108185+00:00,201,58.44,
2026-09-12T03:53:00.131401+00:00,201,39.66,
2026-09-12T03:53:00.142362+00:00,201,39.71,
2026-09-12T03:53:00.163852+00:00,201,36.34,
2026-09-12T03:53:00.153287+00:00,201,57.58,
2026-09-12T03:53:00.174834+00:00,201,53.73,
2026-09-12T03:53:00.196894+00:00,201,40.06,
2026-09-12T03:53:00.185733+00:00,201,58.98,
2026-09-12T03:53:00.208038+00:00,201,42.57,
2026-09-12T03:53:00.219078+00:00,201,41.9,
2026-09-12T03:53:00.230163+00:00,201,40.25,
2026-09-12T03:53:00.241202+00:00,201,47.27,
2026-09-12T03:53:00.253738+00:00,201,37.4,
2026-09-12T03:53:00.264873+00:00,201,34.97,
2026-09-12T03:53:00.287015+00:00,201,34.61,
2026-09-12T03:53:00.298212+00:00,201,36.61,
2026-09-12T03:53:00.275960+00:00,201,62.06,
2026-09-12T03:53:00.309135+00:00,201,38.59,
2026-09-12T03:53:00.320085+00:00,201,50.34,
2026-09-12T03:53:00.330971+00:00,201,39.59,
2026-09-12T03:53:00.341991+00:00,201,39.29,
2026-09-12T03:53:00.353156+00:00,201,37.01,
2026-09-12T03:53:00.364214+00:00,201,35.62,
2026-09-12T03:53:00.375308+00:00,201,59.87,
2026-09-12T03:53:00.397195+00:00,201,39.12,
2026-09-12T03:53:00.386285+00:00,201,64.95,
2026-09-12T03:53:00.419258+00:00,201,40.24,
2026-09-12T03:53:00.408243+00:00,201,57.19,
2026-09-12T03:53:00.430261+00:00,201,41.71,
2026-09-12T03:53:00.441508+00:00,201,38.12,
2026-09-12T03:53:00.463669+00:00,201,33.73,
2026-09-12T03:53:00.452772+00:00,201,56.6,
2026-09-12T03:53:00.486916+00:00,201,38.19,
2026-09-12T03:53:00.474519+00:00,201,53.92,
2026-09-12T03:53:00.497595+00:00,201,37.36,
2026-09-12T03:53:00.508681+00:00,201,40.14,
2026-09-12T03:53:00.519595+00:00,201,39.1,
2026-09-12T03:53:00.530725+00:00,201,40.2,
2026-09-12T03:53:00.541332+00:00,201,40.97,
2026-09-12T03:53:00.553764+00:00,201,41.45,
2026-09-12T03:53:00.563573+00:00,201,41.66,
2026-09-12T03:53:00.574762+00:00,201,39.31,
2026-09-12T03:53:00.585974+00:00,201,42.16,
2026-09-12T03:53:00.597048+00:00,201,38.29,
2026-09-12T03:53:00.608286+00:00,201,38.22,
2026-09-12T03:53:00.619548+00:00,201,36.7,
2026-09-12T03:53:00.641763+00:00,201,34.98,
2026-09-12T03:53:00.630676+00:00,201,53.32,
2026-09-12T03:53:00.652865+00:00,201,37.56,
2026-09-12T03:53:00.663967+00:00,201,38.86,
2026-09-12T03:53:00.675084+00:00,201,41.63,
2026-09-12T03:53:00.685887+00:00,201,45.77,
2026-09-12T03:53:00.697030+00:00,201,51.13,
2026-09-12T03:53:00.708238+00:00,201,47.62,
2026-09-12T03:53:00.719984+00:00,201,44.81,
2026-09-12T03:53:00.730859+00:00,201,44.06,
2026-09-12T03:53:00.741971+00:00,201,41.4,
2026-09-12T03:53:00.764611+00:00,201,39.98,
2026-09-12T03:53:00.753178+00:00,201,67.07,
2026-09-12T03:53:00.775809+00:00,201,46.25,
2026-09-12T03:53:00.797638+00:00,201,52.27,
2026-09-12T03:53:00.786750+00:00,201,74.67,
2026-09-12T03:53:00.808845+00:00,201,54.18,
2026-09-12T03:53:00.820217+00:00,201,57.83,
2026-09-12T03:53:00.830875+00:00,201,83.69,
2026-09-12T03:53:00.841398+00:00,201,73.91,
2026-09-12T03:53:00.852781+00:00,201,67.2,
2026-09-12T03:53:00.863445+00:00,201,65.12,
2026-09-12T03:53:00.875478+00:00,201,74.25,
2026-09-12T03:53:00.886741+00:00,201,79.72,
2026-09-12T03:53:00.897126+00:00,201,77.29,
2026-09-12T03:53:00.908056+00:00,201,72.91,
2026-09-12T03:53:00.919186+00:00,201,71.74,
2026-09-12T03:53:00.930040+00:00,201,64.5,
2026-09-12T03:53:00.941563+00:00,201,63.15,
2026-09-12T03:53:00.952991+00:00,201,59.0,
2026-09-12T03:53:00.964184+00:00,201,55.09,
2026-09-12T03:53:00.986026+00:00,201,47.13,
2026-09-12T03:53:00.974836+00:00,201,65.3,
2026-09-12T03:53:00.996854+00:00,201,47.44,
2026-09-12T03:53:01.009158+00:00,201,45.69,
2026-09-12T03:53:01.018862+00:00,201,46.43,
2026-09-12T03:53:01.031237+00:00,201,44.19,
2026-09-12T03:53:01.042206+00:00,201,41.82,
2026-09-12T03:53:01.053282+00:00,201,43.46,
2026-09-12T03:53:01.064330+00:00,201,41.18,
2026-09-12T03:53:01.075186+00:00,201,40.07,
2026-09-12T03:53:01.097283+00:00,201,39.9,
2026-09-12T03:53:01.086405+00:00,201,57.78,
2026-09-12T03:53:01.109040+00:00,201,40.34,
2026-09-12T03:53:01.119916+00:00,201,41.96,
2026-09-12T03:53:01.130939+00:00,201,40.71,
2026-09-12T03:53:01.141517+00:00,201,39.94,
2026-09-12T03:53:01.153135+00:00,201,37.1,
2026-09-12T03:53:01.164033+00:00,201,60.16,
2026-09-12T03:53:01.186091+00:00,201,39.46,
2026-09-12T03:53:01.175011+00:00,201,63.35,
2026-09-12T03:53:01.197051+00:00,201,42.98,
2026-09-12T03:53:01.208095+00:00,201,42.6,
2026-09-12T03:53:01.219211+00:00,201,40.82,
2026-09-12T03:53:01.230141+00:00,201,39.15,
2026-09-12T03:53:01.242478+00:00,201,38.12,
2026-09-12T03:53:01.263872+00:00,201,48.43,
2026-09-12T03:53:01.253467+00:00,201,68.2,
2026-09-12T03:53:01.274965+00:00,201,50.42,
2026-09-12T03:53:01.285620+00:00,201,53.01,
2026-09-12T03:53:01.297524+00:00,201,55.22,
2026-09-12T03:53:01.308233+00:00,201,56.67,
2026-09-12T03:53:01.319887+00:00,201,53.89,
2026-09-12T03:53:01.330693+00:00,201,55.77,
2026-09-12T03:53:01.342685+00:00,201,54.32,
2026-09-12T03:53:01.363476+00:00,201,52.03,
2026-09-12T03:53:01.353140+00:00,201,63.31,
2026-09-12T03:53:01.374630+00:00,201,49.23,
2026-09-12T03:53:01.386247+00:00,201,50.69,
2026-09-12T03:53:01.397279+00:00,201,46.72,
2026-09-12T03:53:01.408174+00:00,201,44.0,
2026-09-12T03:53:01.419045+00:00,201,43.66,
2026-09-12T03:53:01.430159+00:00,201,39.16,
2026-09-12T03:53:01.464644+00:00,201,37.51,
2026-09-12T03:53:01.441212+00:00,201,64.84,
2026-09-12T03:53:01.452220+00:00,201,66.39,
2026-09-12T03:53:01.475890+00:00,201,54.68,
2026-09-12T03:53:01.497897+00:00,201,42.48,
2026-09-12T03:53:01.486882+00:00,201,63.99,
2026-09-12T03:53:01.509139+00:00,201,42.07,
2026-09-12T03:53:01.520459+00:00,201,41.12,
2026-09-12T03:53:01.530718+00:00,201,43.25,
2026-09-12T03:53:01.541856+00:00,201,38.95,
2026-09-12T03:53:01.552738+00:00,201,48.92,
2026-09-12T03:53:01.564002+00:00,201,58.48,
2026-09-12T03:53:01.574680+00:00,201,73.93,
2026-09-12T03:53:01.586589+00:00,201,62.8,
2026-09-12T03:53:01.597226+00:00,201,61.94,
2026-09-12T03:53:01.608635+00:00,201,59.17,
2026-09-12T03:53:01.619193+00:00,201,65.76,
2026-09-12T03:53:01.630987+00:00,201,56.38,
2026-09-12T03:53:01.653627+00:00,201,48.05,
2026-09-12T03:53:01.642333+00:00,201,68.23,
2026-09-12T03:53:01.664375+00:00,201,49.4,
2026-09-12T03:53:01.687060+00:00,201,53.84,
2026-09-12T03:53:01.675533+00:00,201,72.14,
2026-09-12T03:53:01.697483+00:00,201,52.22,
2026-09-12T03:53:01.708479+00:00,201,54.65,
2026-09-12T03:53:01.719453+00:00,201,55.18,
2026-09-12T03:53:01.730773+00:00,201,51.1,
2026-09-12T03:53:01.742001+00:00,201,49.25,
2026-09-12T03:53:01.764163+00:00,201,46.04,
2026-09-12T03:53:01.774937+00:00,201,42.9,
2026-09-12T03:53:01.753272+00:00,201,65.38,
2026-09-12T03:53:01.785892+00:00,201,58.71,
2026-09-12T03:53:01.808097+00:00,201,38.18,
2026-09-12T03:53:01.797138+00:00,201,65.94,
2026-09-12T03:53:01.820337+00:00,201,57.06,
2026-09-12T03:53:01.842324+00:00,201,42.59,
2026-09-12T03:53:01.831280+00:00,201,64.97,
2026-09-12T03:53:01.864046+00:00,201,42.78,
2026-09-12T03:53:01.853215+00:00,201,59.24,
2026-09-12T03:53:01.875142+00:00,201,43.17,
2026-09-12T03:53:01.886065+00:00,201,44.86,
2026-09-12T03:53:01.898243+00:00,201,41.94,
2026-09-12T03:53:01.908869+00:00,201,42.86,
2026-09-12T03:53:01.919848+00:00,201,55.72,
2026-09-12T03:53:01.931175+00:00,201,54.21,
2026-09-12T03:53:01.942175+00:00,201,51.3,
2026-09-12T03:53:01.952370+00:00,201,53.28,
2026-09-12T03:53:01.964458+00:00,201,52.55,
2026-09-12T03:53:01.974606+00:00,201,52.47,
2026-09-12T03:53:01.986309+00:00,201,49.58,
2026-09-12T03:53:01.997906+00:00,201,48.4,
2026-09-12T03:53:02.008782+00:00,201,46.2,
2026-09-12T03:53:02.030521+00:00,201,44.06,
2026-09-12T03:53:02.019484+00:00,201,65.19,
2026-09-12T03:53:02.041708+00:00,201,46.05,
2026-09-12T03:53:02.052894+00:00,201,45.66,
2026-09-12T03:53:02.063868+00:00,201,62.19,
2026-09-12T03:53:02.074832+00:00,201,54.61,
2026-09-12T03:53:02.085617+00:00,201,63.07,
2026-09-12T03:53:02.107995+00:00,201,50.38,
2026-09-12T03:53:02.096985+00:00,201,72.38,
2026-09-12T03:53:02.131137+00:00,201,62.22,
2026-09-12T03:53:02.120462+00:00,201,73.23,
2026-09-12T03:53:02.142120+00:00,201,60.99,
2026-09-12T03:53:02.152925+00:00,201,65.39,
2026-09-12T03:53:02.174649+00:00,201,50.74,
2026-09-12T03:53:02.163866+00:00,201,65.94,
2026-09-12T03:53:02.186175+00:00,201,55.92,
2026-09-12T03:53:02.197127+00:00,201,47.15,
2026-09-12T03:53:02.208128+00:00,201,60.3,
2026-09-12T03:53:02.241398+00:00,201,44.33,
2026-09-12T03:53:02.230293+00:00,201,58.5,
2026-09-12T03:53:02.219333+00:00,201,70.04,
2026-09-12T03:53:02.263599+00:00,201,45.37,
2026-09-12T03:53:02.275481+00:00,201,43.03,
2026-09-12T03:53:02.252654+00:00,201,65.99,
2026-09-12T03:53:02.286246+00:00,201,45.87,
2026-09-12T03:53:02.297619+00:00,201,43.06,
2026-09-12T03:53:02.308561+00:00,201,44.77,
2026-09-12T03:53:02.319715+00:00,201,39.48,
2026-09-12T03:53:02.330651+00:00,201,39.98,
2026-09-12T03:53:02.341612+00:00,201,38.46,
2026-09-12T03:53:02.352784+00:00,201,39.77,
2026-09-12T03:53:02.363404+00:00,201,36.62,
2026-09-12T03:53:02.376019+00:00,201,48.65,
2026-09-12T03:53:02.386939+00:00,201,37.79,
2026-09-12T03:53:02.397934+00:00,201,37.64,
2026-09-12T03:53:02.408980+00:00,201,36.31,
2026-09-12T03:53:02.431057+00:00,201,36.35,
2026-09-12T03:53:02.419851+00:00,201,50.28,
2026-09-12T03:53:02.441739+00:00,201,39.02,
2026-09-12T03:53:02.452647+00:00,201,39.71,
2026-09-12T03:53:02.463527+00:00,201,37.81,
2026-09-12T03:53:02.475938+00:00,201,37.92,
2026-09-12T03:53:02.508761+00:00,201,34.75,
2026-09-12T03:53:02.486985+00:00,201,61.72,
2026-09-12T03:53:02.498228+00:00,201,52.93,
2026-09-12T03:53:02.530449+00:00,201,39.48,
2026-09-12T03:53:02.541235+00:00,201,39.64,
2026-09-12T03:53:02.519557+00:00,201,61.97,
2026-09-12T03:53:02.552556+00:00,201,39.26,
2026-09-12T03:53:02.564648+00:00,201,37.42,
2026-09-12T03:53:02.586538+00:00,201,34.56,
2026-09-12T03:53:02.575723+00:00,201,48.77,
2026-09-12T03:53:02.609077+00:00,201,35.82,
2026-09-12T03:53:02.619946+00:00,201,40.13,
2026-09-12T03:53:02.597893+00:00,201,62.74,
2026-09-12T03:53:02.631062+00:00,201,39.57,
2026-09-12T03:53:02.642081+00:00,201,38.34,
2026-09-12T03:53:02.653060+00:00,201,36.7,
2026-09-12T03:53:02.674794+00:00,201,35.07,
2026-09-12T03:53:02.663879+00:00,201,54.97,
2026-09-12T03:53:02.685686+00:00,201,49.78,
2026-09-12T03:53:02.707869+00:00,201,36.16,
2026-09-12T03:53:02.696745+00:00,201,58.64,
2026-09-12T03:53:02.720493+00:00,201,38.53,
2026-09-12T03:53:02.731260+00:00,201,37.37,
2026-09-12T03:53:02.742370+00:00,201,36.12,
2026-09-12T03:53:02.775767+00:00,201,36.37,
2026-09-12T03:53:02.764544+00:00,201,51.75,
2026-09-12T03:53:02.753344+00:00,201,63.41,
2026-09-12T03:53:02.797500+00:00,201,37.2,
2026-09-12T03:53:02.786915+00:00,201,60.66,
2026-09-12T03:53:02.819366+00:00,201,40.61,
2026-09-12T03:53:02.808429+00:00,201,54.77,
2026-09-12T03:53:02.830413+00:00,201,39.11,
2026-09-12T03:53:02.841658+00:00,201,38.16,
2026-09-12T03:53:02.852894+00:00,201,37.78,
2026-09-12T03:53:02.874968+00:00,201,35.94,
2026-09-12T03:53:02.886000+00:00,201,40.84,
2026-09-12T03:53:02.863999+00:00,201,65.0,
2026-09-12T03:53:02.897009+00:00,201,41.56,
2026-09-12T03:53:02.909304+00:00,201,42.94,
2026-09-12T03:53:02.920181+00:00,201,50.04,
2026-09-12T03:53:02.931414+00:00,201,53.87,
2026-09-12T03:53:02.942512+00:00,201,51.04,
2026-09-12T03:53:02.953079+00:00,201,50.63,
2026-09-12T03:53:02.963937+00:00,201,45.35,
2026-09-12T03:53:02.986995+00:00,201,51.98,
2026-09-12T03:53:02.975947+00:00,201,64.18,
2026-09-12T03:53:02.997709+00:00,201,43.11,
2026-09-12T03:53:03.008300+00:00,201,45.1,
2026-09-12T03:53:03.019263+00:00,201,45.48,
2026-09-12T03:53:03.030211+00:00,201,41.87,
2026-09-12T03:53:03.042693+00:00,201,53.44,
2026-09-12T03:53:03.053701+00:00,201,63.51,
2026-09-12T03:53:03.064660+00:00,201,52.85,
2026-09-12T03:53:03.075717+00:00,201,42.52,
2026-09-12T03:53:03.097634+00:00,201,43.45,
2026-09-12T03:53:03.086610+00:00,201,60.56,
2026-09-12T03:53:03.119737+00:00,201,41.1,
2026-09-12T03:53:03.108639+00:00,201,54.35,
2026-09-12T03:53:03.153317+00:00,201,39.45,
2026-09-12T03:53:03.142278+00:00,201,51.82,
2026-09-12T03:53:03.131139+00:00,201,63.41,
2026-09-12T03:53:03.163925+00:00,201,39.57,
2026-09-12T03:53:03.186788+00:00,201,37.15,
2026-09-12T03:53:03.197828+00:00,201,40.07,
2026-09-12T03:53:03.175917+00:00,201,63.76,
2026-09-12T03:53:03.208562+00:00,201,39.48,
2026-09-12T03:53:03.219504+00:00,201,38.45,
2026-09-12T03:53:03.230514+00:00,201,58.7,
2026-09-12T03:53:03.252394+00:00,201,38.5,
2026-09-12T03:53:03.241453+00:00,201,66.72,
2026-09-12T03:53:03.264930+00:00,201,47.14,
2026-09-12T03:53:03.275880+00:00,201,45.57,
2026-09-12T03:53:03.286987+00:00,201,43.05,
2026-09-12T03:53:03.298096+00:00,201,41.17,
2026-09-12T03:53:03.309028+00:00,201,42.17,
2026-09-12T03:53:03.320149+00:00,201,42.59,
2026-09-12T03:53:03.331092+00:00,201,43.23,
2026-09-12T03:53:03.341916+00:00,201,39.47,
2026-09-12T03:53:03.352453+00:00,201,38.98,
2026-09-12T03:53:03.364560+00:00,201,36.83,
2026-09-12T03:53:03.386183+00:00,201,38.11,
2026-09-12T03:53:03.375289+00:00,201,50.21,
2026-09-12T03:53:03.398238+00:00,201,35.92,
2026-09-12T03:53:03.420190+00:00,201,34.69,
2026-09-12T03:53:03.430672+00:00,201,36.54,
2026-09-12T03:53:03.409296+00:00,201,62.71,
2026-09-12T03:53:03.441749+00:00,201,38.53,
2026-09-12T03:53:03.452706+00:00,201,38.24,
2026-09-12T03:53:03.463699+00:00,201,36.34,
2026-09-12T03:53:03.486960+00:00,201,35.11,
2026-09-12T03:53:03.476011+00:00,201,56.1,
2026-09-12T03:53:03.497843+00:00,201,35.7,
2026-09-12T03:53:03.520278+00:00,201,36.67,
2026-09-12T03:53:03.509320+00:00,201,56.15,
2026-09-12T03:53:03.531374+00:00,201,40.1,
2026-09-12T03:53:03.542328+00:00,201,37.77,
2026-09-12T03:53:03.563719+00:00,201,33.87,
2026-09-12T03:53:03.552825+00:00,201,60.53,
2026-09-12T03:53:03.585814+00:00,201,37.9,
2026-09-12T03:53:03.574863+00:00,201,57.36,
2026-09-12T03:53:03.597812+00:00,201,40.16,
2026-09-12T03:53:03.609110+00:00,201,40.33,
2026-09-12T03:53:03.619653+00:00,201,39.69,
2026-09-12T03:53:03.630359+00:00,201,37.43,
2026-09-12T03:53:03.641203+00:00,201,47.82,
2026-09-12T03:53:03.653520+00:00,201,36.53,
2026-09-12T03:53:03.675708+00:00,201,36.48,
2026-09-12T03:53:03.664464+00:00,201,58.33,
2026-09-12T03:53:03.687016+00:00,201,39.16,
2026-09-12T03:53:03.697133+00:00,201,38.46,
2026-09-12T03:53:03.708112+00:00,201,36.45,
2026-09-12T03:53:03.719213+00:00,201,45.07,
2026-09-12T03:53:03.730189+00:00,201,36.35,
2026-09-12T03:53:03.741097+00:00,201,34.54,
2026-09-12T03:53:03.764823+00:00,201,32.58,
2026-09-12T03:53:03.752330+00:00,201,60.56,
2026-09-12T03:53:03.786813+00:00,201,36.34,
2026-09-12T03:53:03.775804+00:00,201,54.98,
2026-09-12T03:53:03.797953+00:00,201,36.11,
2026-09-12T03:53:03.820127+00:00,201,34.83,
2026-09-12T03:53:03.809032+00:00,201,48.47,
2026-09-12T03:53:03.842261+00:00,201,33.92,
2026-09-12T03:53:03.853333+00:00,201,37.67,
2026-09-12T03:53:03.831257+00:00,201,61.63,
2026-09-12T03:53:03.864371+00:00,201,38.79,
2026-09-12T03:53:03.875248+00:00,201,38.5,
2026-09-12T03:53:03.886444+00:00,201,35.02,
2026-09-12T03:53:03.908422+00:00,201,32.18,
2026-09-12T03:53:03.919275+00:00,201,38.17,
2026-09-12T03:53:03.897355+00:00,201,60.29,
2026-09-12T03:53:03.930990+00:00,201,36.33,
2026-09-12T03:53:03.942241+00:00,201,38.2,
2026-09-12T03:53:03.953307+00:00,201,38.41,
2026-09-12T03:53:03.964303+00:00,201,37.22,
2026-09-12T03:53:03.974839+00:00,201,38.7,
2026-09-12T03:53:03.997008+00:00,201,36.91,
2026-09-12T03:53:03.985866+00:00,201,48.84,
2026-09-12T03:53:04.019070+00:00,201,37.06,
2026-09-12T03:53:04.008091+00:00,201,58.26,
2026-09-12T03:53:04.042685+00:00,201,40.84,
2026-09-12T03:53:04.030044+00:00,201,55.0,
2026-09-12T03:53:04.053660+00:00,201,40.81,
2026-09-12T03:53:04.064726+00:00,201,40.75,
2026-09-12T03:53:04.074683+00:00,201,37.54,
2026-09-12T03:53:04.085767+00:00,201,37.27,
2026-09-12T03:53:04.096801+00:00,201,35.73,
2026-09-12T03:53:04.120344+00:00,201,36.94,
2026-09-12T03:53:04.109313+00:00,201,51.04,
2026-09-12T03:53:04.131235+00:00,201,39.88,
2026-09-12T03:53:04.141719+00:00,201,40.58,
2026-09-12T03:53:04.152556+00:00,201,39.67,
2026-09-12T03:53:04.163618+00:00,201,41.85,
2026-09-12T03:53:04.174841+00:00,201,39.18,
2026-09-12T03:53:04.185853+00:00,201,38.11,
2026-09-12T03:53:04.196998+00:00,201,38.01,
2026-09-12T03:53:04.208006+00:00,201,37.58,
2026-09-12T03:53:04.218939+00:00,201,39.83,
2026-09-12T03:53:04.231238+00:00,201,38.11,
2026-09-12T03:53:04.242319+00:00,201,35.42,
2026-09-12T03:53:04.253346+00:00,201,46.7,
2026-09-12T03:53:04.264247+00:00,201,36.26,
2026-09-12T03:53:04.275517+00:00,201,36.5,
2026-09-12T03:53:04.286500+00:00,201,35.99,
2026-09-12T03:53:04.297419+00:00,201,48.13,
2026-09-12T03:53:04.308356+00:00,201,38.23,
2026-09-12T03:53:04.319083+00:00,201,37.04,
2026-09-12T03:53:04.331552+00:00,201,45.48,
2026-09-12T03:53:04.342399+00:00,201,35.18,
2026-09-12T03:53:04.353479+00:00,201,58.73,
2026-09-12T03:53:04.375657+00:00,201,37.87,
2026-09-12T03:53:04.364755+00:00,201,62.09,
2026-09-12T03:53:04.386544+00:00,201,56.06,
2026-09-12T03:53:04.407833+00:00,201,40.77,
2026-09-12T03:53:04.397160+00:00,201,64.77,
2026-09-12T03:53:04.420159+00:00,201,43.93,
2026-09-12T03:53:04.442008+00:00,201,39.76,
2026-09-12T03:53:04.431426+00:00,201,58.91,
2026-09-12T03:53:04.464579+00:00,201,38.67,
2026-09-12T03:53:04.453415+00:00,201,53.06,
2026-09-12T03:53:04.475445+00:00,201,38.21,
2026-09-12T03:53:04.486736+00:00,201,47.49,
2026-09-12T03:53:04.497499+00:00,201,38.36,
2026-09-12T03:53:04.508808+00:00,201,38.24,
2026-09-12T03:53:04.519864+00:00,201,36.46,
2026-09-12T03:53:04.530667+00:00,201,38.99,
2026-09-12T03:53:04.541994+00:00,201,36.52,
2026-09-12T03:53:04.552844+00:00,201,37.86,
2026-09-12T03:53:04.564271+00:00,201,38.01,
2026-09-12T03:53:04.575155+00:00,201,37.95,
2026-09-12T03:53:04.586408+00:00,201,37.49,
2026-09-12T03:53:04.607841+00:00,201,37.19,
2026-09-12T03:53:04.596938+00:00,201,49.16,
2026-09-12T03:53:04.620463+00:00,201,49.82,
2026-09-12T03:53:04.642292+00:00,201,61.17,
2026-09-12T03:53:04.652864+00:00,201,58.55,
2026-09-12T03:53:04.631436+00:00,201,83.47,
2026-09-12T03:53:04.663653+00:00,201,59.79,
2026-09-12T03:53:04.675025+00:00,201,53.26,
2026-09-12T03:53:04.697589+00:00,201,48.05,
2026-09-12T03:53:04.686270+00:00,201,66.32,
2026-09-12T03:53:04.719723+00:00,201,44.52,
2026-09-12T03:53:04.708570+00:00,201,56.28,
2026-09-12T03:53:04.730771+00:00,201,43.28,
2026-09-12T03:53:04.742050+00:00,201,42.25,
2026-09-12T03:53:04.763998+00:00,201,38.79,
2026-09-12T03:53:04.753062+00:00,201,55.78,
2026-09-12T03:53:04.775236+00:00,201,40.71,
2026-09-12T03:53:04.786107+00:00,201,40.4,
2026-09-12T03:53:04.797088+00:00,201,39.64,
2026-09-12T03:53:04.808674+00:00,201,37.92,
2026-09-12T03:53:04.819236+00:00,201,38.1,
2026-09-12T03:53:04.830116+00:00,201,38.21,
2026-09-12T03:53:04.842536+00:00,201,37.33,
2026-09-12T03:53:04.853632+00:00,201,36.76,
2026-09-12T03:53:04.875474+00:00,201,39.67,
2026-09-12T03:53:04.864556+00:00,201,51.6,
2026-09-12T03:53:04.886487+00:00,201,39.17,
2026-09-12T03:53:04.897444+00:00,201,38.67,
2026-09-12T03:53:04.919111+00:00,201,38.11,
2026-09-12T03:53:04.908341+00:00,201,54.33,
2026-09-12T03:53:04.930340+00:00,201,51.06,
2026-09-12T03:53:04.941235+00:00,201,42.75,
2026-09-12T03:53:04.953323+00:00,201,39.1,
2026-09-12T03:53:04.975574+00:00,201,55.42,
2026-09-12T03:53:04.964443+00:00,201,67.17,
2026-09-12T03:53:04.986547+00:00,201,58.52,
2026-09-12T03:53:04.997806+00:00,201,64.0,
2026-09-12T03:53:05.009035+00:00,201,56.01,
2026-09-12T03:53:05.019932+00:00,201,45.83,
2026-09-12T03:53:05.030969+00:00,201,45.41,
2026-09-12T03:53:05.042277+00:00,201,45.48,
2026-09-12T03:53:05.053488+00:00,201,43.97,
2026-09-12T03:53:05.065234+00:00,201,41.12,
2026-09-12T03:53:05.075324+00:00,201,41.13,
2026-09-12T03:53:05.086531+00:00,201,42.77,
2026-09-12T03:53:05.108689+00:00,201,41.35,
2026-09-12T03:53:05.097693+00:00,201,58.1,
2026-09-12T03:53:05.119700+00:00,201,40.74,
2026-09-12T03:53:05.130838+00:00,201,43.55,
2026-09-12T03:53:05.153828+00:00,201,39.3,
2026-09-12T03:53:05.141557+00:00,201,62.59,
2026-09-12T03:53:05.164731+00:00,201,43.0,
2026-09-12T03:53:05.175951+00:00,201,42.74,
2026-09-12T03:53:05.187099+00:00,201,44.0,
2026-09-12T03:53:05.197869+00:00,201,42.97,
2026-09-12T03:53:05.208959+00:00,201,56.57,
2026-09-12T03:53:05.230997+00:00,201,39.34,
2026-09-12T03:53:05.220213+00:00,201,60.16,
2026-09-12T03:53:05.242392+00:00,201,53.36,
2026-09-12T03:53:05.263929+00:00,201,39.96,
2026-09-12T03:53:05.252937+00:00,201,57.73,
2026-09-12T03:53:05.274879+00:00,201,51.6,
2026-09-12T03:53:05.285849+00:00,201,53.67,
2026-09-12T03:53:05.307976+00:00,201,50.99,
2026-09-12T03:53:05.296865+00:00,201,62.2,
2026-09-12T03:53:05.320433+00:00,201,53.26,
2026-09-12T03:53:05.342137+00:00,201,41.69,
2026-09-12T03:53:05.331404+00:00,201,59.85,
2026-09-12T03:53:05.353200+00:00,201,41.89,
2026-09-12T03:53:05.375004+00:00,201,41.55,
2026-09-12T03:53:05.364124+00:00,201,56.17,
2026-09-12T03:53:05.386091+00:00,201,49.81,
2026-09-12T03:53:05.409279+00:00,201,37.96,
2026-09-12T03:53:05.397021+00:00,201,53.83,
2026-09-12T03:53:05.419991+00:00,201,40.18,
2026-09-12T03:53:05.431319+00:00,201,37.76,
2026-09-12T03:53:05.453471+00:00,201,37.17,
2026-09-12T03:53:05.442279+00:00,201,54.43,
2026-09-12T03:53:05.464202+00:00,201,50.66,
2026-09-12T03:53:05.475279+00:00,201,40.07,
2026-09-12T03:53:05.486216+00:00,201,39.37,
2026-09-12T03:53:05.497606+00:00,201,41.45,
2026-09-12T03:53:05.519079+00:00,201,42.53,
2026-09-12T03:53:05.508760+00:00,201,56.18,
2026-09-12T03:53:05.530315+00:00,201,43.39,
2026-09-12T03:53:05.541368+00:00,201,45.91,
2026-09-12T03:53:05.552619+00:00,201,42.54,
2026-09-12T03:53:05.563792+00:00,201,43.13,
2026-09-12T03:53:05.574732+00:00,201,47.32,
2026-09-12T03:53:05.585671+00:00,201,51.44,
2026-09-12T03:53:05.597265+00:00,201,48.24,
2026-09-12T03:53:05.608445+00:00,201,45.32,
2026-09-12T03:53:05.619594+00:00,201,42.9,
2026-09-12T03:53:05.630888+00:00,201,42.12,
2026-09-12T03:53:05.641897+00:00,201,42.07,
2026-09-12T03:53:05.652996+00:00,201,41.07,
2026-09-12T03:53:05.663717+00:00,201,39.39,
2026-09-12T03:53:05.674710+00:00,201,37.85,
2026-09-12T03:53:05.685677+00:00,201,48.66,
2026-09-12T03:53:05.698170+00:00,201,37.15,
2026-09-12T03:53:05.709252+00:00,201,38.73,
2026-09-12T03:53:05.720030+00:00,201,38.58,
2026-09-12T03:53:05.731000+00:00,201,45.85,
2026-09-12T03:53:05.742165+00:00,201,53.57,
2026-09-12T03:53:05.763943+00:00,201,38.16,
2026-09-12T03:53:05.774775+00:00,201,40.24,
2026-09-12T03:53:05.753056+00:00,201,62.46,
2026-09-12T03:53:05.785674+00:00,201,40.42,
2026-09-12T03:53:05.798177+00:00,201,37.44,
2026-09-12T03:53:05.808065+00:00,201,49.53,
2026-09-12T03:53:05.831165+00:00,201,37.21,
2026-09-12T03:53:05.820163+00:00,201,55.84,
2026-09-12T03:53:05.842147+00:00,201,40.74,
2026-09-12T03:53:05.853108+00:00,201,39.7,
2026-09-12T03:53:05.864396+00:00,201,37.34,
2026-09-12T03:53:05.875326+00:00,201,38.62,
2026-09-12T03:53:05.886366+00:00,201,36.52,
2026-09-12T03:53:05.908381+00:00,201,35.07,
2026-09-12T03:53:05.897475+00:00,201,56.56,
2026-09-12T03:53:05.919315+00:00,201,52.05,
2026-09-12T03:53:05.942351+00:00,201,40.15,
2026-09-12T03:53:05.930159+00:00,201,56.51,
2026-09-12T03:53:05.953441+00:00,201,40.14,
2026-09-12T03:53:05.964305+00:00,201,40.17,
2026-09-12T03:53:05.975189+00:00,201,39.4,
2026-09-12T03:53:05.986679+00:00,201,67.12,
2026-09-12T03:53:05.997224+00:00,201,57.26,
2026-09-12T03:53:06.008574+00:00,201,59.97,
2026-09-12T03:53:06.030679+00:00,201,43.15,
2026-09-12T03:53:06.019123+00:00,201,61.28,
2026-09-12T03:53:06.041872+00:00,201,41.66,
2026-09-12T03:53:06.053772+00:00,201,41.69,
2026-09-12T03:53:06.074491+00:00,201,39.0,
2026-09-12T03:53:06.063555+00:00,201,63.7,
2026-09-12T03:53:06.087035+00:00,201,40.75,
2026-09-12T03:53:06.098048+00:00,201,41.72,
2026-09-12T03:53:06.109057+00:00,201,41.0,
2026-09-12T03:53:06.120040+00:00,201,39.1,
2026-09-12T03:53:06.131044+00:00,201,39.7,
2026-09-12T03:53:06.141992+00:00,201,38.65,
2026-09-12T03:53:06.152865+00:00,201,38.5,
2026-09-12T03:53:06.163818+00:00,201,37.76,
2026-09-12T03:53:06.174830+00:00,201,38.39,
2026-09-12T03:53:06.185890+00:00,201,38.24,
2026-09-12T03:53:06.197235+00:00,201,36.91,
2026-09-12T03:53:06.219157+00:00,201,35.26,
2026-09-12T03:53:06.208424+00:00,201,57.54,
2026-09-12T03:53:06.230327+00:00,201,35.62,
2026-09-12T03:53:06.253716+00:00,201,39.94,
2026-09-12T03:53:06.241275+00:00,201,59.71,
2026-09-12T03:53:06.263646+00:00,201,41.4,
2026-09-12T03:53:06.274687+00:00,201,41.5,
2026-09-12T03:53:06.297202+00:00,201,38.13,
2026-09-12T03:53:06.285928+00:00,201,60.59,
2026-09-12T03:53:06.319406+00:00,201,41.76,
2026-09-12T03:53:06.308306+00:00,201,52.73,
2026-09-12T03:53:06.330336+00:00,201,39.51,
2026-09-12T03:53:06.342715+00:00,201,36.91,
2026-09-12T03:53:06.364782+00:00,201,34.71,
2026-09-12T03:53:06.353710+00:00,201,49.68,
2026-09-12T03:53:06.386856+00:00,201,35.71,
2026-09-12T03:53:06.397851+00:00,201,39.52,
2026-09-12T03:53:06.375961+00:00,201,62.03,
2026-09-12T03:53:06.408707+00:00,201,37.96,
2026-09-12T03:53:06.419775+00:00,201,39.87,
2026-09-12T03:53:06.430664+00:00,201,38.03,
2026-09-12T03:53:06.441637+00:00,201,37.74,
2026-09-12T03:53:06.452926+00:00,201,38.71,
2026-09-12T03:53:06.463796+00:00,201,41.16,
2026-09-12T03:53:06.474844+00:00,201,45.63,
2026-09-12T03:53:06.485911+00:00,201,43.59,
2026-09-12T03:53:06.498252+00:00,201,44.03,
2026-09-12T03:53:06.509355+00:00,201,48.72,
2026-09-12T03:53:06.519666+00:00,201,48.62,
2026-09-12T03:53:06.530628+00:00,201,46.93,
2026-09-12T03:53:06.541578+00:00,201,44.9,
2026-09-12T03:53:06.553245+00:00,201,42.45,
2026-09-12T03:53:06.564894+00:00,201,38.8,
2026-09-12T03:53:06.575376+00:00,201,40.1,
2026-09-12T03:53:06.597312+00:00,201,36.46,
2026-09-12T03:53:06.586706+00:00,201,52.37,
2026-09-12T03:53:06.619386+00:00,201,38.43,
2026-09-12T03:53:06.630239+00:00,201,39.22,
2026-09-12T03:53:06.608341+00:00,201,62.34,
2026-09-12T03:53:06.641182+00:00,201,41.55,
2026-09-12T03:53:06.653660+00:00,201,41.13,
2026-09-12T03:53:06.664700+00:00,201,40.47,
2026-09-12T03:53:06.675747+00:00,201,39.17,
2026-09-12T03:53:06.686768+00:00,201,37.46,
2026-09-12T03:53:06.697766+00:00,201,49.79,
2026-09-12T03:53:06.708648+00:00,201,40.45,
2026-09-12T03:53:06.719691+00:00,201,41.1,
2026-09-12T03:53:06.730565+00:00,201,44.03,
2026-09-12T03:53:06.741446+00:00,201,39.12,
2026-09-12T03:53:06.752609+00:00,201,37.3,
2026-09-12T03:53:06.763837+00:00,201,36.83,
2026-09-12T03:53:06.785746+00:00,201,36.13,
2026-09-12T03:53:06.774846+00:00,201,48.98,
2026-09-12T03:53:06.808047+00:00,201,35.58,
2026-09-12T03:53:06.796926+00:00,201,62.69,
2026-09-12T03:53:06.818956+00:00,201,40.8,
2026-09-12T03:53:06.831569+00:00,201,38.98,
2026-09-12T03:53:06.841170+00:00,201,38.99,
2026-09-12T03:53:06.853697+00:00,201,38.16,
2026-09-12T03:53:06.864903+00:00,201,35.6,
2026-09-12T03:53:06.887021+00:00,201,34.51,
2026-09-12T03:53:06.897662+00:00,201,39.57,
2026-09-12T03:53:06.875952+00:00,201,62.56,
2026-09-12T03:53:06.908602+00:00,201,40.57,
2026-09-12T03:53:06.919570+00:00,201,40.71,
2026-09-12T03:53:06.930323+00:00,201,38.09,
2026-09-12T03:53:06.963523+00:00,201,36.36,
2026-09-12T03:53:06.941499+00:00,201,59.23,
2026-09-12T03:53:06.952404+00:00,201,62.42,
2026-09-12T03:53:06.974699+00:00,201,57.45,
2026-09-12T03:53:06.998223+00:00,201,42.02,
2026-09-12T03:53:06.985842+00:00,201,64.62,
2026-09-12T03:53:07.009257+00:00,201,42.68,
2026-09-12T03:53:07.019962+00:00,201,43.15,
2026-09-12T03:53:07.030931+00:00,201,42.91,
2026-09-12T03:53:07.042143+00:00,201,37.13,
2026-09-12T03:53:07.064228+00:00,201,37.35,
2026-09-12T03:53:07.053117+00:00,201,56.87,
2026-09-12T03:53:07.075269+00:00,201,37.9,
2026-09-12T03:53:07.086257+00:00,201,43.77,
2026-09-12T03:53:07.097182+00:00,201,41.41,
2026-09-12T03:53:07.108203+00:00,201,41.1,
2026-09-12T03:53:07.120367+00:00,201,39.51,
2026-09-12T03:53:07.131008+00:00,201,38.17,
2026-09-12T03:53:07.141994+00:00,201,37.48,
2026-09-12T03:53:07.153099+00:00,201,40.69,
2026-09-12T03:53:07.164087+00:00,201,50.03,
2026-09-12T03:53:07.175988+00:00,201,59.05,
2026-09-12T03:53:07.187036+00:00,201,61.47,
2026-09-12T03:53:07.197880+00:00,201,61.24,
2026-09-12T03:53:07.208401+00:00,201,63.56,
2026-09-12T03:53:07.219071+00:00,201,64.19,
2026-09-12T03:53:07.231565+00:00,201,63.53,
2026-09-12T03:53:07.241251+00:00,201,65.19,
2026-09-12T03:53:07.252585+00:00,201,71.86,
2026-09-12T03:53:07.275295+00:00,201,49.8,
2026-09-12T03:53:07.286714+00:00,201,50.43,
2026-09-12T03:53:07.264094+00:00,201,73.7,
2026-09-12T03:53:07.297680+00:00,201,66.81,
2026-09-12T03:53:07.319760+00:00,201,45.25,
2026-09-12T03:53:07.308722+00:00,201,56.58,
2026-09-12T03:53:07.330929+00:00,201,41.62,
2026-09-12T03:53:07.352993+00:00,201,40.09,
2026-09-12T03:53:07.364229+00:00,201,39.91,
2026-09-12T03:53:07.342066+00:00,201,66.97,
2026-09-12T03:53:07.375707+00:00,201,41.31,
2026-09-12T03:53:07.397796+00:00,201,38.8,
2026-09-12T03:53:07.386738+00:00,201,50.25,
2026-09-12T03:53:07.408738+00:00,201,38.05,
2026-09-12T03:53:07.419597+00:00,201,38.99,
2026-09-12T03:53:07.430460+00:00,201,37.01,
2026-09-12T03:53:07.441795+00:00,201,35.52,
2026-09-12T03:53:07.463550+00:00,201,34.74,
2026-09-12T03:53:07.452586+00:00,201,61.34,
2026-09-12T03:53:07.486780+00:00,201,36.17,
2026-09-12T03:53:07.474500+00:00,201,55.65,
2026-09-12T03:53:07.497834+00:00,201,42.0,
2026-09-12T03:53:07.508709+00:00,201,38.48,
2026-09-12T03:53:07.519753+00:00,201,38.52,
2026-09-12T03:53:07.530731+00:00,201,37.91,
2026-09-12T03:53:07.541611+00:00,201,41.08,
2026-09-12T03:53:07.552593+00:00,201,40.22,
2026-09-12T03:53:07.564011+00:00,201,38.67,
2026-09-12T03:53:07.575354+00:00,201,39.82,
2026-09-12T03:53:07.586342+00:00,201,52.29,
2026-09-12T03:53:07.608585+00:00,201,37.46,
2026-09-12T03:53:07.597503+00:00,201,58.2,
2026-09-12T03:53:07.619933+00:00,201,50.75,
2026-09-12T03:53:07.630202+00:00,201,41.82,
2026-09-12T03:53:07.642518+00:00,201,39.96,
2026-09-12T03:53:07.653291+00:00,201,39.81,
2026-09-12T03:53:07.664311+00:00,201,37.45,
2026-09-12T03:53:07.686362+00:00,201,46.11,
2026-09-12T03:53:07.675403+00:00,201,69.36,
2026-09-12T03:53:07.708088+00:00,201,47.35,
2026-09-12T03:53:07.697885+00:00,201,57.79,
2026-09-12T03:53:07.719366+00:00,201,45.5,
2026-09-12T03:53:07.742311+00:00,201,38.64,
2026-09-12T03:53:07.730630+00:00,201,65.32,
2026-09-12T03:53:07.764697+00:00,201,36.14,
2026-09-12T03:53:07.753597+00:00,201,59.07,
2026-09-12T03:53:07.786445+00:00,201,37.94,
2026-09-12T03:53:07.775515+00:00,201,51.91,
2026-09-12T03:53:07.797398+00:00,201,38.6,
2026-09-12T03:53:07.808277+00:00,201,73.26,
2026-09-12T03:53:07.831534+00:00,201,65.48,
2026-09-12T03:53:07.819222+00:00,201,82.32,
2026-09-12T03:53:07.841451+00:00,201,68.32,
2026-09-12T03:53:07.854207+00:00,201,64.31,
2026-09-12T03:53:07.865140+00:00,201,62.29,
2026-09-12T03:53:07.875241+00:00,201,55.57,
2026-09-12T03:53:07.886790+00:00,201,51.66,
2026-09-12T03:53:07.896950+00:00,201,49.48,
2026-09-12T03:53:07.919147+00:00,201,49.27,
2026-09-12T03:53:07.908060+00:00,201,63.3,
2026-09-12T03:53:07.931761+00:00,201,41.69,
2026-09-12T03:53:07.942364+00:00,201,54.5,
2026-09-12T03:53:07.975715+00:00,201,40.94,
2026-09-12T03:53:07.953428+00:00,201,63.31,
2026-09-12T03:53:07.964552+00:00,201,52.49,
2026-09-12T03:53:07.986310+00:00,201,43.47,
2026-09-12T03:53:07.997395+00:00,201,43.98,
2026-09-12T03:53:08.008323+00:00,201,42.72,
2026-09-12T03:53:08.019464+00:00,201,39.49,
2026-09-12T03:53:08.041410+00:00,201,36.22,
2026-09-12T03:53:08.052589+00:00,201,38.26,
2026-09-12T03:53:08.030413+00:00,201,63.49,
2026-09-12T03:53:08.074711+00:00,201,37.32,
2026-09-12T03:53:08.063775+00:00,201,62.96,
2026-09-12T03:53:08.087117+00:00,201,42.75,
2026-09-12T03:53:08.098252+00:00,201,39.4,
2026-09-12T03:53:08.109361+00:00,201,40.66,
2026-09-12T03:53:08.120494+00:00,201,37.33,
2026-09-12T03:53:08.142586+00:00,201,37.49,
2026-09-12T03:53:08.130082+00:00,201,58.16,
2026-09-12T03:53:08.153553+00:00,201,38.67,
2026-09-12T03:53:08.164340+00:00,201,39.65,
2026-09-12T03:53:08.174802+00:00,201,37.44,
2026-09-12T03:53:08.186054+00:00,201,38.47,
2026-09-12T03:53:08.197073+00:00,201,37.26,
2026-09-12T03:53:08.220252+00:00,201,34.0,
2026-09-12T03:53:08.209274+00:00,201,53.32,
2026-09-12T03:53:08.231072+00:00,201,47.92,
2026-09-12T03:53:08.253047+00:00,201,36.04,
2026-09-12T03:53:08.242050+00:00,201,56.2,
2026-09-12T03:53:08.264156+00:00,201,41.84,
2026-09-12T03:53:08.275158+00:00,201,42.4,
2026-09-12T03:53:08.285954+00:00,201,44.56,
2026-09-12T03:53:08.296969+00:00,201,43.82,
2026-09-12T03:53:08.307987+00:00,201,40.96,
2026-09-12T03:53:08.331214+00:00,201,35.7,
2026-09-12T03:53:08.319970+00:00,201,54.04,
2026-09-12T03:53:08.353478+00:00,201,39.06,
2026-09-12T03:53:08.342329+00:00,201,50.81,
2026-09-12T03:53:08.364827+00:00,201,41.49,
2026-09-12T03:53:08.375934+00:00,201,41.65,
2026-09-12T03:53:08.387279+00:00,201,38.88,
2026-09-12T03:53:08.397709+00:00,201,56.93,
2026-09-12T03:53:08.419608+00:00,201,36.06,
2026-09-12T03:53:08.408673+00:00,201,59.1,
2026-09-12T03:53:08.430489+00:00,201,54.05,
2026-09-12T03:53:08.452549+00:00,201,40.36,
2026-09-12T03:53:08.441428+00:00,201,64.17,
2026-09-12T03:53:08.463524+00:00,201,42.53,
2026-09-12T03:53:08.474633+00:00,201,40.11,
2026-09-12T03:53:08.486042+00:00,201,41.72,
2026-09-12T03:53:08.497053+00:00,201,37.1,
2026-09-12T03:53:08.508192+00:00,201,35.58,
2026-09-12T03:53:08.530638+00:00,201,34.3,
2026-09-12T03:53:08.541503+00:00,201,37.92,
2026-09-12T03:53:08.519364+00:00,201,63.27,
2026-09-12T03:53:08.552295+00:00,201,38.95,
2026-09-12T03:53:08.564966+00:00,201,36.52,
2026-09-12T03:53:08.585685+00:00,201,36.86,
2026-09-12T03:53:08.576033+00:00,201,48.15,
2026-09-12T03:53:08.597876+00:00,201,35.61,
2026-09-12T03:53:08.608173+00:00,201,48.29,
2026-09-12T03:53:08.631444+00:00,201,36.11,
2026-09-12T03:53:08.619038+00:00,201,53.26,
2026-09-12T03:53:08.653245+00:00,201,38.05,
2026-09-12T03:53:08.664204+00:00,201,36.33,
2026-09-12T03:53:08.642366+00:00,201,63.78,
2026-09-12T03:53:08.675492+00:00,201,37.33,
2026-09-12T03:53:08.686297+00:00,201,44.36,
2026-09-12T03:53:08.697241+00:00,201,51.43,
2026-09-12T03:53:08.719858+00:00,201,48.07,
2026-09-12T03:53:08.708941+00:00,201,60.13,
2026-09-12T03:53:08.730780+00:00,201,39.42,
2026-09-12T03:53:08.763688+00:00,201,35.6,
2026-09-12T03:53:08.741366+00:00,201,59.97,
2026-09-12T03:53:08.752365+00:00,201,61.83,
2026-09-12T03:53:08.786901+00:00,201,39.05,
2026-09-12T03:53:08.775919+00:00,201,56.25,
2026-09-12T03:53:08.797871+00:00,201,43.05,
2026-09-12T03:53:08.808651+00:00,201,40.78,
2026-09-12T03:53:08.819728+00:00,201,40.73,
2026-09-12T03:53:08.830852+00:00,201,40.98,
2026-09-12T03:53:08.842466+00:00,201,38.48,
2026-09-12T03:53:08.852785+00:00,201,39.28,
2026-09-12T03:53:08.863964+00:00,201,37.97,
2026-09-12T03:53:08.874896+00:00,201,37.89,
2026-09-12T03:53:08.885806+00:00,201,38.13,
2026-09-12T03:53:08.896833+00:00,201,37.06,
2026-09-12T03:53:08.920456+00:00,201,37.33,
2026-09-12T03:53:08.907843+00:00,201,50.53,
2026-09-12T03:53:08.930234+00:00,201,37.32,
2026-09-12T03:53:08.941297+00:00,201,35.89,
2026-09-12T03:53:08.953781+00:00,201,45.82,
2026-09-12T03:53:08.975895+00:00,201,36.41,
2026-09-12T03:53:08.964737+00:00,201,55.27,
2026-09-12T03:53:08.997594+00:00,201,38.27,
2026-09-12T03:53:08.986716+00:00,201,49.76,
2026-09-12T03:53:09.008432+00:00,201,39.22,
2026-09-12T03:53:09.019949+00:00,201,41.79,
2026-09-12T03:53:09.031526+00:00,201,43.41,
2026-09-12T03:53:09.042614+00:00,201,39.22,
2026-09-12T03:53:09.053387+00:00,201,37.36,
2026-09-12T03:53:09.064565+00:00,201,38.17,
2026-09-12T03:53:09.086438+00:00,201,36.04,
2026-09-12T03:53:09.075597+00:00,201,51.3,
2026-09-12T03:53:09.097622+00:00,201,36.52,
2026-09-12T03:53:09.119610+00:00,201,34.55,
2026-09-12T03:53:09.108520+00:00,201,47.81,
2026-09-12T03:53:09.141541+00:00,201,37.51,
2026-09-12T03:53:09.130708+00:00,201,60.94,
2026-09-12T03:53:09.152398+00:00,201,40.28,
2026-09-12T03:53:09.163584+00:00,201,38.59,
2026-09-12T03:53:09.174976+00:00,201,38.93,
2026-09-12T03:53:09.186031+00:00,201,38.59,
2026-09-12T03:53:09.196753+00:00,201,39.12,
2026-09-12T03:53:09.207961+00:00,201,38.01,
2026-09-12T03:53:09.220464+00:00,201,39.01,
2026-09-12T03:53:09.231467+00:00,201,38.68,
2026-09-12T03:53:09.242626+00:00,201,36.86,
2026-09-12T03:53:09.252310+00:00,201,48.38,
2026-09-12T03:53:09.263453+00:00,201,37.79,
2026-09-12T03:53:09.276023+00:00,201,36.53,
2026-09-12T03:53:09.285693+00:00,201,38.79,
2026-09-12T03:53:09.298476+00:00,201,40.36,
2026-09-12T03:53:09.309108+00:00,201,37.5,
2026-09-12T03:53:09.319894+00:00,201,38.6,
2026-09-12T03:53:09.330809+00:00,201,37.78,
2026-09-12T03:53:09.341780+00:00,201,38.98,
2026-09-12T03:53:09.352324+00:00,201,38.26,
2026-09-12T03:53:09.364875+00:00,201,39.74,
2026-09-12T03:53:09.375841+00:00,201,36.22,
2026-09-12T03:53:09.397315+00:00,201,35.63,
2026-09-12T03:53:09.386608+00:00,201,55.97,
2026-09-12T03:53:09.409257+00:00,201,37.81,
2026-09-12T03:53:09.420112+00:00,201,38.33,
2026-09-12T03:53:09.431043+00:00,201,37.92,
2026-09-12T03:53:09.442497+00:00,201,37.12,
2026-09-12T03:53:09.453552+00:00,201,44.11,
2026-09-12T03:53:09.464647+00:00,201,51.15,
2026-09-12T03:53:09.475398+00:00,201,59.41,
2026-09-12T03:53:09.486302+00:00,201,48.63,
2026-09-12T03:53:09.497199+00:00,201,52.69,
2026-09-12T03:53:09.507900+00:00,201,59.99,
2026-09-12T03:53:09.531477+00:00,201,40.39,
2026-09-12T03:53:09.541878+00:00,201,40.85,
2026-09-12T03:53:09.520085+00:00,201,64.54,
2026-09-12T03:53:09.553110+00:00,201,41.31,
2026-09-12T03:53:09.564247+00:00,201,47.81,
2026-09-12T03:53:09.575272+00:00,201,38.16,
2026-09-12T03:53:09.586318+00:00,201,38.32,
2026-09-12T03:53:09.597080+00:00,201,40.25,
2026-09-12T03:53:09.608024+00:00,201,38.49,
2026-09-12T03:53:09.619063+00:00,201,39.29,
2026-09-12T03:53:09.631660+00:00,201,36.63,
2026-09-12T03:53:09.641123+00:00,201,36.55,
2026-09-12T03:53:09.653591+00:00,201,36.26,
2026-09-12T03:53:09.664671+00:00,201,37.9,
2026-09-12T03:53:09.675623+00:00,201,49.02,
2026-09-12T03:53:09.686549+00:00,201,39.44,
2026-09-12T03:53:09.697311+00:00,201,38.02,
2026-09-12T03:53:09.708156+00:00,201,37.93,
2026-09-12T03:53:09.719039+00:00,201,38.83,
2026-09-12T03:53:09.731606+00:00,201,37.79,
2026-09-12T03:53:09.742507+00:00,201,36.76,
2026-09-12T03:53:09.753349+00:00,201,35.92,
2026-09-12T03:53:09.775252+00:00,201,35.26,
2026-09-12T03:53:09.764310+00:00,201,49.24,
2026-09-12T03:53:09.797350+00:00,201,35.21,
2026-09-12T03:53:09.808257+00:00,201,37.36,
2026-09-12T03:53:09.786446+00:00,201,61.91,
2026-09-12T03:53:09.819853+00:00,201,36.97,
2026-09-12T03:53:09.842089+00:00,201,34.58,
2026-09-12T03:53:09.831116+00:00,201,47.72,
2026-09-12T03:53:09.863964+00:00,201,36.32,
2026-09-12T03:53:09.852992+00:00,201,60.45,
2026-09-12T03:53:09.874832+00:00,201,41.59,
2026-09-12T03:53:09.896703+00:00,201,40.28,
2026-09-12T03:53:09.885941+00:00,201,60.73,
2026-09-12T03:53:09.907741+00:00,201,40.44,
2026-09-12T03:53:09.920350+00:00,201,42.96,
2026-09-12T03:53:09.931201+00:00,201,41.61,
2026-09-12T03:53:09.942060+00:00,201,39.68,
2026-09-12T03:53:09.953102+00:00,201,39.54,
2026-09-12T03:53:09.963670+00:00,201,40.66,
2026-09-12T03:53:09.974839+00:00,201,40.03,
2026-09-12T03:53:09.986202+00:00,201,48.71,
2026-09-12T03:53:09.998147+00:00,201,39.48,
2026-09-12T03:53:10.020261+00:00,201,38.07,
2026-09-12T03:53:10.009101+00:00,201,59.18,
2026-09-12T03:53:10.042232+00:00,201,39.91,
2026-09-12T03:53:10.031091+00:00,201,56.93,
2026-09-12T03:53:10.052929+00:00,201,42.07,
2026-09-12T03:53:10.063858+00:00,201,42.42,
2026-09-12T03:53:10.074987+00:00,201,40.4,
2026-09-12T03:53:10.086020+00:00,201,39.49,
2026-09-12T03:53:10.096871+00:00,201,37.56,
2026-09-12T03:53:10.107960+00:00,201,37.04,
2026-09-12T03:53:10.120451+00:00,201,38.0,
2026-09-12T03:53:10.131345+00:00,201,35.1,
2026-09-12T03:53:10.142295+00:00,201,37.66,
2026-09-12T03:53:10.153344+00:00,201,37.23,
2026-09-12T03:53:10.164295+00:00,201,41.27,
2026-09-12T03:53:10.174696+00:00,201,42.25,
2026-09-12T03:53:10.187125+00:00,201,51.16,
2026-09-12T03:53:10.209237+00:00,201,37.69,
2026-09-12T03:53:10.198017+00:00,201,62.42,
2026-09-12T03:53:10.231090+00:00,201,39.8,
2026-09-12T03:53:10.220231+00:00,201,54.02,
2026-09-12T03:53:10.242156+00:00,201,39.79,
2026-09-12T03:53:10.253240+00:00,201,50.56,
2026-09-12T03:53:10.264439+00:00,201,40.01,
2026-09-12T03:53:10.275302+00:00,201,37.67,
2026-09-12T03:53:10.286434+00:00,201,39.88,
2026-09-12T03:53:10.297315+00:00,201,42.66,
2026-09-12T03:53:10.308266+00:00,201,38.36,
2026-09-12T03:53:10.319319+00:00,201,37.35,
2026-09-12T03:53:10.341466+00:00,201,35.85,
2026-09-12T03:53:10.330367+00:00,201,48.59,
2026-09-12T03:53:10.363532+00:00,201,34.42,
2026-09-12T03:53:10.352498+00:00,201,59.08,
2026-09-12T03:53:10.386029+00:00,201,37.88,
2026-09-12T03:53:10.374720+00:00,201,55.56,
2026-09-12T03:53:10.397042+00:00,201,41.52,
2026-09-12T03:53:10.407864+00:00,201,39.17,
2026-09-12T03:53:10.420397+00:00,201,39.69,
2026-09-12T03:53:10.430434+00:00,201,36.88,
2026-09-12T03:53:10.442052+00:00,201,35.96,
2026-09-12T03:53:10.452959+00:00,201,38.95,
2026-09-12T03:53:10.463978+00:00,201,35.36,
2026-09-12T03:53:10.474997+00:00,201,37.62,
2026-09-12T03:53:10.486238+00:00,201,37.23,
2026-09-12T03:53:10.498219+00:00,201,35.05,
2026-09-12T03:53:10.520367+00:00,201,34.47,
2026-09-12T03:53:10.531279+00:00,201,36.13,
2026-09-12T03:53:10.509285+00:00,201,59.53,
2026-09-12T03:53:10.542252+00:00,201,37.92,
2026-09-12T03:53:10.553153+00:00,201,40.56,
2026-09-12T03:53:10.564591+00:00,201,39.27,
2026-09-12T03:53:10.586412+00:00,201,36.12,
2026-09-12T03:53:10.575115+00:00,201,56.01,
2026-09-12T03:53:10.597142+00:00,201,38.13,
2026-09-12T03:53:10.608055+00:00,201,40.41,
2026-09-12T03:53:10.620106+00:00,201,39.09,
2026-09-12T03:53:10.631264+00:00,201,38.76,
2026-09-12T03:53:10.642409+00:00,201,37.93,
2026-09-12T03:53:10.653437+00:00,201,38.55,
2026-09-12T03:53:10.664201+00:00,201,38.74,
2026-09-12T03:53:10.675215+00:00,201,38.03,
2026-09-12T03:53:10.686111+00:00,201,36.47,
2026-09-12T03:53:10.696774+00:00,201,36.86,
2026-09-12T03:53:10.709286+00:00,201,39.23,
2026-09-12T03:53:10.720289+00:00,201,41.27,
2026-09-12T03:53:10.731181+00:00,201,38.18,
2026-09-12T03:53:10.742164+00:00,201,39.1,
2026-09-12T03:53:10.752649+00:00,201,37.8,
2026-09-12T03:53:10.774669+00:00,201,42.79,
2026-09-12T03:53:10.763621+00:00,201,59.84,
2026-09-12T03:53:10.787063+00:00,201,49.62,
2026-09-12T03:53:10.797713+00:00,201,51.91,
2026-09-12T03:53:10.808684+00:00,201,53.56,
2026-09-12T03:53:10.830221+00:00,201,59.15,
2026-09-12T03:53:10.819398+00:00,201,83.38,
2026-09-12T03:53:10.853824+00:00,201,65.84,
2026-09-12T03:53:10.842390+00:00,201,88.73,
2026-09-12T03:53:10.864759+00:00,201,89.34,
2026-09-12T03:53:10.875136+00:00,201,89.02,
2026-09-12T03:53:10.887136+00:00,201,89.33,
2026-09-12T03:53:10.897057+00:00,201,85.69,
2026-09-12T03:53:10.909164+00:00,201,78.21,
2026-09-12T03:53:10.920154+00:00,201,76.78,
2026-09-12T03:53:10.941771+00:00,201,64.28,
2026-09-12T03:53:10.953399+00:00,201,60.81,
2026-09-12T03:53:10.931383+00:00,201,90.75,
2026-09-12T03:53:10.964182+00:00,201,58.13,
2026-09-12T03:53:10.974711+00:00,201,55.43,
2026-09-12T03:53:10.985920+00:00,201,53.08,
2026-09-12T03:53:10.996967+00:00,201,51.35,
2026-09-12T03:53:11.008616+00:00,201,50.95,
2026-09-12T03:53:11.019555+00:00,201,45.61,
2026-09-12T03:53:11.030763+00:00,201,45.06,
2026-09-12T03:53:11.041640+00:00,201,42.68,
2026-09-12T03:53:11.063833+00:00,201,38.73,
2026-09-12T03:53:11.052719+00:00,201,60.99,
2026-09-12T03:53:11.074549+00:00,201,40.08,
2026-09-12T03:53:11.097955+00:00,201,58.65,
2026-09-12T03:53:11.085863+00:00,201,84.17,
2026-09-12T03:53:11.108973+00:00,201,76.35,
2026-09-12T03:53:11.119205+00:00,201,67.05,
2026-09-12T03:53:11.130131+00:00,201,65.95,
2026-09-12T03:53:11.141567+00:00,201,62.8,
2026-09-12T03:53:11.152694+00:00,201,54.58,
2026-09-12T03:53:11.163666+00:00,201,54.43,
2026-09-12T03:53:11.174900+00:00,201,49.32,
2026-09-12T03:53:11.186551+00:00,201,46.65,
2026-09-12T03:53:11.197075+00:00,201,42.68,
2026-09-12T03:53:11.208040+00:00,201,65.58,
2026-09-12T03:53:11.231101+00:00,201,43.05,
2026-09-12T03:53:11.220140+00:00,201,74.41,
2026-09-12T03:53:11.242197+00:00,201,55.74,
2026-09-12T03:53:11.253116+00:00,201,54.61,
2026-09-12T03:53:11.263851+00:00,201,56.07,
2026-09-12T03:53:11.275921+00:00,201,54.49,
2026-09-12T03:53:11.285740+00:00,201,52.28,
2026-09-12T03:53:11.297045+00:00,201,51.38,
2026-09-12T03:53:11.307996+00:00,201,53.6,
2026-09-12T03:53:11.320501+00:00,201,57.94,
2026-09-12T03:53:11.331229+00:00,201,53.03,
2026-09-12T03:53:11.342128+00:00,201,54.9,
2026-09-12T03:53:11.352550+00:00,201,54.99,
2026-09-12T03:53:11.374766+00:00,201,48.67,
2026-09-12T03:53:11.363768+00:00,201,68.45,
2026-09-12T03:53:11.385597+00:00,201,48.45,
2026-09-12T03:53:11.397004+00:00,201,45.31,
2026-09-12T03:53:11.408825+00:00,201,57.26,
2026-09-12T03:53:11.430621+00:00,201,40.37,
2026-09-12T03:53:11.441676+00:00,201,45.02,
2026-09-12T03:53:11.419784+00:00,201,67.75,
2026-09-12T03:53:11.463644+00:00,201,41.68,
2026-09-12T03:53:11.452467+00:00,201,62.06,
2026-09-12T03:53:11.474607+00:00,201,40.45,
2026-09-12T03:53:11.486868+00:00,201,39.89,
2026-09-12T03:53:11.509263+00:00,201,36.15,
2026-09-12T03:53:11.520330+00:00,201,42.62,
2026-09-12T03:53:11.498087+00:00,201,66.22,
2026-09-12T03:53:11.542251+00:00,201,41.63,
2026-09-12T03:53:11.531327+00:00,201,61.39,
2026-09-12T03:53:11.552908+00:00,201,45.64,
2026-09-12T03:53:11.574997+00:00,201,39.09,
2026-09-12T03:53:11.564308+00:00,201,61.36,
2026-09-12T03:53:11.585956+00:00,201,40.31,
2026-09-12T03:53:11.596948+00:00,201,42.44,
2026-09-12T03:53:11.608209+00:00,201,41.26,
2026-09-12T03:53:11.619120+00:00,201,38.22,
2026-09-12T03:53:11.630255+00:00,201,36.74,
2026-09-12T03:53:11.653738+00:00,201,36.18,
2026-09-12T03:53:11.641225+00:00,201,62.46,
2026-09-12T03:53:11.664710+00:00,201,40.02,
2026-09-12T03:53:11.674538+00:00,201,40.6,
2026-09-12T03:53:11.686880+00:00,201,38.43,
2026-09-12T03:53:11.697782+00:00,201,39.71,
2026-09-12T03:53:11.708765+00:00,201,38.57,
2026-09-12T03:53:11.719883+00:00,201,36.92,
2026-09-12T03:53:11.730801+00:00,201,39.65,
2026-09-12T03:53:11.741799+00:00,201,37.28,
2026-09-12T03:53:11.752943+00:00,201,38.82,
2026-09-12T03:53:11.763910+00:00,201,38.7,
2026-09-12T03:53:11.775070+00:00,201,38.81,
2026-09-12T03:53:11.786042+00:00,201,39.73,
2026-09-12T03:53:11.796813+00:00,201,38.35,
2026-09-12T03:53:11.807824+00:00,201,37.91,
2026-09-12T03:53:11.820307+00:00,201,38.16,
2026-09-12T03:53:11.831295+00:00,201,37.35,
2026-09-12T03:53:11.842419+00:00,201,36.56,
2026-09-12T03:53:11.853124+00:00,201,38.56,
2026-09-12T03:53:11.864091+00:00,201,37.33,
2026-09-12T03:53:11.875102+00:00,201,38.13,
2026-09-12T03:53:11.885952+00:00,201,39.13,
2026-09-12T03:53:11.896781+00:00,201,38.2,
2026-09-12T03:53:11.909313+00:00,201,36.83,
2026-09-12T03:53:11.920395+00:00,201,39.86,
2026-09-12T03:53:11.931358+00:00,201,43.57,
2026-09-12T03:53:11.942112+00:00,201,42.99,
2026-09-12T03:53:11.953040+00:00,201,43.69,
2026-09-12T03:53:11.963635+00:00,201,45.02,
2026-09-12T03:53:11.975652+00:00,201,39.57,
2026-09-12T03:53:11.985856+00:00,201,40.1,
2026-09-12T03:53:11.996998+00:00,201,40.61,
2026-09-12T03:53:12.007618+00:00,201,39.41,
2026-09-12T03:53:12.019117+00:00,201,38.0,
2026-09-12T03:53:12.041339+00:00,201,36.16,
2026-09-12T03:53:12.030107+00:00,201,63.61,
2026-09-12T03:53:12.064811+00:00,201,38.58,
2026-09-12T03:53:12.052320+00:00,201,55.49,
2026-09-12T03:53:12.075793+00:00,201,40.09,
2026-09-12T03:53:12.097559+00:00,201,37.34,
2026-09-12T03:53:12.086549+00:00,201,52.37,
2026-09-12T03:53:12.108338+00:00,201,38.07,
2026-09-12T03:53:12.119236+00:00,201,39.3,
2026-09-12T03:53:12.130408+00:00,201,38.04,
2026-09-12T03:53:12.141351+00:00,201,36.6,
2026-09-12T03:53:12.153403+00:00,201,37.88,
2026-09-12T03:53:12.164222+00:00,201,37.75,
2026-09-12T03:53:12.174843+00:00,201,37.13,
2026-09-12T03:53:12.187029+00:00,201,38.51,
2026-09-12T03:53:12.198103+00:00,201,36.93,
2026-09-12T03:53:12.209008+00:00,201,37.14,
2026-09-12T03:53:12.220050+00:00,201,38.37,
2026-09-12T03:53:12.231055+00:00,201,37.57,
2026-09-12T03:53:12.242032+00:00,201,40.98,
2026-09-12T03:53:12.253159+00:00,201,42.34,
2026-09-12T03:53:12.264229+00:00,201,43.17,
2026-09-12T03:53:12.275093+00:00,201,42.02,
2026-09-12T03:53:12.287148+00:00,201,40.72,
2026-09-12T03:53:12.298153+00:00,201,36.54,
2026-09-12T03:53:12.309241+00:00,201,37.48,
2026-09-12T03:53:12.320202+00:00,201,56.05,
2026-09-12T03:53:12.342242+00:00,201,35.18,
2026-09-12T03:53:12.331271+00:00,201,59.73,
2026-09-12T03:53:12.363676+00:00,201,39.97,
2026-09-12T03:53:12.353259+00:00,201,50.97,
2026-09-12T03:53:12.374703+00:00,201,39.22,
2026-09-12T03:53:12.385774+00:00,201,38.87,
2026-09-12T03:53:12.396771+00:00,201,37.22,
2026-09-12T03:53:12.407853+00:00,201,35.11,
2026-09-12T03:53:12.430950+00:00,201,31.23,
2026-09-12T03:53:12.419985+00:00,201,61.18,
2026-09-12T03:53:12.452886+00:00,201,35.42,
2026-09-12T03:53:12.441889+00:00,201,61.74,
2026-09-12T03:53:12.474607+00:00,201,43.85,
2026-09-12T03:53:12.463700+00:00,201,54.89,
2026-09-12T03:53:12.486940+00:00,201,43.42,
2026-09-12T03:53:12.509195+00:00,201,38.37,
2026-09-12T03:53:12.519840+00:00,201,40.04,
2026-09-12T03:53:12.498008+00:00,201,65.72,
2026-09-12T03:53:12.530735+00:00,201,40.9,
2026-09-12T03:53:12.541653+00:00,201,42.46,
2026-09-12T03:53:12.552853+00:00,201,41.14,
2026-09-12T03:53:12.564143+00:00,201,40.27,
2026-09-12T03:53:12.575262+00:00,201,39.1,
2026-09-12T03:53:12.586294+00:00,201,39.08,
2026-09-12T03:53:12.597642+00:00,201,37.32,
2026-09-12T03:53:12.608706+00:00,201,36.62,
2026-09-12T03:53:12.631044+00:00,201,37.38,
2026-09-12T03:53:12.619679+00:00,201,49.28,
2026-09-12T03:53:12.641900+00:00,201,37.63,
2026-09-12T03:53:12.652909+00:00,201,38.43,
2026-09-12T03:53:12.663886+00:00,201,39.17,
2026-09-12T03:53:12.674898+00:00,201,38.84,
2026-09-12T03:53:12.685875+00:00,201,38.16,
2026-09-12T03:53:12.696759+00:00,201,38.55,
2026-09-12T03:53:12.707853+00:00,201,38.29,
2026-09-12T03:53:12.720226+00:00,201,37.06,
2026-09-12T03:53:12.731188+00:00,201,38.56,
2026-09-12T03:53:12.741955+00:00,201,36.75,
2026-09-12T03:53:12.752994+00:00,201,35.06,
2026-09-12T03:53:12.763573+00:00,201,47.99,
2026-09-12T03:53:12.776004+00:00,201,38.91,
2026-09-12T03:53:12.786981+00:00,201,42.11,
2026-09-12T03:53:12.797905+00:00,201,42.11,
2026-09-12T03:53:12.809042+00:00,201,40.0,
2026-09-12T03:53:12.818993+00:00,201,39.51,
2026-09-12T03:53:12.831572+00:00,201,40.44,
2026-09-12T03:53:12.842491+00:00,201,38.0,
2026-09-12T03:53:12.853199+00:00,201,36.69,
2026-09-12T03:53:12.875231+00:00,201,36.76,
2026-09-12T03:53:12.864162+00:00,201,60.33,
2026-09-12T03:53:12.886091+00:00,201,41.06,
2026-09-12T03:53:12.908052+00:00,201,40.12,
2026-09-12T03:53:12.896893+00:00,201,60.47,
2026-09-12T03:53:12.919033+00:00,201,45.9,
2026-09-12T03:53:12.942380+00:00,201,51.56,
2026-09-12T03:53:12.931346+00:00,201,67.89,
2026-09-12T03:53:12.953002+00:00,201,54.7,
2026-09-12T03:53:12.964134+00:00,201,52.49,
2026-09-12T03:53:12.974981+00:00,201,53.88,
2026-09-12T03:53:12.985981+00:00,201,50.03,
2026-09-12T03:53:12.996815+00:00,201,48.93,
2026-09-12T03:53:13.007929+00:00,201,47.11,
2026-09-12T03:53:13.019189+00:00,201,45.19,
2026-09-12T03:53:13.041613+00:00,201,72.89,
2026-09-12T03:53:13.030349+00:00,201,84.72,
2026-09-12T03:53:13.064087+00:00,201,51.68,
2026-09-12T03:53:13.052904+00:00,201,74.01,
2026-09-12T03:53:13.075261+00:00,201,55.2,
2026-09-12T03:53:13.086835+00:00,201,57.99,
2026-09-12T03:53:13.097192+00:00,201,56.16,
2026-09-12T03:53:13.107884+00:00,201,54.73,
2026-09-12T03:53:13.119749+00:00,201,51.55,
2026-09-12T03:53:13.142200+00:00,201,47.57,
2026-09-12T03:53:13.131439+00:00,201,65.58,
2026-09-12T03:53:13.174887+00:00,201,50.04,
2026-09-12T03:53:13.153465+00:00,201,71.86,
2026-09-12T03:53:13.163322+00:00,201,65.32,
2026-09-12T03:53:13.185643+00:00,201,47.49,
2026-09-12T03:53:13.196585+00:00,201,55.13,
2026-09-12T03:53:13.220248+00:00,201,42.08,
2026-09-12T03:53:13.209118+00:00,201,57.03,
2026-09-12T03:53:13.231276+00:00,201,43.99,
2026-09-12T03:53:13.252921+00:00,201,40.69,
2026-09-12T03:53:13.241935+00:00,201,55.09,
2026-09-12T03:53:13.264015+00:00,201,45.89,
2026-09-12T03:53:13.275200+00:00,201,46.25,
2026-09-12T03:53:13.297632+00:00,201,39.75,
2026-09-12T03:53:13.286413+00:00,201,57.39,
2026-09-12T03:53:13.308602+00:00,201,41.59,
2026-09-12T03:53:13.319679+00:00,201,40.76,
2026-09-12T03:53:13.330617+00:00,201,38.96,
2026-09-12T03:53:13.341558+00:00,201,37.21,
2026-09-12T03:53:13.363508+00:00,201,35.81,
2026-09-12T03:53:13.352470+00:00,201,47.52,
2026-09-12T03:53:13.398191+00:00,201,43.99,
2026-09-12T03:53:13.385751+00:00,201,57.27,
2026-09-12T03:53:13.374506+00:00,201,70.53,
2026-09-12T03:53:13.420482+00:00,201,41.69,
2026-09-12T03:53:13.407805+00:00,201,62.07,
2026-09-12T03:53:13.431333+00:00,201,39.51,
2026-09-12T03:53:13.442483+00:00,201,43.94,
2026-09-12T03:53:13.452476+00:00,201,41.89,
2026-09-12T03:53:13.463401+00:00,201,40.25,
2026-09-12T03:53:13.476002+00:00,201,37.74,
2026-09-12T03:53:13.487082+00:00,201,37.56,
2026-09-12T03:53:13.497528+00:00,201,36.53,
2026-09-12T03:53:13.508533+00:00,201,36.05,
2026-09-12T03:53:13.530485+00:00,201,36.34,
2026-09-12T03:53:13.519471+00:00,201,55.27,
2026-09-12T03:53:13.541477+00:00,201,38.91,
2026-09-12T03:53:13.552455+00:00,201,36.85,
2026-09-12T03:53:13.574322+00:00,201,32.75,
2026-09-12T03:53:13.563415+00:00,201,57.85,
2026-09-12T03:53:13.586801+00:00,201,37.37,
2026-09-12T03:53:13.597691+00:00,201,59.75,
2026-09-12T03:53:13.630429+00:00,201,42.66,
2026-09-12T03:53:13.608693+00:00,201,68.89,
2026-09-12T03:53:13.619320+00:00,201,58.38,
2026-09-12T03:53:13.641279+00:00,201,44.03,
2026-09-12T03:53:13.665136+00:00,201,39.08,
2026-09-12T03:53:13.675610+00:00,201,38.98,
2026-09-12T03:53:13.652363+00:00,201,66.27,
2026-09-12T03:53:13.697219+00:00,201,40.04,
2026-09-12T03:53:13.686450+00:00,201,60.57,
2026-09-12T03:53:13.708192+00:00,201,39.27,
2026-09-12T03:53:13.719359+00:00,201,40.69,
2026-09-12T03:53:13.730521+00:00,201,41.01,
2026-09-12T03:53:13.741405+00:00,201,39.25,
2026-09-12T03:53:13.753789+00:00,201,37.74,
2026-09-12T03:53:13.763401+00:00,201,37.51,
2026-09-12T03:53:13.775642+00:00,201,36.13,
2026-09-12T03:53:13.786325+00:00,201,57.6,
2026-09-12T03:53:13.808209+00:00,201,36.67,
2026-09-12T03:53:13.797336+00:00,201,59.52,
2026-09-12T03:53:13.830279+00:00,201,38.75,
2026-09-12T03:53:13.819202+00:00,201,54.86,
2026-09-12T03:53:13.842706+00:00,201,39.94,
2026-09-12T03:53:13.864741+00:00,201,37.32,
2026-09-12T03:53:13.853802+00:00,201,50.38,
2026-09-12T03:53:13.886867+00:00,201,37.6,
2026-09-12T03:53:13.875925+00:00,201,60.96,
2026-09-12T03:53:13.897842+00:00,201,40.39,
2026-09-12T03:53:13.908796+00:00,201,41.38,
2026-09-12T03:53:13.919850+00:00,201,42.37,
2026-09-12T03:53:13.930959+00:00,201,40.65,
2026-09-12T03:53:13.942495+00:00,201,41.31,
2026-09-12T03:53:13.953650+00:00,201,39.78,
2026-09-12T03:53:13.964708+00:00,201,49.44,
2026-09-12T03:53:13.975657+00:00,201,56.54,
2026-09-12T03:53:13.997269+00:00,201,41.26,
2026-09-12T03:53:13.986424+00:00,201,65.73,
2026-09-12T03:53:14.019305+00:00,201,44.05,
2026-09-12T03:53:14.008231+00:00,201,56.72,
2026-09-12T03:53:14.031368+00:00,201,65.58,
2026-09-12T03:53:14.042716+00:00,201,56.76,
2026-09-12T03:53:14.063598+00:00,201,48.85,
2026-09-12T03:53:14.053696+00:00,201,64.5,
2026-09-12T03:53:14.075347+00:00,201,48.71,
2026-09-12T03:53:14.086329+00:00,201,46.89,
2026-09-12T03:53:14.097533+00:00,201,46.08,
2026-09-12T03:53:14.119401+00:00,201,42.8,
2026-09-12T03:53:14.130412+00:00,201,46.15,
2026-09-12T03:53:14.108387+00:00,201,68.77,
2026-09-12T03:53:14.141435+00:00,201,41.8,
2026-09-12T03:53:14.164012+00:00,201,44.11,
2026-09-12T03:53:14.153035+00:00,201,56.73,
2026-09-12T03:53:14.175019+00:00,201,46.0,
2026-09-12T03:53:14.185841+00:00,201,46.34,
2026-09-12T03:53:14.196783+00:00,201,43.84,
2026-09-12T03:53:14.207898+00:00,201,44.2,
2026-09-12T03:53:14.229999+00:00,201,41.0,
2026-09-12T03:53:14.219197+00:00,201,63.12,
2026-09-12T03:53:14.242633+00:00,201,55.97,
2026-09-12T03:53:14.253407+00:00,201,66.78,
2026-09-12T03:53:14.264366+00:00,201,58.85,
2026-09-12T03:53:14.275253+00:00,201,49.26,
2026-09-12T03:53:14.297321+00:00,201,54.57,
2026-09-12T03:53:14.286271+00:00,201,74.69,
2026-09-12T03:53:14.308077+00:00,201,79.05,
2026-09-12T03:53:14.320174+00:00,201,70.87,
2026-09-12T03:53:14.344189+00:00,201,69.19,
2026-09-12T03:53:14.331221+00:00,201,90.77,
2026-09-12T03:53:14.353899+00:00,201,68.47,
2026-09-12T03:53:14.363401+00:00,201,64.45,
2026-09-12T03:53:14.374868+00:00,201,58.57,
2026-09-12T03:53:14.387027+00:00,201,58.02,
2026-09-12T03:53:14.397387+00:00,201,65.21,
2026-09-12T03:53:14.419792+00:00,201,48.4,
2026-09-12T03:53:14.408495+00:00,201,69.35,
2026-09-12T03:53:14.442419+00:00,201,48.52,
2026-09-12T03:53:14.431009+00:00,201,64.83,
2026-09-12T03:53:14.453567+00:00,201,57.42,
2026-09-12T03:53:14.475456+00:00,201,48.87,
2026-09-12T03:53:14.464527+00:00,201,60.59,
2026-09-12T03:53:14.486575+00:00,201,47.7,
2026-09-12T03:53:14.497535+00:00,201,44.79,
2026-09-12T03:53:14.508627+00:00,201,42.38,
2026-09-12T03:53:14.519780+00:00,201,60.57,
2026-09-12T03:53:14.530604+00:00,201,50.28,
2026-09-12T03:53:14.541956+00:00,201,39.18,
2026-09-12T03:53:14.563872+00:00,201,49.2,
2026-09-12T03:53:14.552995+00:00,201,60.7,
2026-09-12T03:53:14.574730+00:00,201,39.26,
2026-09-12T03:53:14.597531+00:00,201,38.72,
2026-09-12T03:53:14.586483+00:00,201,58.75,
2026-09-12T03:53:14.608445+00:00,201,39.8,
2026-09-12T03:53:14.619800+00:00,201,40.48,
2026-09-12T03:53:14.630689+00:00,201,38.9,
2026-09-12T03:53:14.652549+00:00,201,37.24,
2026-09-12T03:53:14.641369+00:00,201,50.69,
2026-09-12T03:53:14.674752+00:00,201,35.88,
2026-09-12T03:53:14.663655+00:00,201,58.95,
2026-09-12T03:53:14.697677+00:00,201,41.24,
2026-09-12T03:53:14.685625+00:00,201,54.43,
2026-09-12T03:53:14.708739+00:00,201,39.26,
2026-09-12T03:53:14.720042+00:00,201,39.3,
2026-09-12T03:53:14.730973+00:00,201,37.0,
2026-09-12T03:53:14.752787+00:00,201,37.66,
2026-09-12T03:53:14.741868+00:00,201,60.11,
2026-09-12T03:53:14.763996+00:00,201,40.31,
2026-09-12T03:53:14.774969+00:00,201,39.75,
2026-09-12T03:53:14.797368+00:00,201,55.85,
2026-09-12T03:53:14.786054+00:00,201,69.04,
2026-09-12T03:53:14.809263+00:00,201,56.71,
2026-09-12T03:53:14.819022+00:00,201,64.13,
2026-09-12T03:53:14.830191+00:00,201,53.14,
2026-09-12T03:53:14.842755+00:00,201,45.08,
2026-09-12T03:53:14.853824+00:00,201,44.71,
2026-09-12T03:53:14.863694+00:00,201,41.77,
2026-09-12T03:53:14.874682+00:00,201,40.75,
2026-09-12T03:53:14.887140+00:00,201,39.78,
2026-09-12T03:53:14.896845+00:00,201,37.36,
2026-09-12T03:53:14.907770+00:00,201,45.82,
2026-09-12T03:53:14.920302+00:00,201,52.76,
2026-09-12T03:53:14.941145+00:00,201,36.77,
2026-09-12T03:53:14.931571+00:00,201,61.12,
2026-09-12T03:53:14.964454+00:00,201,38.05,
2026-09-12T03:53:14.953541+00:00,201,53.1,
2026-09-12T03:53:14.986846+00:00,201,42.56,
2026-09-12T03:53:14.997764+00:00,201,41.58,
2026-09-12T03:53:14.975324+00:00,201,65.85,
2026-09-12T03:53:15.008704+00:00,201,43.26,
2026-09-12T03:53:15.019594+00:00,201,42.82,
2026-09-12T03:53:15.030445+00:00,201,41.83,
2026-09-12T03:53:15.041430+00:00,201,41.79,
2026-09-12T03:53:15.052680+00:00,201,38.92,
2026-09-12T03:53:15.063967+00:00,201,39.61,
2026-09-12T03:53:15.074694+00:00,201,41.3,
2026-09-12T03:53:15.085756+00:00,201,39.45,
2026-09-12T03:53:15.096651+00:00,201,38.04,
2026-09-12T03:53:15.120264+00:00,201,36.69,
2026-09-12T03:53:15.109237+00:00,201,53.77,
2026-09-12T03:53:15.131458+00:00,201,39.72,
2026-09-12T03:53:15.142469+00:00,201,37.75,
2026-09-12T03:53:15.153544+00:00,201,35.53,
2026-09-12T03:53:15.186819+00:00,201,37.15,
2026-09-12T03:53:15.175869+00:00,201,52.38,
2026-09-12T03:53:15.164850+00:00,201,63.87,
2026-09-12T03:53:15.209100+00:00,201,38.53,
2026-09-12T03:53:15.219905+00:00,201,37.56,
2026-09-12T03:53:15.198106+00:00,201,62.4,
2026-09-12T03:53:15.231397+00:00,201,38.04,
2026-09-12T03:53:15.242475+00:00,201,38.52,
2026-09-12T03:53:15.253404+00:00,201,36.66,
2026-09-12T03:53:15.275838+00:00,201,38.0,
2026-09-12T03:53:15.264557+00:00,201,62.62,
2026-09-12T03:53:15.286719+00:00,201,43.27,
2026-09-12T03:53:15.297804+00:00,201,44.03,
2026-09-12T03:53:15.308776+00:00,201,43.35,
2026-09-12T03:53:15.319743+00:00,201,39.05,
2026-09-12T03:53:15.331179+00:00,201,38.71,
2026-09-12T03:53:15.342098+00:00,201,37.39,
2026-09-12T03:53:15.353262+00:00,201,36.73,
2026-09-12T03:53:15.364325+00:00,201,36.04,
2026-09-12T03:53:15.375347+00:00,201,53.88,
2026-09-12T03:53:15.386256+00:00,201,61.07,
2026-09-12T03:53:15.397118+00:00,201,50.53,
2026-09-12T03:53:15.408222+00:00,201,58.25,
2026-09-12T03:53:15.430130+00:00,201,40.08,
2026-09-12T03:53:15.419169+00:00,201,65.28,
2026-09-12T03:53:15.442705+00:00,201,43.33,
2026-09-12T03:53:15.453669+00:00,201,41.74,
2026-09-12T03:53:15.464851+00:00,201,41.03,
2026-09-12T03:53:15.474475+00:00,201,37.89,
2026-09-12T03:53:15.497979+00:00,201,34.44,
2026-09-12T03:53:15.486836+00:00,201,55.96,
2026-09-12T03:53:15.509062+00:00,201,37.14,
2026-09-12T03:53:15.520120+00:00,201,37.77,
2026-09-12T03:53:15.531196+00:00,201,38.39,
2026-09-12T03:53:15.542771+00:00,201,38.68,
2026-09-12T03:53:15.553072+00:00,201,36.38,
2026-09-12T03:53:15.574598+00:00,201,35.36,
2026-09-12T03:53:15.563598+00:00,201,59.35,
2026-09-12T03:53:15.585735+00:00,201,42.39,
2026-09-12T03:53:15.598161+00:00,201,39.69,
2026-09-12T03:53:15.609130+00:00,201,38.43,
2026-09-12T03:53:15.619920+00:00,201,46.18,
2026-09-12T03:53:15.642192+00:00,201,35.63,
2026-09-12T03:53:15.631205+00:00,201,53.05,
2026-09-12T03:53:15.664214+00:00,201,37.56,
2026-09-12T03:53:15.653329+00:00,201,61.81,
2026-09-12T03:53:15.686525+00:00,201,40.51,
2026-09-12T03:53:15.675514+00:00,201,56.52,
2026-09-12T03:53:15.697245+00:00,201,40.2,
2026-09-12T03:53:15.708189+00:00,201,41.29,
2026-09-12T03:53:15.719039+00:00,201,39.93,
2026-09-12T03:53:15.731356+00:00,201,39.66,
2026-09-12T03:53:15.742433+00:00,201,37.83,
2026-09-12T03:53:15.753305+00:00,201,36.72,
2026-09-12T03:53:15.764322+00:00,201,36.48,
2026-09-12T03:53:15.786231+00:00,201,37.62,
2026-09-12T03:53:15.775324+00:00,201,48.64,
2026-09-12T03:53:15.797635+00:00,201,40.67,
2026-09-12T03:53:15.808712+00:00,201,42.03,
2026-09-12T03:53:15.819718+00:00,201,42.61,
2026-09-12T03:53:15.830544+00:00,201,39.27,
2026-09-12T03:53:15.841546+00:00,201,37.63,
2026-09-12T03:53:15.852910+00:00,201,39.01,
2026-09-12T03:53:15.864782+00:00,201,37.3,
2026-09-12T03:53:15.875494+00:00,201,38.26,
2026-09-12T03:53:15.886465+00:00,201,38.52,
2026-09-12T03:53:15.897389+00:00,201,37.62,
2026-09-12T03:53:15.908306+00:00,201,37.83,
2026-09-12T03:53:15.919383+00:00,201,39.31,
2026-09-12T03:53:15.930405+00:00,201,36.6,
2026-09-12T03:53:15.941343+00:00,201,38.67,
2026-09-12T03:53:15.952472+00:00,201,39.85,
2026-09-12T03:53:15.963648+00:00,201,41.57,
2026-09-12T03:53:15.974841+00:00,201,40.0,
2026-09-12T03:53:15.985752+00:00,201,39.71,
2026-09-12T03:53:15.996958+00:00,201,37.06,
2026-09-12T03:53:16.007886+00:00,201,36.86,
2026-09-12T03:53:16.019050+00:00,201,35.62,
2026-09-12T03:53:16.041319+00:00,201,33.48,
2026-09-12T03:53:16.052487+00:00,201,39.45,
2026-09-12T03:53:16.030424+00:00,201,62.09,
2026-09-12T03:53:16.063494+00:00,201,38.07,
2026-09-12T03:53:16.075756+00:00,201,39.41,
2026-09-12T03:53:16.086871+00:00,201,37.49,
2026-09-12T03:53:16.097338+00:00,201,37.59,
2026-09-12T03:53:16.108535+00:00,201,37.78,
2026-09-12T03:53:16.119366+00:00,201,37.59,
2026-09-12T03:53:16.141491+00:00,201,37.2,
2026-09-12T03:53:16.130533+00:00,201,54.17,
2026-09-12T03:53:16.152644+00:00,201,38.62,
2026-09-12T03:53:16.163515+00:00,201,39.23,
2026-09-12T03:53:16.176040+00:00,201,37.37,
2026-09-12T03:53:16.187139+00:00,201,36.53,
2026-09-12T03:53:16.197993+00:00,201,36.23,
2026-09-12T03:53:16.220132+00:00,201,34.31,
2026-09-12T03:53:16.209050+00:00,201,55.24,
2026-09-12T03:53:16.231130+00:00,201,37.13,
2026-09-12T03:53:16.253233+00:00,201,38.12,
2026-09-12T03:53:16.242254+00:00,201,53.6,
2026-09-12T03:53:16.264418+00:00,201,42.25,
2026-09-12T03:53:16.274792+00:00,201,44.2,
2026-09-12T03:53:16.285872+00:00,201,40.46,
2026-09-12T03:53:16.296937+00:00,201,39.43,
2026-09-12T03:53:16.308388+00:00,201,41.61,
2026-09-12T03:53:16.320492+00:00,201,43.01,
2026-09-12T03:53:16.330066+00:00,201,40.31,
2026-09-12T03:53:16.341349+00:00,201,37.73,
2026-09-12T03:53:16.364884+00:00,201,35.17,
2026-09-12T03:53:16.352328+00:00,201,51.77,
2026-09-12T03:53:16.376020+00:00,201,36.15,
2026-09-12T03:53:16.386941+00:00,201,46.9,
2026-09-12T03:53:16.397987+00:00,201,37.16,
2026-09-12T03:53:16.419415+00:00,201,36.0,
2026-09-12T03:53:16.408954+00:00,201,57.69,
2026-09-12T03:53:16.442624+00:00,201,38.59,
2026-09-12T03:53:16.430284+00:00,201,54.82,
2026-09-12T03:53:16.453608+00:00,201,41.72,
2026-09-12T03:53:16.464774+00:00,201,41.12,
2026-09-12T03:53:16.475896+00:00,201,39.3,
2026-09-12T03:53:16.486265+00:00,201,38.41,
2026-09-12T03:53:16.497579+00:00,201,36.7,
2026-09-12T03:53:16.519814+00:00,201,40.75,
2026-09-12T03:53:16.508600+00:00,201,59.36,
2026-09-12T03:53:16.530970+00:00,201,45.38,
2026-09-12T03:53:16.542290+00:00,201,46.07,
2026-09-12T03:53:16.552306+00:00,201,45.51,
2026-09-12T03:53:16.563595+00:00,201,48.13,
2026-09-12T03:53:16.575070+00:00,201,46.39,
2026-09-12T03:53:16.586243+00:00,201,46.84,
2026-09-12T03:53:16.609165+00:00,201,43.56,
2026-09-12T03:53:16.597711+00:00,201,63.18,
2026-09-12T03:53:16.620289+00:00,201,43.34,
2026-09-12T03:53:16.630413+00:00,201,44.61,
2026-09-12T03:53:16.641373+00:00,201,42.58,
2026-09-12T03:53:16.664537+00:00,201,39.46,
2026-09-12T03:53:16.652744+00:00,201,51.72,
2026-09-12T03:53:16.675713+00:00,201,38.85,
2026-09-12T03:53:16.686629+00:00,201,39.5,
2026-09-12T03:53:16.697517+00:00,201,39.09,
2026-09-12T03:53:16.709080+00:00,201,40.18,
2026-09-12T03:53:16.720020+00:00,201,38.01,
2026-09-12T03:53:16.731103+00:00,201,37.27,
2026-09-12T03:53:16.742155+00:00,201,36.11,
2026-09-12T03:53:16.763514+00:00,201,34.41,
2026-09-12T03:53:16.753002+00:00,201,58.4,
2026-09-12T03:53:16.774568+00:00,201,37.22,
2026-09-12T03:53:16.787129+00:00,201,39.37,
2026-09-12T03:53:16.797943+00:00,201,41.3,
2026-09-12T03:53:16.807979+00:00,201,39.2,
2026-09-12T03:53:16.819203+00:00,201,39.1,
2026-09-12T03:53:16.830401+00:00,201,38.3,
2026-09-12T03:53:16.841593+00:00,201,38.25,
2026-09-12T03:53:16.852692+00:00,201,40.07,
2026-09-12T03:53:16.863612+00:00,201,38.49,
2026-09-12T03:53:16.874706+00:00,201,36.7,
2026-09-12T03:53:16.885636+00:00,201,38.54,
2026-09-12T03:53:16.898146+00:00,201,37.36,
2026-09-12T03:53:16.909301+00:00,201,37.44,
2026-09-12T03:53:16.920201+00:00,201,39.57,
2026-09-12T03:53:16.930707+00:00,201,36.78,
2026-09-12T03:53:16.941369+00:00,201,38.28,
2026-09-12T03:53:16.952401+00:00,201,37.97,
2026-09-12T03:53:16.964232+00:00,201,37.38,
2026-09-12T03:53:16.975228+00:00,201,38.41,
2026-09-12T03:53:16.986165+00:00,201,38.83,
2026-09-12T03:53:16.996956+00:00,201,37.74,
2026-09-12T03:53:17.008078+00:00,201,36.44,
2026-09-12T03:53:17.020296+00:00,201,37.23,
2026-09-12T03:53:17.031407+00:00,201,36.47,
2026-09-12T03:53:17.042380+00:00,201,36.79,
2026-09-12T03:53:17.053203+00:00,201,36.17,
2026-09-12T03:53:17.064251+00:00,201,37.53,
2026-09-12T03:53:17.075206+00:00,201,37.2,
2026-09-12T03:53:17.085827+00:00,201,40.45,
2026-09-12T03:53:17.096806+00:00,201,39.22,
2026-09-12T03:53:17.108446+00:00,201,40.94,
2026-09-12T03:53:17.119776+00:00,201,39.31,
2026-09-12T03:53:17.130332+00:00,201,38.17,
2026-09-12T03:53:17.141300+00:00,201,37.33,
2026-09-12T03:53:17.152350+00:00,201,37.08,
2026-09-12T03:53:17.175845+00:00,201,38.94,
2026-09-12T03:53:17.164788+00:00,201,50.14,
2026-09-12T03:53:17.187092+00:00,201,37.5,
2026-09-12T03:53:17.197982+00:00,201,37.73,
2026-09-12T03:53:17.220023+00:00,201,35.33,
2026-09-12T03:53:17.209093+00:00,201,57.7,
2026-09-12T03:53:17.231077+00:00,201,39.85,
2026-09-12T03:53:17.242135+00:00,201,41.35,
2026-09-12T03:53:17.253079+00:00,201,43.41,
2026-09-12T03:53:17.264329+00:00,201,44.59,
2026-09-12T03:53:17.275543+00:00,201,41.56,
2026-09-12T03:53:17.286162+00:00,201,40.72,
2026-09-12T03:53:17.296973+00:00,201,41.95,
2026-09-12T03:53:17.307945+00:00,201,41.77,
2026-09-12T03:53:17.319156+00:00,201,39.45,
2026-09-12T03:53:17.330280+00:00,201,39.22,
2026-09-12T03:53:17.342556+00:00,201,36.74,
2026-09-12T03:53:17.353708+00:00,201,54.06,
2026-09-12T03:53:17.363466+00:00,201,59.09,
2026-09-12T03:53:17.397658+00:00,201,40.74,
2026-09-12T03:53:17.375559+00:00,201,66.69,
2026-09-12T03:53:17.386748+00:00,201,55.9,
2026-09-12T03:53:17.408675+00:00,201,42.87,
2026-09-12T03:53:17.419690+00:00,201,42.45,
2026-09-12T03:53:17.430731+00:00,201,38.95,
2026-09-12T03:53:17.441913+00:00,201,38.34,
2026-09-12T03:53:17.453321+00:00,201,37.21,
2026-09-12T03:53:17.464223+00:00,201,35.83,
2026-09-12T03:53:17.486088+00:00,201,34.41,
2026-09-12T03:53:17.475186+00:00,201,60.36,
2026-09-12T03:53:17.497776+00:00,201,39.5,
2026-09-12T03:53:17.508863+00:00,201,38.92,
2026-09-12T03:53:17.519863+00:00,201,40.92,
2026-09-12T03:53:17.530839+00:00,201,36.8,
2026-09-12T03:53:17.541573+00:00,201,38.0,
2026-09-12T03:53:17.552579+00:00,201,37.48,
2026-09-12T03:53:17.563950+00:00,201,37.52,
2026-09-12T03:53:17.574952+00:00,201,38.3,
2026-09-12T03:53:17.585959+00:00,201,44.92,
2026-09-12T03:53:17.608632+00:00,201,58.31,
2026-09-12T03:53:17.620374+00:00,201,57.0,
2026-09-12T03:53:17.597323+00:00,201,80.87,
2026-09-12T03:53:17.630051+00:00,201,54.81,
2026-09-12T03:53:17.664685+00:00,201,48.22,
2026-09-12T03:53:17.653301+00:00,201,62.76,
2026-09-12T03:53:17.642220+00:00,201,75.2,
2026-09-12T03:53:17.675716+00:00,201,49.86,
2026-09-12T03:53:17.686887+00:00,201,47.86,
2026-09-12T03:53:17.698048+00:00,201,45.34,
2026-09-12T03:53:17.709225+00:00,201,40.05,
2026-09-12T03:53:17.720138+00:00,201,46.33,
2026-09-12T03:53:17.731396+00:00,201,50.51,
2026-09-12T03:53:17.753214+00:00,201,48.11,
2026-09-12T03:53:17.742243+00:00,201,60.55,
2026-09-12T03:53:17.764102+00:00,201,53.53,
2026-09-12T03:53:17.775686+00:00,201,61.11,
2026-09-12T03:53:17.797640+00:00,201,42.72,
2026-09-12T03:53:17.808366+00:00,201,44.36,
2026-09-12T03:53:17.786677+00:00,201,68.44,
2026-09-12T03:53:17.819389+00:00,201,45.9,
2026-09-12T03:53:17.830538+00:00,201,43.26,
2026-09-12T03:53:17.842136+00:00,201,42.64,
2026-09-12T03:53:17.852991+00:00,201,41.3,
2026-09-12T03:53:17.864016+00:00,201,61.55,
2026-09-12T03:53:17.875286+00:00,201,52.71,
2026-09-12T03:53:17.885816+00:00,201,52.52,
2026-09-12T03:53:17.896835+00:00,201,50.18,
2026-09-12T03:53:17.908001+00:00,201,46.7,
2026-09-12T03:53:17.919510+00:00,201,42.39,
2026-09-12T03:53:17.930404+00:00,201,42.11,
2026-09-12T03:53:17.941437+00:00,201,38.75,
2026-09-12T03:53:17.952375+00:00,201,38.31,
2026-09-12T03:53:17.974570+00:00,201,36.08,
2026-09-12T03:53:17.963600+00:00,201,58.01,
2026-09-12T03:53:17.986976+00:00,201,38.3,
2026-09-12T03:53:17.998022+00:00,201,37.99,
2026-09-12T03:53:18.008876+00:00,201,38.16,
2026-09-12T03:53:18.019809+00:00,201,40.25,
2026-09-12T03:53:18.030907+00:00,201,36.92,
2026-09-12T03:53:18.041836+00:00,201,36.21,
2026-09-12T03:53:18.064075+00:00,201,34.66,
2026-09-12T03:53:18.074987+00:00,201,36.88,
2026-09-12T03:53:18.052958+00:00,201,62.58,
2026-09-12T03:53:18.085744+00:00,201,39.27,
2026-09-12T03:53:18.096770+00:00,201,39.42,
2026-09-12T03:53:18.109231+00:00,201,38.61,
2026-09-12T03:53:18.119730+00:00,201,37.94,
2026-09-12T03:53:18.130805+00:00,201,37.81,
2026-09-12T03:53:18.141699+00:00,201,36.42,
2026-09-12T03:53:18.152670+00:00,201,37.33,
2026-09-12T03:53:18.163673+00:00,201,37.52,
2026-09-12T03:53:18.174920+00:00,201,36.77,
2026-09-12T03:53:18.185916+00:00,201,39.48,
2026-09-12T03:53:18.198024+00:00,201,38.69,
2026-09-12T03:53:18.209374+00:00,201,36.67,
2026-09-12T03:53:18.220238+00:00,201,35.86,
2026-09-12T03:53:18.231116+00:00,201,33.94,
2026-09-12T03:53:18.263896+00:00,201,41.3,
2026-09-12T03:53:18.241878+00:00,201,64.69,
2026-09-12T03:53:18.252900+00:00,201,54.56,
2026-09-12T03:53:18.274984+00:00,201,59.23,
2026-09-12T03:53:18.308573+00:00,201,37.0,
2026-09-12T03:53:18.286066+00:00,201,65.63,
2026-09-12T03:53:18.297392+00:00,201,55.89,
2026-09-12T03:53:18.330969+00:00,201,40.47,
2026-09-12T03:53:18.341859+00:00,201,37.66,
2026-09-12T03:53:18.319726+00:00,201,66.19,
2026-09-12T03:53:18.353200+00:00,201,44.43,
2026-09-12T03:53:18.364542+00:00,201,43.18,
2026-09-12T03:53:18.375494+00:00,201,41.84,
2026-09-12T03:53:18.387367+00:00,201,42.69,
2026-09-12T03:53:18.397880+00:00,201,41.6,
2026-09-12T03:53:18.409204+00:00,201,38.44,
2026-09-12T03:53:18.420408+00:00,201,36.84,
2026-09-12T03:53:18.442656+00:00,201,35.29,
2026-09-12T03:53:18.453827+00:00,201,36.61,
2026-09-12T03:53:18.431501+00:00,201,63.51,
2026-09-12T03:53:18.475762+00:00,201,39.5,
2026-09-12T03:53:18.486714+00:00,201,38.36,
2026-09-12T03:53:18.464643+00:00,201,62.98,
2026-09-12T03:53:18.498063+00:00,201,39.2,
2026-09-12T03:53:18.509252+00:00,201,38.61,
2026-09-12T03:53:18.520159+00:00,201,37.46,
2026-09-12T03:53:18.530818+00:00,201,36.6,
2026-09-12T03:53:18.542270+00:00,201,37.71,
2026-09-12T03:53:18.553384+00:00,201,36.72,
2026-09-12T03:53:18.564493+00:00,201,38.34,
2026-09-12T03:53:18.575069+00:00,201,36.24,
2026-09-12T03:53:18.597038+00:00,201,36.03,
2026-09-12T03:53:18.586089+00:00,201,49.26,
2026-09-12T03:53:18.607854+00:00,201,38.03,
2026-09-12T03:53:18.620302+00:00,201,37.32,
2026-09-12T03:53:18.631258+00:00,201,36.39,
2026-09-12T03:53:18.653356+00:00,201,34.48,
2026-09-12T03:53:18.642267+00:00,201,53.5,
2026-09-12T03:53:18.664247+00:00,201,37.31,
2026-09-12T03:53:18.686111+00:00,201,36.46,
2026-09-12T03:53:18.675175+00:00,201,53.54,
2026-09-12T03:53:18.696950+00:00,201,38.78,
2026-09-12T03:53:18.709372+00:00,201,41.13,
2026-09-12T03:53:18.720299+00:00,201,40.74,
2026-09-12T03:53:18.731296+00:00,201,37.89,
2026-09-12T03:53:18.742273+00:00,201,38.41,
2026-09-12T03:53:18.753248+00:00,201,39.2,
2026-09-12T03:53:18.764589+00:00,201,36.9,
2026-09-12T03:53:18.775170+00:00,201,38.95,
2026-09-12T03:53:18.786081+00:00,201,38.16,
2026-09-12T03:53:18.798118+00:00,201,36.81,
2026-09-12T03:53:18.809358+00:00,201,36.18,
2026-09-12T03:53:18.820319+00:00,201,34.97,
2026-09-12T03:53:18.853379+00:00,201,36.98,
2026-09-12T03:53:18.831286+00:00,201,59.45,
2026-09-12T03:53:18.842289+00:00,201,62.76,
2026-09-12T03:53:18.875420+00:00,201,43.73,
2026-09-12T03:53:18.864452+00:00,201,56.62,
2026-09-12T03:53:18.886550+00:00,201,43.7,
2026-09-12T03:53:18.898232+00:00,201,43.24,
2026-09-12T03:53:18.909032+00:00,201,40.96,
2026-09-12T03:53:18.921031+00:00,201,39.58,
2026-09-12T03:53:18.930497+00:00,201,39.63,
2026-09-12T03:53:18.941401+00:00,201,38.64,
2026-09-12T03:53:18.952538+00:00,201,38.71,
2026-09-12T03:53:18.963727+00:00,201,37.01,
2026-09-12T03:53:18.974824+00:00,201,39.66,
2026-09-12T03:53:18.987070+00:00,201,39.8,
2026-09-12T03:53:18.998230+00:00,201,38.42,
2026-09-12T03:53:19.009185+00:00,201,37.33,
2026-09-12T03:53:19.020017+00:00,201,37.46,
2026-09-12T03:53:19.030476+00:00,201,37.66,
2026-09-12T03:53:19.041358+00:00,201,36.25,
2026-09-12T03:53:19.064730+00:00,201,40.93,
2026-09-12T03:53:19.053773+00:00,201,56.33,
2026-09-12T03:53:19.075876+00:00,201,44.0,
2026-09-12T03:53:19.086943+00:00,201,44.75,
2026-09-12T03:53:19.097362+00:00,201,40.52,
2026-09-12T03:53:19.108873+00:00,201,41.48,
2026-09-12T03:53:19.120026+00:00,201,50.72,
2026-09-12T03:53:19.131087+00:00,201,41.92,
2026-09-12T03:53:19.142264+00:00,201,39.95,
2026-09-12T03:53:19.153411+00:00,201,40.44,
2026-09-12T03:53:19.164328+00:00,201,38.78,
2026-09-12T03:53:19.185714+00:00,201,36.03,
2026-09-12T03:53:19.198142+00:00,201,37.5,
2026-09-12T03:53:19.174795+00:00,201,61.68,
2026-09-12T03:53:19.208780+00:00,201,39.16,
2026-09-12T03:53:19.219740+00:00,201,41.11,
2026-09-12T03:53:19.230143+00:00,201,41.71,
2026-09-12T03:53:19.242595+00:00,201,39.2,
2026-09-12T03:53:19.252855+00:00,201,39.87,
2026-09-12T03:53:19.263579+00:00,201,39.58,
2026-09-12T03:53:19.274534+00:00,201,38.86,
2026-09-12T03:53:19.286992+00:00,201,41.16,
2026-09-12T03:53:19.298056+00:00,201,40.28,
2026-09-12T03:53:19.308996+00:00,201,40.08,
2026-09-12T03:53:19.319933+00:00,201,38.59,
2026-09-12T03:53:19.330750+00:00,201,38.04,
2026-09-12T03:53:19.341876+00:00,201,36.14,
2026-09-12T03:53:19.364020+00:00,201,33.83,
2026-09-12T03:53:19.352895+00:00,201,51.85,
2026-09-12T03:53:19.374707+00:00,201,37.84,
2026-09-12T03:53:19.385733+00:00,201,41.52,
2026-09-12T03:53:19.398123+00:00,201,39.9,
2026-09-12T03:53:19.407834+00:00,201,40.71,
2026-09-12T03:53:19.420542+00:00,201,46.88,
2026-09-12T03:53:19.431476+00:00,201,37.95,
2026-09-12T03:53:19.452628+00:00,201,38.49,
2026-09-12T03:53:19.441348+00:00,201,61.07,
2026-09-12T03:53:19.463477+00:00,201,40.93,
2026-09-12T03:53:19.474686+00:00,201,40.04,
2026-09-12T03:53:19.485803+00:00,201,38.6,
2026-09-12T03:53:19.508252+00:00,201,35.79,
2026-09-12T03:53:19.496759+00:00,201,50.05,
2026-09-12T03:53:19.530605+00:00,201,34.27,
2026-09-12T03:53:19.519346+00:00,201,57.15,
2026-09-12T03:53:19.541532+00:00,201,52.08,
2026-09-12T03:53:19.563509+00:00,201,38.97,
2026-09-12T03:53:19.574559+00:00,201,39.99,
2026-09-12T03:53:19.552684+00:00,201,62.83,
2026-09-12T03:53:19.586978+00:00,201,39.37,
2026-09-12T03:53:19.596837+00:00,201,38.41,
2026-09-12T03:53:19.609456+00:00,201,36.62,
2026-09-12T03:53:19.620262+00:00,201,56.64,
2026-09-12T03:53:19.642154+00:00,201,50.97,
2026-09-12T03:53:19.631266+00:00,201,62.44,
2026-09-12T03:53:19.653171+00:00,201,42.11,
2026-09-12T03:53:19.663964+00:00,201,40.51,
2026-09-12T03:53:19.675001+00:00,201,41.83,
2026-09-12T03:53:19.685932+00:00,201,39.03,
2026-09-12T03:53:19.697005+00:00,201,37.74,
2026-09-12T03:53:19.707998+00:00,201,36.53,
2026-09-12T03:53:19.720370+00:00,201,35.82,
2026-09-12T03:53:19.731249+00:00,201,36.76,
2026-09-12T03:53:19.742700+00:00,201,36.1,
2026-09-12T03:53:19.752385+00:00,201,36.32,
2026-09-12T03:53:19.764359+00:00,201,43.61,
2026-09-12T03:53:19.775266+00:00,201,51.2,
2026-09-12T03:53:19.809079+00:00,201,37.33,
2026-09-12T03:53:19.785984+00:00,201,60.63,
2026-09-12T03:53:19.798098+00:00,201,61.88,
2026-09-12T03:53:19.820046+00:00,201,58.2,
2026-09-12T03:53:19.842379+00:00,201,39.96,
2026-09-12T03:53:19.831127+00:00,201,62.41,
2026-09-12T03:53:19.853504+00:00,201,41.04,
2026-09-12T03:53:19.864715+00:00,201,41.3,
2026-09-12T03:53:19.875653+00:00,201,40.72,
2026-09-12T03:53:19.897675+00:00,201,36.88,
2026-09-12T03:53:19.886614+00:00,201,52.59,
2026-09-12T03:53:19.920246+00:00,201,39.53,
2026-09-12T03:53:19.930801+00:00,201,38.24,
2026-09-12T03:53:19.908788+00:00,201,64.72,
2026-09-12T03:53:19.941539+00:00,201,40.72,
2026-09-12T03:53:19.963728+00:00,201,38.76,
2026-09-12T03:53:19.952574+00:00,201,50.39,
2026-09-12T03:53:19.975195+00:00,201,38.4,
2026-09-12T03:53:19.986254+00:00,201,40.95,
2026-09-12T03:53:19.997049+00:00,201,40.93,
2026-09-12T03:53:20.008103+00:00,201,37.77,
2026-09-12T03:53:20.019068+00:00,201,38.01,
2026-09-12T03:53:20.042659+00:00,201,36.79,
2026-09-12T03:53:20.031495+00:00,201,49.34,
2026-09-12T03:53:20.053727+00:00,201,38.29,
2026-09-12T03:53:20.064828+00:00,201,39.23,
2026-09-12T03:53:20.075846+00:00,201,40.0,
2026-09-12T03:53:20.086565+00:00,201,38.65,
2026-09-12T03:53:20.097671+00:00,201,36.61,
2026-09-12T03:53:20.108691+00:00,201,37.76,
2026-09-12T03:53:20.119882+00:00,201,37.14,
2026-09-12T03:53:20.130869+00:00,201,36.64,
2026-09-12T03:53:20.142011+00:00,201,37.69,
2026-09-12T03:53:20.152953+00:00,201,37.79,
2026-09-12T03:53:20.163903+00:00,201,36.06,
2026-09-12T03:53:20.175984+00:00,201,38.94,
2026-09-12T03:53:20.198148+00:00,201,33.81,
2026-09-12T03:53:20.186890+00:00,201,48.28,
2026-09-12T03:53:20.220198+00:00,201,34.68,
2026-09-12T03:53:20.231301+00:00,201,35.54,
2026-09-12T03:53:20.209212+00:00,201,60.47,
2026-09-12T03:53:20.253304+00:00,201,38.93,
2026-09-12T03:53:20.242311+00:00,201,65.81,
2026-09-12T03:53:20.264194+00:00,201,45.0,
2026-09-12T03:53:20.275311+00:00,201,39.96,
2026-09-12T03:53:20.286412+00:00,201,39.45,
2026-09-12T03:53:20.297394+00:00,201,39.56,
2026-09-12T03:53:20.308910+00:00,201,37.77,
2026-09-12T03:53:20.330237+00:00,201,37.25,
2026-09-12T03:53:20.341276+00:00,201,37.97,
2026-09-12T03:53:20.319264+00:00,201,62.35,
2026-09-12T03:53:20.352480+00:00,201,41.73,
2026-09-12T03:53:20.363491+00:00,201,48.85,
2026-09-12T03:53:20.374561+00:00,201,40.26,
2026-09-12T03:53:20.385716+00:00,201,41.81,
2026-09-12T03:53:20.396800+00:00,201,41.86,
2026-09-12T03:53:20.408061+00:00,201,39.59,
2026-09-12T03:53:20.420211+00:00,201,37.81,
2026-09-12T03:53:20.431601+00:00,201,37.88,
2026-09-12T03:53:20.442445+00:00,201,38.42,
2026-09-12T03:53:20.453227+00:00,201,39.15,
2026-09-12T03:53:20.463840+00:00,201,39.42,
2026-09-12T03:53:20.474885+00:00,201,37.41,
2026-09-12T03:53:20.485942+00:00,201,35.72,
2026-09-12T03:53:20.496986+00:00,201,37.7,
2026-09-12T03:53:20.508041+00:00,201,36.69,
2026-09-12T03:53:20.519053+00:00,201,36.18,
2026-09-12T03:53:20.542591+00:00,201,35.69,
2026-09-12T03:53:20.531424+00:00,201,51.36,
2026-09-12T03:53:20.553495+00:00,201,41.54,
2026-09-12T03:53:20.564464+00:00,201,42.49,
2026-09-12T03:53:20.575487+00:00,201,41.91,
2026-09-12T03:53:20.586014+00:00,201,42.86,
2026-09-12T03:53:20.597284+00:00,201,41.05,
2026-09-12T03:53:20.608355+00:00,201,41.73,
2026-09-12T03:53:20.619729+00:00,201,39.85,
2026-09-12T03:53:20.630733+00:00,201,38.14,
2026-09-12T03:53:20.641843+00:00,201,37.41,
2026-09-12T03:53:20.652832+00:00,201,38.95,
2026-09-12T03:53:20.663885+00:00,201,36.65,
2026-09-12T03:53:20.686184+00:00,201,37.18,
2026-09-12T03:53:20.675131+00:00,201,49.13,
2026-09-12T03:53:20.696944+00:00,201,37.12,
2026-09-12T03:53:20.707942+00:00,201,47.05,
2026-09-12T03:53:20.720370+00:00,201,35.66,
2026-09-12T03:53:20.731413+00:00,201,56.32,
2026-09-12T03:53:20.753457+00:00,201,50.1,
2026-09-12T03:53:20.742560+00:00,201,62.15,
2026-09-12T03:53:20.764586+00:00,201,63.67,
2026-09-12T03:53:20.786277+00:00,201,55.51,
2026-09-12T03:53:20.797080+00:00,201,54.44,
2026-09-12T03:53:20.775376+00:00,201,76.82,
2026-09-12T03:53:20.808379+00:00,201,60.11,
2026-09-12T03:53:20.819208+00:00,201,60.41,
2026-09-12T03:53:20.830195+00:00,201,75.12,
2026-09-12T03:53:20.842144+00:00,201,69.15,
2026-09-12T03:53:20.852354+00:00,201,65.67,
2026-09-12T03:53:20.863440+00:00,201,65.16,
2026-09-12T03:53:20.875689+00:00,201,88.02,
2026-09-12T03:53:20.886667+00:00,201,102.41,
2026-09-12T03:53:20.897242+00:00,201,99.6,
2026-09-12T03:53:20.930659+00:00,201,102.29,
2026-09-12T03:53:20.946090+00:00,201,90.87,
2026-09-12T03:53:20.953288+00:00,201,90.24,
2026-09-12T03:53:20.908385+00:00,201,137.7,
2026-09-12T03:53:20.919749+00:00,201,130.39,
2026-09-12T03:53:20.975031+00:00,201,80.76,
2026-09-12T03:53:20.986899+00:00,201,84.35,
2026-09-12T03:53:20.965853+00:00,201,108.24,
2026-09-12T03:53:21.019989+00:00,201,67.71,
2026-09-12T03:53:21.030438+00:00,201,66.1,
2026-09-12T03:53:20.998377+00:00,201,105.22,
2026-09-12T03:53:21.008889+00:00,201,95.92,
2026-09-12T03:53:21.041668+00:00,201,64.74,
2026-09-12T03:53:21.063931+00:00,201,58.36,
2026-09-12T03:53:21.074871+00:00,201,54.32,
2026-09-12T03:53:21.052779+00:00,201,79.32,
2026-09-12T03:53:21.086322+00:00,201,53.39,
2026-09-12T03:53:21.097434+00:00,201,49.8,
2026-09-12T03:53:21.108347+00:00,201,47.5,
2026-09-12T03:53:21.119950+00:00,201,45.81,
2026-09-12T03:53:21.130432+00:00,201,43.16,
2026-09-12T03:53:21.141555+00:00,201,50.99,
2026-09-12T03:53:21.163735+00:00,201,38.48,
2026-09-12T03:53:21.152655+00:00,201,52.97,
2026-09-12T03:53:21.186230+00:00,201,49.24,
2026-09-12T03:53:21.197211+00:00,201,38.77,
2026-09-12T03:53:21.175683+00:00,201,60.6,
2026-09-12T03:53:21.219032+00:00,201,39.45,
2026-09-12T03:53:21.208101+00:00,201,58.84,
2026-09-12T03:53:21.231410+00:00,201,41.02,
2026-09-12T03:53:21.253721+00:00,201,49.55,
2026-09-12T03:53:21.242666+00:00,201,68.34,
2026-09-12T03:53:21.264680+00:00,201,51.65,
2026-09-12T03:53:21.275294+00:00,201,53.15,
2026-09-12T03:53:21.285985+00:00,201,55.8,
2026-09-12T03:53:21.308056+00:00,201,58.69,
2026-09-12T03:53:21.320564+00:00,201,56.8,
2026-09-12T03:53:21.298148+00:00,201,82.9,
2026-09-12T03:53:21.341082+00:00,201,59.88,
2026-09-12T03:53:21.330852+00:00,201,79.2,
2026-09-12T03:53:21.352509+00:00,201,60.36,
2026-09-12T03:53:21.364074+00:00,201,58.14,
2026-09-12T03:53:21.374921+00:00,201,56.43,
2026-09-12T03:53:21.386768+00:00,201,51.56,
2026-09-12T03:53:21.397927+00:00,201,50.09,
2026-09-12T03:53:21.408363+00:00,201,48.39,
2026-09-12T03:53:21.420456+00:00,201,46.18,
2026-09-12T03:53:21.431533+00:00,201,46.8,
2026-09-12T03:53:21.442515+00:00,201,56.87,
2026-09-12T03:53:21.464958+00:00,201,38.8,
2026-09-12T03:53:21.453614+00:00,201,64.57,
2026-09-12T03:53:21.486475+00:00,201,39.68,
2026-09-12T03:53:21.475476+00:00,201,57.36,
2026-09-12T03:53:21.497469+00:00,201,42.92,
2026-09-12T03:53:21.519196+00:00,201,38.38,
2026-09-12T03:53:21.508340+00:00,201,55.4,
2026-09-12T03:53:21.530315+00:00,201,50.82,
2026-09-12T03:53:21.541195+00:00,201,42.16,
2026-09-12T03:53:21.552340+00:00,201,40.58,
2026-09-12T03:53:21.564867+00:00,201,48.82,
2026-09-12T03:53:21.575443+00:00,201,49.11,
2026-09-12T03:53:21.586573+00:00,201,39.29,
2026-09-12T03:53:21.597579+00:00,201,40.49,
2026-09-12T03:53:21.608582+00:00,201,38.66,
2026-09-12T03:53:21.619848+00:00,201,36.44,
2026-09-12T03:53:21.630875+00:00,201,57.34,
2026-09-12T03:53:21.652641+00:00,201,36.04,
2026-09-12T03:53:21.641762+00:00,201,61.61,
2026-09-12T03:53:21.663891+00:00,201,56.78,
2026-09-12T03:53:21.686208+00:00,201,45.56,
2026-09-12T03:53:21.697230+00:00,201,51.47,
2026-09-12T03:53:21.675046+00:00,201,74.45,
2026-09-12T03:53:21.708344+00:00,201,43.3,
2026-09-12T03:53:21.719459+00:00,201,42.89,
2026-09-12T03:53:21.731001+00:00,201,40.35,
2026-09-12T03:53:21.763637+00:00,201,35.67,
2026-09-12T03:53:21.742221+00:00,201,58.03,
2026-09-12T03:53:21.774568+00:00,201,39.66,
2026-09-12T03:53:21.752802+00:00,201,65.62,
2026-09-12T03:53:21.787142+00:00,201,42.76,
2026-09-12T03:53:21.797546+00:00,201,39.96,
2026-09-12T03:53:21.808491+00:00,201,38.79,
2026-09-12T03:53:21.819614+00:00,201,40.62,
2026-09-12T03:53:21.830883+00:00,201,41.33,
2026-09-12T03:53:21.841629+00:00,201,41.47,
2026-09-12T03:53:21.852725+00:00,201,42.48,
2026-09-12T03:53:21.863691+00:00,201,37.53,
2026-09-12T03:53:21.874678+00:00,201,39.24,
2026-09-12T03:53:21.887144+00:00,201,37.99,
2026-09-12T03:53:21.898225+00:00,201,36.69,
2026-09-12T03:53:21.908740+00:00,201,38.37,
2026-09-12T03:53:21.919622+00:00,201,38.97,
2026-09-12T03:53:21.930661+00:00,201,40.2,
2026-09-12T03:53:21.941834+00:00,201,39.33,
2026-09-12T03:53:21.952776+00:00,201,43.43,
2026-09-12T03:53:21.975008+00:00,201,47.12,
2026-09-12T03:53:21.963807+00:00,201,63.1,
2026-09-12T03:53:21.985992+00:00,201,46.22,
2026-09-12T03:53:21.997409+00:00,201,46.82,
2026-09-12T03:53:22.019550+00:00,201,43.95,
2026-09-12T03:53:22.008753+00:00,201,61.21,
2026-09-12T03:53:22.030563+00:00,201,44.65,
2026-09-12T03:53:22.041516+00:00,201,54.25,
2026-09-12T03:53:22.052583+00:00,201,63.68,
2026-09-12T03:53:22.063683+00:00,201,53.87,
2026-09-12T03:53:22.085715+00:00,201,47.24,
2026-09-12T03:53:22.074595+00:00,201,61.66,
2026-09-12T03:53:22.108147+00:00,201,46.4,
2026-09-12T03:53:22.120053+00:00,201,46.18,
2026-09-12T03:53:22.096736+00:00,201,71.75,
2026-09-12T03:53:22.130993+00:00,201,47.8,
2026-09-12T03:53:22.141996+00:00,201,46.44,
2026-09-12T03:53:22.153090+00:00,201,59.97,
2026-09-12T03:53:22.175216+00:00,201,43.66,
2026-09-12T03:53:22.164056+00:00,201,64.17,
2026-09-12T03:53:22.185958+00:00,201,46.02,
2026-09-12T03:53:22.209186+00:00,201,39.08,
2026-09-12T03:53:22.196942+00:00,201,58.81,
2026-09-12T03:53:22.220427+00:00,201,41.42,
2026-09-12T03:53:22.231849+00:00,201,44.09,
2026-09-12T03:53:22.242211+00:00,201,45.55,
2026-09-12T03:53:22.253218+00:00,201,45.26,
2026-09-12T03:53:22.264068+00:00,201,42.56,
2026-09-12T03:53:22.275668+00:00,201,41.16,
2026-09-12T03:53:22.286874+00:00,201,40.81,
2026-09-12T03:53:22.296859+00:00,201,40.15,
2026-09-12T03:53:22.309323+00:00,201,38.51,
2026-09-12T03:53:22.331270+00:00,201,36.14,
2026-09-12T03:53:22.320520+00:00,201,58.84,
2026-09-12T03:53:22.342264+00:00,201,38.36,
2026-09-12T03:53:22.363985+00:00,201,37.06,
2026-09-12T03:53:22.353289+00:00,201,58.9,
2026-09-12T03:53:22.374753+00:00,201,39.13,
2026-09-12T03:53:22.385958+00:00,201,39.96,
2026-09-12T03:53:22.397955+00:00,201,39.45,
2026-09-12T03:53:22.409181+00:00,201,39.7,
2026-09-12T03:53:22.420256+00:00,201,36.83,
2026-09-12T03:53:22.431223+00:00,201,38.26,
2026-09-12T03:53:22.453599+00:00,201,37.66,
2026-09-12T03:53:22.464081+00:00,201,39.39,
2026-09-12T03:53:22.442121+00:00,201,65.17,
2026-09-12T03:53:22.475232+00:00,201,43.25,
2026-09-12T03:53:22.485955+00:00,201,40.94,
2026-09-12T03:53:22.496949+00:00,201,38.59,
2026-09-12T03:53:22.507807+00:00,201,36.56,
2026-09-12T03:53:22.531544+00:00,201,35.57,
2026-09-12T03:53:22.542530+00:00,201,37.04,
2026-09-12T03:53:22.520437+00:00,201,61.83,
2026-09-12T03:53:22.553344+00:00,201,38.69,
2026-09-12T03:53:22.564509+00:00,201,40.61,
2026-09-12T03:53:22.575594+00:00,201,36.88,
2026-09-12T03:53:22.587042+00:00,201,37.3,
2026-09-12T03:53:22.598143+00:00,201,36.31,
2026-09-12T03:53:22.609056+00:00,201,36.48,
2026-09-12T03:53:22.620211+00:00,201,38.12,
2026-09-12T03:53:22.630652+00:00,201,38.09,
2026-09-12T03:53:22.641533+00:00,201,36.37,
2026-09-12T03:53:22.663883+00:00,201,35.65,
2026-09-12T03:53:22.652816+00:00,201,58.43,
2026-09-12T03:53:22.675066+00:00,201,39.68,
2026-09-12T03:53:22.686121+00:00,201,38.57,
2026-09-12T03:53:22.697201+00:00,201,36.39,
2026-09-12T03:53:22.708280+00:00,201,45.03,
2026-09-12T03:53:22.730436+00:00,201,36.94,
2026-09-12T03:53:22.719346+00:00,201,50.69,
2026-09-12T03:53:22.741486+00:00,201,38.28,
2026-09-12T03:53:22.752347+00:00,201,38.44,
2026-09-12T03:53:22.775452+00:00,201,35.25,
2026-09-12T03:53:22.764422+00:00,201,50.78,
2026-09-12T03:53:22.797560+00:00,201,37.69,
2026-09-12T03:53:22.786539+00:00,201,49.12,
2026-09-12T03:53:22.808781+00:00,201,40.55,
2026-09-12T03:53:22.819977+00:00,201,38.17,
2026-09-12T03:53:22.830874+00:00,201,36.77,
2026-09-12T03:53:22.853323+00:00,201,35.4,
2026-09-12T03:53:22.842130+00:00,201,60.23,
2026-09-12T03:53:22.875567+00:00,201,40.79,
2026-09-12T03:53:22.864443+00:00,201,55.28,
2026-09-12T03:53:22.886513+00:00,201,42.75,
2026-09-12T03:53:22.908820+00:00,201,37.33,
2026-09-12T03:53:22.897678+00:00,201,48.55,
2026-09-12T03:53:22.931096+00:00,201,34.34,
2026-09-12T03:53:22.919995+00:00,201,58.69,
2026-09-12T03:53:22.953110+00:00,201,43.42,
2026-09-12T03:53:22.942108+00:00,201,55.83,
2026-09-12T03:53:22.964082+00:00,201,48.02,
2026-09-12T03:53:22.975288+00:00,201,47.76,
2026-09-12T03:53:22.986445+00:00,201,46.22,
2026-09-12T03:53:22.998152+00:00,201,44.53,
2026-09-12T03:53:23.008851+00:00,201,42.41,
2026-09-12T03:53:23.030938+00:00,201,39.57,
2026-09-12T03:53:23.019985+00:00,201,53.98,
2026-09-12T03:53:23.041397+00:00,201,41.37,
2026-09-12T03:53:23.053322+00:00,201,40.68,
2026-09-12T03:53:23.074989+00:00,201,37.06,
2026-09-12T03:53:23.063962+00:00,201,57.48,
2026-09-12T03:53:23.086026+00:00,201,41.61,
2026-09-12T03:53:23.096986+00:00,201,39.23,
2026-09-12T03:53:23.108231+00:00,201,38.69,
2026-09-12T03:53:23.119230+00:00,201,38.2,
2026-09-12T03:53:23.130291+00:00,201,36.18,
2026-09-12T03:53:23.141353+00:00,201,36.19,
2026-09-12T03:53:23.153694+00:00,201,36.65,
2026-09-12T03:53:23.164653+00:00,201,37.45,
2026-09-12T03:53:23.175248+00:00,201,36.77,
2026-09-12T03:53:23.186344+00:00,201,36.99,
2026-09-12T03:53:23.197207+00:00,201,37.64,
2026-09-12T03:53:23.208239+00:00,201,37.34,
2026-09-12T03:53:23.219231+00:00,201,38.95,
2026-09-12T03:53:23.231572+00:00,201,37.1,
2026-09-12T03:53:23.242337+00:00,201,39.38,
2026-09-12T03:53:23.253524+00:00,201,40.47,
2026-09-12T03:53:23.264318+00:00,201,36.43,
2026-09-12T03:53:23.275560+00:00,201,37.53,
2026-09-12T03:53:23.286828+00:00,201,36.32,
2026-09-12T03:53:23.297183+00:00,201,36.25,
2026-09-12T03:53:23.308173+00:00,201,36.8,
2026-09-12T03:53:23.319301+00:00,201,38.58,
2026-09-12T03:53:23.330179+00:00,201,37.01,
2026-09-12T03:53:23.341400+00:00,201,47.63,
2026-09-12T03:53:23.352820+00:00,201,49.09,
2026-09-12T03:53:23.363735+00:00,201,49.13,
2026-09-12T03:53:23.375938+00:00,201,49.99,
2026-09-12T03:53:23.386614+00:00,201,47.58,
2026-09-12T03:53:23.397661+00:00,201,44.06,
2026-09-12T03:53:23.408608+00:00,201,39.77,
2026-09-12T03:53:23.430378+00:00,201,35.83,
2026-09-12T03:53:23.441438+00:00,201,39.92,
2026-09-12T03:53:23.419463+00:00,201,62.33,
2026-09-12T03:53:23.452604+00:00,201,41.19,
2026-09-12T03:53:23.463557+00:00,201,39.62,
2026-09-12T03:53:23.474486+00:00,201,39.48,
2026-09-12T03:53:23.487077+00:00,201,39.71,
2026-09-12T03:53:23.497757+00:00,201,38.73,
2026-09-12T03:53:23.509096+00:00,201,40.16,
2026-09-12T03:53:23.520039+00:00,201,37.42,
2026-09-12T03:53:23.531068+00:00,201,36.19,
2026-09-12T03:53:23.553062+00:00,201,56.36,
2026-09-12T03:53:23.542146+00:00,201,67.52,
2026-09-12T03:53:23.563945+00:00,201,59.87,
2026-09-12T03:53:23.596765+00:00,201,41.56,
2026-09-12T03:53:23.585900+00:00,201,54.6,
2026-09-12T03:53:23.574821+00:00,201,68.62,
2026-09-12T03:53:23.609674+00:00,201,44.32,
2026-09-12T03:53:23.619696+00:00,201,41.2,
2026-09-12T03:53:23.630816+00:00,201,39.66,
2026-09-12T03:53:23.653730+00:00,201,35.67,
2026-09-12T03:53:23.641322+00:00,201,54.94,
2026-09-12T03:53:23.675765+00:00,201,39.11,
2026-09-12T03:53:23.664861+00:00,201,50.69,
2026-09-12T03:53:23.686937+00:00,201,38.74,
2026-09-12T03:53:23.698169+00:00,201,37.8,
2026-09-12T03:53:23.709097+00:00,201,36.72,
2026-09-12T03:53:23.730865+00:00,201,34.37,
2026-09-12T03:53:23.719781+00:00,201,54.35,
2026-09-12T03:53:23.741702+00:00,201,51.45,
2026-09-12T03:53:23.763612+00:00,201,36.59,
2026-09-12T03:53:23.752659+00:00,201,59.42,
2026-09-12T03:53:23.776001+00:00,201,40.07,
2026-09-12T03:53:23.786950+00:00,201,41.59,
2026-09-12T03:53:23.797902+00:00,201,40.05,
2026-09-12T03:53:23.807844+00:00,201,39.39,
2026-09-12T03:53:23.819014+00:00,201,36.71,
2026-09-12T03:53:23.842276+00:00,201,34.43,
2026-09-12T03:53:23.831180+00:00,201,55.65,
2026-09-12T03:53:23.853637+00:00,201,40.75,
2026-09-12T03:53:23.864468+00:00,201,40.52,
2026-09-12T03:53:23.875394+00:00,201,37.7,
2026-09-12T03:53:23.886626+00:00,201,39.02,
2026-09-12T03:53:23.897460+00:00,201,37.76,
2026-09-12T03:53:23.908321+00:00,201,39.09,
2026-09-12T03:53:23.919295+00:00,201,39.96,
2026-09-12T03:53:23.930490+00:00,201,37.76,
2026-09-12T03:53:23.941599+00:00,201,34.45,
2026-09-12T03:53:23.963917+00:00,201,46.42,
2026-09-12T03:53:23.952713+00:00,201,59.43,
2026-09-12T03:53:23.974781+00:00,201,61.66,
2026-09-12T03:53:23.996876+00:00,201,50.39,
2026-09-12T03:53:23.985953+00:00,201,90.29,
2026-09-12T03:53:24.009288+00:00,201,77.52,
2026-09-12T03:53:24.020232+00:00,201,74.43,
2026-09-12T03:53:24.032388+00:00,201,77.46,
2026-09-12T03:53:24.043433+00:00,201,69.7,
2026-09-12T03:53:24.055144+00:00,201,65.35,
2026-09-12T03:53:24.064918+00:00,201,60.2,
2026-09-12T03:53:24.075700+00:00,201,56.64,
2026-09-12T03:53:24.086539+00:00,201,63.83,
2026-09-12T03:53:24.108267+00:00,201,52.19,
2026-09-12T03:53:24.097178+00:00,201,69.89,
2026-09-12T03:53:24.119271+00:00,201,50.66,
2026-09-12T03:53:24.130626+00:00,201,48.11,
2026-09-12T03:53:24.153380+00:00,201,46.21,
2026-09-12T03:53:24.164451+00:00,201,43.7,
2026-09-12T03:53:24.142229+00:00,201,68.96,
2026-09-12T03:53:24.186569+00:00,201,42.88,
2026-09-12T03:53:24.175512+00:00,201,60.83,
2026-09-12T03:53:24.197436+00:00,201,43.33,
2026-09-12T03:53:24.208513+00:00,201,57.25,
2026-09-12T03:53:24.230475+00:00,201,35.57,
2026-09-12T03:53:24.219765+00:00,201,65.07,
2026-09-12T03:53:24.241872+00:00,201,58.46,
2026-09-12T03:53:24.263966+00:00,201,41.35,
2026-09-12T03:53:24.252895+00:00,201,66.58,
2026-09-12T03:53:24.275133+00:00,201,62.93,
2026-09-12T03:53:24.286042+00:00,201,65.84,
2026-09-12T03:53:24.297080+00:00,201,54.96,
2026-09-12T03:53:24.307954+00:00,201,48.83,
2026-09-12T03:53:24.320131+00:00,201,46.61,
2026-09-12T03:53:24.331310+00:00,201,47.73,
2026-09-12T03:53:24.342528+00:00,201,43.41,
2026-09-12T03:53:24.353710+00:00,201,43.1,
2026-09-12T03:53:24.363411+00:00,201,41.07,
2026-09-12T03:53:24.375524+00:00,201,50.23,
2026-09-12T03:53:24.386297+00:00,201,39.81,
2026-09-12T03:53:24.409302+00:00,201,37.74,
2026-09-12T03:53:24.397191+00:00,201,59.96,
2026-09-12T03:53:24.419933+00:00,201,42.34,
2026-09-12T03:53:24.430895+00:00,201,42.32,
2026-09-12T03:53:24.441400+00:00,201,41.88,
2026-09-12T03:53:24.452450+00:00,201,49.32,
2026-09-12T03:53:24.464858+00:00,201,38.76,
2026-09-12T03:53:24.475867+00:00,201,40.8,
2026-09-12T03:53:24.485656+00:00,201,41.82,
2026-09-12T03:53:24.496775+00:00,201,41.42,
2026-09-12T03:53:24.507983+00:00,201,42.23,
2026-09-12T03:53:24.518961+00:00,201,42.07,
2026-09-12T03:53:24.530103+00:00,201,40.5,
2026-09-12T03:53:24.541336+00:00,201,37.9,
2026-09-12T03:53:24.553763+00:00,201,38.37,
2026-09-12T03:53:24.564885+00:00,201,38.29,
2026-09-12T03:53:24.575802+00:00,201,36.68,
2026-09-12T03:53:24.586637+00:00,201,37.36,
2026-09-12T03:53:24.597716+00:00,201,36.41,
2026-09-12T03:53:24.608843+00:00,201,36.31,
2026-09-12T03:53:24.630649+00:00,201,35.76,
2026-09-12T03:53:24.619730+00:00,201,51.52,
2026-09-12T03:53:24.641558+00:00,201,49.66,
2026-09-12T03:53:24.652335+00:00,201,40.22,
2026-09-12T03:53:24.664849+00:00,201,37.44,
2026-09-12T03:53:24.675885+00:00,201,37.35,
2026-09-12T03:53:24.687163+00:00,201,38.12,
2026-09-12T03:53:24.698175+00:00,201,38.62,
2026-09-12T03:53:24.709341+00:00,201,37.18,
2026-09-12T03:53:24.720300+00:00,201,37.13,
2026-09-12T03:53:24.731166+00:00,201,37.97,
2026-09-12T03:53:24.742188+00:00,201,36.0,
2026-09-12T03:53:24.763990+00:00,201,32.64,
2026-09-12T03:53:24.774961+00:00,201,36.12,
2026-09-12T03:53:24.753115+00:00,201,63.1,
2026-09-12T03:53:24.786062+00:00,201,39.01,
2026-09-12T03:53:24.796937+00:00,201,39.67,
2026-09-12T03:53:24.809275+00:00,201,39.87,
2026-09-12T03:53:24.820120+00:00,201,38.18,
2026-09-12T03:53:24.830910+00:00,201,38.38,
2026-09-12T03:53:24.841907+00:00,201,38.32,
2026-09-12T03:53:24.852799+00:00,201,36.74,
2026-09-12T03:53:24.863879+00:00,201,38.13,
2026-09-12T03:53:24.875075+00:00,201,39.4,
2026-09-12T03:53:24.885915+00:00,201,38.55,
2026-09-12T03:53:24.896996+00:00,201,36.38,
2026-09-12T03:53:24.909169+00:00,201,35.18,
2026-09-12T03:53:24.931216+00:00,201,36.45,
2026-09-12T03:53:24.920290+00:00,201,47.87,
2026-09-12T03:53:24.942039+00:00,201,36.71,
2026-09-12T03:53:24.963930+00:00,201,36.61,
2026-09-12T03:53:24.953115+00:00,201,47.81,
2026-09-12T03:53:24.974821+00:00,201,59.57,
2026-09-12T03:53:24.997094+00:00,201,37.91,
2026-09-12T03:53:24.986168+00:00,201,65.49,
2026-09-12T03:53:25.019322+00:00,201,41.33,
2026-09-12T03:53:25.008388+00:00,201,59.13,
2026-09-12T03:53:25.030182+00:00,201,42.92,
2026-09-12T03:53:25.042505+00:00,201,42.08,
2026-09-12T03:53:25.053414+00:00,201,42.14,
2026-09-12T03:53:25.064693+00:00,201,43.04,
2026-09-12T03:53:25.075690+00:00,201,41.44,
2026-09-12T03:53:25.086871+00:00,201,41.59,
2026-09-12T03:53:25.097962+00:00,201,39.89,
2026-09-12T03:53:25.108734+00:00,201,37.91,
2026-09-12T03:53:25.119630+00:00,201,36.68,
2026-09-12T03:53:25.141940+00:00,201,33.49,
2026-09-12T03:53:25.130733+00:00,201,59.76,
2026-09-12T03:53:25.152783+00:00,201,38.19,
2026-09-12T03:53:25.174698+00:00,201,43.61,
2026-09-12T03:53:25.163699+00:00,201,61.11,
2026-09-12T03:53:25.186144+00:00,201,43.14,
2026-09-12T03:53:25.198243+00:00,201,42.2,
2026-09-12T03:53:25.207906+00:00,201,40.82,
2026-09-12T03:53:25.219420+00:00,201,39.2,
2026-09-12T03:53:25.231512+00:00,201,38.55,
2026-09-12T03:53:25.252325+00:00,201,38.29,
2026-09-12T03:53:25.241208+00:00,201,60.15,
2026-09-12T03:53:25.264948+00:00,201,41.5,
2026-09-12T03:53:25.274667+00:00,201,39.76,
2026-09-12T03:53:25.285757+00:00,201,41.43,
2026-09-12T03:53:25.296800+00:00,201,40.3,
2026-09-12T03:53:25.319229+00:00,201,37.38,
2026-09-12T03:53:25.308032+00:00,201,56.44,
2026-09-12T03:53:25.330322+00:00,201,41.2,
2026-09-12T03:53:25.341304+00:00,201,41.94,
2026-09-12T03:53:25.352367+00:00,201,42.76,
2026-09-12T03:53:25.363640+00:00,201,38.45,
2026-09-12T03:53:25.374548+00:00,201,39.1,
2026-09-12T03:53:25.386548+00:00,201,38.85,
2026-09-12T03:53:25.397578+00:00,201,38.92,
2026-09-12T03:53:25.408134+00:00,201,38.36,
2026-09-12T03:53:25.419522+00:00,201,37.15,
2026-09-12T03:53:25.431268+00:00,201,58.18,
2026-09-12T03:53:25.453695+00:00,201,36.31,
2026-09-12T03:53:25.442352+00:00,201,61.18,
2026-09-12T03:53:25.464316+00:00,201,54.57,
2026-09-12T03:53:25.486223+00:00,201,40.25,
2026-09-12T03:53:25.497371+00:00,201,40.75,
2026-09-12T03:53:25.475281+00:00,201,64.01,
2026-09-12T03:53:25.508568+00:00,201,42.1,
2026-09-12T03:53:25.519584+00:00,201,43.06,
2026-09-12T03:53:25.530540+00:00,201,40.51,
2026-09-12T03:53:25.541719+00:00,201,40.01,
2026-09-12T03:53:25.552407+00:00,201,39.17,
2026-09-12T03:53:25.563330+00:00,201,39.44,
2026-09-12T03:53:25.574611+00:00,201,39.43,
2026-09-12T03:53:25.585770+00:00,201,39.03,
2026-09-12T03:53:25.598203+00:00,201,38.46,
2026-09-12T03:53:25.609321+00:00,201,39.61,
2026-09-12T03:53:25.619007+00:00,201,38.58,
2026-09-12T03:53:25.631402+00:00,201,37.98,
2026-09-12T03:53:25.642343+00:00,201,37.46,
2026-09-12T03:53:25.653519+00:00,201,38.32,
2026-09-12T03:53:25.664610+00:00,201,36.07,
2026-09-12T03:53:25.675579+00:00,201,37.89,
2026-09-12T03:53:25.686483+00:00,201,38.06,
2026-09-12T03:53:25.697231+00:00,201,38.0,
2026-09-12T03:53:25.708416+00:00,201,39.91,
2026-09-12T03:53:25.719200+00:00,201,37.33,
2026-09-12T03:53:25.730225+00:00,201,35.3,
2026-09-12T03:53:25.764323+00:00,201,34.94,
2026-09-12T03:53:25.742331+00:00,201,60.53,
2026-09-12T03:53:25.753124+00:00,201,51.84,
2026-09-12T03:53:25.775347+00:00,201,57.38,
2026-09-12T03:53:25.786116+00:00,201,47.0,
2026-09-12T03:53:25.796995+00:00,201,37.52,
2026-09-12T03:53:25.808136+00:00,201,57.38,
2026-09-12T03:53:25.830081+00:00,201,37.6,
2026-09-12T03:53:25.819175+00:00,201,63.53,
2026-09-12T03:53:25.852373+00:00,201,38.02,
2026-09-12T03:53:25.841281+00:00,201,56.33,
2026-09-12T03:53:25.863479+00:00,201,40.21,
2026-09-12T03:53:25.875794+00:00,201,36.97,
2026-09-12T03:53:25.897917+00:00,201,34.93,
2026-09-12T03:53:25.886815+00:00,201,58.96,
2026-09-12T03:53:25.920009+00:00,201,39.17,
2026-09-12T03:53:25.908932+00:00,201,52.26,
2026-09-12T03:53:25.930966+00:00,201,39.17,
2026-09-12T03:53:25.941758+00:00,201,38.97,
2026-09-12T03:53:25.952834+00:00,201,56.04,
2026-09-12T03:53:25.963502+00:00,201,63.19,
2026-09-12T03:53:25.987133+00:00,201,64.34,
2026-09-12T03:53:25.975900+00:00,201,76.3,
2026-09-12T03:53:26.008194+00:00,201,47.82,
2026-09-12T03:53:25.998004+00:00,201,64.8,
2026-09-12T03:53:26.019121+00:00,201,49.27,
2026-09-12T03:53:26.030604+00:00,201,46.74,
2026-09-12T03:53:26.041795+00:00,201,46.48,
2026-09-12T03:53:26.053891+00:00,201,45.43,
2026-09-12T03:53:26.064269+00:00,201,41.75,
2026-09-12T03:53:26.075343+00:00,201,40.34,
2026-09-12T03:53:26.086281+00:00,201,38.84,
2026-09-12T03:53:26.097031+00:00,201,37.34,
2026-09-12T03:53:26.119233+00:00,201,37.05,
2026-09-12T03:53:26.108371+00:00,201,53.91,
2026-09-12T03:53:26.130208+00:00,201,36.33,
2026-09-12T03:53:26.153478+00:00,201,36.64,
2026-09-12T03:53:26.142703+00:00,201,50.77,
2026-09-12T03:53:26.164309+00:00,201,39.32,
2026-09-12T03:53:26.175338+00:00,201,37.15,
2026-09-12T03:53:26.186077+00:00,201,35.61,
2026-09-12T03:53:26.208058+00:00,201,32.14,
2026-09-12T03:53:26.196928+00:00,201,60.65,
2026-09-12T03:53:26.218973+00:00,201,39.72,
2026-09-12T03:53:26.231160+00:00,201,39.92,
2026-09-12T03:53:26.241856+00:00,201,43.0,
2026-09-12T03:53:26.253603+00:00,201,39.38,
2026-09-12T03:53:26.263657+00:00,201,38.08,
2026-09-12T03:53:26.275519+00:00,201,36.86,
2026-09-12T03:53:26.286452+00:00,201,38.6,
2026-09-12T03:53:26.297498+00:00,201,41.02,
2026-09-12T03:53:26.308744+00:00,201,39.74,
2026-09-12T03:53:26.319771+00:00,201,48.03,
2026-09-12T03:53:26.330808+00:00,201,37.88,
2026-09-12T03:53:26.342259+00:00,201,56.19,
2026-09-12T03:53:26.353230+00:00,201,61.93,
2026-09-12T03:53:26.364083+00:00,201,54.46,
2026-09-12T03:53:26.385896+00:00,201,40.56,
2026-09-12T03:53:26.375331+00:00,201,60.23,
2026-09-12T03:53:26.396800+00:00,201,43.9,
2026-09-12T03:53:26.409371+00:00,201,40.95,
2026-09-12T03:53:26.420423+00:00,201,38.37,
2026-09-12T03:53:26.431573+00:00,201,36.47,
2026-09-12T03:53:26.453519+00:00,201,36.51,
2026-09-12T03:53:26.442613+00:00,201,48.83,
2026-09-12T03:53:26.475348+00:00,201,49.94,
2026-09-12T03:53:26.464485+00:00,201,61.31,
2026-09-12T03:53:26.486483+00:00,201,40.23,
2026-09-12T03:53:26.497318+00:00,201,39.21,
2026-09-12T03:53:26.508408+00:00,201,46.61,
2026-09-12T03:53:26.530692+00:00,201,34.64,
2026-09-12T03:53:26.519424+00:00,201,51.97,
2026-09-12T03:53:26.552803+00:00,201,38.75,
2026-09-12T03:53:26.541743+00:00,201,61.56,
2026-09-12T03:53:26.563787+00:00,201,64.43,
2026-09-12T03:53:26.587140+00:00,201,47.4,
2026-09-12T03:53:26.575200+00:00,201,72.06,
2026-09-12T03:53:26.598018+00:00,201,50.99,
2026-09-12T03:53:26.609704+00:00,201,52.14,
2026-09-12T03:53:26.619864+00:00,201,56.53,
2026-09-12T03:53:26.631113+00:00,201,49.41,
2026-09-12T03:53:26.641818+00:00,201,48.79,
2026-09-12T03:53:26.653085+00:00,201,45.81,
2026-09-12T03:53:26.664291+00:00,201,44.45,
2026-09-12T03:53:26.674908+00:00,201,47.98,
2026-09-12T03:53:26.685830+00:00,201,42.6,
2026-09-12T03:53:26.696927+00:00,201,43.79,
2026-09-12T03:53:26.707898+00:00,201,41.74,
2026-09-12T03:53:26.730114+00:00,201,37.66,
2026-09-12T03:53:26.718950+00:00,201,58.72,
2026-09-12T03:53:26.742587+00:00,201,38.45,
2026-09-12T03:53:26.753479+00:00,201,58.84,
2026-09-12T03:53:26.775532+00:00,201,37.31,
2026-09-12T03:53:26.786763+00:00,201,39.85,
2026-09-12T03:53:26.764455+00:00,201,64.25,
2026-09-12T03:53:26.797692+00:00,201,40.23,
2026-09-12T03:53:26.830471+00:00,201,36.24,
2026-09-12T03:53:26.808339+00:00,201,63.38,
2026-09-12T03:53:26.819885+00:00,201,52.34,
2026-09-12T03:53:26.852291+00:00,201,38.86,
2026-09-12T03:53:26.842677+00:00,201,60.88,
2026-09-12T03:53:26.864834+00:00,201,41.45,
2026-09-12T03:53:26.874846+00:00,201,42.89,
2026-09-12T03:53:26.886143+00:00,201,41.63,
2026-09-12T03:53:26.897758+00:00,201,41.2,
2026-09-12T03:53:26.908410+00:00,201,41.44,
2026-09-12T03:53:26.919372+00:00,201,39.49,
2026-09-12T03:53:26.930465+00:00,201,40.16,
2026-09-12T03:53:26.941374+00:00,201,38.61,
2026-09-12T03:53:26.952360+00:00,201,37.82,
2026-09-12T03:53:26.963581+00:00,201,39.06,
2026-09-12T03:53:26.975965+00:00,201,38.97,
2026-09-12T03:53:26.986969+00:00,201,39.18,
2026-09-12T03:53:26.998165+00:00,201,37.19,
2026-09-12T03:53:27.007595+00:00,201,38.72,
2026-09-12T03:53:27.030170+00:00,201,36.31,
2026-09-12T03:53:27.019089+00:00,201,55.96,
2026-09-12T03:53:27.041165+00:00,201,53.37,
2026-09-12T03:53:27.053578+00:00,201,43.17,
2026-09-12T03:53:27.064494+00:00,201,41.92,
2026-09-12T03:53:27.075331+00:00,201,42.5,
2026-09-12T03:53:27.086911+00:00,201,39.39,
2026-09-12T03:53:27.097607+00:00,201,37.85,
2026-09-12T03:53:27.108302+00:00,201,37.15,
2026-09-12T03:53:27.119493+00:00,201,37.44,
2026-09-12T03:53:27.130168+00:00,201,37.19,
2026-09-12T03:53:27.142367+00:00,201,34.92,
2026-09-12T03:53:27.164254+00:00,201,32.59,
2026-09-12T03:53:27.175172+00:00,201,36.8,
2026-09-12T03:53:27.153310+00:00,201,61.64,
2026-09-12T03:53:27.187123+00:00,201,37.31,
2026-09-12T03:53:27.198144+00:00,201,36.27,
2026-09-12T03:53:27.209108+00:00,201,36.26,
2026-09-12T03:53:27.230754+00:00,201,66.28,
2026-09-12T03:53:27.219820+00:00,201,89.62,
2026-09-12T03:53:27.241595+00:00,201,72.28,
2026-09-12T03:53:27.252918+00:00,201,70.17,
2026-09-12T03:53:27.264231+00:00,201,68.7,
2026-09-12T03:53:27.274619+00:00,201,63.56,
2026-09-12T03:53:27.286196+00:00,201,55.93,
2026-09-12T03:53:27.297652+00:00,201,56.16,
2026-09-12T03:53:27.308858+00:00,201,51.61,
2026-09-12T03:53:27.331416+00:00,201,46.09,
2026-09-12T03:53:27.320212+00:00,201,59.07,
2026-09-12T03:53:27.342622+00:00,201,45.75,
2026-09-12T03:53:27.353581+00:00,201,44.76,
2026-09-12T03:53:27.375614+00:00,201,40.61,
2026-09-12T03:53:27.364610+00:00,201,56.7,
2026-09-12T03:53:27.386216+00:00,201,40.58,
2026-09-12T03:53:27.397102+00:00,201,41.39,
2026-09-12T03:53:27.420060+00:00,201,38.29,
2026-09-12T03:53:27.408025+00:00,201,58.0,
2026-09-12T03:53:27.431390+00:00,201,56.07,
2026-09-12T03:53:27.442231+00:00,201,46.0,
2026-09-12T03:53:27.453086+00:00,201,44.92,
2026-09-12T03:53:27.463905+00:00,201,45.24,
2026-09-12T03:53:27.474892+00:00,201,42.91,
2026-09-12T03:53:27.486217+00:00,201,42.37,
2026-09-12T03:53:27.497295+00:00,201,41.44,
2026-09-12T03:53:27.508464+00:00,201,39.98,
2026-09-12T03:53:27.519470+00:00,201,39.21,
2026-09-12T03:53:27.530439+00:00,201,37.56,
2026-09-12T03:53:27.541400+00:00,201,45.52,
2026-09-12T03:53:27.552418+00:00,201,54.93,
2026-09-12T03:53:27.575969+00:00,201,38.97,
2026-09-12T03:53:27.563461+00:00,201,65.06,
2026-09-12T03:53:27.586968+00:00,201,42.16,
2026-09-12T03:53:27.597801+00:00,201,41.44,
2026-09-12T03:53:27.609369+00:00,201,40.05,
2026-09-12T03:53:27.630136+00:00,201,36.68,
2026-09-12T03:53:27.618815+00:00,201,51.37,
2026-09-12T03:53:27.653375+00:00,201,35.07,
2026-09-12T03:53:27.642694+00:00,201,59.05,
2026-09-12T03:53:27.664280+00:00,201,37.89,
2026-09-12T03:53:27.686346+00:00,201,36.92,
2026-09-12T03:53:27.675302+00:00,201,59.54,
2026-09-12T03:53:27.708438+00:00,201,39.77,
2026-09-12T03:53:27.697276+00:00,201,54.25,
2026-09-12T03:53:27.719299+00:00,201,39.71,
2026-09-12T03:53:27.730470+00:00,201,40.45,
2026-09-12T03:53:27.741537+00:00,201,39.48,
2026-09-12T03:53:27.752284+00:00,201,39.2,
2026-09-12T03:53:27.763461+00:00,201,37.67,
2026-09-12T03:53:27.775925+00:00,201,37.57,
2026-09-12T03:53:27.786667+00:00,201,37.22,
2026-09-12T03:53:27.797755+00:00,201,38.88,
2026-09-12T03:53:27.808585+00:00,201,37.86,
2026-09-12T03:53:27.819722+00:00,201,37.51,
2026-09-12T03:53:27.830828+00:00,201,37.74,
2026-09-12T03:53:27.841280+00:00,201,37.95,
2026-09-12T03:53:27.854289+00:00,201,37.3,
2026-09-12T03:53:27.864484+00:00,201,36.43,
2026-09-12T03:53:27.875602+00:00,201,36.52,
2026-09-12T03:53:27.897685+00:00,201,36.25,
2026-09-12T03:53:27.886523+00:00,201,48.77,
2026-09-12T03:53:27.908765+00:00,201,36.62,
2026-09-12T03:53:27.919907+00:00,201,44.61,
2026-09-12T03:53:27.941971+00:00,201,35.27,
2026-09-12T03:53:27.930820+00:00,201,51.92,
2026-09-12T03:53:27.974824+00:00,201,36.89,
2026-09-12T03:53:27.953102+00:00,201,62.67,
2026-09-12T03:53:27.964514+00:00,201,52.05,
2026-09-12T03:53:27.985990+00:00,201,66.15,
2026-09-12T03:53:28.009138+00:00,201,44.27,
2026-09-12T03:53:27.998268+00:00,201,57.08,
2026-09-12T03:53:28.019170+00:00,201,42.04,
2026-09-12T03:53:28.030312+00:00,201,46.37,
2026-09-12T03:53:28.041371+00:00,201,47.5,
2026-09-12T03:53:28.053802+00:00,201,55.48,
2026-09-12T03:53:28.063502+00:00,201,52.46,
2026-09-12T03:53:28.075846+00:00,201,51.15,
2026-09-12T03:53:28.087256+00:00,201,50.11,
2026-09-12T03:53:28.108530+00:00,201,39.73,
2026-09-12T03:53:28.097539+00:00,201,59.63,
2026-09-12T03:53:28.130138+00:00,201,41.17,
2026-09-12T03:53:28.119483+00:00,201,56.58,
2026-09-12T03:53:28.142702+00:00,201,42.4,
2026-09-12T03:53:28.153335+00:00,201,42.95,
2026-09-12T03:53:28.164400+00:00,201,39.62,
2026-09-12T03:53:28.175294+00:00,201,37.89,
2026-09-12T03:53:28.197336+00:00,201,34.71,
2026-09-12T03:53:28.208121+00:00,201,38.18,
2026-09-12T03:53:28.186643+00:00,201,63.82,
2026-09-12T03:53:28.219279+00:00,201,42.38,
2026-09-12T03:53:28.230261+00:00,201,44.45,
2026-09-12T03:53:28.242694+00:00,201,40.38,
2026-09-12T03:53:28.254070+00:00,201,38.66,
2026-09-12T03:53:28.264682+00:00,201,37.75,
2026-09-12T03:53:28.275843+00:00,201,37.62,
2026-09-12T03:53:28.297954+00:00,201,34.27,
2026-09-12T03:53:28.286933+00:00,201,56.3,
2026-09-12T03:53:28.319919+00:00,201,39.69,
2026-09-12T03:53:28.308863+00:00,201,50.92,
2026-09-12T03:53:28.330691+00:00,201,38.28,
2026-09-12T03:53:28.341780+00:00,201,40.47,
2026-09-12T03:53:28.352653+00:00,201,38.56,
2026-09-12T03:53:28.363972+00:00,201,35.95,
2026-09-12T03:53:28.386435+00:00,201,34.44,
2026-09-12T03:53:28.396839+00:00,201,38.22,
2026-09-12T03:53:28.375538+00:00,201,63.51,
2026-09-12T03:53:28.409353+00:00,201,42.81,
2026-09-12T03:53:28.420289+00:00,201,40.67,
2026-09-12T03:53:28.431483+00:00,201,37.18,
2026-09-12T03:53:28.453674+00:00,201,35.08,
2026-09-12T03:53:28.442453+00:00,201,56.86,
2026-09-12T03:53:28.464742+00:00,201,38.68,
2026-09-12T03:53:28.475657+00:00,201,38.65,
2026-09-12T03:53:28.486660+00:00,201,38.78,
2026-09-12T03:53:28.497689+00:00,201,39.43,
2026-09-12T03:53:28.508579+00:00,201,38.57,
2026-09-12T03:53:28.519599+00:00,201,37.16,
2026-09-12T03:53:28.530895+00:00,201,37.39,
2026-09-12T03:53:28.541878+00:00,201,36.56,
2026-09-12T03:53:28.563727+00:00,201,35.45,
2026-09-12T03:53:28.552793+00:00,201,57.41,
2026-09-12T03:53:28.574819+00:00,201,51.96,
2026-09-12T03:53:28.597836+00:00,201,39.04,
2026-09-12T03:53:28.585698+00:00,201,57.64,
2026-09-12T03:53:28.608871+00:00,201,40.1,
2026-09-12T03:53:28.630951+00:00,201,41.25,
2026-09-12T03:53:28.619764+00:00,201,56.24,
2026-09-12T03:53:28.641497+00:00,201,43.23,
2026-09-12T03:53:28.652719+00:00,201,43.69,
2026-09-12T03:53:28.674884+00:00,201,38.6,
2026-09-12T03:53:28.663992+00:00,201,58.77,
2026-09-12T03:53:28.685792+00:00,201,40.72,
2026-09-12T03:53:28.696922+00:00,201,41.2,
2026-09-12T03:53:28.707839+00:00,201,38.58,
2026-09-12T03:53:28.719293+00:00,201,39.85,
2026-09-12T03:53:28.731568+00:00,201,35.97,
2026-09-12T03:53:28.741213+00:00,201,37.88,
2026-09-12T03:53:28.752437+00:00,201,37.37,
2026-09-12T03:53:28.764830+00:00,201,37.38,
2026-09-12T03:53:28.775715+00:00,201,37.1,
2026-09-12T03:53:28.786337+00:00,201,37.64,
2026-09-12T03:53:28.797090+00:00,201,37.84,
2026-09-12T03:53:28.807935+00:00,201,37.86,
2026-09-12T03:53:28.819404+00:00,201,35.85,
2026-09-12T03:53:28.842557+00:00,201,34.36,
2026-09-12T03:53:28.830584+00:00,201,60.14,
2026-09-12T03:53:28.853400+00:00,201,39.04,
2026-09-12T03:53:28.864239+00:00,201,39.54,
2026-09-12T03:53:28.875235+00:00,201,38.48,
2026-09-12T03:53:28.886219+00:00,201,36.69,
2026-09-12T03:53:28.897199+00:00,201,34.96,
2026-09-12T03:53:28.908387+00:00,201,65.07,
2026-09-12T03:53:28.919279+00:00,201,54.27,
2026-09-12T03:53:28.930346+00:00,201,55.56,
2026-09-12T03:53:28.941280+00:00,201,60.15,
2026-09-12T03:53:28.952417+00:00,201,49.69,
2026-09-12T03:53:28.964875+00:00,201,52.65,
2026-09-12T03:53:28.975982+00:00,201,42.61,
2026-09-12T03:53:28.985521+00:00,201,42.46,
2026-09-12T03:53:28.996883+00:00,201,41.79,
2026-09-12T03:53:29.009215+00:00,201,38.15,
2026-09-12T03:53:29.020029+00:00,201,37.63,
2026-09-12T03:53:29.030530+00:00,201,37.63,
2026-09-12T03:53:29.041214+00:00,201,41.2,
2026-09-12T03:53:29.052443+00:00,201,38.5,
2026-09-12T03:53:29.063481+00:00,201,37.82,
2026-09-12T03:53:29.074603+00:00,201,51.28,
2026-09-12T03:53:29.087043+00:00,201,39.39,
2026-09-12T03:53:29.098054+00:00,201,41.03,
2026-09-12T03:53:29.109298+00:00,201,40.99,
2026-09-12T03:53:29.120316+00:00,201,40.12,
2026-09-12T03:53:29.131295+00:00,201,40.67,
2026-09-12T03:53:29.142297+00:00,201,38.19,
2026-09-12T03:53:29.153580+00:00,201,37.11,
2026-09-12T03:53:29.175765+00:00,201,35.29,
2026-09-12T03:53:29.164703+00:00,201,56.9,
2026-09-12T03:53:29.197212+00:00,201,40.12,
2026-09-12T03:53:29.186340+00:00,201,51.58,
2026-09-12T03:53:29.208262+00:00,201,38.55,
2026-09-12T03:53:29.219338+00:00,201,42.96,
2026-09-12T03:53:29.242204+00:00,201,37.81,
2026-09-12T03:53:29.230520+00:00,201,50.88,
2026-09-12T03:53:29.253417+00:00,201,38.64,
2026-09-12T03:53:29.264608+00:00,201,40.12,
2026-09-12T03:53:29.275020+00:00,201,38.37,
2026-09-12T03:53:29.286267+00:00,201,37.67,
2026-09-12T03:53:29.297238+00:00,201,37.33,
2026-09-12T03:53:29.308289+00:00,201,38.39,
2026-09-12T03:53:29.319558+00:00,201,37.04,
2026-09-12T03:53:29.330843+00:00,201,37.43,
2026-09-12T03:53:29.341733+00:00,201,39.8,
2026-09-12T03:53:29.352878+00:00,201,37.14,
2026-09-12T03:53:29.364069+00:00,201,37.01,
2026-09-12T03:53:29.375295+00:00,201,35.13,
2026-09-12T03:53:29.386411+00:00,201,56.92,
2026-09-12T03:53:29.409175+00:00,201,35.61,
2026-09-12T03:53:29.396983+00:00,201,60.5,
2026-09-12T03:53:29.431027+00:00,201,41.2,
2026-09-12T03:53:29.420673+00:00,201,54.44,
2026-09-12T03:53:29.442130+00:00,201,41.83,
2026-09-12T03:53:29.452467+00:00,201,41.46,
2026-09-12T03:53:29.475282+00:00,201,36.42,
2026-09-12T03:53:29.463455+00:00,201,51.79,
2026-09-12T03:53:29.508899+00:00,201,38.22,
2026-09-12T03:53:29.486994+00:00,201,62.38,
2026-09-12T03:53:29.497898+00:00,201,52.42,
2026-09-12T03:53:29.531000+00:00,201,41.68,
2026-09-12T03:53:29.519940+00:00,201,63.99,
2026-09-12T03:53:29.541785+00:00,201,44.32,
2026-09-12T03:53:29.552801+00:00,201,44.63,
2026-09-12T03:53:29.563743+00:00,201,45.95,
2026-09-12T03:53:29.574505+00:00,201,41.32,
2026-09-12T03:53:29.586348+00:00,201,42.52,
2026-09-12T03:53:29.597438+00:00,201,44.63,
2026-09-12T03:53:29.608452+00:00,201,45.15,
2026-09-12T03:53:29.619749+00:00,201,43.33,
2026-09-12T03:53:29.631295+00:00,201,41.72,
2026-09-12T03:53:29.642098+00:00,201,40.81,
2026-09-12T03:53:29.652836+00:00,201,42.19,
2026-09-12T03:53:29.663594+00:00,201,39.25,
2026-09-12T03:53:29.685528+00:00,201,51.32,
2026-09-12T03:53:29.674572+00:00,201,63.86,
2026-09-12T03:53:29.709300+00:00,201,40.22,
2026-09-12T03:53:29.698129+00:00,201,59.02,
2026-09-12T03:53:29.731386+00:00,201,39.58,
2026-09-12T03:53:29.720398+00:00,201,50.96,
2026-09-12T03:53:29.765285+00:00,201,40.55,
2026-09-12T03:53:29.742666+00:00,201,63.28,
2026-09-12T03:53:29.752384+00:00,201,53.69,
2026-09-12T03:53:29.775828+00:00,201,51.28,
2026-09-12T03:53:29.786863+00:00,201,60.07,
2026-09-12T03:53:29.797884+00:00,201,49.42,
2026-09-12T03:53:29.808657+00:00,201,55.22,
2026-09-12T03:53:29.830587+00:00,201,51.76,
2026-09-12T03:53:29.819592+00:00,201,63.25,
2026-09-12T03:53:29.841431+00:00,201,41.66,
2026-09-12T03:53:29.852368+00:00,201,41.98,
2026-09-12T03:53:29.863883+00:00,201,42.79,
2026-09-12T03:53:29.874495+00:00,201,40.55,
2026-09-12T03:53:29.886934+00:00,201,37.73,
2026-09-12T03:53:29.909160+00:00,201,47.29,
2026-09-12T03:53:29.920077+00:00,201,37.33,
2026-09-12T03:53:29.898080+00:00,201,60.31,
2026-09-12T03:53:29.941875+00:00,201,36.8,
2026-09-12T03:53:29.930849+00:00,201,59.71,
2026-09-12T03:53:29.952853+00:00,201,39.82,
2026-09-12T03:53:29.963826+00:00,201,39.31,
2026-09-12T03:53:29.974787+00:00,201,38.93,
2026-09-12T03:53:29.986795+00:00,201,39.91,
2026-09-12T03:53:29.998095+00:00,201,39.36,
2026-09-12T03:53:30.009096+00:00,201,37.37,
2026-09-12T03:53:30.019028+00:00,201,38.72,
2026-09-12T03:53:30.031488+00:00,201,37.33,
2026-09-12T03:53:30.041162+00:00,201,39.17,
2026-09-12T03:53:30.052512+00:00,201,39.56,
2026-09-12T03:53:30.063500+00:00,201,36.57,
2026-09-12T03:53:30.085713+00:00,201,35.76,
2026-09-12T03:53:30.074579+00:00,201,54.88,
2026-09-12T03:53:30.098258+00:00,201,41.03,
2026-09-12T03:53:30.109088+00:00,201,41.41,
2026-09-12T03:53:30.119959+00:00,201,42.35,
2026-09-12T03:53:30.130259+00:00,201,42.77,
2026-09-12T03:53:30.142699+00:00,201,40.96,
2026-09-12T03:53:30.152423+00:00,201,39.58,
2026-09-12T03:53:30.163448+00:00,201,37.29,
2026-09-12T03:53:30.185812+00:00,201,37.14,
2026-09-12T03:53:30.174689+00:00,201,49.54,
2026-09-12T03:53:30.209279+00:00,201,36.23,
2026-09-12T03:53:30.220172+00:00,201,38.31,
2026-09-12T03:53:30.198188+00:00,201,60.87,
2026-09-12T03:53:30.241971+00:00,201,38.45,
2026-09-12T03:53:30.231054+00:00,201,54.21,
2026-09-12T03:53:30.252833+00:00,201,51.49,
2026-09-12T03:53:30.276026+00:00,201,37.32,
2026-09-12T03:53:30.263725+00:00,201,58.11,
2026-09-12T03:53:30.285653+00:00,201,40.91,
2026-09-12T03:53:30.298131+00:00,201,41.09,
2026-09-12T03:53:30.308896+00:00,201,41.78,
2026-09-12T03:53:30.319872+00:00,201,40.81,
2026-09-12T03:53:30.331650+00:00,201,39.04,
2026-09-12T03:53:30.342235+00:00,201,37.63,
2026-09-12T03:53:30.353144+00:00,201,37.25,
2026-09-12T03:53:30.364238+00:00,201,44.09,
2026-09-12T03:53:30.375214+00:00,201,52.14,
2026-09-12T03:53:30.397192+00:00,201,35.92,
2026-09-12T03:53:30.386166+00:00,201,61.11,
2026-09-12T03:53:30.408519+00:00,201,40.76,
2026-09-12T03:53:30.419204+00:00,201,39.22,
2026-09-12T03:53:30.430343+00:00,201,39.43,
2026-09-12T03:53:30.441121+00:00,201,40.11,
2026-09-12T03:53:30.453798+00:00,201,37.0,
2026-09-12T03:53:30.464861+00:00,201,35.77,
2026-09-12T03:53:30.474521+00:00,201,47.0,
2026-09-12T03:53:30.486953+00:00,201,35.47,
2026-09-12T03:53:30.508814+00:00,201,33.24,
2026-09-12T03:53:30.497776+00:00,201,56.62,
2026-09-12T03:53:30.520283+00:00,201,37.38,
2026-09-12T03:53:30.530395+00:00,201,47.09,
2026-09-12T03:53:30.541293+00:00,201,60.52,
2026-09-12T03:53:30.554216+00:00,201,63.79,
2026-09-12T03:53:30.564597+00:00,201,60.81,
2026-09-12T03:53:30.574716+00:00,201,57.71,
2026-09-12T03:53:30.585971+00:00,201,53.39,
2026-09-12T03:53:30.597784+00:00,201,47.36,
2026-09-12T03:53:30.608399+00:00,201,63.35,
2026-09-12T03:53:30.631565+00:00,201,55.91,
2026-09-12T03:53:30.620487+00:00,201,68.03,
2026-09-12T03:53:30.642720+00:00,201,46.83,
2026-09-12T03:53:30.653588+00:00,201,43.88,
2026-09-12T03:53:30.675615+00:00,201,42.17,
2026-09-12T03:53:30.686680+00:00,201,41.11,
2026-09-12T03:53:30.664511+00:00,201,64.2,
2026-09-12T03:53:30.698126+00:00,201,43.23,
2026-09-12T03:53:30.709224+00:00,201,45.74,
2026-09-12T03:53:30.718963+00:00,201,44.3,
2026-09-12T03:53:30.731485+00:00,201,41.47,
2026-09-12T03:53:30.741608+00:00,201,42.27,
2026-09-12T03:53:30.753673+00:00,201,42.07,
2026-09-12T03:53:30.764292+00:00,201,39.29,
2026-09-12T03:53:30.775217+00:00,201,43.3,
2026-09-12T03:53:30.786095+00:00,201,47.55,
2026-09-12T03:53:30.796793+00:00,201,51.78,
2026-09-12T03:53:30.820515+00:00,201,53.75,
2026-09-12T03:53:30.809197+00:00,201,79.08,
2026-09-12T03:53:30.842281+00:00,201,62.3,
2026-09-12T03:53:30.830097+00:00,201,77.69,
2026-09-12T03:53:30.853017+00:00,201,68.64,
2026-09-12T03:53:30.863650+00:00,201,69.38,
2026-09-12T03:53:30.874493+00:00,201,72.59,
2026-09-12T03:53:30.885631+00:00,201,75.97,
2026-09-12T03:53:30.897180+00:00,201,71.91,
2026-09-12T03:53:30.908260+00:00,201,69.02,
2026-09-12T03:53:30.919306+00:00,201,64.34,
2026-09-12T03:53:30.930212+00:00,201,62.21,
2026-09-12T03:53:30.942172+00:00,201,56.92,
2026-09-12T03:53:30.963390+00:00,201,48.22,
2026-09-12T03:53:30.953358+00:00,201,63.04,
2026-09-12T03:53:30.975150+00:00,201,47.34,
2026-09-12T03:53:30.986181+00:00,201,46.89,
2026-09-12T03:53:31.009090+00:00,201,45.05,
2026-09-12T03:53:30.997537+00:00,201,63.86,
2026-09-12T03:53:31.020221+00:00,201,46.15,
2026-09-12T03:53:31.031259+00:00,201,45.72,
2026-09-12T03:53:31.053892+00:00,201,40.2,
2026-09-12T03:53:31.064133+00:00,201,42.79,
2026-09-12T03:53:31.042279+00:00,201,64.77,
2026-09-12T03:53:31.075264+00:00,201,43.06,
2026-09-12T03:53:31.086288+00:00,201,41.57,
2026-09-12T03:53:31.097128+00:00,201,38.17,
2026-09-12T03:53:31.119207+00:00,201,35.78,
2026-09-12T03:53:31.108089+00:00,201,55.09,
2026-09-12T03:53:31.130184+00:00,201,52.71,
2026-09-12T03:53:31.141260+00:00,201,44.27,
2026-09-12T03:53:31.153502+00:00,201,42.49,
2026-09-12T03:53:31.176244+00:00,201,39.85,
2026-09-12T03:53:31.185964+00:00,201,37.29,
2026-09-12T03:53:31.164922+00:00,201,61.39,
2026-09-12T03:53:31.207968+00:00,201,39.01,
2026-09-12T03:53:31.197101+00:00,201,61.78,
2026-09-12T03:53:31.219266+00:00,201,54.16,
2026-09-12T03:53:31.230317+00:00,201,64.36,
2026-09-12T03:53:31.253743+00:00,201,46.26,
2026-09-12T03:53:31.264362+00:00,201,48.36,
2026-09-12T03:53:31.243008+00:00,201,72.29,
2026-09-12T03:53:31.274850+00:00,201,53.38,
2026-09-12T03:53:31.286223+00:00,201,53.2,
2026-09-12T03:53:31.308262+00:00,201,54.57,
2026-09-12T03:53:31.297223+00:00,201,69.08,
2026-09-12T03:53:31.319064+00:00,201,56.73,
2026-09-12T03:53:31.330980+00:00,201,57.48,
2026-09-12T03:53:31.342194+00:00,201,58.5,
2026-09-12T03:53:31.353180+00:00,201,57.55,
2026-09-12T03:53:31.364122+00:00,201,58.93,
2026-09-12T03:53:31.375348+00:00,201,57.43,
2026-09-12T03:53:31.386293+00:00,201,54.85,
2026-09-12T03:53:31.397456+00:00,201,52.23,
2026-09-12T03:53:31.408232+00:00,201,49.77,
2026-09-12T03:53:31.420383+00:00,201,46.39,
2026-09-12T03:53:31.430968+00:00,201,44.12,
2026-09-12T03:53:31.441881+00:00,201,51.46,
2026-09-12T03:53:31.453073+00:00,201,43.62,
2026-09-12T03:53:31.464277+00:00,201,42.29,
2026-09-12T03:53:31.475496+00:00,201,42.18,
2026-09-12T03:53:31.497397+00:00,201,39.17,
2026-09-12T03:53:31.486272+00:00,201,54.14,
2026-09-12T03:53:31.508106+00:00,201,40.61,
2026-09-12T03:53:31.519211+00:00,201,42.89,
2026-09-12T03:53:31.530147+00:00,201,40.85,
2026-09-12T03:53:31.541250+00:00,201,38.51,
2026-09-12T03:53:31.552627+00:00,201,38.85,
2026-09-12T03:53:31.563656+00:00,201,36.26,
2026-09-12T03:53:31.598044+00:00,201,35.84,
2026-09-12T03:53:31.574645+00:00,201,61.17,
2026-09-12T03:53:31.586997+00:00,201,60.8,
2026-09-12T03:53:31.619958+00:00,201,38.65,
2026-09-12T03:53:31.608816+00:00,201,54.1,
2026-09-12T03:53:31.630944+00:00,201,37.86,
2026-09-12T03:53:31.641925+00:00,201,38.28,
2026-09-12T03:53:31.652782+00:00,201,37.55,
2026-09-12T03:53:31.663803+00:00,201,36.99,
2026-09-12T03:53:31.674699+00:00,201,47.28,
2026-09-12T03:53:31.685628+00:00,201,59.16,
2026-09-12T03:53:31.708252+00:00,201,37.91,
2026-09-12T03:53:31.696997+00:00,201,65.04,
2026-09-12T03:53:31.731294+00:00,201,39.16,
2026-09-12T03:53:31.719113+00:00,201,58.46,
2026-09-12T03:53:31.742314+00:00,201,42.45,
2026-09-12T03:53:31.753491+00:00,201,41.25,
2026-09-12T03:53:31.764521+00:00,201,40.14,
2026-09-12T03:53:31.775849+00:00,201,37.62,
2026-09-12T03:53:31.797472+00:00,201,38.34,
2026-09-12T03:53:31.786573+00:00,201,49.32,
2026-09-12T03:53:31.808143+00:00,201,39.41,
2026-09-12T03:53:31.819199+00:00,201,42.39,
2026-09-12T03:53:31.831495+00:00,201,37.68,
2026-09-12T03:53:31.842509+00:00,201,38.75,
2026-09-12T03:53:31.853409+00:00,201,39.22,
2026-09-12T03:53:31.864215+00:00,201,38.09,
2026-09-12T03:53:31.875430+00:00,201,36.85,
2026-09-12T03:53:31.897395+00:00,201,33.56,
2026-09-12T03:53:31.908464+00:00,201,36.52,
2026-09-12T03:53:31.886424+00:00,201,60.67,
2026-09-12T03:53:31.919232+00:00,201,39.11,
2026-09-12T03:53:31.930192+00:00,201,45.36,
2026-09-12T03:53:31.941309+00:00,201,46.68,
2026-09-12T03:53:31.953431+00:00,201,45.45,
2026-09-12T03:53:31.963495+00:00,201,42.87,
2026-09-12T03:53:31.974859+00:00,201,46.13,
2026-09-12T03:53:31.987082+00:00,201,40.63,
2026-09-12T03:53:31.998088+00:00,201,41.02,
2026-09-12T03:53:32.009292+00:00,201,39.73,
2026-09-12T03:53:32.018986+00:00,201,41.66,
2026-09-12T03:53:32.030327+00:00,201,39.86,
2026-09-12T03:53:32.041474+00:00,201,39.25,
2026-09-12T03:53:32.052273+00:00,201,40.75,
2026-09-12T03:53:32.064393+00:00,201,42.56,
2026-09-12T03:53:32.075313+00:00,201,41.06,
2026-09-12T03:53:32.097109+00:00,201,36.44,
2026-09-12T03:53:32.107982+00:00,201,35.06,
2026-09-12T03:53:32.086349+00:00,201,62.94,
2026-09-12T03:53:32.131539+00:00,201,38.69,
2026-09-12T03:53:32.119090+00:00,201,61.97,
2026-09-12T03:53:32.142489+00:00,201,38.38,
2026-09-12T03:53:32.164857+00:00,201,35.65,
2026-09-12T03:53:32.152365+00:00,201,58.56,
2026-09-12T03:53:32.175143+00:00,201,55.06,
2026-09-12T03:53:32.197090+00:00,201,46.06,
2026-09-12T03:53:32.185967+00:00,201,69.64,
2026-09-12T03:53:32.208660+00:00,201,48.16,
2026-09-12T03:53:32.219723+00:00,201,49.3,
2026-09-12T03:53:32.230749+00:00,201,45.68,
2026-09-12T03:53:32.242457+00:00,201,45.77,
2026-09-12T03:53:32.253395+00:00,201,46.0,
2026-09-12T03:53:32.264254+00:00,201,43.38,
2026-09-12T03:53:32.274883+00:00,201,44.59,
2026-09-12T03:53:32.285919+00:00,201,41.0,
2026-09-12T03:53:32.307963+00:00,201,38.31,
2026-09-12T03:53:32.297136+00:00,201,57.55,
2026-09-12T03:53:32.331040+00:00,201,39.69,
2026-09-12T03:53:32.320412+00:00,201,51.06,
2026-09-12T03:53:32.342180+00:00,201,40.88,
2026-09-12T03:53:32.353220+00:00,201,40.18,
2026-09-12T03:53:32.375401+00:00,201,36.94,
2026-09-12T03:53:32.364011+00:00,201,52.69,
2026-09-12T03:53:32.397725+00:00,201,39.52,
2026-09-12T03:53:32.408999+00:00,201,38.37,
2026-09-12T03:53:32.386695+00:00,201,62.05,
2026-09-12T03:53:32.420156+00:00,201,41.65,
2026-09-12T03:53:32.431258+00:00,201,40.02,
2026-09-12T03:53:32.442259+00:00,201,38.82,
2026-09-12T03:53:32.453131+00:00,201,39.12,
2026-09-12T03:53:32.464359+00:00,201,40.32,
2026-09-12T03:53:32.475262+00:00,201,38.11,
2026-09-12T03:53:32.486399+00:00,201,38.53,
2026-09-12T03:53:32.508450+00:00,201,57.93,
2026-09-12T03:53:32.497451+00:00,201,72.65,
2026-09-12T03:53:32.519653+00:00,201,63.03,
2026-09-12T03:53:32.541839+00:00,201,47.49,
2026-09-12T03:53:32.530650+00:00,201,69.67,
2026-09-12T03:53:32.564162+00:00,201,48.06,
2026-09-12T03:53:32.552959+00:00,201,64.23,
2026-09-12T03:53:32.575501+00:00,201,49.28,
2026-09-12T03:53:32.586401+00:00,201,47.69,
2026-09-12T03:53:32.596785+00:00,201,46.15,
2026-09-12T03:53:32.608961+00:00,201,45.01,
2026-09-12T03:53:32.620122+00:00,201,54.32,
2026-09-12T03:53:32.641688+00:00,201,43.12,
2026-09-12T03:53:32.630495+00:00,201,60.64,
2026-09-12T03:53:32.652512+00:00,201,47.7,
2026-09-12T03:53:32.664843+00:00,201,44.25,
2026-09-12T03:53:32.686821+00:00,201,46.48,
2026-09-12T03:53:32.674510+00:00,201,69.65,
2026-09-12T03:53:32.698215+00:00,201,50.3,
2026-09-12T03:53:32.708458+00:00,201,52.53,
2026-09-12T03:53:32.719316+00:00,201,49.11,
2026-09-12T03:53:32.730545+00:00,201,47.63,
2026-09-12T03:53:32.741564+00:00,201,51.94,
2026-09-12T03:53:32.754029+00:00,201,49.6,
2026-09-12T03:53:32.763874+00:00,201,47.51,
2026-09-12T03:53:32.774903+00:00,201,48.12,
2026-09-12T03:53:32.785999+00:00,201,50.59,
2026-09-12T03:53:32.798170+00:00,201,48.46,
2026-09-12T03:53:32.807734+00:00,201,48.17,
2026-09-12T03:53:32.820171+00:00,201,45.32,
2026-09-12T03:53:32.842260+00:00,201,47.0,
2026-09-12T03:53:32.831309+00:00,201,68.01,
2026-09-12T03:53:32.853101+00:00,201,51.35,
2026-09-12T03:53:32.864136+00:00,201,49.86,
2026-09-12T03:53:32.875254+00:00,201,49.83,
2026-09-12T03:53:32.887158+00:00,201,51.89,
2026-09-12T03:53:32.897444+00:00,201,53.07,
2026-09-12T03:53:32.908902+00:00,201,49.68,
2026-09-12T03:53:32.920200+00:00,201,54.75,
2026-09-12T03:53:32.931284+00:00,201,57.4,
2026-09-12T03:53:32.942467+00:00,201,58.91,
2026-09-12T03:53:32.953623+00:00,201,61.3,
2026-09-12T03:53:32.964006+00:00,201,58.68,
2026-09-12T03:53:32.975367+00:00,201,59.18,
2026-09-12T03:53:32.986107+00:00,201,59.1,
2026-09-12T03:53:32.997735+00:00,201,61.21,
2026-09-12T03:53:33.020064+00:00,201,62.21,
2026-09-12T03:53:33.009173+00:00,201,77.15,
2026-09-12T03:53:33.031287+00:00,201,62.11,
2026-09-12T03:53:33.042605+00:00,201,59.74,
2026-09-12T03:53:33.052681+00:00,201,60.96,
2026-09-12T03:53:33.063999+00:00,201,71.52,
2026-09-12T03:53:33.075121+00:00,201,62.97,
2026-09-12T03:53:33.086554+00:00,201,59.01,
2026-09-12T03:53:33.097726+00:00,201,60.08,
2026-09-12T03:53:33.108929+00:00,201,60.15,
2026-09-12T03:53:33.120122+00:00,201,59.53,
2026-09-12T03:53:33.131375+00:00,201,59.95,
2026-09-12T03:53:33.142585+00:00,201,57.63,
2026-09-12T03:53:33.152241+00:00,201,61.31,
2026-09-12T03:53:33.175713+00:00,201,57.94,
2026-09-12T03:53:33.163511+00:00,201,82.2,
2026-09-12T03:53:33.186745+00:00,201,77.72,
2026-09-12T03:53:33.197845+00:00,201,67.64,
2026-09-12T03:53:33.208870+00:00,201,64.39,
2026-09-12T03:53:33.219843+00:00,201,65.63,
2026-09-12T03:53:33.242598+00:00,201,64.89,
2026-09-12T03:53:33.231277+00:00,201,77.66,
2026-09-12T03:53:33.252905+00:00,201,69.34,
2026-09-12T03:53:33.264529+00:00,201,63.96,
2026-09-12T03:53:33.275319+00:00,201,62.37,
2026-09-12T03:53:33.286897+00:00,201,62.34,
2026-09-12T03:53:33.297243+00:00,201,59.5,
2026-09-12T03:53:33.309265+00:00,201,60.38,
2026-09-12T03:53:33.319582+00:00,201,59.27,
2026-09-12T03:53:33.330753+00:00,201,67.81,
2026-09-12T03:53:33.341877+00:00,201,59.75,
2026-09-12T03:53:33.353141+00:00,201,56.71,
2026-09-12T03:53:33.364155+00:00,201,68.74,
2026-09-12T03:53:33.375271+00:00,201,60.96,
2026-09-12T03:53:33.386240+00:00,201,61.44,
2026-09-12T03:53:33.397524+00:00,201,64.19,
2026-09-12T03:53:33.409055+00:00,201,59.3,
2026-09-12T03:53:33.419852+00:00,201,60.7,
2026-09-12T03:53:33.430810+00:00,201,60.25,
2026-09-12T03:53:33.442003+00:00,201,57.4,
2026-09-12T03:53:33.452724+00:00,201,56.66,
2026-09-12T03:53:33.474514+00:00,201,58.01,
2026-09-12T03:53:33.463435+00:00,201,77.75,
2026-09-12T03:53:33.487146+00:00,201,56.96,
2026-09-12T03:53:33.497316+00:00,201,57.96,
2026-09-12T03:53:33.508439+00:00,201,58.05,
2026-09-12T03:53:33.519331+00:00,201,60.24,
2026-09-12T03:53:33.530743+00:00,201,56.97,
2026-09-12T03:53:33.541259+00:00,201,56.52,
2026-09-12T03:53:33.552522+00:00,201,55.65,
2026-09-12T03:53:33.563427+00:00,201,57.42,
2026-09-12T03:53:33.574510+00:00,201,54.37,
2026-09-12T03:53:33.586908+00:00,201,56.97,
2026-09-12T03:53:33.598225+00:00,201,53.48,
2026-09-12T03:53:33.619695+00:00,201,56.99,
2026-09-12T03:53:33.608168+00:00,201,71.66,
2026-09-12T03:53:33.630754+00:00,201,53.5,
2026-09-12T03:53:33.641780+00:00,201,57.84,
2026-09-12T03:53:33.652725+00:00,201,55.05,
2026-09-12T03:53:33.663933+00:00,201,54.62,
2026-09-12T03:53:33.675936+00:00,201,57.13,
2026-09-12T03:53:33.697034+00:00,201,58.52,
2026-09-12T03:53:33.685794+00:00,201,80.82,
2026-09-12T03:53:33.708449+00:00,201,63.64,
2026-09-12T03:53:33.720253+00:00,201,60.96,
2026-09-12T03:53:33.730081+00:00,201,63.49,
2026-09-12T03:53:33.741671+00:00,201,68.39,
2026-09-12T03:53:33.752838+00:00,201,81.83,
2026-09-12T03:53:33.764866+00:00,201,104.33,
2026-09-12T03:53:33.774638+00:00,201,99.09,
2026-09-12T03:53:33.787700+00:00,201,96.88,
2026-09-12T03:53:33.797636+00:00,201,91.39,
2026-09-12T03:53:33.808915+00:00,201,92.01,
2026-09-12T03:53:33.819722+00:00,201,85.9,
2026-09-12T03:53:33.841245+00:00,201,77.33,
2026-09-12T03:53:33.830499+00:00,201,108.77,
2026-09-12T03:53:33.852336+00:00,201,90.7,
2026-09-12T03:53:33.868660+00:00,201,75.95,
2026-09-12T03:53:33.875380+00:00,201,70.59,
2026-09-12T03:53:33.897733+00:00,201,68.58,
2026-09-12T03:53:33.908587+00:00,201,65.15,
2026-09-12T03:53:33.886446+00:00,201,90.32,
2026-09-12T03:53:33.930848+00:00,201,66.24,
2026-09-12T03:53:33.919401+00:00,201,85.51,
2026-09-12T03:53:33.942088+00:00,201,66.46,
2026-09-12T03:53:33.963429+00:00,201,61.02,
2026-09-12T03:53:33.953717+00:00,201,79.9,
2026-09-12T03:53:33.974509+00:00,201,62.69,
2026-09-12T03:53:33.985756+00:00,201,79.36,
2026-09-12T03:53:33.997959+00:00,201,79.42,
2026-09-12T03:53:34.020280+00:00,201,61.78,
2026-09-12T03:53:34.009268+00:00,201,72.91,
2026-09-12T03:53:34.031356+00:00,201,58.24,
2026-09-12T03:53:34.053441+00:00,201,59.9,
2026-09-12T03:53:34.042558+00:00,201,86.02,
2026-09-12T03:53:34.074637+00:00,201,62.47,
2026-09-12T03:53:34.064830+00:00,201,80.68,
2026-09-12T03:53:34.087438+00:00,201,66.73,
2026-09-12T03:53:34.096772+00:00,201,67.65,
2026-09-12T03:53:34.109227+00:00,201,69.64,
2026-09-12T03:53:34.118955+00:00,201,70.65,
2026-09-12T03:53:34.130314+00:00,201,72.53,
2026-09-12T03:53:34.141722+00:00,201,70.17,
2026-09-12T03:53:34.152840+00:00,201,67.36,
2026-09-12T03:53:34.164498+00:00,201,67.92,
2026-09-12T03:53:34.176048+00:00,201,69.62,
2026-09-12T03:53:34.185706+00:00,201,70.96,
2026-09-12T03:53:34.209158+00:00,201,71.03,
2026-09-12T03:53:34.197887+00:00,201,84.95,
2026-09-12T03:53:34.220503+00:00,201,72.64,
2026-09-12T03:53:34.231607+00:00,201,71.89,
2026-09-12T03:53:34.241444+00:00,201,71.18,
2026-09-12T03:53:34.253035+00:00,201,69.1,
2026-09-12T03:53:34.264613+00:00,201,65.47,
2026-09-12T03:53:34.275817+00:00,201,65.52,
2026-09-12T03:53:34.287092+00:00,201,64.91,
2026-09-12T03:53:34.296831+00:00,201,62.66,
2026-09-12T03:53:34.307966+00:00,201,63.42,
2026-09-12T03:53:34.319241+00:00,201,65.01,
2026-09-12T03:53:34.330583+00:00,201,67.36,
2026-09-12T03:53:34.341621+00:00,201,68.76,
2026-09-12T03:53:34.353042+00:00,201,65.17,
2026-09-12T03:53:34.363753+00:00,201,69.23,
2026-09-12T03:53:34.374875+00:00,201,66.29,
2026-09-12T03:53:34.386073+00:00,201,66.63,
2026-09-12T03:53:34.396848+00:00,201,64.84,
2026-09-12T03:53:34.408014+00:00,201,62.53,
2026-09-12T03:53:34.419398+00:00,201,61.75,
2026-09-12T03:53:34.430083+00:00,201,62.08,
2026-09-12T03:53:34.452936+00:00,201,59.56,
2026-09-12T03:53:34.464623+00:00,201,58.44,
2026-09-12T03:53:34.441385+00:00,201,83.7,
2026-09-12T03:53:34.475729+00:00,201,58.85,
2026-09-12T03:53:34.509112+00:00,201,57.2,
2026-09-12T03:53:34.497952+00:00,201,72.29,
2026-09-12T03:53:34.487059+00:00,201,84.65,
2026-09-12T03:53:34.519038+00:00,201,62.22,
2026-09-12T03:53:34.541555+00:00,201,61.84,
2026-09-12T03:53:34.530490+00:00,201,76.16,
2026-09-12T03:53:34.552769+00:00,201,62.87,
2026-09-12T03:53:34.563752+00:00,201,61.6,
2026-09-12T03:53:34.575107+00:00,201,59.13,
2026-09-12T03:53:34.586361+00:00,201,74.71,
2026-09-12T03:53:34.597659+00:00,201,65.49,
2026-09-12T03:53:34.619820+00:00,201,57.77,
2026-09-12T03:53:34.608886+00:00,201,71.31,
2026-09-12T03:53:34.631121+00:00,201,61.34,
2026-09-12T03:53:34.642328+00:00,201,62.82,
2026-09-12T03:53:34.653439+00:00,201,59.42,
2026-09-12T03:53:34.664120+00:00,201,61.49,
2026-09-12T03:53:34.675419+00:00,201,57.48,
2026-09-12T03:53:34.686631+00:00,201,57.47,
2026-09-12T03:53:34.696780+00:00,201,53.74,
2026-09-12T03:53:34.709376+00:00,201,54.95,
2026-09-12T03:53:34.719062+00:00,201,55.29,
2026-09-12T03:53:34.741882+00:00,201,52.82,
2026-09-12T03:53:34.730488+00:00,201,71.46,
2026-09-12T03:53:34.753010+00:00,201,65.25,
2026-09-12T03:53:34.764056+00:00,201,73.03,
2026-09-12T03:53:34.787127+00:00,201,57.69,
2026-09-12T03:53:34.775600+00:00,201,80.84,
2026-09-12T03:53:34.798103+00:00,201,61.05,
2026-09-12T03:53:34.809279+00:00,201,60.8,
2026-09-12T03:53:34.830141+00:00,201,61.5,
2026-09-12T03:53:34.842622+00:00,201,60.87,
2026-09-12T03:53:34.820391+00:00,201,84.77,
2026-09-12T03:53:34.853697+00:00,201,61.73,
2026-09-12T03:53:34.863266+00:00,201,61.47,
2026-09-12T03:53:34.876027+00:00,201,63.29,
2026-09-12T03:53:34.887009+00:00,201,59.88,
2026-09-12T03:53:34.896847+00:00,201,60.52,
2026-09-12T03:53:34.909353+00:00,201,58.91,
2026-09-12T03:53:34.919047+00:00,201,60.56,
2026-09-12T03:53:34.930619+00:00,201,55.83,
2026-09-12T03:53:34.941462+00:00,201,59.16,
2026-09-12T03:53:34.952442+00:00,201,54.76,
2026-09-12T03:53:34.975499+00:00,201,53.74,
2026-09-12T03:53:34.963638+00:00,201,77.0,
2026-09-12T03:53:34.986401+00:00,201,57.56,
2026-09-12T03:53:34.997655+00:00,201,55.05,
2026-09-12T03:53:35.008968+00:00,201,61.74,
2026-09-12T03:53:35.019537+00:00,201,62.13,
2026-09-12T03:53:35.030213+00:00,201,59.06,
2026-09-12T03:53:35.042711+00:00,201,57.18,
2026-09-12T03:53:35.052280+00:00,201,59.23,
2026-09-12T03:53:35.063919+00:00,201,57.54,
2026-09-12T03:53:35.075025+00:00,201,58.01,
2026-09-12T03:53:35.086379+00:00,201,58.0,
2026-09-12T03:53:35.097774+00:00,201,54.59,
2026-09-12T03:53:35.108819+00:00,201,53.97,
2026-09-12T03:53:35.119614+00:00,201,57.03,
2026-09-12T03:53:35.141901+00:00,201,51.62,
2026-09-12T03:53:35.130843+00:00,201,77.62,
2026-09-12T03:53:35.152652+00:00,201,73.38,
2026-09-12T03:53:35.174726+00:00,201,62.76,
2026-09-12T03:53:35.185723+00:00,201,62.91,
2026-09-12T03:53:35.163716+00:00,201,85.4,
2026-09-12T03:53:35.197628+00:00,201,61.83,
2026-09-12T03:53:35.208256+00:00,201,63.96,
2026-09-12T03:53:35.219146+00:00,201,61.94,
2026-09-12T03:53:35.230848+00:00,201,60.99,
2026-09-12T03:53:35.241801+00:00,201,60.5,
2026-09-12T03:53:35.252940+00:00,201,62.16,
2026-09-12T03:53:35.263663+00:00,201,62.13,
2026-09-12T03:53:35.274824+00:00,201,62.13,
2026-09-12T03:53:35.286156+00:00,201,60.2,
2026-09-12T03:53:35.296779+00:00,201,60.38,
2026-09-12T03:53:35.309379+00:00,201,60.95,
2026-09-12T03:53:35.318952+00:00,201,61.33,
2026-09-12T03:53:35.331350+00:00,201,60.34,
2026-09-12T03:53:35.341230+00:00,201,58.8,
2026-09-12T03:53:35.352438+00:00,201,58.41,
2026-09-12T03:53:35.363619+00:00,201,55.45,
2026-09-12T03:53:35.385992+00:00,201,54.72,
2026-09-12T03:53:35.374938+00:00,201,72.4,
2026-09-12T03:53:35.397174+00:00,201,54.39,
2026-09-12T03:53:35.408110+00:00,201,54.13,
2026-09-12T03:53:35.430926+00:00,201,53.37,
2026-09-12T03:53:35.419513+00:00,201,73.59,
2026-09-12T03:53:35.441744+00:00,201,54.68,
2026-09-12T03:53:35.452758+00:00,201,57.02,
2026-09-12T03:53:35.463937+00:00,201,55.53,
2026-09-12T03:53:35.474929+00:00,201,55.48,
2026-09-12T03:53:35.486013+00:00,201,57.25,
2026-09-12T03:53:35.497194+00:00,201,59.1,
2026-09-12T03:53:35.508262+00:00,201,58.17,
2026-09-12T03:53:35.519185+00:00,201,59.45,
2026-09-12T03:53:35.531584+00:00,201,60.25,
2026-09-12T03:53:35.541307+00:00,201,59.94,
2026-09-12T03:53:35.553668+00:00,201,58.34,
2026-09-12T03:53:35.564708+00:00,201,57.71,
2026-09-12T03:53:35.575619+00:00,201,58.43,
2026-09-12T03:53:35.586764+00:00,201,58.99,
2026-09-12T03:53:35.597529+00:00,201,57.88,
2026-09-12T03:53:35.608717+00:00,201,57.28,
2026-09-12T03:53:35.619686+00:00,201,58.25,
2026-09-12T03:53:35.631362+00:00,201,57.98,
2026-09-12T03:53:35.642291+00:00,201,55.63,
2026-09-12T03:53:35.653397+00:00,201,57.82,
2026-09-12T03:53:35.664251+00:00,201,58.4,
2026-09-12T03:53:35.675574+00:00,201,57.57,
2026-09-12T03:53:35.686882+00:00,201,59.62,
2026-09-12T03:53:35.698187+00:00,201,58.98,
2026-09-12T03:53:35.709380+00:00,201,61.06,
2026-09-12T03:53:35.719841+00:00,201,60.06,
2026-09-12T03:53:35.731155+00:00,201,58.03,
2026-09-12T03:53:35.742059+00:00,201,59.98,
2026-09-12T03:53:35.753394+00:00,201,59.16,
2026-09-12T03:53:35.764497+00:00,201,59.45,
2026-09-12T03:53:35.775575+00:00,201,60.92,
2026-09-12T03:53:35.786684+00:00,201,61.25,
2026-09-12T03:53:35.797686+00:00,201,59.38,
2026-09-12T03:53:35.808473+00:00,201,60.04,
2026-09-12T03:53:35.820064+00:00,201,60.48,
2026-09-12T03:53:35.831114+00:00,201,62.52,
2026-09-12T03:53:35.842164+00:00,201,60.4,
2026-09-12T03:53:35.853141+00:00,201,62.09,
2026-09-12T03:53:35.863683+00:00,201,57.76,
2026-09-12T03:53:35.875077+00:00,201,58.13,
2026-09-12T03:53:35.886777+00:00,201,56.58,
2026-09-12T03:53:35.897183+00:00,201,56.17,
2026-09-12T03:53:35.908666+00:00,201,54.52,
2026-09-12T03:53:35.919516+00:00,201,55.98,
2026-09-12T03:53:35.930830+00:00,201,55.29,
2026-09-12T03:53:35.942193+00:00,201,54.22,
2026-09-12T03:53:35.963845+00:00,201,52.21,
2026-09-12T03:53:35.975473+00:00,201,56.28,
2026-09-12T03:53:35.953112+00:00,201,79.21,
2026-09-12T03:53:35.997105+00:00,201,52.55,
2026-09-12T03:53:36.008268+00:00,201,52.94,
2026-09-12T03:53:35.985918+00:00,201,80.16,
2026-09-12T03:53:36.019293+00:00,201,58.16,
2026-09-12T03:53:36.030569+00:00,201,59.93,
2026-09-12T03:53:36.041726+00:00,201,59.26,
2026-09-12T03:53:36.052774+00:00,201,57.78,
2026-09-12T03:53:36.063886+00:00,201,58.2,
2026-09-12T03:53:36.074700+00:00,201,56.15,
2026-09-12T03:53:36.085726+00:00,201,57.7,
2026-09-12T03:53:36.097220+00:00,201,54.48,
2026-09-12T03:53:36.108332+00:00,201,57.94,
2026-09-12T03:53:36.119660+00:00,201,57.73,
2026-09-12T03:53:36.131211+00:00,201,53.38,
2026-09-12T03:53:36.142405+00:00,201,56.35,
2026-09-12T03:53:36.152283+00:00,201,54.17,
2026-09-12T03:53:36.164815+00:00,201,56.98,
2026-09-12T03:53:36.174901+00:00,201,57.75,
2026-09-12T03:53:36.186299+00:00,201,59.77,
2026-09-12T03:53:36.197145+00:00,201,58.39,
2026-09-12T03:53:36.208341+00:00,201,59.19,
2026-09-12T03:53:36.219275+00:00,201,64.21,
2026-09-12T03:53:36.231651+00:00,201,61.48,
2026-09-12T03:53:36.241398+00:00,201,59.02,
2026-09-12T03:53:36.252554+00:00,201,59.91,
2026-09-12T03:53:36.263576+00:00,201,66.84,
2026-09-12T03:53:36.286394+00:00,201,70.09,
2026-09-12T03:53:36.274930+00:00,201,93.52,
2026-09-12T03:53:36.297366+00:00,201,78.12,
2026-09-12T03:53:36.308671+00:00,201,77.66,
2026-09-12T03:53:36.319581+00:00,201,76.85,
2026-09-12T03:53:36.330845+00:00,201,73.85,
2026-09-12T03:53:36.342470+00:00,201,73.05,
2026-09-12T03:53:36.353564+00:00,201,69.14,
2026-09-12T03:53:36.364642+00:00,201,68.96,
2026-09-12T03:53:36.375800+00:00,201,68.84,
2026-09-12T03:53:36.386653+00:00,201,66.79,
2026-09-12T03:53:36.397947+00:00,201,64.12,
2026-09-12T03:53:36.408900+00:00,201,60.71,
2026-09-12T03:53:36.419742+00:00,201,62.37,
2026-09-12T03:53:36.431092+00:00,201,60.11,
2026-09-12T03:53:36.442622+00:00,201,56.08,
2026-09-12T03:53:36.453474+00:00,201,68.76,
2026-09-12T03:53:36.464767+00:00,201,74.94,
2026-09-12T03:53:36.485944+00:00,201,59.72,
2026-09-12T03:53:36.475806+00:00,201,82.82,
2026-09-12T03:53:36.508652+00:00,201,64.89,
2026-09-12T03:53:36.497772+00:00,201,80.2,
2026-09-12T03:53:36.519629+00:00,201,68.02,
2026-09-12T03:53:36.531119+00:00,201,64.56,
2026-09-12T03:53:36.542362+00:00,201,61.63,
2026-09-12T03:53:36.553455+00:00,201,60.89,
2026-09-12T03:53:36.564422+00:00,201,62.49,
2026-09-12T03:53:36.575479+00:00,201,60.34,
2026-09-12T03:53:36.587386+00:00,201,58.9,
2026-09-12T03:53:36.597190+00:00,201,58.81,
2026-09-12T03:53:36.608210+00:00,201,54.84,
2026-09-12T03:53:36.619417+00:00,201,83.1,
2026-09-12T03:53:36.641677+00:00,201,62.6,
2026-09-12T03:53:36.630635+00:00,201,93.69,
2026-09-12T03:53:36.664914+00:00,201,75.71,
2026-09-12T03:53:36.652353+00:00,201,93.75,
2026-09-12T03:53:36.674678+00:00,201,92.46,
2026-09-12T03:53:36.685835+00:00,201,82.33,
2026-09-12T03:53:36.697560+00:00,201,81.01,
2026-09-12T03:53:36.708638+00:00,201,80.24,
2026-09-12T03:53:36.720189+00:00,201,81.6,
2026-09-12T03:53:36.731303+00:00,201,78.41,
2026-09-12T03:53:36.742374+00:00,201,74.72,
2026-09-12T03:53:36.752988+00:00,201,72.8,
2026-09-12T03:53:36.763944+00:00,201,71.11,
2026-09-12T03:53:36.775949+00:00,201,69.25,
2026-09-12T03:53:36.787025+00:00,201,69.52,
2026-09-12T03:53:36.797054+00:00,201,68.03,
2026-09-12T03:53:36.809362+00:00,201,68.53,
2026-09-12T03:53:36.820207+00:00,201,67.23,
2026-09-12T03:53:36.830232+00:00,201,63.13,
2026-09-12T03:53:36.842313+00:00,201,64.76,
2026-09-12T03:53:36.853572+00:00,201,61.69,
2026-09-12T03:53:36.864846+00:00,201,64.62,
2026-09-12T03:53:36.875172+00:00,201,60.86,
2026-09-12T03:53:36.885676+00:00,201,75.38,
2026-09-12T03:53:36.908171+00:00,201,64.95,
2026-09-12T03:53:36.897052+00:00,201,81.72,
2026-09-12T03:53:36.930638+00:00,201,62.12,
2026-09-12T03:53:36.919497+00:00,201,77.08,
2026-09-12T03:53:36.941193+00:00,201,61.07,
2026-09-12T03:53:36.952334+00:00,201,64.51,
2026-09-12T03:53:36.963402+00:00,201,76.62,
2026-09-12T03:53:36.974667+00:00,201,81.63,
2026-09-12T03:53:36.997173+00:00,201,64.11,
2026-09-12T03:53:37.009031+00:00,201,63.99,
2026-09-12T03:53:36.986195+00:00,201,89.3,
2026-09-12T03:53:37.031348+00:00,201,64.72,
2026-09-12T03:53:37.020169+00:00,201,87.24,
2026-09-12T03:53:37.042590+00:00,201,66.47,
2026-09-12T03:53:37.053319+00:00,201,65.14,
2026-09-12T03:53:37.064631+00:00,201,64.2,
2026-09-12T03:53:37.075123+00:00,201,67.37,
2026-09-12T03:53:37.085654+00:00,201,72.68,
2026-09-12T03:53:37.098224+00:00,201,70.15,
2026-09-12T03:53:37.109376+00:00,201,73.82,
2026-09-12T03:53:37.120366+00:00,201,78.86,
2026-09-12T03:53:37.142122+00:00,201,92.76,
2026-09-12T03:53:37.130355+00:00,201,108.21,
2026-09-12T03:53:37.154243+00:00,201,86.37,
2026-09-12T03:53:37.164883+00:00,201,80.04,
2026-09-12T03:53:37.176345+00:00,201,77.49,
2026-09-12T03:53:37.196878+00:00,201,80.07,
2026-09-12T03:53:37.208098+00:00,201,76.38,
2026-09-12T03:53:37.230323+00:00,201,79.92,
2026-09-12T03:53:37.189198+00:00,201,121.91,
2026-09-12T03:53:37.241892+00:00,201,75.56,
2026-09-12T03:53:37.221465+00:00,201,101.91,
2026-09-12T03:53:37.253715+00:00,201,76.37,
2026-09-12T03:53:37.264618+00:00,201,74.94,
2026-09-12T03:53:37.275123+00:00,201,74.71,
2026-09-12T03:53:37.286465+00:00,201,71.45,
2026-09-12T03:53:37.297887+00:00,201,74.08,
2026-09-12T03:53:37.309330+00:00,201,73.13,
2026-09-12T03:53:37.318994+00:00,201,73.99,
2026-09-12T03:53:37.330287+00:00,201,71.8,
2026-09-12T03:53:37.341405+00:00,201,71.14,
2026-09-12T03:53:37.352472+00:00,201,69.64,
2026-09-12T03:53:37.375388+00:00,201,66.66,
2026-09-12T03:53:37.364110+00:00,201,86.53,
2026-09-12T03:53:37.386512+00:00,201,68.94,
2026-09-12T03:53:37.397548+00:00,201,67.74,
2026-09-12T03:53:37.408229+00:00,201,68.4,
2026-09-12T03:53:37.419404+00:00,201,71.86,
2026-09-12T03:53:37.430689+00:00,201,69.99,
2026-09-12T03:53:37.442140+00:00,201,70.28,
2026-09-12T03:53:37.454497+00:00,201,67.71,
2026-09-12T03:53:37.465061+00:00,201,66.91,
2026-09-12T03:53:37.475532+00:00,201,65.89,
2026-09-12T03:53:37.486856+00:00,201,64.05,
2026-09-12T03:53:37.498168+00:00,201,61.74,
2026-09-12T03:53:37.508318+00:00,201,61.44,
2026-09-12T03:53:37.519699+00:00,201,63.43,
2026-09-12T03:53:37.530861+00:00,201,61.81,
2026-09-12T03:53:37.542597+00:00,201,76.4,
2026-09-12T03:53:37.564113+00:00,201,62.04,
2026-09-12T03:53:37.575511+00:00,201,60.83,
2026-09-12T03:53:37.552867+00:00,201,86.13,
2026-09-12T03:53:37.586735+00:00,201,64.91,
2026-09-12T03:53:37.597292+00:00,201,64.83,
2026-09-12T03:53:37.608434+00:00,201,63.78,
2026-09-12T03:53:37.620213+00:00,201,63.01,
2026-09-12T03:53:37.631295+00:00,201,60.18,
2026-09-12T03:53:37.653570+00:00,201,57.88,
2026-09-12T03:53:37.642515+00:00,201,70.31,
2026-09-12T03:53:37.664751+00:00,201,81.11,
2026-09-12T03:53:37.685597+00:00,201,63.21,
2026-09-12T03:53:37.675088+00:00,201,76.94,
2026-09-12T03:53:37.696819+00:00,201,63.7,
2026-09-12T03:53:37.708109+00:00,201,63.97,
2026-09-12T03:53:37.719125+00:00,201,63.97,
2026-09-12T03:53:37.730703+00:00,201,61.08,
2026-09-12T03:53:37.741830+00:00,201,57.26,
2026-09-12T03:53:37.753861+00:00,201,58.03,
2026-09-12T03:53:37.763608+00:00,201,53.49,
2026-09-12T03:53:37.774526+00:00,201,55.3,
2026-09-12T03:53:37.796852+00:00,201,56.32,
2026-09-12T03:53:37.808076+00:00,201,57.21,
2026-09-12T03:53:37.785740+00:00,201,82.94,
2026-09-12T03:53:37.819090+00:00,201,60.06,
2026-09-12T03:53:37.830034+00:00,201,70.24,
2026-09-12T03:53:37.841245+00:00,201,63.4,
2026-09-12T03:53:37.864228+00:00,201,62.38,
2026-09-12T03:53:37.875178+00:00,201,58.62,
2026-09-12T03:53:37.852600+00:00,201,84.28,
2026-09-12T03:53:37.885654+00:00,201,61.65,
2026-09-12T03:53:37.896846+00:00,201,62.48,
2026-09-12T03:53:37.907943+00:00,201,60.69,
2026-09-12T03:53:37.919193+00:00,201,61.63,
2026-09-12T03:53:37.930676+00:00,201,58.5,
2026-09-12T03:53:37.941861+00:00,201,57.87,
2026-09-12T03:53:37.964241+00:00,201,59.07,
2026-09-12T03:53:37.953019+00:00,201,77.43,
2026-09-12T03:53:37.975197+00:00,201,56.77,
2026-09-12T03:53:37.986349+00:00,201,62.11,
2026-09-12T03:53:37.997264+00:00,201,61.66,
2026-09-12T03:53:38.009337+00:00,201,60.95,
2026-09-12T03:53:38.020484+00:00,201,58.35,
2026-09-12T03:53:38.030219+00:00,201,59.1,
2026-09-12T03:53:38.042395+00:00,201,56.47,
2026-09-12T03:53:38.053632+00:00,201,57.63,
2026-09-12T03:53:38.064336+00:00,201,57.16,
2026-09-12T03:53:38.086744+00:00,201,55.43,
2026-09-12T03:53:38.075468+00:00,201,80.82,
2026-09-12T03:53:38.097962+00:00,201,60.24,
2026-09-12T03:53:38.109201+00:00,201,60.67,
2026-09-12T03:53:38.119021+00:00,201,62.69,
2026-09-12T03:53:38.131493+00:00,201,59.93,
2026-09-12T03:53:38.141428+00:00,201,60.07,
2026-09-12T03:53:38.152818+00:00,201,61.19,
2026-09-12T03:53:38.163931+00:00,201,60.55,
2026-09-12T03:53:38.174861+00:00,201,60.38,
2026-09-12T03:53:38.185903+00:00,201,69.97,
2026-09-12T03:53:38.197222+00:00,201,73.87,
2026-09-12T03:53:38.208478+00:00,201,68.96,
2026-09-12T03:53:38.231309+00:00,201,70.74,
2026-09-12T03:53:38.220038+00:00,201,89.64,
2026-09-12T03:53:38.242557+00:00,201,68.4,
2026-09-12T03:53:38.253500+00:00,201,66.6,
2026-09-12T03:53:38.263518+00:00,201,63.96,
2026-09-12T03:53:38.274865+00:00,201,64.31,
2026-09-12T03:53:38.285872+00:00,201,61.3,
2026-09-12T03:53:38.297435+00:00,201,61.51,
2026-09-12T03:53:38.308075+00:00,201,58.01,
2026-09-12T03:53:38.320427+00:00,201,56.85,
2026-09-12T03:53:38.330137+00:00,201,56.25,
2026-09-12T03:53:38.341757+00:00,201,57.93,
2026-09-12T03:53:38.352851+00:00,201,56.17,
2026-09-12T03:53:38.363675+00:00,201,59.01,
2026-09-12T03:53:38.374539+00:00,201,59.25,
2026-09-12T03:53:38.385814+00:00,201,59.7,
2026-09-12T03:53:38.397489+00:00,201,55.52,
2026-09-12T03:53:38.409155+00:00,201,59.76,
2026-09-12T03:53:38.420153+00:00,201,59.53,
2026-09-12T03:53:38.431462+00:00,201,59.8,
2026-09-12T03:53:38.442575+00:00,201,58.31,
2026-09-12T03:53:38.464503+00:00,201,60.01,
2026-09-12T03:53:38.475445+00:00,201,58.16,
2026-09-12T03:53:38.453510+00:00,201,82.38,
2026-09-12T03:53:38.486534+00:00,201,57.46,
2026-09-12T03:53:38.497476+00:00,201,60.79,
2026-09-12T03:53:38.508464+00:00,201,60.93,
2026-09-12T03:53:38.519458+00:00,201,58.84,
2026-09-12T03:53:38.530709+00:00,201,55.37,
2026-09-12T03:53:38.541662+00:00,201,57.06,
2026-09-12T03:53:38.564478+00:00,201,54.11,
2026-09-12T03:53:38.552485+00:00,201,72.45,
2026-09-12T03:53:38.575383+00:00,201,55.2,
2026-09-12T03:53:38.586368+00:00,201,56.6,
2026-09-12T03:53:38.597657+00:00,201,58.1,
2026-09-12T03:53:38.608242+00:00,201,55.93,
2026-09-12T03:53:38.619236+00:00,201,58.39,
2026-09-12T03:53:38.630580+00:00,201,58.95,
2026-09-12T03:53:38.641336+00:00,201,57.59,
2026-09-12T03:53:38.652652+00:00,201,56.73,
2026-09-12T03:53:38.664219+00:00,201,57.09,
2026-09-12T03:53:38.675238+00:00,201,59.2,
2026-09-12T03:53:38.686273+00:00,201,57.72,
2026-09-12T03:53:38.697373+00:00,201,55.24,
2026-09-12T03:53:38.708479+00:00,201,56.08,
2026-09-12T03:53:38.719739+00:00,201,58.46,
2026-09-12T03:53:38.730879+00:00,201,52.33,
2026-09-12T03:53:38.741775+00:00,201,54.23,
2026-09-12T03:53:38.752926+00:00,201,55.98,
2026-09-12T03:53:38.764088+00:00,201,53.17,
2026-09-12T03:53:38.775231+00:00,201,53.39,
2026-09-12T03:53:38.786571+00:00,201,55.88,
2026-09-12T03:53:38.797882+00:00,201,56.02,
2026-09-12T03:53:38.808687+00:00,201,51.59,
2026-09-12T03:53:38.820223+00:00,201,52.24,
2026-09-12T03:53:38.841591+00:00,201,63.09,
2026-09-12T03:53:38.830179+00:00,201,76.19,
2026-09-12T03:53:38.852908+00:00,201,54.45,
2026-09-12T03:53:38.875174+00:00,201,55.99,
2026-09-12T03:53:38.864172+00:00,201,83.83,
2026-09-12T03:53:38.897792+00:00,201,62.92,
2026-09-12T03:53:38.886174+00:00,201,78.37,
2026-09-12T03:53:38.907859+00:00,201,64.9,
2026-09-12T03:53:38.919382+00:00,201,64.83,
2026-09-12T03:53:38.931495+00:00,201,63.07,
2026-09-12T03:53:38.942689+00:00,201,57.65,
2026-09-12T03:53:38.953702+00:00,201,58.25,
2026-09-12T03:53:38.975914+00:00,201,58.42,
2026-09-12T03:53:38.964642+00:00,201,73.49,
2026-09-12T03:53:38.997839+00:00,201,58.22,
2026-09-12T03:53:39.008845+00:00,201,57.03,
2026-09-12T03:53:38.986877+00:00,201,82.33,
2026-09-12T03:53:39.020174+00:00,201,58.67,
2026-09-12T03:53:39.031274+00:00,201,59.97,
2026-09-12T03:53:39.053472+00:00,201,55.15,
2026-09-12T03:53:39.042294+00:00,201,70.18,
2026-09-12T03:53:39.064317+00:00,201,52.53,
2026-09-12T03:53:39.075463+00:00,201,54.89,
2026-09-12T03:53:39.097765+00:00,201,52.45,
2026-09-12T03:53:39.086610+00:00,201,72.88,
2026-09-12T03:53:39.109300+00:00,201,53.82,
2026-09-12T03:53:39.120125+00:00,201,53.17,
2026-09-12T03:53:39.142520+00:00,201,51.38,
2026-09-12T03:53:39.131488+00:00,201,74.04,
2026-09-12T03:53:39.153486+00:00,201,76.28,
2026-09-12T03:53:39.175821+00:00,201,55.37,
2026-09-12T03:53:39.164748+00:00,201,83.0,
2026-09-12T03:53:39.186718+00:00,201,61.54,
2026-09-12T03:53:39.197869+00:00,201,77.08,
2026-09-12T03:53:39.231330+00:00,201,58.18,
2026-09-12T03:53:39.208881+00:00,201,82.45,
2026-09-12T03:53:39.219678+00:00,201,73.63,
2026-09-12T03:53:39.242300+00:00,201,60.91,
2026-09-12T03:53:39.253404+00:00,201,60.82,
2026-09-12T03:53:39.275174+00:00,201,58.78,
2026-09-12T03:53:39.264408+00:00,201,71.02,
2026-09-12T03:53:39.287063+00:00,201,57.23,
2026-09-12T03:53:39.297538+00:00,201,58.9,
2026-09-12T03:53:39.319834+00:00,201,55.51,
2026-09-12T03:53:39.308920+00:00,201,75.47,
2026-09-12T03:53:39.331295+00:00,201,55.14,
2026-09-12T03:53:39.341622+00:00,201,57.31,
2026-09-12T03:53:39.353122+00:00,201,57.04,
2026-09-12T03:53:39.363769+00:00,201,58.49,
2026-09-12T03:53:39.376045+00:00,201,56.01,
2026-09-12T03:53:39.387055+00:00,201,58.09,
2026-09-12T03:53:39.398026+00:00,201,59.7,
2026-09-12T03:53:39.409098+00:00,201,60.52,
2026-09-12T03:53:39.419824+00:00,201,60.13,
2026-09-12T03:53:39.431314+00:00,201,59.94,
2026-09-12T03:53:39.442294+00:00,201,60.09,
2026-09-12T03:53:39.453177+00:00,201,58.38,
2026-09-12T03:53:39.464265+00:00,201,58.35,
2026-09-12T03:53:39.474983+00:00,201,54.99,
2026-09-12T03:53:39.486145+00:00,201,56.31,
2026-09-12T03:53:39.497045+00:00,201,58.23,
2026-09-12T03:53:39.518893+00:00,201,56.41,
2026-09-12T03:53:39.507886+00:00,201,74.29,
2026-09-12T03:53:39.530349+00:00,201,57.19,
2026-09-12T03:53:39.541634+00:00,201,54.83,
2026-09-12T03:53:39.552706+00:00,201,58.42,
2026-09-12T03:53:39.564178+00:00,201,53.81,
2026-09-12T03:53:39.587350+00:00,201,52.34,
2026-09-12T03:53:39.575221+00:00,201,72.74,
2026-09-12T03:53:39.597633+00:00,201,54.82,
2026-09-12T03:53:39.608939+00:00,201,55.46,
2026-09-12T03:53:39.620438+00:00,201,57.49,
2026-09-12T03:53:39.631557+00:00,201,55.81,
2026-09-12T03:53:39.642973+00:00,201,52.69,
2026-09-12T03:53:39.664599+00:00,201,52.34,
2026-09-12T03:53:39.653431+00:00,201,71.99,
2026-09-12T03:53:39.675704+00:00,201,64.33,
2026-09-12T03:53:39.687332+00:00,201,56.04,
2026-09-12T03:53:39.697426+00:00,201,55.16,
2026-09-12T03:53:39.708585+00:00,201,56.3,
2026-09-12T03:53:39.719895+00:00,201,56.27,
2026-09-12T03:53:39.731345+00:00,201,56.6,
2026-09-12T03:53:39.742464+00:00,201,55.76,
2026-09-12T03:53:39.764346+00:00,201,54.67,
2026-09-12T03:53:39.752605+00:00,201,70.29,
2026-09-12T03:53:39.775546+00:00,201,57.63,
2026-09-12T03:53:39.786987+00:00,201,56.78,
2026-09-12T03:53:39.798244+00:00,201,58.31,
2026-09-12T03:53:39.808922+00:00,201,53.64,
2026-09-12T03:53:39.819954+00:00,201,54.79,
2026-09-12T03:53:39.830173+00:00,201,54.29,
2026-09-12T03:53:39.853776+00:00,201,55.06,
2026-09-12T03:53:39.841195+00:00,201,72.87,
2026-09-12T03:53:39.864892+00:00,201,54.43,
2026-09-12T03:53:39.875962+00:00,201,55.83,
2026-09-12T03:53:39.887045+00:00,201,54.19,
2026-09-12T03:53:39.898126+00:00,201,57.94,
2026-09-12T03:53:39.909337+00:00,201,57.76,
2026-09-12T03:53:39.919343+00:00,201,61.13,
2026-09-12T03:53:39.930215+00:00,201,62.53,
2026-09-12T03:53:39.941467+00:00,201,62.64,
2026-09-12T03:53:39.953622+00:00,201,64.11,
2026-09-12T03:53:39.964800+00:00,201,59.28,
2026-09-12T03:53:39.974618+00:00,201,60.94,
2026-09-12T03:53:39.996923+00:00,201,54.6,
2026-09-12T03:53:39.985686+00:00,201,74.93,
2026-09-12T03:53:40.007937+00:00,201,56.41,
2026-09-12T03:53:40.020366+00:00,201,58.71,
2026-09-12T03:53:40.030531+00:00,201,60.29,
2026-09-12T03:53:40.041683+00:00,201,62.93,
2026-09-12T03:53:40.064168+00:00,201,53.46,
2026-09-12T03:53:40.053068+00:00,201,66.3,
2026-09-12T03:53:40.097586+00:00,201,55.12,
2026-09-12T03:53:40.075186+00:00,201,82.41,
2026-09-12T03:53:40.086233+00:00,201,73.13,
2026-09-12T03:53:40.108695+00:00,201,59.24,
2026-09-12T03:53:40.119721+00:00,201,61.21,
2026-09-12T03:53:40.131407+00:00,201,63.39,
2026-09-12T03:53:40.142620+00:00,201,59.83,
2026-09-12T03:53:40.152961+00:00,201,63.2,
2026-09-12T03:53:40.164074+00:00,201,58.57,
2026-09-12T03:53:40.175306+00:00,201,57.74,
2026-09-12T03:53:40.197397+00:00,201,53.92,
2026-09-12T03:53:40.186346+00:00,201,74.89,
2026-09-12T03:53:40.219173+00:00,201,55.47,
2026-09-12T03:53:40.209715+00:00,201,69.96,
2026-09-12T03:53:40.230123+00:00,201,67.92,
2026-09-12T03:53:40.241415+00:00,201,59.64,
2026-09-12T03:53:40.252356+00:00,201,58.12,
2026-09-12T03:53:40.264604+00:00,201,54.77,
2026-09-12T03:53:40.274733+00:00,201,58.48,
2026-09-12T03:53:40.287001+00:00,201,59.05,
2026-09-12T03:53:40.298205+00:00,201,55.64,
2026-09-12T03:53:40.307846+00:00,201,54.25,
2026-09-12T03:53:40.331566+00:00,201,52.39,
2026-09-12T03:53:40.320341+00:00,201,66.96,
2026-09-12T03:53:40.353486+00:00,201,53.45,
2026-09-12T03:53:40.363910+00:00,201,55.76,
2026-09-12T03:53:40.341805+00:00,201,78.53,
2026-09-12T03:53:40.375183+00:00,201,55.66,
2026-09-12T03:53:40.387163+00:00,201,59.56,
2026-09-12T03:53:40.397863+00:00,201,55.92,
2026-09-12T03:53:40.409175+00:00,201,57.46,
2026-09-12T03:53:40.419325+00:00,201,58.04,
2026-09-12T03:53:40.431233+00:00,201,60.39,
2026-09-12T03:53:40.453417+00:00,201,56.03,
2026-09-12T03:53:40.441422+00:00,201,79.88,
2026-09-12T03:53:40.464197+00:00,201,68.43,
2026-09-12T03:53:40.474989+00:00,201,70.58,
2026-09-12T03:53:40.486057+00:00,201,79.34,
2026-09-12T03:53:40.497529+00:00,201,83.02,
2026-09-12T03:53:40.508530+00:00,201,86.45,
2026-09-12T03:53:40.521776+00:00,201,84.13,
2026-09-12T03:53:40.530449+00:00,201,78.85,
2026-09-12T03:53:40.541943+00:00,201,74.29,
2026-09-12T03:53:40.552983+00:00,201,73.66,
2026-09-12T03:53:40.564355+00:00,201,74.94,
2026-09-12T03:53:40.576200+00:00,201,67.95,
2026-09-12T03:53:40.585809+00:00,201,69.56,
2026-09-12T03:53:40.596925+00:00,201,64.37,
2026-09-12T03:53:40.608377+00:00,201,66.08,
2026-09-12T03:53:40.619549+00:00,201,63.24,
2026-09-12T03:53:40.641501+00:00,201,62.48,
2026-09-12T03:53:40.630788+00:00,201,76.36,
2026-09-12T03:53:40.652763+00:00,201,61.44,
2026-09-12T03:53:40.663994+00:00,201,73.85,
2026-09-12T03:53:40.675460+00:00,201,74.25,
2026-09-12T03:53:40.686949+00:00,201,83.53,
2026-09-12T03:53:40.698009+00:00,201,74.21,
2026-09-12T03:53:40.707848+00:00,201,84.47,
2026-09-12T03:53:40.730645+00:00,201,66.58,
2026-09-12T03:53:40.719179+00:00,201,92.69,
2026-09-12T03:53:40.752454+00:00,201,75.1,
2026-09-12T03:53:40.741183+00:00,201,89.31,
2026-09-12T03:53:40.763389+00:00,201,81.6,
2026-09-12T03:53:40.774694+00:00,201,88.15,
2026-09-12T03:53:40.785661+00:00,201,84.6,
2026-09-12T03:53:40.796870+00:00,201,89.36,
2026-09-12T03:53:40.808188+00:00,201,88.83,
2026-09-12T03:53:40.819634+00:00,201,88.72,
2026-09-12T03:53:40.830897+00:00,201,98.0,
2026-09-12T03:53:40.841643+00:00,201,112.75,
2026-09-12T03:53:40.852993+00:00,201,129.72,
2026-09-12T03:53:40.864349+00:00,201,150.35,
2026-09-12T03:53:40.874905+00:00,201,156.8,
2026-09-12T03:53:40.886216+00:00,201,171.29,
2026-09-12T03:53:40.898168+00:00,201,174.87,
2026-09-12T03:53:40.908384+00:00,201,185.84,
2026-09-12T03:53:40.918918+00:00,201,194.54,
2026-09-12T03:53:40.931181+00:00,201,205.5,
2026-09-12T03:53:40.963826+00:00,201,216.05,
2026-09-12T03:53:40.974896+00:00,201,219.86,
2026-09-12T03:53:40.986179+00:00,201,239.21,
2026-09-12T03:53:40.996895+00:00,201,264.97,
2026-09-12T03:53:40.941098+00:00,201,350.76,
2026-09-12T03:53:41.009210+00:00,201,299.92,
2026-09-12T03:53:40.954432+00:00,201,374.64,
2026-09-12T03:53:41.019992+00:00,201,326.48,
2026-09-12T03:53:41.030376+00:00,201,361.14,
2026-09-12T03:53:41.041993+00:00,201,374.48,
2026-09-12T03:53:41.053287+00:00,201,388.58,
2026-09-12T03:53:41.063850+00:00,201,401.29,
2026-09-12T03:53:41.074952+00:00,201,415.28,
2026-09-12T03:53:41.087393+00:00,201,427.49,
2026-09-12T03:53:41.097806+00:00,201,420.48,
2026-09-12T03:53:41.109046+00:00,201,429.95,
2026-09-12T03:53:41.120328+00:00,201,433.33,
2026-09-12T03:53:41.130022+00:00,201,434.68,
2026-09-12T03:53:41.142467+00:00,201,438.22,
2026-09-12T03:53:41.152329+00:00,201,444.7,
2026-09-12T03:53:41.163407+00:00,201,443.11,
2026-09-12T03:53:41.175193+00:00,201,445.1,
2026-09-12T03:53:41.186005+00:00,201,447.58,
2026-09-12T03:53:41.197356+00:00,201,440.25,
2026-09-12T03:53:41.209259+00:00,201,435.22,
2026-09-12T03:53:41.220680+00:00,201,437.84,
2026-09-12T03:53:41.230413+00:00,201,436.25,
2026-09-12T03:53:41.241168+00:00,201,434.94,
2026-09-12T03:53:41.253497+00:00,201,433.38,
2026-09-12T03:53:41.263665+00:00,201,425.41,
2026-09-12T03:53:41.275901+00:00,201,429.25,
2026-09-12T03:53:41.297912+00:00,201,413.38,
2026-09-12T03:53:41.285908+00:00,201,429.51,
2026-09-12T03:53:41.309978+00:00,201,414.5,
2026-09-12T03:53:41.319380+00:00,201,410.48,
2026-09-12T03:53:41.331490+00:00,201,408.33,
2026-09-12T03:53:41.341391+00:00,201,411.3,
2026-09-12T03:53:41.352916+00:00,201,404.44,
2026-09-12T03:53:41.364081+00:00,201,401.62,
2026-09-12T03:53:41.376827+00:00,201,399.91,
2026-09-12T03:53:41.386738+00:00,201,399.15,
2026-09-12T03:53:41.397357+00:00,201,400.03,
2026-09-12T03:53:41.408721+00:00,201,402.31,
2026-09-12T03:53:41.419815+00:00,201,395.12,
2026-09-12T03:53:41.431784+00:00,201,389.65,
2026-09-12T03:53:41.442472+00:00,201,390.26,
2026-09-12T03:53:41.452923+00:00,201,385.67,
2026-09-12T03:53:41.464350+00:00,201,382.26,
2026-09-12T03:53:41.474940+00:00,201,384.56,
2026-09-12T03:53:41.487448+00:00,201,380.99,
2026-09-12T03:53:41.496871+00:00,201,379.56,
2026-09-12T03:53:41.509138+00:00,201,374.46,
2026-09-12T03:53:41.519217+00:00,201,372.54,
2026-09-12T03:53:41.530177+00:00,201,385.88,
2026-09-12T03:53:41.541867+00:00,201,377.74,
2026-09-12T03:53:41.553721+00:00,201,370.28,
2026-09-12T03:53:41.564760+00:00,201,365.39,
2026-09-12T03:53:41.575885+00:00,201,369.94,
2026-09-12T03:53:41.585608+00:00,201,363.32,
2026-09-12T03:53:41.597095+00:00,201,365.04,
2026-09-12T03:53:41.608962+00:00,201,362.83,
2026-09-12T03:53:41.631123+00:00,201,354.67,
2026-09-12T03:53:41.620487+00:00,201,371.71,
2026-09-12T03:53:41.641811+00:00,201,352.01,
2026-09-12T03:53:41.653053+00:00,201,353.92,
2026-09-12T03:53:41.663893+00:00,201,351.1,
2026-09-12T03:53:41.686014+00:00,201,354.18,
2026-09-12T03:53:41.675030+00:00,201,368.59,
2026-09-12T03:53:41.697025+00:00,201,348.77,
2026-09-12T03:53:41.708384+00:00,201,348.33,
2026-09-12T03:53:41.719610+00:00,201,348.72,
2026-09-12T03:53:41.730822+00:00,201,350.66,
2026-09-12T03:53:41.742292+00:00,201,342.83,
2026-09-12T03:53:41.753482+00:00,201,342.99,
2026-09-12T03:53:41.776642+00:00,201,335.0,
2026-09-12T03:53:41.764628+00:00,201,354.94,
2026-09-12T03:53:41.786042+00:00,201,334.77,
2026-09-12T03:53:41.797099+00:00,201,331.5,
2026-09-12T03:53:41.807613+00:00,201,331.44,
2026-09-12T03:53:41.820177+00:00,201,324.94,
2026-09-12T03:53:41.832333+00:00,201,324.08,
2026-09-12T03:53:41.841968+00:00,201,320.3,
2026-09-12T03:53:41.864627+00:00,201,315.35,
2026-09-12T03:53:41.853313+00:00,201,327.53,
2026-09-12T03:53:41.897526+00:00,201,306.41,
2026-09-12T03:53:41.886497+00:00,201,321.11,
2026-09-12T03:53:41.876409+00:00,201,337.42,
2026-09-12T03:53:41.909139+00:00,201,307.82,
2026-09-12T03:53:41.920267+00:00,201,307.46,
2026-09-12T03:53:41.930340+00:00,201,305.77,
2026-09-12T03:53:41.941233+00:00,201,303.08,
2026-09-12T03:53:41.952777+00:00,201,301.17,
2026-09-12T03:53:41.963872+00:00,201,304.85,
2026-09-12T03:53:41.975275+00:00,201,305.11,
2026-09-12T03:53:41.998086+00:00,201,292.18,
2026-09-12T03:53:41.987186+00:00,201,305.29,
2026-09-12T03:53:42.008969+00:00,201,286.85,
2026-09-12T03:53:42.019110+00:00,201,283.59,
2026-09-12T03:53:42.030232+00:00,201,283.46,
2026-09-12T03:53:42.042535+00:00,201,279.99,
2026-09-12T03:53:42.053236+00:00,201,278.08,
2026-09-12T03:53:42.064156+00:00,201,274.65,
2026-09-12T03:53:42.075198+00:00,201,278.76,
2026-09-12T03:53:42.085808+00:00,201,270.53,
2026-09-12T03:53:42.096948+00:00,201,267.22,
2026-09-12T03:53:42.119545+00:00,201,259.8,
2026-09-12T03:53:42.130261+00:00,201,255.54,
2026-09-12T03:53:42.108193+00:00,201,282.7,
2026-09-12T03:53:42.141562+00:00,201,257.13,
2026-09-12T03:53:42.152521+00:00,201,256.74,
2026-09-12T03:53:42.164792+00:00,201,249.45,
2026-09-12T03:53:42.174516+00:00,201,259.5,
2026-09-12T03:53:42.198060+00:00,201,240.38,
2026-09-12T03:53:42.187053+00:00,201,258.99,
2026-09-12T03:53:42.208781+00:00,201,240.09,
2026-09-12T03:53:42.219908+00:00,201,235.12,
2026-09-12T03:53:42.231020+00:00,201,239.18,
2026-09-12T03:53:42.241923+00:00,201,238.16,
2026-09-12T03:53:42.253467+00:00,201,235.99,
2026-09-12T03:53:42.263528+00:00,201,231.07,
2026-09-12T03:53:42.276050+00:00,201,226.12,
2026-09-12T03:53:42.298093+00:00,201,219.68,
2026-09-12T03:53:42.286779+00:00,201,236.85,
2026-09-12T03:53:42.309247+00:00,201,215.1,
2026-09-12T03:53:42.320196+00:00,201,221.37,
2026-09-12T03:53:42.330077+00:00,201,215.16,
2026-09-12T03:53:42.353016+00:00,201,212.81,
2026-09-12T03:53:42.341863+00:00,201,226.71,
2026-09-12T03:53:42.364199+00:00,201,212.94,
2026-09-12T03:53:42.375461+00:00,201,202.02,
2026-09-12T03:53:42.386706+00:00,201,209.21,
2026-09-12T03:53:42.398292+00:00,201,207.86,
2026-09-12T03:53:42.409297+00:00,201,204.4,
2026-09-12T03:53:42.419099+00:00,201,204.44,
2026-09-12T03:53:42.430077+00:00,201,201.12,
2026-09-12T03:53:42.452572+00:00,201,192.09,
2026-09-12T03:53:42.441466+00:00,201,211.13,
2026-09-12T03:53:42.475647+00:00,201,181.35,
2026-09-12T03:53:42.464264+00:00,201,199.86,
2026-09-12T03:53:42.486599+00:00,201,182.33,
2026-09-12T03:53:42.496812+00:00,201,182.81,
2026-09-12T03:53:42.508929+00:00,201,177.67,
2026-09-12T03:53:42.520156+00:00,201,173.29,
2026-09-12T03:53:42.531069+00:00,201,170.09,
2026-09-12T03:53:42.542253+00:00,201,171.09,
2026-09-12T03:53:42.564811+00:00,201,162.94,
2026-09-12T03:53:42.553598+00:00,201,180.54,
2026-09-12T03:53:42.575823+00:00,201,164.41,
2026-09-12T03:53:42.598094+00:00,201,153.69,
2026-09-12T03:53:42.586747+00:00,201,173.99,
2026-09-12T03:53:42.620212+00:00,201,146.7,
2026-09-12T03:53:42.609165+00:00,201,163.96,
2026-09-12T03:53:42.630050+00:00,201,148.65,
2026-09-12T03:53:42.642409+00:00,201,147.16,
2026-09-12T03:53:42.653561+00:00,201,143.13,
2026-09-12T03:53:42.664715+00:00,201,137.81,
2026-09-12T03:53:42.675712+00:00,201,136.34,
2026-09-12T03:53:42.686887+00:00,201,134.75,
2026-09-12T03:53:42.697701+00:00,201,130.06,
2026-09-12T03:53:42.708839+00:00,201,140.33,
2026-09-12T03:53:42.720305+00:00,201,132.07,
2026-09-12T03:53:42.741081+00:00,201,115.41,
2026-09-12T03:53:42.731403+00:00,201,125.27,
2026-09-12T03:53:42.764928+00:00,201,110.85,
2026-09-12T03:53:42.753743+00:00,201,122.8,
2026-09-12T03:53:42.775865+00:00,201,102.91,
2026-09-12T03:53:42.787065+00:00,201,103.44,
2026-09-12T03:53:42.797002+00:00,201,112.7,
2026-09-12T03:53:42.819003+00:00,201,96.07,
2026-09-12T03:53:42.808119+00:00,201,114.06,
2026-09-12T03:53:42.830457+00:00,201,93.09,
2026-09-12T03:53:42.841698+00:00,201,88.77,
2026-09-12T03:53:42.852776+00:00,201,87.46,
2026-09-12T03:53:42.864341+00:00,201,85.51,
2026-09-12T03:53:42.875780+00:00,201,81.53,
2026-09-12T03:53:42.885808+00:00,201,93.36,
2026-09-12T03:53:42.896788+00:00,201,83.95,
2026-09-12T03:53:42.919048+00:00,201,72.51,
2026-09-12T03:53:42.908094+00:00,201,88.86,
2026-09-12T03:53:42.930558+00:00,201,76.4,
2026-09-12T03:53:42.942388+00:00,201,75.02,
2026-09-12T03:53:42.953016+00:00,201,77.3,
2026-09-12T03:53:42.963972+00:00,201,80.73,
2026-09-12T03:53:42.975182+00:00,201,80.26,
2026-09-12T03:53:42.986970+00:00,201,83.96,
2026-09-12T03:53:42.996955+00:00,201,81.46,
2026-09-12T03:53:43.019411+00:00,201,81.43,
2026-09-12T03:53:43.008062+00:00,201,102.69,
2026-09-12T03:53:43.030392+00:00,201,85.33,
2026-09-12T03:53:43.041548+00:00,201,81.86,
2026-09-12T03:53:43.052357+00:00,201,80.25,
2026-09-12T03:53:43.063514+00:00,201,76.69,
2026-09-12T03:53:43.074492+00:00,201,78.8,
2026-09-12T03:53:43.086873+00:00,201,75.9,
2026-09-12T03:53:43.098272+00:00,201,75.43,
2026-09-12T03:53:43.107817+00:00,201,73.71,
2026-09-12T03:53:43.119204+00:00,201,70.83,
2026-09-12T03:53:43.130539+00:00,201,71.15,
2026-09-12T03:53:43.141765+00:00,201,85.17,
2026-09-12T03:53:43.152831+00:00,201,94.99,
2026-09-12T03:53:43.174571+00:00,201,78.85,
2026-09-12T03:53:43.164948+00:00,201,101.63,
2026-09-12T03:53:43.187098+00:00,201,80.91,
2026-09-12T03:53:43.198910+00:00,201,83.42,
2026-09-12T03:53:43.208265+00:00,201,81.63,
2026-09-12T03:53:43.219374+00:00,201,83.85,
2026-09-12T03:53:43.230644+00:00,201,83.2,
2026-09-12T03:53:43.241850+00:00,201,91.91,
2026-09-12T03:53:43.253394+00:00,201,85.14,
2026-09-12T03:53:43.264316+00:00,201,83.2,
2026-09-12T03:53:43.275588+00:00,201,81.65,
2026-09-12T03:53:43.287028+00:00,201,80.69,
2026-09-12T03:53:43.298194+00:00,201,79.05,
2026-09-12T03:53:43.307931+00:00,201,77.26,
2026-09-12T03:53:43.319271+00:00,201,76.83,
2026-09-12T03:53:43.330874+00:00,201,74.59,
2026-09-12T03:53:43.342713+00:00,201,74.38,
2026-09-12T03:53:43.353587+00:00,201,71.55,
2026-09-12T03:53:43.364688+00:00,201,69.32,
2026-09-12T03:53:43.374444+00:00,201,65.82,
2026-09-12T03:53:43.396910+00:00,201,64.32,
2026-09-12T03:53:43.385663+00:00,201,89.17,
2026-09-12T03:53:43.419525+00:00,201,64.61,
2026-09-12T03:53:43.430666+00:00,201,63.58,
2026-09-12T03:53:43.407976+00:00,201,87.33,
2026-09-12T03:53:43.441891+00:00,201,84.41,
2026-09-12T03:53:43.452980+00:00,201,87.65,
2026-09-12T03:53:43.463922+00:00,201,76.89,
2026-09-12T03:53:43.475088+00:00,201,66.33,
2026-09-12T03:53:43.485676+00:00,201,70.47,
2026-09-12T03:53:43.496822+00:00,201,71.3,
2026-09-12T03:53:43.508064+00:00,201,72.38,
2026-09-12T03:53:43.519128+00:00,201,70.32,
2026-09-12T03:53:43.530491+00:00,201,64.59,
2026-09-12T03:53:43.542223+00:00,201,69.82,
2026-09-12T03:53:43.553638+00:00,201,65.76,
2026-09-12T03:53:43.574678+00:00,201,61.0,
2026-09-12T03:53:43.564539+00:00,201,82.02,
2026-09-12T03:53:43.585733+00:00,201,62.07,
2026-09-12T03:53:43.608958+00:00,201,58.71,
2026-09-12T03:53:43.596876+00:00,201,79.81,
2026-09-12T03:53:43.619620+00:00,201,73.63,
2026-09-12T03:53:43.642188+00:00,201,57.92,
2026-09-12T03:53:43.630115+00:00,201,75.64,
2026-09-12T03:53:43.653338+00:00,201,70.97,
2026-09-12T03:53:43.664426+00:00,201,61.64,
2026-09-12T03:53:43.675753+00:00,201,91.73,
2026-09-12T03:53:43.697763+00:00,201,103.62,
2026-09-12T03:53:43.686690+00:00,201,114.95,
2026-09-12T03:53:43.720083+00:00,201,96.12,
2026-09-12T03:53:43.708830+00:00,201,116.38,
2026-09-12T03:53:43.732454+00:00,201,106.71,
2026-09-12T03:53:43.742022+00:00,201,108.67,
2026-09-12T03:53:43.754269+00:00,201,105.95,
2026-09-12T03:53:43.765558+00:00,201,102.81,
2026-09-12T03:53:43.775312+00:00,201,102.26,
2026-09-12T03:53:43.786407+00:00,201,92.59,
2026-09-12T03:53:43.797755+00:00,201,91.74,
2026-09-12T03:53:43.809090+00:00,201,94.39,
2026-09-12T03:53:43.820324+00:00,201,86.54,
2026-09-12T03:53:43.831333+00:00,201,81.86,
2026-09-12T03:53:43.842554+00:00,201,80.49,
2026-09-12T03:53:43.852641+00:00,201,78.2,
2026-09-12T03:53:43.864610+00:00,201,74.62,
2026-09-12T03:53:43.875460+00:00,201,76.37,
2026-09-12T03:53:43.887079+00:00,201,71.54,
2026-09-12T03:53:43.908991+00:00,201,64.03,
2026-09-12T03:53:43.897645+00:00,201,79.61,
2026-09-12T03:53:43.920100+00:00,201,64.5,
2026-09-12T03:53:43.930329+00:00,201,65.25,
2026-09-12T03:53:43.952668+00:00,201,60.85,
2026-09-12T03:53:43.941316+00:00,201,81.63,
2026-09-12T03:53:43.963689+00:00,201,70.99,
2026-09-12T03:53:43.974750+00:00,201,63.68,
2026-09-12T03:53:43.986744+00:00,201,63.03,
2026-09-12T03:53:44.009365+00:00,201,58.28,
2026-09-12T03:53:43.998130+00:00,201,82.68,
2026-09-12T03:53:44.019390+00:00,201,81.77,
2026-09-12T03:53:44.030378+00:00,201,87.45,
2026-09-12T03:53:44.042234+00:00,201,75.82,
2026-09-12T03:53:44.064818+00:00,201,67.21,
2026-09-12T03:53:44.053307+00:00,201,81.46,
2026-09-12T03:53:44.074762+00:00,201,66.98,
2026-09-12T03:53:44.085891+00:00,201,64.66,
2026-09-12T03:53:44.097510+00:00,201,64.54,
2026-09-12T03:53:44.120272+00:00,201,58.87,
2026-09-12T03:53:44.131016+00:00,201,62.71,
2026-09-12T03:53:44.108659+00:00,201,88.61,
2026-09-12T03:53:44.142037+00:00,201,64.81,
2026-09-12T03:53:44.153590+00:00,201,74.07,
2026-09-12T03:53:44.176010+00:00,201,64.61,
2026-09-12T03:53:44.164783+00:00,201,79.88,
2026-09-12T03:53:44.185781+00:00,201,63.76,
2026-09-12T03:53:44.198135+00:00,201,64.0,
2026-09-12T03:53:44.207857+00:00,201,63.82,
2026-09-12T03:53:44.230252+00:00,201,60.54,
2026-09-12T03:53:44.219066+00:00,201,82.89,
2026-09-12T03:53:44.242699+00:00,201,63.09,
2026-09-12T03:53:44.252612+00:00,201,62.13,
2026-09-12T03:53:44.264102+00:00,201,72.62,
2026-09-12T03:53:44.286274+00:00,201,62.59,
2026-09-12T03:53:44.275411+00:00,201,76.29,
2026-09-12T03:53:44.308888+00:00,201,58.53,
2026-09-12T03:53:44.297624+00:00,201,70.11,
2026-09-12T03:53:44.320255+00:00,201,80.51,
2026-09-12T03:53:44.330243+00:00,201,71.35,
2026-09-12T03:53:44.341615+00:00,201,63.14,
2026-09-12T03:53:44.364233+00:00,201,58.68,
2026-09-12T03:53:44.353190+00:00,201,81.74,
2026-09-12T03:53:44.375149+00:00,201,64.55,
2026-09-12T03:53:44.386454+00:00,201,64.48,
2026-09-12T03:53:44.397794+00:00,201,69.52,
2026-09-12T03:53:44.409285+00:00,201,63.41,
2026-09-12T03:53:44.420349+00:00,201,66.65,
2026-09-12T03:53:44.431492+00:00,201,64.48,
2026-09-12T03:53:44.442669+00:00,201,63.05,
2026-09-12T03:53:44.453936+00:00,201,63.54,
2026-09-12T03:53:44.464571+00:00,201,69.86,
2026-09-12T03:53:44.474550+00:00,201,65.99,
2026-09-12T03:53:44.485917+00:00,201,63.35,
2026-09-12T03:53:44.497749+00:00,201,63.87,
2026-09-12T03:53:44.509193+00:00,201,65.87,
2026-09-12T03:53:44.520403+00:00,201,65.54,
2026-09-12T03:53:44.530152+00:00,201,75.29,
2026-09-12T03:53:44.553079+00:00,201,64.96,
2026-09-12T03:53:44.541582+00:00,201,81.68,
2026-09-12T03:53:44.564448+00:00,201,73.54,
2026-09-12T03:53:44.574768+00:00,201,64.07,
2026-09-12T03:53:44.586758+00:00,201,61.72,
2026-09-12T03:53:44.609136+00:00,201,61.17,
2026-09-12T03:53:44.620462+00:00,201,61.28,
2026-09-12T03:53:44.598031+00:00,201,87.07,
2026-09-12T03:53:44.630343+00:00,201,69.53,
2026-09-12T03:53:44.641301+00:00,201,64.86,
2026-09-12T03:53:44.664201+00:00,201,59.39,
2026-09-12T03:53:44.652831+00:00,201,77.69,
2026-09-12T03:53:44.685911+00:00,201,59.89,
2026-09-12T03:53:44.674795+00:00,201,72.25,
2026-09-12T03:53:44.708265+00:00,201,63.48,
2026-09-12T03:53:44.697177+00:00,201,85.82,
2026-09-12T03:53:44.719453+00:00,201,65.37,
2026-09-12T03:53:44.730905+00:00,201,63.92,
2026-09-12T03:53:44.742719+00:00,201,64.86,
2026-09-12T03:53:44.752405+00:00,201,67.4,
2026-09-12T03:53:44.763983+00:00,201,63.52,
2026-09-12T03:53:44.775152+00:00,201,63.97,
2026-09-12T03:53:44.786357+00:00,201,61.78,
2026-09-12T03:53:44.797521+00:00,201,58.85,
2026-09-12T03:53:44.808525+00:00,201,60.73,
2026-09-12T03:53:44.820212+00:00,201,59.24,
2026-09-12T03:53:44.830852+00:00,201,56.41,
2026-09-12T03:53:44.842044+00:00,201,56.27,
2026-09-12T03:53:44.875150+00:00,201,53.86,
2026-09-12T03:53:44.864079+00:00,201,66.35,
2026-09-12T03:53:44.852907+00:00,201,79.15,
2026-09-12T03:53:44.885647+00:00,201,56.1,
2026-09-12T03:53:44.897391+00:00,201,81.74,
2026-09-12T03:53:44.909768+00:00,201,70.27,
2026-09-12T03:53:44.930718+00:00,201,54.25,
2026-09-12T03:53:44.919949+00:00,201,77.54,
2026-09-12T03:53:44.952710+00:00,201,61.2,
2026-09-12T03:53:44.942123+00:00,201,76.07,
2026-09-12T03:53:44.964025+00:00,201,60.49,
2026-09-12T03:53:44.975300+00:00,201,63.47,
2026-09-12T03:53:44.998086+00:00,201,59.06,
2026-09-12T03:53:44.986452+00:00,201,76.7,
2026-09-12T03:53:45.009385+00:00,201,60.04,
2026-09-12T03:53:45.030742+00:00,201,58.65,
2026-09-12T03:53:45.019109+00:00,201,78.17,
2026-09-12T03:53:45.064055+00:00,201,63.17,
2026-09-12T03:53:45.041919+00:00,201,86.64,
2026-09-12T03:53:45.053066+00:00,201,80.9,
2026-09-12T03:53:45.075946+00:00,201,63.83,
2026-09-12T03:53:45.086651+00:00,201,64.42,
2026-09-12T03:53:45.097910+00:00,201,63.21,
2026-09-12T03:53:45.108888+00:00,201,59.74,
2026-09-12T03:53:45.131413+00:00,201,58.04,
2026-09-12T03:53:45.120118+00:00,201,83.84,
2026-09-12T03:53:45.142430+00:00,201,80.87,
2026-09-12T03:53:45.164937+00:00,201,63.53,
2026-09-12T03:53:45.153602+00:00,201,89.07,
2026-09-12T03:53:45.175897+00:00,201,68.98,
2026-09-12T03:53:45.196842+00:00,201,66.39,
2026-09-12T03:53:45.185692+00:00,201,85.02,
2026-09-12T03:53:45.208080+00:00,201,67.41,
2026-09-12T03:53:45.219254+00:00,201,65.43,
2026-09-12T03:53:45.230331+00:00,201,62.1,
2026-09-12T03:53:45.242527+00:00,201,61.48,
2026-09-12T03:53:45.264080+00:00,201,60.81,
2026-09-12T03:53:45.252411+00:00,201,78.79,
2026-09-12T03:53:45.275370+00:00,201,61.63,
2026-09-12T03:53:45.286689+00:00,201,62.11,
2026-09-12T03:53:45.309349+00:00,201,63.66,
2026-09-12T03:53:45.298083+00:00,201,85.38,
2026-09-12T03:53:45.320318+00:00,201,64.68,
2026-09-12T03:53:45.331433+00:00,201,64.34,
2026-09-12T03:53:45.342717+00:00,201,64.03,
2026-09-12T03:53:45.352298+00:00,201,65.69,
2026-09-12T03:53:45.363840+00:00,201,62.29,
2026-09-12T03:53:45.374916+00:00,201,60.39,
2026-09-12T03:53:45.386027+00:00,201,60.46,
2026-09-12T03:53:45.397224+00:00,201,60.67,
2026-09-12T03:53:45.419813+00:00,201,57.14,
2026-09-12T03:53:45.431070+00:00,201,58.71,
2026-09-12T03:53:45.408535+00:00,201,81.51,
2026-09-12T03:53:45.453367+00:00,201,63.67,
2026-09-12T03:53:45.442236+00:00,201,82.43,
2026-09-12T03:53:45.464733+00:00,201,63.84,
2026-09-12T03:53:45.475943+00:00,201,63.04,
2026-09-12T03:53:45.486545+00:00,201,65.18,
2026-09-12T03:53:45.498128+00:00,201,69.78,
2026-09-12T03:53:45.519377+00:00,201,60.72,
2026-09-12T03:53:45.507918+00:00,201,73.98,
2026-09-12T03:53:45.530591+00:00,201,57.08,
2026-09-12T03:53:45.541616+00:00,201,58.92,
2026-09-12T03:53:45.564466+00:00,201,58.53,
2026-09-12T03:53:45.552959+00:00,201,75.63,
2026-09-12T03:53:45.575526+00:00,201,69.29,
2026-09-12T03:53:45.587403+00:00,201,58.55,
2026-09-12T03:53:45.598070+00:00,201,55.59,
2026-09-12T03:53:45.607976+00:00,201,55.19,
2026-09-12T03:53:45.619041+00:00,201,55.26,
2026-09-12T03:53:45.630446+00:00,201,52.38,
2026-09-12T03:53:45.663499+00:00,201,55.42,
2026-09-12T03:53:45.652668+00:00,201,71.41,
2026-09-12T03:53:45.641491+00:00,201,85.53,
2026-09-12T03:53:45.675993+00:00,201,60.2,
2026-09-12T03:53:45.698241+00:00,201,60.98,
2026-09-12T03:53:45.685467+00:00,201,74.22,
2026-09-12T03:53:45.709296+00:00,201,60.6,
2026-09-12T03:53:45.719077+00:00,201,57.07,
2026-09-12T03:53:45.731044+00:00,201,58.31,
2026-09-12T03:53:45.753545+00:00,201,53.46,
2026-09-12T03:53:45.742360+00:00,201,74.13,
2026-09-12T03:53:45.764883+00:00,201,53.52,
2026-09-12T03:53:45.785661+00:00,201,56.05,
2026-09-12T03:53:45.774654+00:00,201,74.41,
2026-09-12T03:53:45.796736+00:00,201,63.59,
2026-09-12T03:53:45.819562+00:00,201,52.34,
2026-09-12T03:53:45.808116+00:00,201,69.89,
2026-09-12T03:53:45.853205+00:00,201,54.32,
2026-09-12T03:53:45.842275+00:00,201,70.56,
2026-09-12T03:53:45.831450+00:00,201,81.62,
2026-09-12T03:53:45.864559+00:00,201,54.38,
2026-09-12T03:53:45.875194+00:00,201,60.81,
2026-09-12T03:53:45.897484+00:00,201,58.77,
2026-09-12T03:53:45.886219+00:00,201,78.06,
2026-09-12T03:53:45.908358+00:00,201,61.43,
2026-09-12T03:53:45.919856+00:00,201,76.83,
2026-09-12T03:53:45.942408+00:00,201,55.88,
2026-09-12T03:53:45.930823+00:00,201,81.33,
2026-09-12T03:53:45.953559+00:00,201,63.65,
2026-09-12T03:53:45.964592+00:00,201,63.03,
2026-09-12T03:53:45.975604+00:00,201,60.36,
2026-09-12T03:53:45.986710+00:00,201,61.14,
2026-09-12T03:53:45.998154+00:00,201,60.19,
2026-09-12T03:53:46.008324+00:00,201,59.22,
2026-09-12T03:53:46.019696+00:00,201,59.14,
2026-09-12T03:53:46.030683+00:00,201,58.18,
2026-09-12T03:53:46.041878+00:00,201,58.54,
2026-09-12T03:53:46.052603+00:00,201,58.97,
2026-09-12T03:53:46.063640+00:00,201,58.83,
2026-09-12T03:53:46.075987+00:00,201,61.84,
2026-09-12T03:53:46.086580+00:00,201,61.02,
2026-09-12T03:53:46.097960+00:00,201,58.56,
2026-09-12T03:53:46.108464+00:00,201,58.07,
2026-09-12T03:53:46.119722+00:00,201,56.91,
2026-09-12T03:53:46.130998+00:00,201,68.73,
2026-09-12T03:53:46.142028+00:00,201,62.15,
2026-09-12T03:53:46.153168+00:00,201,61.37,
2026-09-12T03:53:46.164083+00:00,201,62.31,
2026-09-12T03:53:46.175132+00:00,201,58.81,
2026-09-12T03:53:46.187778+00:00,201,58.25,
2026-09-12T03:53:46.197044+00:00,201,58.9,
2026-09-12T03:53:46.208336+00:00,201,57.42,
2026-09-12T03:53:46.219897+00:00,201,55.33,
2026-09-12T03:53:46.230961+00:00,201,57.36,
2026-09-12T03:53:46.241892+00:00,201,54.55,
2026-09-12T03:53:46.263596+00:00,201,53.38,
2026-09-12T03:53:46.253061+00:00,201,70.14,
2026-09-12T03:53:46.274951+00:00,201,53.76,
2026-09-12T03:53:46.285744+00:00,201,54.57,
2026-09-12T03:53:46.298281+00:00,201,54.46,
2026-09-12T03:53:46.320484+00:00,201,52.99,
2026-09-12T03:53:46.309207+00:00,201,72.66,
2026-09-12T03:53:46.331504+00:00,201,54.19,
2026-09-12T03:53:46.342365+00:00,201,55.01,
2026-09-12T03:53:46.363716+00:00,201,62.41,
2026-09-12T03:53:46.375606+00:00,201,55.97,
2026-09-12T03:53:46.353621+00:00,201,78.76,
2026-09-12T03:53:46.386783+00:00,201,58.7,
2026-09-12T03:53:46.397953+00:00,201,61.18,
2026-09-12T03:53:46.409213+00:00,201,58.71,
2026-09-12T03:53:46.420218+00:00,201,58.61,
2026-09-12T03:53:46.431596+00:00,201,60.66,
2026-09-12T03:53:46.453482+00:00,201,62.17,
2026-09-12T03:53:46.442095+00:00,201,80.86,
2026-09-12T03:53:46.464503+00:00,201,66.34,
2026-09-12T03:53:46.475264+00:00,201,68.92,
2026-09-12T03:53:46.486036+00:00,201,73.0,
2026-09-12T03:53:46.497424+00:00,201,71.02,
2026-09-12T03:53:46.508738+00:00,201,70.97,
2026-09-12T03:53:46.519988+00:00,201,69.63,
2026-09-12T03:53:46.530819+00:00,201,67.84,
2026-09-12T03:53:46.541489+00:00,201,71.79,
2026-09-12T03:53:46.552415+00:00,201,70.48,
2026-09-12T03:53:46.563842+00:00,201,69.8,
2026-09-12T03:53:46.575213+00:00,201,68.87,
2026-09-12T03:53:46.586954+00:00,201,74.0,
2026-09-12T03:53:46.596706+00:00,201,67.89,
2026-09-12T03:53:46.608947+00:00,201,70.93,
2026-09-12T03:53:46.619105+00:00,201,66.78,
2026-09-12T03:53:46.630791+00:00,201,69.06,
2026-09-12T03:53:46.641936+00:00,201,66.8,
2026-09-12T03:53:46.652553+00:00,201,68.59,
2026-09-12T03:53:46.663637+00:00,201,65.35,
2026-09-12T03:53:46.675024+00:00,201,72.41,
2026-09-12T03:53:46.697560+00:00,201,75.02,
2026-09-12T03:53:46.686181+00:00,201,98.79,
2026-09-12T03:53:46.719146+00:00,201,83.32,
2026-09-12T03:53:46.707852+00:00,201,99.72,
2026-09-12T03:53:46.730783+00:00,201,86.0,
2026-09-12T03:53:46.742003+00:00,201,91.68,
2026-09-12T03:53:46.752352+00:00,201,89.66,
2026-09-12T03:53:46.764849+00:00,201,88.26,
2026-09-12T03:53:46.774962+00:00,201,86.27,
2026-09-12T03:53:46.786127+00:00,201,81.21,
2026-09-12T03:53:46.797429+00:00,201,79.44,
2026-09-12T03:53:46.808411+00:00,201,78.99,
2026-09-12T03:53:46.819311+00:00,201,77.91,
2026-09-12T03:53:46.830405+00:00,201,71.83,
2026-09-12T03:53:46.842220+00:00,201,74.38,
2026-09-12T03:53:46.853087+00:00,201,72.25,
2026-09-12T03:53:46.864769+00:00,201,69.05,
2026-09-12T03:53:46.876044+00:00,201,69.03,
2026-09-12T03:53:46.887027+00:00,201,70.59,
2026-09-12T03:53:46.896903+00:00,201,66.35,
2026-09-12T03:53:46.907832+00:00,201,64.91,
2026-09-12T03:53:46.920393+00:00,201,63.88,
2026-09-12T03:53:46.930183+00:00,201,62.59,
2026-09-12T03:53:46.941755+00:00,201,60.65,
2026-09-12T03:53:46.964057+00:00,201,65.33,
2026-09-12T03:53:46.953088+00:00,201,80.43,
2026-09-12T03:53:46.975512+00:00,201,72.25,
2026-09-12T03:53:46.986841+00:00,201,81.44,
2026-09-12T03:53:47.008707+00:00,201,59.77,
2026-09-12T03:53:46.997804+00:00,201,96.96,
2026-09-12T03:53:47.031079+00:00,201,90.56,
2026-09-12T03:53:47.019758+00:00,201,113.3,
2026-09-12T03:53:47.042093+00:00,201,109.48,
2026-09-12T03:53:47.053529+00:00,201,124.16,
2026-09-12T03:53:47.079019+00:00,201,101.88,
2026-09-12T03:53:47.086790+00:00,201,100.01,
2026-09-12T03:53:47.063761+00:00,201,126.8,
2026-09-12T03:53:47.108677+00:00,201,90.36,
2026-09-12T03:53:47.097392+00:00,201,111.88,
2026-09-12T03:53:47.120092+00:00,201,91.2,
2026-09-12T03:53:47.131461+00:00,201,89.94,
2026-09-12T03:53:47.142044+00:00,201,87.31,
2026-09-12T03:53:47.152784+00:00,201,84.39,
2026-09-12T03:53:47.174912+00:00,201,74.48,
2026-09-12T03:53:47.163672+00:00,201,98.16,
2026-09-12T03:53:47.187542+00:00,201,74.86,
2026-09-12T03:53:47.197004+00:00,201,76.8,
2026-09-12T03:53:47.208045+00:00,201,74.03,
2026-09-12T03:53:47.219004+00:00,201,74.55,
2026-09-12T03:53:47.230500+00:00,201,70.52,
2026-09-12T03:53:47.242372+00:00,201,72.16,
2026-09-12T03:53:47.253675+00:00,201,71.32,
2026-09-12T03:53:47.264427+00:00,201,68.82,
2026-09-12T03:53:47.287015+00:00,201,63.76,
2026-09-12T03:53:47.274920+00:00,201,80.89,
2026-09-12T03:53:47.298097+00:00,201,68.85,
2026-09-12T03:53:47.308384+00:00,201,65.87,
2026-09-12T03:53:47.330755+00:00,201,64.51,
2026-09-12T03:53:47.319745+00:00,201,80.48,
2026-09-12T03:53:47.342199+00:00,201,72.45,
2026-09-12T03:53:47.353745+00:00,201,64.5,
2026-09-12T03:53:47.364231+00:00,201,64.58,
2026-09-12T03:53:47.375065+00:00,201,66.62,
2026-09-12T03:53:47.387054+00:00,201,64.55,
2026-09-12T03:53:47.397425+00:00,201,64.94,
2026-09-12T03:53:47.408666+00:00,201,63.44,
2026-09-12T03:53:47.419829+00:00,201,63.49,
2026-09-12T03:53:47.431206+00:00,201,60.93,
2026-09-12T03:53:47.442256+00:00,201,59.84,
2026-09-12T03:53:47.464427+00:00,201,54.74,
2026-09-12T03:53:47.453425+00:00,201,80.71,
2026-09-12T03:53:47.475618+00:00,201,75.13,
2026-09-12T03:53:47.486429+00:00,201,77.9,
2026-09-12T03:53:47.497416+00:00,201,67.5,
2026-09-12T03:53:47.508591+00:00,201,75.56,
2026-09-12T03:53:47.531055+00:00,201,60.47,
2026-09-12T03:53:47.519765+00:00,201,82.21,
2026-09-12T03:53:47.542238+00:00,201,77.47,
2026-09-12T03:53:47.564996+00:00,201,65.01,
2026-09-12T03:53:47.575425+00:00,201,65.43,
2026-09-12T03:53:47.553445+00:00,201,89.82,
2026-09-12T03:53:47.586629+00:00,201,69.74,
2026-09-12T03:53:47.597562+00:00,201,65.45,
2026-09-12T03:53:47.608862+00:00,201,66.01,
2026-09-12T03:53:47.619482+00:00,201,65.87,
2026-09-12T03:53:47.630964+00:00,201,66.22,
2026-09-12T03:53:47.642394+00:00,201,64.52,
2026-09-12T03:53:47.654715+00:00,201,65.36,
2026-09-12T03:53:47.663931+00:00,201,61.7,
2026-09-12T03:53:47.675061+00:00,201,59.05,
2026-09-12T03:53:47.686799+00:00,201,58.61,
2026-09-12T03:53:47.697988+00:00,201,56.4,
2026-09-12T03:53:47.708944+00:00,201,56.73,
2026-09-12T03:53:47.731535+00:00,201,54.88,
2026-09-12T03:53:47.720403+00:00,201,78.04,
2026-09-12T03:53:47.742514+00:00,201,57.58,
2026-09-12T03:53:47.753408+00:00,201,57.93,
2026-09-12T03:53:47.764650+00:00,201,58.07,
2026-09-12T03:53:47.775642+00:00,201,59.66,
2026-09-12T03:53:47.786746+00:00,201,60.01,
2026-09-12T03:53:47.798134+00:00,201,58.58,
2026-09-12T03:53:47.808748+00:00,201,58.09,
2026-09-12T03:53:47.831293+00:00,201,54.05,
2026-09-12T03:53:47.820100+00:00,201,75.14,
2026-09-12T03:53:47.842113+00:00,201,59.7,
2026-09-12T03:53:47.853503+00:00,201,58.87,
2026-09-12T03:53:47.864535+00:00,201,61.78,
2026-09-12T03:53:47.875541+00:00,201,58.0,
2026-09-12T03:53:47.886527+00:00,201,57.75,
2026-09-12T03:53:47.897895+00:00,201,58.13,
2026-09-12T03:53:47.908673+00:00,201,59.71,
2026-09-12T03:53:47.919733+00:00,201,59.52,
2026-09-12T03:53:47.931024+00:00,201,59.36,
2026-09-12T03:53:47.942142+00:00,201,55.22,
2026-09-12T03:53:47.953008+00:00,201,62.67,
2026-09-12T03:53:47.975064+00:00,201,61.54,
2026-09-12T03:53:47.964057+00:00,201,73.46,
2026-09-12T03:53:47.986556+00:00,201,63.2,
2026-09-12T03:53:47.997548+00:00,201,59.64,
2026-09-12T03:53:48.008748+00:00,201,57.51,
2026-09-12T03:53:48.019884+00:00,201,56.23,
2026-09-12T03:53:48.030487+00:00,201,61.87,
2026-09-12T03:53:48.041439+00:00,201,53.92,
2026-09-12T03:53:48.063765+00:00,201,53.72,
2026-09-12T03:53:48.075764+00:00,201,52.07,
2026-09-12T03:53:48.052478+00:00,201,76.44,
2026-09-12T03:53:48.086505+00:00,201,50.73,
2026-09-12T03:53:48.108468+00:00,201,52.02,
2026-09-12T03:53:48.097609+00:00,201,75.31,
2026-09-12T03:53:48.130758+00:00,201,58.73,
2026-09-12T03:53:48.119398+00:00,201,74.44,
2026-09-12T03:53:48.152921+00:00,201,62.52,
2026-09-12T03:53:48.164079+00:00,201,63.39,
2026-09-12T03:53:48.142153+00:00,201,86.15,
2026-09-12T03:53:48.174545+00:00,201,61.65,
2026-09-12T03:53:48.187028+00:00,201,63.89,
2026-09-12T03:53:48.198006+00:00,201,64.1,
2026-09-12T03:53:48.209345+00:00,201,60.05,
2026-09-12T03:53:48.220315+00:00,201,60.43,
2026-09-12T03:53:48.230036+00:00,201,56.67,
2026-09-12T03:53:48.242264+00:00,201,54.33,
2026-09-12T03:53:48.253410+00:00,201,54.69,
2026-09-12T03:53:48.264732+00:00,201,53.12,
2026-09-12T03:53:48.286484+00:00,201,53.48,
2026-09-12T03:53:48.275909+00:00,201,69.32,
2026-09-12T03:53:48.297683+00:00,201,53.66,
2026-09-12T03:53:48.320353+00:00,201,53.93,
2026-09-12T03:53:48.308795+00:00,201,70.83,
2026-09-12T03:53:48.330045+00:00,201,55.1,
2026-09-12T03:53:48.342457+00:00,201,54.57,
2026-09-12T03:53:48.353370+00:00,201,55.51,
2026-09-12T03:53:48.364491+00:00,201,56.87,
2026-09-12T03:53:48.375385+00:00,201,56.79,
2026-09-12T03:53:48.386283+00:00,201,64.44,
2026-09-12T03:53:48.397336+00:00,201,70.83,
2026-09-12T03:53:48.408482+00:00,201,66.5,
2026-09-12T03:53:48.419496+00:00,201,70.21,
2026-09-12T03:53:48.430387+00:00,201,63.84,
2026-09-12T03:53:48.441647+00:00,201,69.23,
2026-09-12T03:53:48.452509+00:00,201,64.02,
2026-09-12T03:53:48.464874+00:00,201,63.59,
2026-09-12T03:53:48.474673+00:00,201,59.05,
2026-09-12T03:53:48.486904+00:00,201,59.84,
2026-09-12T03:53:48.497928+00:00,201,58.96,
2026-09-12T03:53:48.509183+00:00,201,59.28,
2026-09-12T03:53:48.519030+00:00,201,56.35,
2026-09-12T03:53:48.530189+00:00,201,58.77,
2026-09-12T03:53:48.541481+00:00,201,53.25,
2026-09-12T03:53:48.552643+00:00,201,53.1,
2026-09-12T03:53:48.563770+00:00,201,51.77,
2026-09-12T03:53:48.586301+00:00,201,53.18,
2026-09-12T03:53:48.574844+00:00,201,73.77,
2026-09-12T03:53:48.597339+00:00,201,52.66,
2026-09-12T03:53:48.608323+00:00,201,53.01,
2026-09-12T03:53:48.619422+00:00,201,56.6,
2026-09-12T03:53:48.641666+00:00,201,58.52,
2026-09-12T03:53:48.630649+00:00,201,69.75,
2026-09-12T03:53:48.652678+00:00,201,56.09,
2026-09-12T03:53:48.675687+00:00,201,55.25,
2026-09-12T03:53:48.663894+00:00,201,76.53,
2026-09-12T03:53:48.686315+00:00,201,54.29,
2026-09-12T03:53:48.697800+00:00,201,54.07,
2026-09-12T03:53:48.720047+00:00,201,53.34,
2026-09-12T03:53:48.731329+00:00,201,52.83,
2026-09-12T03:53:48.708973+00:00,201,77.36,
2026-09-12T03:53:48.742585+00:00,201,56.31,
2026-09-12T03:53:48.753410+00:00,201,54.84,
2026-09-12T03:53:48.764609+00:00,201,57.8,
2026-09-12T03:53:48.775908+00:00,201,56.66,
2026-09-12T03:53:48.786848+00:00,201,56.09,
2026-09-12T03:53:48.797941+00:00,201,56.22,
2026-09-12T03:53:48.808548+00:00,201,54.98,
2026-09-12T03:53:48.819688+00:00,201,54.95,
2026-09-12T03:53:48.830719+00:00,201,56.71,
2026-09-12T03:53:48.842266+00:00,201,56.81,
2026-09-12T03:53:48.853091+00:00,201,53.94,
2026-09-12T03:53:48.864016+00:00,201,53.66,
2026-09-12T03:53:48.874926+00:00,201,60.66,
2026-09-12T03:53:48.887230+00:00,201,64.62,
2026-09-12T03:53:48.898088+00:00,201,66.51,
2026-09-12T03:53:48.920420+00:00,201,61.54,
2026-09-12T03:53:48.909288+00:00,201,77.74,
2026-09-12T03:53:48.941230+00:00,201,62.4,
2026-09-12T03:53:48.930135+00:00,201,87.42,
2026-09-12T03:53:48.963839+00:00,201,63.49,
2026-09-12T03:53:48.952618+00:00,201,81.38,
2026-09-12T03:53:48.974714+00:00,201,65.32,
2026-09-12T03:53:48.986020+00:00,201,62.8,
2026-09-12T03:53:48.996888+00:00,201,63.12,
2026-09-12T03:53:49.007869+00:00,201,62.34,
2026-09-12T03:53:49.019304+00:00,201,61.77,
2026-09-12T03:53:49.030789+00:00,201,59.18,
2026-09-12T03:53:49.042078+00:00,201,56.09,
2026-09-12T03:53:49.052994+00:00,201,57.81,
2026-09-12T03:53:49.075173+00:00,201,55.02,
2026-09-12T03:53:49.064290+00:00,201,72.11,
2026-09-12T03:53:49.086160+00:00,201,55.04,
2026-09-12T03:53:49.097268+00:00,201,54.9,
2026-09-12T03:53:49.108415+00:00,201,53.07,
2026-09-12T03:53:49.130653+00:00,201,58.67,
2026-09-12T03:53:49.141933+00:00,201,60.76,
2026-09-12T03:53:49.119614+00:00,201,87.09,
2026-09-12T03:53:49.153165+00:00,201,63.93,
2026-09-12T03:53:49.164091+00:00,201,62.56,
2026-09-12T03:53:49.176752+00:00,201,60.24,
2026-09-12T03:53:49.185988+00:00,201,57.53,
2026-09-12T03:53:49.197223+00:00,201,55.41,
2026-09-12T03:53:49.219889+00:00,201,52.32,
2026-09-12T03:53:49.208187+00:00,201,66.64,
2026-09-12T03:53:49.252730+00:00,201,54.44,
2026-09-12T03:53:49.231575+00:00,201,80.46,
2026-09-12T03:53:49.243193+00:00,201,70.65,
2026-09-12T03:53:49.263794+00:00,201,57.07,
2026-09-12T03:53:49.275096+00:00,201,60.24,
2026-09-12T03:53:49.285625+00:00,201,59.75,
2026-09-12T03:53:49.296986+00:00,201,57.66,
2026-09-12T03:53:49.308080+00:00,201,56.57,
2026-09-12T03:53:49.330361+00:00,201,57.08,
2026-09-12T03:53:49.319178+00:00,201,76.59,
2026-09-12T03:53:49.341616+00:00,201,61.22,
2026-09-12T03:53:49.352623+00:00,201,64.38,
2026-09-12T03:53:49.363810+00:00,201,58.78,
2026-09-12T03:53:49.374763+00:00,201,58.31,
2026-09-12T03:53:49.386188+00:00,201,56.75,
2026-09-12T03:53:49.409155+00:00,201,55.42,
2026-09-12T03:53:49.397495+00:00,201,72.75,
2026-09-12T03:53:49.420299+00:00,201,58.61,
2026-09-12T03:53:49.430406+00:00,201,55.67,
2026-09-12T03:53:49.441613+00:00,201,57.88,
2026-09-12T03:53:49.453623+00:00,201,57.46,
2026-09-12T03:53:49.464912+00:00,201,57.91,
2026-09-12T03:53:49.475608+00:00,201,54.0,
2026-09-12T03:53:49.486397+00:00,201,55.34,
2026-09-12T03:53:49.497226+00:00,201,55.87,
2026-09-12T03:53:49.508948+00:00,201,58.11,
2026-09-12T03:53:49.520128+00:00,201,55.3,
2026-09-12T03:53:49.531596+00:00,201,57.78,
2026-09-12T03:53:49.552280+00:00,201,54.03,
2026-09-12T03:53:49.542529+00:00,201,65.02,
2026-09-12T03:53:49.563853+00:00,201,52.44,
2026-09-12T03:53:49.575097+00:00,201,66.01,
2026-09-12T03:53:49.586475+00:00,201,56.05,
2026-09-12T03:53:49.608877+00:00,201,52.34,
2026-09-12T03:53:49.597686+00:00,201,74.74,
2026-09-12T03:53:49.631495+00:00,201,58.1,
2026-09-12T03:53:49.620542+00:00,201,69.98,
2026-09-12T03:53:49.642404+00:00,201,59.09,
2026-09-12T03:53:49.653546+00:00,201,60.05,
2026-09-12T03:53:49.664577+00:00,201,58.66,
2026-09-12T03:53:49.675885+00:00,201,58.75,
2026-09-12T03:53:49.687097+00:00,201,57.4,
2026-09-12T03:53:49.697652+00:00,201,58.27,
2026-09-12T03:53:49.708967+00:00,201,60.1,
2026-09-12T03:53:49.720107+00:00,201,58.11,
2026-09-12T03:53:49.731597+00:00,201,56.77,
2026-09-12T03:53:49.741959+00:00,201,54.81,
2026-09-12T03:53:49.753038+00:00,201,57.67,
2026-09-12T03:53:49.764070+00:00,201,65.04,
2026-09-12T03:53:49.774788+00:00,201,54.93,
2026-09-12T03:53:49.785777+00:00,201,55.35,
2026-09-12T03:53:49.797110+00:00,201,55.33,
2026-09-12T03:53:49.808367+00:00,201,54.5,
2026-09-12T03:53:49.830909+00:00,201,51.59,
2026-09-12T03:53:49.819618+00:00,201,69.83,
2026-09-12T03:53:49.842463+00:00,201,51.04,
2026-09-12T03:53:49.864023+00:00,201,53.71,
2026-09-12T03:53:49.853848+00:00,201,72.74,
2026-09-12T03:53:49.874890+00:00,201,52.33,
2026-09-12T03:53:49.885778+00:00,201,58.61,
2026-09-12T03:53:49.896849+00:00,201,58.1,
2026-09-12T03:53:49.909384+00:00,201,55.75,
2026-09-12T03:53:49.920223+00:00,201,54.0,
2026-09-12T03:53:49.931368+00:00,201,53.09,
2026-09-12T03:53:49.942708+00:00,201,56.52,
2026-09-12T03:53:49.952330+00:00,201,56.97,
2026-09-12T03:53:49.964856+00:00,201,57.12,
2026-09-12T03:53:49.974538+00:00,201,54.66,
2026-09-12T03:53:49.985890+00:00,201,53.54,
2026-09-12T03:53:49.996994+00:00,201,58.35,
2026-09-12T03:53:50.008385+00:00,201,57.4,
2026-09-12T03:53:50.019740+00:00,201,56.03,
2026-09-12T03:53:50.031250+00:00,201,54.27,
2026-09-12T03:53:50.052918+00:00,201,53.6,
2026-09-12T03:53:50.042772+00:00,201,70.05,
2026-09-12T03:53:50.063777+00:00,201,55.63,
2026-09-12T03:53:50.074852+00:00,201,55.98,
2026-09-12T03:53:50.085972+00:00,201,59.31,
2026-09-12T03:53:50.097895+00:00,201,53.75,
2026-09-12T03:53:50.108849+00:00,201,53.44,
2026-09-12T03:53:50.119463+00:00,201,55.59,
2026-09-12T03:53:50.130864+00:00,201,53.75,
2026-09-12T03:53:50.141228+00:00,201,85.17,
2026-09-12T03:53:50.163433+00:00,201,63.67,
2026-09-12T03:53:50.153829+00:00,201,74.22,
2026-09-12T03:53:50.175875+00:00,201,63.6,
2026-09-12T03:53:50.187166+00:00,201,63.36,
2026-09-12T03:53:50.196884+00:00,201,66.44,
2026-09-12T03:53:50.208330+00:00,201,63.82,
2026-09-12T03:53:50.219331+00:00,201,65.28,
2026-09-12T03:53:50.230608+00:00,201,64.57,
2026-09-12T03:53:50.242092+00:00,201,62.03,
2026-09-12T03:53:50.252517+00:00,201,67.93,
2026-09-12T03:53:50.264776+00:00,201,90.32,
2026-09-12T03:53:50.274656+00:00,201,82.37,
2026-09-12T03:53:50.296913+00:00,201,88.52,
2026-09-12T03:53:50.308101+00:00,201,92.42,
2026-09-12T03:53:50.287278+00:00,201,116.74,
2026-09-12T03:53:50.324223+00:00,201,95.37,
2026-09-12T03:53:50.330881+00:00,201,103.23,
2026-09-12T03:53:50.342596+00:00,201,101.11,
2026-09-12T03:53:50.352804+00:00,201,103.85,
2026-09-12T03:53:50.364631+00:00,201,100.92,
2026-09-12T03:53:50.374304+00:00,201,105.53,
2026-09-12T03:53:50.386009+00:00,201,104.17,
2026-09-12T03:53:50.397031+00:00,201,103.44,
2026-09-12T03:53:50.408688+00:00,201,103.05,
2026-09-12T03:53:50.419869+00:00,201,114.41,
2026-09-12T03:53:50.431393+00:00,201,109.56,
2026-09-12T03:53:50.442561+00:00,201,109.36,
2026-09-12T03:53:50.452456+00:00,201,112.69,
2026-09-12T03:53:50.463394+00:00,201,111.13,
2026-09-12T03:53:50.474802+00:00,201,114.8,
2026-09-12T03:53:50.485839+00:00,201,111.73,
2026-09-12T03:53:50.496927+00:00,201,117.0,
2026-09-12T03:53:50.508150+00:00,201,114.11,
2026-09-12T03:53:50.520164+00:00,201,109.73,
2026-09-12T03:53:50.531069+00:00,201,113.93,
2026-09-12T03:53:50.542203+00:00,201,114.57,
2026-09-12T03:53:50.552875+00:00,201,114.26,
2026-09-12T03:53:50.564605+00:00,201,107.95,
2026-09-12T03:53:50.575515+00:00,201,111.91,
2026-09-12T03:53:50.586855+00:00,201,130.47,
2026-09-12T03:53:50.607871+00:00,201,116.12,
2026-09-12T03:53:50.598114+00:00,201,133.14,
2026-09-12T03:53:50.619215+00:00,201,115.6,
2026-09-12T03:53:50.630985+00:00,201,113.78,
2026-09-12T03:53:50.642091+00:00,201,114.61,
2026-09-12T03:53:50.653359+00:00,201,108.61,
2026-09-12T03:53:50.664246+00:00,201,111.57,
2026-09-12T03:53:50.675793+00:00,201,103.68,
2026-09-12T03:53:50.687139+00:00,201,102.39,
2026-09-12T03:53:50.708424+00:00,201,97.95,
2026-09-12T03:53:50.696983+00:00,201,119.23,
2026-09-12T03:53:50.719539+00:00,201,101.39,
2026-09-12T03:53:50.731565+00:00,201,103.24,
2026-09-12T03:53:50.741343+00:00,201,104.42,
2026-09-12T03:53:50.752274+00:00,201,118.3,
2026-09-12T03:53:50.763516+00:00,201,117.05,
2026-09-12T03:53:50.775702+00:00,201,132.81,
2026-09-12T03:53:50.786889+00:00,201,151.24,
2026-09-12T03:53:50.798234+00:00,201,153.65,
2026-09-12T03:53:50.809014+00:00,201,159.38,
2026-09-12T03:53:50.819797+00:00,201,165.39,
2026-09-12T03:53:50.831502+00:00,201,169.44,
2026-09-12T03:53:50.842219+00:00,201,174.25,
2026-09-12T03:53:50.852471+00:00,201,177.05,
2026-09-12T03:53:50.863482+00:00,201,177.61,
2026-09-12T03:53:50.875070+00:00,201,177.08,
2026-09-12T03:53:50.885893+00:00,201,178.53,
2026-09-12T03:53:50.897141+00:00,201,174.46,
2026-09-12T03:53:50.909021+00:00,201,171.05,
2026-09-12T03:53:50.919401+00:00,201,170.58,
2026-09-12T03:53:50.930734+00:00,201,173.08,
2026-09-12T03:53:50.952854+00:00,201,168.48,
2026-09-12T03:53:50.941798+00:00,201,187.67,
2026-09-12T03:53:50.964779+00:00,201,169.09,
2026-09-12T03:53:50.985775+00:00,201,158.94,
2026-09-12T03:53:50.974653+00:00,201,172.91,
2026-09-12T03:53:50.997354+00:00,201,160.81,
2026-09-12T03:53:51.007922+00:00,201,152.31,
2026-09-12T03:53:51.030572+00:00,201,149.78,
2026-09-12T03:53:51.019517+00:00,201,171.1,
2026-09-12T03:53:51.041347+00:00,201,153.0,
2026-09-12T03:53:51.052521+00:00,201,149.11,
2026-09-12T03:53:51.064059+00:00,201,147.68,
2026-09-12T03:53:51.074671+00:00,201,157.82,
2026-09-12T03:53:51.098173+00:00,201,147.88,
2026-09-12T03:53:51.085740+00:00,201,162.72,
2026-09-12T03:53:51.120488+00:00,201,143.5,
2026-09-12T03:53:51.109319+00:00,201,157.77,
2026-09-12T03:53:51.130267+00:00,201,148.02,
2026-09-12T03:53:51.141779+00:00,201,158.17,
2026-09-12T03:53:51.152792+00:00,201,158.92,
2026-09-12T03:53:51.164189+00:00,201,172.26,
2026-09-12T03:53:51.174554+00:00,201,172.49,
2026-09-12T03:53:51.186492+00:00,201,176.61,
2026-09-12T03:53:51.198012+00:00,201,176.8,
2026-09-12T03:53:51.208812+00:00,201,192.14,
2026-09-12T03:53:51.220031+00:00,201,190.71,
2026-09-12T03:53:51.231311+00:00,201,194.56,
2026-09-12T03:53:51.241335+00:00,201,197.14,
2026-09-12T03:53:51.252584+00:00,201,188.72,
2026-09-12T03:53:51.264032+00:00,201,203.22,
2026-09-12T03:53:51.275608+00:00,201,203.35,
2026-09-12T03:53:51.286263+00:00,201,203.54,
2026-09-12T03:53:51.297097+00:00,201,200.37,
2026-09-12T03:53:51.308278+00:00,201,194.13,
2026-09-12T03:53:51.330655+00:00,201,191.29,
2026-09-12T03:53:51.319999+00:00,201,206.85,
2026-09-12T03:53:51.342208+00:00,201,189.06,
2026-09-12T03:53:51.353776+00:00,201,188.92,
2026-09-12T03:53:51.375299+00:00,201,181.67,
2026-09-12T03:53:51.364581+00:00,201,201.88,
2026-09-12T03:53:51.386088+00:00,201,183.69,
2026-09-12T03:53:51.398231+00:00,201,182.33,
2026-09-12T03:53:51.408196+00:00,201,177.29,
2026-09-12T03:53:51.420098+00:00,201,171.16,
2026-09-12T03:53:51.431007+00:00,201,171.23,
2026-09-12T03:53:51.442250+00:00,201,169.08,
2026-09-12T03:53:51.453917+00:00,201,159.47,
2026-09-12T03:53:51.464075+00:00,201,162.67,
2026-09-12T03:53:51.475835+00:00,201,157.76,
2026-09-12T03:53:51.487095+00:00,201,155.67,
2026-09-12T03:53:51.498223+00:00,201,155.64,
2026-09-12T03:53:51.519354+00:00,201,144.45,
2026-09-12T03:53:51.508052+00:00,201,167.22,
2026-09-12T03:53:51.530744+00:00,201,146.29,
2026-09-12T03:53:51.553794+00:00,201,146.11,
2026-09-12T03:53:51.542395+00:00,201,160.28,
2026-09-12T03:53:51.574712+00:00,201,138.11,
2026-09-12T03:53:51.563446+00:00,201,150.45,
2026-09-12T03:53:51.598113+00:00,201,135.77,
2026-09-12T03:53:51.585670+00:00,201,158.99,
2026-09-12T03:53:51.619150+00:00,201,130.95,
2026-09-12T03:53:51.607829+00:00,201,146.05,
2026-09-12T03:53:51.630566+00:00,201,133.16,
2026-09-12T03:53:51.642526+00:00,201,130.26,
2026-09-12T03:53:51.653136+00:00,201,129.06,
2026-09-12T03:53:51.664432+00:00,201,140.86,
2026-09-12T03:53:51.675839+00:00,201,131.0,
2026-09-12T03:53:51.686800+00:00,201,123.66,
2026-09-12T03:53:51.697090+00:00,201,122.81,
2026-09-12T03:53:51.708637+00:00,201,119.48,
2026-09-12T03:53:51.720435+00:00,201,114.11,
2026-09-12T03:53:51.730963+00:00,201,109.61,
2026-09-12T03:53:51.742061+00:00,201,109.09,
2026-09-12T03:53:51.753242+00:00,201,107.9,
2026-09-12T03:53:51.764366+00:00,201,104.3,
2026-09-12T03:53:51.786225+00:00,201,97.05,
2026-09-12T03:53:51.775199+00:00,201,110.63,
2026-09-12T03:53:51.807764+00:00,201,89.41,
2026-09-12T03:53:51.797544+00:00,201,103.21,
2026-09-12T03:53:51.820487+00:00,201,89.28,
2026-09-12T03:53:51.831573+00:00,201,81.68,
2026-09-12T03:53:51.841664+00:00,201,81.99,
2026-09-12T03:53:51.863652+00:00,201,80.84,
2026-09-12T03:53:51.852856+00:00,201,100.56,
2026-09-12T03:53:51.874988+00:00,201,81.01,
2026-09-12T03:53:51.886144+00:00,201,80.91,
2026-09-12T03:53:51.897663+00:00,201,83.4,
2026-09-12T03:53:51.909234+00:00,201,75.31,
2026-09-12T03:53:51.918945+00:00,201,75.95,
2026-09-12T03:53:51.930067+00:00,201,72.44,
2026-09-12T03:53:51.941330+00:00,201,72.92,
2026-09-12T03:53:51.952708+00:00,201,72.24,
2026-09-12T03:53:51.964260+00:00,201,80.13,
2026-09-12T03:53:51.975454+00:00,201,81.72,
2026-09-12T03:53:51.986469+00:00,201,80.82,
2026-09-12T03:53:51.997570+00:00,201,79.54,
2026-09-12T03:53:52.008916+00:00,201,80.27,
2026-09-12T03:53:52.019682+00:00,201,76.51,
2026-09-12T03:53:52.030445+00:00,201,78.07,
2026-09-12T03:53:52.041631+00:00,201,74.38,
2026-09-12T03:53:52.053705+00:00,201,73.04,
2026-09-12T03:53:52.063909+00:00,201,74.1,
2026-09-12T03:53:52.074983+00:00,201,75.0,
2026-09-12T03:53:52.086205+00:00,201,71.95,
2026-09-12T03:53:52.097221+00:00,201,76.54,
2026-09-12T03:53:52.108560+00:00,201,70.99,
2026-09-12T03:53:52.119438+00:00,201,71.34,
2026-09-12T03:53:52.130625+00:00,201,70.2,
2026-09-12T03:53:52.142216+00:00,201,69.98,
2026-09-12T03:53:52.166029+00:00,201,67.37,
2026-09-12T03:53:52.175639+00:00,201,69.23,
2026-09-12T03:53:52.153607+00:00,201,94.09,
2026-09-12T03:53:52.186625+00:00,201,72.4,
2026-09-12T03:53:52.198029+00:00,201,80.22,
2026-09-12T03:53:52.209328+00:00,201,81.94,
2026-09-12T03:53:52.219080+00:00,201,81.8,
2026-09-12T03:53:52.230667+00:00,201,83.15,
2026-09-12T03:53:52.241260+00:00,201,84.34,
2026-09-12T03:53:52.253209+00:00,201,80.77,
2026-09-12T03:53:52.263535+00:00,201,79.13,
2026-09-12T03:53:52.275194+00:00,201,72.91,
2026-09-12T03:53:52.296826+00:00,201,71.06,
2026-09-12T03:53:52.287165+00:00,201,87.02,
2026-09-12T03:53:52.308992+00:00,201,71.93,
2026-09-12T03:53:52.331085+00:00,201,73.58,
2026-09-12T03:53:52.320388+00:00,201,85.09,
2026-09-12T03:53:52.342778+00:00,201,73.9,
2026-09-12T03:53:52.353312+00:00,201,74.49,
2026-09-12T03:53:52.364611+00:00,201,75.67,
2026-09-12T03:53:52.375820+00:00,201,70.06,
2026-09-12T03:53:52.385913+00:00,201,70.0,
2026-09-12T03:53:52.397219+00:00,201,70.05,
2026-09-12T03:53:52.408335+00:00,201,63.69,
2026-09-12T03:53:52.430407+00:00,201,63.69,
2026-09-12T03:53:52.419401+00:00,201,91.05,
2026-09-12T03:53:52.452841+00:00,201,63.78,
2026-09-12T03:53:52.441476+00:00,201,82.74,
2026-09-12T03:53:52.464144+00:00,201,66.71,
2026-09-12T03:53:52.475365+00:00,201,66.91,
2026-09-12T03:53:52.486643+00:00,201,67.09,
2026-09-12T03:53:52.497285+00:00,201,66.99,
2026-09-12T03:53:52.509015+00:00,201,65.25,
2026-09-12T03:53:52.520502+00:00,201,61.82,
2026-09-12T03:53:52.530234+00:00,201,66.34,
2026-09-12T03:53:52.541199+00:00,201,64.73,
2026-09-12T03:53:52.552561+00:00,201,63.06,
2026-09-12T03:53:52.586122+00:00,201,61.19,
2026-09-12T03:53:52.574850+00:00,201,74.61,
2026-09-12T03:53:52.564312+00:00,201,87.09,
2026-09-12T03:53:52.608297+00:00,201,63.26,
2026-09-12T03:53:52.597580+00:00,201,85.4,
2026-09-12T03:53:52.619395+00:00,201,80.17,
2026-09-12T03:53:52.641675+00:00,201,66.21,
2026-09-12T03:53:52.630425+00:00,201,88.0,
2026-09-12T03:53:52.664789+00:00,201,63.15,
2026-09-12T03:53:52.652967+00:00,201,78.45,
2026-09-12T03:53:52.685649+00:00,201,64.63,
2026-09-12T03:53:52.674581+00:00,201,86.81,
2026-09-12T03:53:52.696978+00:00,201,67.24,
2026-09-12T03:53:52.708146+00:00,201,65.67,
2026-09-12T03:53:52.719113+00:00,201,64.58,
2026-09-12T03:53:52.731429+00:00,201,75.59,
2026-09-12T03:53:52.753491+00:00,201,63.35,
2026-09-12T03:53:52.742111+00:00,201,82.48,
2026-09-12T03:53:52.763725+00:00,201,69.03,
2026-09-12T03:53:52.786556+00:00,201,73.27,
2026-09-12T03:53:52.775250+00:00,201,86.94,
2026-09-12T03:53:52.797728+00:00,201,70.17,
2026-09-12T03:53:52.809377+00:00,201,71.19,
2026-09-12T03:53:52.820449+00:00,201,69.89,
2026-09-12T03:53:52.830188+00:00,201,69.73,
2026-09-12T03:53:52.852369+00:00,201,64.72,
2026-09-12T03:53:52.841254+00:00,201,77.29,
2026-09-12T03:53:52.863904+00:00,201,64.61,
2026-09-12T03:53:52.875088+00:00,201,64.6,
2026-09-12T03:53:52.885957+00:00,201,64.11,
2026-09-12T03:53:52.897162+00:00,201,64.08,
2026-09-12T03:53:52.908027+00:00,201,58.1,
2026-09-12T03:53:52.919315+00:00,201,59.2,
2026-09-12T03:53:52.930250+00:00,201,73.95,
2026-09-12T03:53:52.952417+00:00,201,77.33,
2026-09-12T03:53:52.941209+00:00,201,92.66,
2026-09-12T03:53:52.964514+00:00,201,73.77,
2026-09-12T03:53:52.975857+00:00,201,76.22,
2026-09-12T03:53:52.986832+00:00,201,79.56,
2026-09-12T03:53:52.997982+00:00,201,75.55,
2026-09-12T03:53:53.008910+00:00,201,76.33,
2026-09-12T03:53:53.020623+00:00,201,67.94,
2026-09-12T03:53:53.042794+00:00,201,64.05,
2026-09-12T03:53:53.030100+00:00,201,77.59,
2026-09-12T03:53:53.053831+00:00,201,67.62,
2026-09-12T03:53:53.063524+00:00,201,63.6,
2026-09-12T03:53:53.074587+00:00,201,63.33,
2026-09-12T03:53:53.085876+00:00,201,61.48,
2026-09-12T03:53:53.097041+00:00,201,63.01,
2026-09-12T03:53:53.107805+00:00,201,61.82,
2026-09-12T03:53:53.120371+00:00,201,60.72,
2026-09-12T03:53:53.131313+00:00,201,58.14,
2026-09-12T03:53:53.142127+00:00,201,58.27,
2026-09-12T03:53:53.153242+00:00,201,59.47,
2026-09-12T03:53:53.174631+00:00,201,54.65,
2026-09-12T03:53:53.163633+00:00,201,76.71,
2026-09-12T03:53:53.196975+00:00,201,54.68,
2026-09-12T03:53:53.185939+00:00,201,70.27,
2026-09-12T03:53:53.230128+00:00,201,58.8,
2026-09-12T03:53:53.208121+00:00,201,82.77,
2026-09-12T03:53:53.219199+00:00,201,74.17,
2026-09-12T03:53:53.242695+00:00,201,59.4,
2026-09-12T03:53:53.253768+00:00,201,63.46,
2026-09-12T03:53:53.264670+00:00,201,61.99,
2026-09-12T03:53:53.274498+00:00,201,62.84,
2026-09-12T03:53:53.285723+00:00,201,64.12,
2026-09-12T03:53:53.296683+00:00,201,70.57,
2026-09-12T03:53:53.307960+00:00,201,60.67,
2026-09-12T03:53:53.319174+00:00,201,58.09,
2026-09-12T03:53:53.330349+00:00,201,58.59,
2026-09-12T03:53:53.353394+00:00,201,58.14,
2026-09-12T03:53:53.341579+00:00,201,71.58,
2026-09-12T03:53:53.364732+00:00,201,60.79,
2026-09-12T03:53:53.375638+00:00,201,57.03,
2026-09-12T03:53:53.385894+00:00,201,59.52,
2026-09-12T03:53:53.397047+00:00,201,58.85,
2026-09-12T03:53:53.407942+00:00,201,57.01,
2026-09-12T03:53:53.418946+00:00,201,55.8,
2026-09-12T03:53:53.430263+00:00,201,55.98,
2026-09-12T03:53:53.441884+00:00,201,57.21,
2026-09-12T03:53:53.452805+00:00,201,55.6,
2026-09-12T03:53:53.463964+00:00,201,56.3,
2026-09-12T03:53:53.475256+00:00,201,55.06,
2026-09-12T03:53:53.485996+00:00,201,65.27,
2026-09-12T03:53:53.497081+00:00,201,55.79,
2026-09-12T03:53:53.508150+00:00,201,53.98,
2026-09-12T03:53:53.519300+00:00,201,54.38,
2026-09-12T03:53:53.530547+00:00,201,58.06,
2026-09-12T03:53:53.553269+00:00,201,64.39,
2026-09-12T03:53:53.542416+00:00,201,91.42,
2026-09-12T03:53:53.575446+00:00,201,84.96,
2026-09-12T03:53:53.564181+00:00,201,99.95,
2026-09-12T03:53:53.586258+00:00,201,89.16,
2026-09-12T03:53:53.599438+00:00,201,86.52,
2026-09-12T03:53:53.609460+00:00,201,83.34,
2026-09-12T03:53:53.621038+00:00,201,82.87,
2026-09-12T03:53:53.630158+00:00,201,77.23,
2026-09-12T03:53:53.642262+00:00,201,71.25,
2026-09-12T03:53:53.654077+00:00,201,72.6,
2026-09-12T03:53:53.674831+00:00,201,68.78,
2026-09-12T03:53:53.664864+00:00,201,86.62,
2026-09-12T03:53:53.686571+00:00,201,72.14,
2026-09-12T03:53:53.697541+00:00,201,69.24,
2026-09-12T03:53:53.708381+00:00,201,67.39,
2026-09-12T03:53:53.720493+00:00,201,66.96,
2026-09-12T03:53:53.730289+00:00,201,66.43,
2026-09-12T03:53:53.741400+00:00,201,64.9,
2026-09-12T03:53:53.752621+00:00,201,65.2,
2026-09-12T03:53:53.763980+00:00,201,66.64,
2026-09-12T03:53:53.775461+00:00,201,66.3,
2026-09-12T03:53:53.786434+00:00,201,64.28,
2026-09-12T03:53:53.808901+00:00,201,62.88,
2026-09-12T03:53:53.797679+00:00,201,76.07,
2026-09-12T03:53:53.820278+00:00,201,61.98,
2026-09-12T03:53:53.830310+00:00,201,62.92,
2026-09-12T03:53:53.842338+00:00,201,71.54,
2026-09-12T03:53:53.864503+00:00,201,58.47,
2026-09-12T03:53:53.874911+00:00,201,56.81,
2026-09-12T03:53:53.853739+00:00,201,83.62,
2026-09-12T03:53:53.898082+00:00,201,61.63,
2026-09-12T03:53:53.886845+00:00,201,83.88,
2026-09-12T03:53:53.909127+00:00,201,63.18,
2026-09-12T03:53:53.919980+00:00,201,63.41,
2026-09-12T03:53:53.931442+00:00,201,63.14,
2026-09-12T03:53:53.953762+00:00,201,64.66,
2026-09-12T03:53:53.941275+00:00,201,81.07,
2026-09-12T03:53:53.963403+00:00,201,63.27,
2026-09-12T03:53:53.974949+00:00,201,65.43,
2026-09-12T03:53:53.986869+00:00,201,63.0,
2026-09-12T03:53:53.996790+00:00,201,60.24,
2026-09-12T03:53:54.008113+00:00,201,67.54,
2026-09-12T03:53:54.019250+00:00,201,59.46,
2026-09-12T03:53:54.030572+00:00,201,76.45,
2026-09-12T03:53:54.052489+00:00,201,58.99,
2026-09-12T03:53:54.041651+00:00,201,83.86,
2026-09-12T03:53:54.075722+00:00,201,60.5,
2026-09-12T03:53:54.064244+00:00,201,83.55,
2026-09-12T03:53:54.087322+00:00,201,64.38,
2026-09-12T03:53:54.097900+00:00,201,68.08,
2026-09-12T03:53:54.108849+00:00,201,66.1,
2026-09-12T03:53:54.119888+00:00,201,65.22,
2026-09-12T03:53:54.131211+00:00,201,61.93,
2026-09-12T03:53:54.142291+00:00,201,60.69,
2026-09-12T03:53:54.153086+00:00,201,59.25,
2026-09-12T03:53:54.175865+00:00,201,53.75,
2026-09-12T03:53:54.164884+00:00,201,70.44,
2026-09-12T03:53:54.186855+00:00,201,59.12,
2026-09-12T03:53:54.197805+00:00,201,71.6,
2026-09-12T03:53:54.209239+00:00,201,62.17,
2026-09-12T03:53:54.220423+00:00,201,60.27,
2026-09-12T03:53:54.231524+00:00,201,58.5,
2026-09-12T03:53:54.242547+00:00,201,59.71,
2026-09-12T03:53:54.253546+00:00,201,59.78,
2026-09-12T03:53:54.275239+00:00,201,63.45,
2026-09-12T03:53:54.285745+00:00,201,62.64,
2026-09-12T03:53:54.264472+00:00,201,86.0,
2026-09-12T03:53:54.297054+00:00,201,64.74,
2026-09-12T03:53:54.308250+00:00,201,64.64,
2026-09-12T03:53:54.319322+00:00,201,65.84,
2026-09-12T03:53:54.330533+00:00,201,63.74,
2026-09-12T03:53:54.341864+00:00,201,62.05,
2026-09-12T03:53:54.364219+00:00,201,59.54,
2026-09-12T03:53:54.353138+00:00,201,75.14,
2026-09-12T03:53:54.385633+00:00,201,58.72,
2026-09-12T03:53:54.374837+00:00,201,86.1,
2026-09-12T03:53:54.408169+00:00,201,59.83,
2026-09-12T03:53:54.396898+00:00,201,78.26,
2026-09-12T03:53:54.419113+00:00,201,62.74,
2026-09-12T03:53:54.430185+00:00,201,63.48,
2026-09-12T03:53:54.442389+00:00,201,59.74,
2026-09-12T03:53:54.464311+00:00,201,59.83,
2026-09-12T03:53:54.453346+00:00,201,87.57,
2026-09-12T03:53:54.475469+00:00,201,65.67,
2026-09-12T03:53:54.486621+00:00,201,61.77,
2026-09-12T03:53:54.508575+00:00,201,60.8,
2026-09-12T03:53:54.497542+00:00,201,73.7,
2026-09-12T03:53:54.519668+00:00,201,64.51,
2026-09-12T03:53:54.530887+00:00,201,59.06,
2026-09-12T03:53:54.542126+00:00,201,60.3,
2026-09-12T03:53:54.553000+00:00,201,60.04,
2026-09-12T03:53:54.564078+00:00,201,59.84,
2026-09-12T03:53:54.575360+00:00,201,58.56,
2026-09-12T03:53:54.586281+00:00,201,55.05,
2026-09-12T03:53:54.597278+00:00,201,56.91,
2026-09-12T03:53:54.620294+00:00,201,59.4,
2026-09-12T03:53:54.608106+00:00,201,82.31,
2026-09-12T03:53:54.631176+00:00,201,63.01,
2026-09-12T03:53:54.642546+00:00,201,63.24,
2026-09-12T03:53:54.653010+00:00,201,64.55,
2026-09-12T03:53:54.663967+00:00,201,61.64,
2026-09-12T03:53:54.674623+00:00,201,59.02,
2026-09-12T03:53:54.685743+00:00,201,58.63,
2026-09-12T03:53:54.696787+00:00,201,58.82,
2026-09-12T03:53:54.708877+00:00,201,56.48,
2026-09-12T03:53:54.720136+00:00,201,61.05,
2026-09-12T03:53:54.731370+00:00,201,58.91,
2026-09-12T03:53:54.741402+00:00,201,59.23,
2026-09-12T03:53:54.752657+00:00,201,59.81,
2026-09-12T03:53:54.763773+00:00,201,60.8,
2026-09-12T03:53:54.774992+00:00,201,59.14,
2026-09-12T03:53:54.786035+00:00,201,58.72,
2026-09-12T03:53:54.797198+00:00,201,59.88,
2026-09-12T03:53:54.808621+00:00,201,58.26,
2026-09-12T03:53:54.831188+00:00,201,60.84,
2026-09-12T03:53:54.819673+00:00,201,75.96,
2026-09-12T03:53:54.842272+00:00,201,60.89,
2026-09-12T03:53:54.853142+00:00,201,61.09,
2026-09-12T03:53:54.864120+00:00,201,60.75,
2026-09-12T03:53:54.875178+00:00,201,58.2,
2026-09-12T03:53:54.886160+00:00,201,55.45,
2026-09-12T03:53:54.897806+00:00,201,54.06,
2026-09-12T03:53:54.908899+00:00,201,73.27,
2026-09-12T03:53:54.919739+00:00,201,63.02,
2026-09-12T03:53:54.931092+00:00,201,53.86,
2026-09-12T03:53:54.942204+00:00,201,73.49,
2026-09-12T03:53:54.964414+00:00,201,54.33,
2026-09-12T03:53:54.975560+00:00,201,54.04,
2026-09-12T03:53:54.953436+00:00,201,79.39,
2026-09-12T03:53:54.998143+00:00,201,57.54,
2026-09-12T03:53:54.987005+00:00,201,74.84,
2026-09-12T03:53:55.009170+00:00,201,57.85,
2026-09-12T03:53:55.019819+00:00,201,55.91,
2026-09-12T03:53:55.042162+00:00,201,57.38,
2026-09-12T03:53:55.052849+00:00,201,54.95,
2026-09-12T03:53:55.030944+00:00,201,83.72,
2026-09-12T03:53:55.063812+00:00,201,55.6,
2026-09-12T03:53:55.075465+00:00,201,63.95,
2026-09-12T03:53:55.085967+00:00,201,58.58,
2026-09-12T03:53:55.097077+00:00,201,57.2,
2026-09-12T03:53:55.108930+00:00,201,60.96,
2026-09-12T03:53:55.120115+00:00,201,68.31,
2026-09-12T03:53:55.142808+00:00,201,51.58,
2026-09-12T03:53:55.131444+00:00,201,76.39,
2026-09-12T03:53:55.155401+00:00,201,54.55,
2026-09-12T03:53:55.174784+00:00,201,52.85,
2026-09-12T03:53:55.164674+00:00,201,72.26,
2026-09-12T03:53:55.185787+00:00,201,54.3,
2026-09-12T03:53:55.209548+00:00,201,57.79,
2026-09-12T03:53:55.197834+00:00,201,72.98,
2026-09-12T03:53:55.220075+00:00,201,56.45,
2026-09-12T03:53:55.231069+00:00,201,56.24,
2026-09-12T03:53:55.242096+00:00,201,58.24,
2026-09-12T03:53:55.253133+00:00,201,56.44,
2026-09-12T03:53:55.264017+00:00,201,58.22,
2026-09-12T03:53:55.275531+00:00,201,58.37,
2026-09-12T03:53:55.287318+00:00,201,57.35,
2026-09-12T03:53:55.297186+00:00,201,55.48,
2026-09-12T03:53:55.308509+00:00,201,57.19,
2026-09-12T03:53:55.320296+00:00,201,57.34,
2026-09-12T03:53:55.331296+00:00,201,57.44,
2026-09-12T03:53:55.353556+00:00,201,52.85,
2026-09-12T03:53:55.342294+00:00,201,66.28,
2026-09-12T03:53:55.364695+00:00,201,58.03,
2026-09-12T03:53:55.375553+00:00,201,66.41,
2026-09-12T03:53:55.386843+00:00,201,58.3,
2026-09-12T03:53:55.408894+00:00,201,53.82,
2026-09-12T03:53:55.419465+00:00,201,54.5,
2026-09-12T03:53:55.397651+00:00,201,76.52,
2026-09-12T03:53:55.431184+00:00,201,53.55,
2026-09-12T03:53:55.453479+00:00,201,52.72,
2026-09-12T03:53:55.464614+00:00,201,49.53,
2026-09-12T03:53:55.442446+00:00,201,73.27,
2026-09-12T03:53:55.486694+00:00,201,63.95,
2026-09-12T03:53:55.475168+00:00,201,76.05,
2026-09-12T03:53:55.509097+00:00,201,52.8,
2026-09-12T03:53:55.497878+00:00,201,72.54,
2026-09-12T03:53:55.519933+00:00,201,56.94,
2026-09-12T03:53:55.531101+00:00,201,57.64,
2026-09-12T03:53:55.542004+00:00,201,54.01,
2026-09-12T03:53:55.564430+00:00,201,53.39,
2026-09-12T03:53:55.575510+00:00,201,55.84,
2026-09-12T03:53:55.553401+00:00,201,78.09,
2026-09-12T03:53:55.586889+00:00,201,53.81,
2026-09-12T03:53:55.596737+00:00,201,62.69,
2026-09-12T03:53:55.609389+00:00,201,70.18,
2026-09-12T03:53:55.631693+00:00,201,54.57,
2026-09-12T03:53:55.618953+00:00,201,79.43,
2026-09-12T03:53:55.642338+00:00,201,58.0,
2026-09-12T03:53:55.653450+00:00,201,60.91,
2026-09-12T03:53:55.664412+00:00,201,57.38,
2026-09-12T03:53:55.675426+00:00,201,57.38,
2026-09-12T03:53:55.686023+00:00,201,58.6,
2026-09-12T03:53:55.697484+00:00,201,59.75,
2026-09-12T03:53:55.708973+00:00,201,57.98,
2026-09-12T03:53:55.719942+00:00,201,57.03,
2026-09-12T03:53:55.731363+00:00,201,54.39,
2026-09-12T03:53:55.741137+00:00,201,54.12,
2026-09-12T03:53:55.752282+00:00,201,62.85,
2026-09-12T03:53:55.774779+00:00,201,51.94,
2026-09-12T03:53:55.763562+00:00,201,74.64,
2026-09-12T03:53:55.786117+00:00,201,64.76,
2026-09-12T03:53:55.797391+00:00,201,76.42,
2026-09-12T03:53:55.819825+00:00,201,55.38,
2026-09-12T03:53:55.808698+00:00,201,83.4,
2026-09-12T03:53:55.830723+00:00,201,79.6,
2026-09-12T03:53:55.852588+00:00,201,64.19,
2026-09-12T03:53:55.841624+00:00,201,84.0,
2026-09-12T03:53:55.863575+00:00,201,75.58,
2026-09-12T03:53:55.886905+00:00,201,60.97,
2026-09-12T03:53:55.875907+00:00,201,77.62,
2026-09-12T03:53:55.908542+00:00,201,59.89,
2026-09-12T03:53:55.898601+00:00,201,71.2,
2026-09-12T03:53:55.930916+00:00,201,56.4,
2026-09-12T03:53:55.919840+00:00,201,75.66,
2026-09-12T03:53:55.941684+00:00,201,57.95,
2026-09-12T03:53:55.952638+00:00,201,56.47,
2026-09-12T03:53:55.975139+00:00,201,67.71,
2026-09-12T03:53:55.986226+00:00,201,59.38,
2026-09-12T03:53:55.964004+00:00,201,83.08,
2026-09-12T03:53:55.997268+00:00,201,58.21,
2026-09-12T03:53:56.008839+00:00,201,60.32,
2026-09-12T03:53:56.019315+00:00,201,61.41,
2026-09-12T03:53:56.030533+00:00,201,60.22,
2026-09-12T03:53:56.041481+00:00,201,61.72,
2026-09-12T03:53:56.052691+00:00,201,56.0,
2026-09-12T03:53:56.064582+00:00,201,55.81,
2026-09-12T03:53:56.075555+00:00,201,55.09,
2026-09-12T03:53:56.086547+00:00,201,54.71,
2026-09-12T03:53:56.097544+00:00,201,54.62,
2026-09-12T03:53:56.108145+00:00,201,55.49,
2026-09-12T03:53:56.119353+00:00,201,57.27,
2026-09-12T03:53:56.130844+00:00,201,53.46,
2026-09-12T03:53:56.141935+00:00,201,52.84,
2026-09-12T03:53:56.163802+00:00,201,53.85,
2026-09-12T03:53:56.153016+00:00,201,65.43,
2026-09-12T03:53:56.176349+00:00,201,54.12,
2026-09-12T03:53:56.186704+00:00,201,52.82,
2026-09-12T03:53:56.197882+00:00,201,54.09,
2026-09-12T03:53:56.208930+00:00,201,53.57,
2026-09-12T03:53:56.219835+00:00,201,54.75,
2026-09-12T03:53:56.231087+00:00,201,52.95,
2026-09-12T03:53:56.241922+00:00,201,55.8,
2026-09-12T03:53:56.253012+00:00,201,56.53,
2026-09-12T03:53:56.263951+00:00,201,77.13,
2026-09-12T03:53:56.275698+00:00,201,66.37,
2026-09-12T03:53:56.297527+00:00,201,55.57,
2026-09-12T03:53:56.286253+00:00,201,76.8,
2026-09-12T03:53:56.308527+00:00,201,60.81,
2026-09-12T03:53:56.319320+00:00,201,61.79,
2026-09-12T03:53:56.330397+00:00,201,62.73,
2026-09-12T03:53:56.341827+00:00,201,60.56,
2026-09-12T03:53:56.352617+00:00,201,59.52,
2026-09-12T03:53:56.364758+00:00,201,58.11,
2026-09-12T03:53:56.375892+00:00,201,56.71,
2026-09-12T03:53:56.386834+00:00,201,55.99,
2026-09-12T03:53:56.409376+00:00,201,69.12,
2026-09-12T03:53:56.398030+00:00,201,82.08,
2026-09-12T03:53:56.430822+00:00,201,52.46,
2026-09-12T03:53:56.419687+00:00,201,80.68,
2026-09-12T03:53:56.452954+00:00,201,59.48,
2026-09-12T03:53:56.441941+00:00,201,79.25,
2026-09-12T03:53:56.464125+00:00,201,59.91,
2026-09-12T03:53:56.475559+00:00,201,62.42,
2026-09-12T03:53:56.486674+00:00,201,58.87,
2026-09-12T03:53:56.498018+00:00,201,58.34,
2026-09-12T03:53:56.509189+00:00,201,59.02,
2026-09-12T03:53:56.520335+00:00,201,57.96,
2026-09-12T03:53:56.531512+00:00,201,54.83,
2026-09-12T03:53:56.542554+00:00,201,57.85,
2026-09-12T03:53:56.553601+00:00,201,56.53,
2026-09-12T03:53:56.563656+00:00,201,54.26,
2026-09-12T03:53:56.574660+00:00,201,57.62,
2026-09-12T03:53:56.587125+00:00,201,54.98,
2026-09-12T03:53:56.597722+00:00,201,54.29,
2026-09-12T03:53:56.630526+00:00,201,53.39,
2026-09-12T03:53:56.608390+00:00,201,77.63,
2026-09-12T03:53:56.619449+00:00,201,70.13,
2026-09-12T03:53:56.652818+00:00,201,56.39,
2026-09-12T03:53:56.663943+00:00,201,58.21,
2026-09-12T03:53:56.641741+00:00,201,81.7,
2026-09-12T03:53:56.675136+00:00,201,55.33,
2026-09-12T03:53:56.686118+00:00,201,61.4,
2026-09-12T03:53:56.708106+00:00,201,58.77,
2026-09-12T03:53:56.697077+00:00,201,70.33,
2026-09-12T03:53:56.719466+00:00,201,65.62,
2026-09-12T03:53:56.730300+00:00,201,75.58,
2026-09-12T03:53:56.741676+00:00,201,81.25,
2026-09-12T03:53:56.752700+00:00,201,87.78,
2026-09-12T03:53:56.763565+00:00,201,97.41,
2026-09-12T03:53:56.775272+00:00,201,95.09,
2026-09-12T03:53:56.787613+00:00,201,101.24,
2026-09-12T03:53:56.797528+00:00,201,95.25,
2026-09-12T03:53:56.808293+00:00,201,94.41,
2026-09-12T03:53:56.819524+00:00,201,93.59,
2026-09-12T03:53:56.830120+00:00,201,96.01,
2026-09-12T03:53:56.853746+00:00,201,93.39,
2026-09-12T03:53:56.863477+00:00,201,88.24,
2026-09-12T03:53:56.842499+00:00,201,116.67,
2026-09-12T03:53:56.874843+00:00,201,91.28,
2026-09-12T03:53:56.886051+00:00,201,90.55,
2026-09-12T03:53:56.897769+00:00,201,87.46,
2026-09-12T03:53:56.908609+00:00,201,80.51,
2026-09-12T03:53:56.920268+00:00,201,82.91,
2026-09-12T03:53:56.930047+00:00,201,79.29,
2026-09-12T03:53:56.941514+00:00,201,77.33,
2026-09-12T03:53:56.953780+00:00,201,73.45,
2026-09-12T03:53:56.963373+00:00,201,70.49,
2026-09-12T03:53:56.976606+00:00,201,70.59,
2026-09-12T03:53:56.985889+00:00,201,67.07,
2026-09-12T03:53:56.997286+00:00,201,66.72,
2026-09-12T03:53:57.008367+00:00,201,66.11,
2026-09-12T03:53:57.019968+00:00,201,63.56,
2026-09-12T03:53:57.031077+00:00,201,61.69,
2026-09-12T03:53:57.042289+00:00,201,60.15,
2026-09-12T03:53:57.053587+00:00,201,59.07,
2026-09-12T03:53:57.064022+00:00,201,59.24,
2026-09-12T03:53:57.074859+00:00,201,78.83,
2026-09-12T03:53:57.097205+00:00,201,61.75,
2026-09-12T03:53:57.085754+00:00,201,85.36,
2026-09-12T03:53:57.108343+00:00,201,63.8,
2026-09-12T03:53:57.119557+00:00,201,63.75,
2026-09-12T03:53:57.130774+00:00,201,64.77,
2026-09-12T03:53:57.142192+00:00,201,72.45,
2026-09-12T03:53:57.152433+00:00,201,63.29,
2026-09-12T03:53:57.163889+00:00,201,58.21,
2026-09-12T03:53:57.174841+00:00,201,57.54,
2026-09-12T03:53:57.197065+00:00,201,57.61,
2026-09-12T03:53:57.185937+00:00,201,73.18,
2026-09-12T03:53:57.208280+00:00,201,61.19,
2026-09-12T03:53:57.219542+00:00,201,61.07,
2026-09-12T03:53:57.230646+00:00,201,63.93,
2026-09-12T03:53:57.242439+00:00,201,63.0,
2026-09-12T03:53:57.254596+00:00,201,61.51,
2026-09-12T03:53:57.264432+00:00,201,59.63,
2026-09-12T03:53:57.285966+00:00,201,56.28,
2026-09-12T03:53:57.275465+00:00,201,77.59,
2026-09-12T03:53:57.297497+00:00,201,58.58,
2026-09-12T03:53:57.319281+00:00,201,55.82,
2026-09-12T03:53:57.309068+00:00,201,77.23,
2026-09-12T03:53:57.330361+00:00,201,59.76,
2026-09-12T03:53:57.341339+00:00,201,58.6,
2026-09-12T03:53:57.352262+00:00,201,59.9,
2026-09-12T03:53:57.364847+00:00,201,70.53,
2026-09-12T03:53:57.387007+00:00,201,62.12,
2026-09-12T03:53:57.375767+00:00,201,75.19,
2026-09-12T03:53:57.396746+00:00,201,63.8,
2026-09-12T03:53:57.409355+00:00,201,62.23,
2026-09-12T03:53:57.419016+00:00,201,64.68,
2026-09-12T03:53:57.430151+00:00,201,63.38,
2026-09-12T03:53:57.441155+00:00,201,61.3,
2026-09-12T03:53:57.453775+00:00,201,59.52,
2026-09-12T03:53:57.463956+00:00,201,58.75,
2026-09-12T03:53:57.475134+00:00,201,69.23,
2026-09-12T03:53:57.486275+00:00,201,61.33,
2026-09-12T03:53:57.497353+00:00,201,58.43,
2026-09-12T03:53:57.518953+00:00,201,60.99,
2026-09-12T03:53:57.509366+00:00,201,84.51,
2026-09-12T03:53:57.541881+00:00,201,60.3,
2026-09-12T03:53:57.530459+00:00,201,78.09,
2026-09-12T03:53:57.552829+00:00,201,61.38,
2026-09-12T03:53:57.564117+00:00,201,63.13,
2026-09-12T03:53:57.575085+00:00,201,61.58,
2026-09-12T03:53:57.586508+00:00,201,60.42,
2026-09-12T03:53:57.597767+00:00,201,61.15,
2026-09-12T03:53:57.608771+00:00,201,60.09,
2026-09-12T03:53:57.620146+00:00,201,57.53,
2026-09-12T03:53:57.631523+00:00,201,58.03,
2026-09-12T03:53:57.641315+00:00,201,55.8,
2026-09-12T03:53:57.663816+00:00,201,55.12,
2026-09-12T03:53:57.674570+00:00,201,56.45,
2026-09-12T03:53:57.652558+00:00,201,84.05,
2026-09-12T03:53:57.687157+00:00,201,55.95,
2026-09-12T03:53:57.697524+00:00,201,57.96,
2026-09-12T03:53:57.720017+00:00,201,54.45,
2026-09-12T03:53:57.708632+00:00,201,68.81,
2026-09-12T03:53:57.743139+00:00,201,55.45,
2026-09-12T03:53:57.753599+00:00,201,57.33,
2026-09-12T03:53:57.731524+00:00,201,80.55,
2026-09-12T03:53:57.764577+00:00,201,57.94,
2026-09-12T03:53:57.775888+00:00,201,61.67,
2026-09-12T03:53:57.786956+00:00,201,58.51,
2026-09-12T03:53:57.798634+00:00,201,59.0,
2026-09-12T03:53:57.809191+00:00,201,59.29,
2026-09-12T03:53:57.820125+00:00,201,57.44,
2026-09-12T03:53:57.830101+00:00,201,55.55,
2026-09-12T03:53:57.842397+00:00,201,60.73,
2026-09-12T03:53:57.854153+00:00,201,63.61,
2026-09-12T03:53:57.864415+00:00,201,65.11,
2026-09-12T03:53:57.875454+00:00,201,63.62,
2026-09-12T03:53:57.886736+00:00,201,64.02,
2026-09-12T03:53:57.897372+00:00,201,60.85,
2026-09-12T03:53:57.919637+00:00,201,56.16,
2026-09-12T03:53:57.908332+00:00,201,76.53,
2026-09-12T03:53:57.931033+00:00,201,65.65,
2026-09-12T03:53:57.942056+00:00,201,75.52,
2026-09-12T03:53:57.963428+00:00,201,70.96,
2026-09-12T03:53:57.953287+00:00,201,83.06,
2026-09-12T03:53:57.974965+00:00,201,80.53,
2026-09-12T03:53:57.997592+00:00,201,60.29,
2026-09-12T03:53:58.008570+00:00,201,61.89,
2026-09-12T03:53:57.986704+00:00,201,85.51,
2026-09-12T03:53:58.030576+00:00,201,62.15,
2026-09-12T03:53:58.041510+00:00,201,59.88,
2026-09-12T03:53:58.019683+00:00,201,85.11,
2026-09-12T03:53:58.052706+00:00,201,59.26,
2026-09-12T03:53:58.063794+00:00,201,66.14,
2026-09-12T03:53:58.074782+00:00,201,58.0,
2026-09-12T03:53:58.087058+00:00,201,54.75,
2026-09-12T03:53:58.108108+00:00,201,70.98,
2026-09-12T03:53:58.120445+00:00,201,61.32,
2026-09-12T03:53:58.096917+00:00,201,86.15,
2026-09-12T03:53:58.141866+00:00,201,60.14,
2026-09-12T03:53:58.130187+00:00,201,85.63,
2026-09-12T03:53:58.152482+00:00,201,63.46,
2026-09-12T03:53:58.164670+00:00,201,60.92,
2026-09-12T03:53:58.175952+00:00,201,60.58,
2026-09-12T03:53:58.186206+00:00,201,59.84,
2026-09-12T03:53:58.197393+00:00,201,58.54,
2026-09-12T03:53:58.208490+00:00,201,55.54,
2026-09-12T03:53:58.231215+00:00,201,57.22,
2026-09-12T03:53:58.242433+00:00,201,53.72,
2026-09-12T03:53:58.219865+00:00,201,79.79,
2026-09-12T03:53:58.253368+00:00,201,57.42,
2026-09-12T03:53:58.264286+00:00,201,56.2,
2026-09-12T03:53:58.286232+00:00,201,54.69,
2026-09-12T03:53:58.275256+00:00,201,72.53,
2026-09-12T03:53:58.297096+00:00,201,54.08,
2026-09-12T03:53:58.308487+00:00,201,56.35,
2026-09-12T03:53:58.319653+00:00,201,56.78,
2026-09-12T03:53:58.330791+00:00,201,62.5,
2026-09-12T03:53:58.341889+00:00,201,54.38,
2026-09-12T03:53:58.363902+00:00,201,55.09,
2026-09-12T03:53:58.352745+00:00,201,74.88,
2026-09-12T03:53:58.374894+00:00,201,58.21,
2026-09-12T03:53:58.385829+00:00,201,62.2,
2026-09-12T03:53:58.398160+00:00,201,57.2,
2026-09-12T03:53:58.419082+00:00,201,56.37,
2026-09-12T03:53:58.430693+00:00,201,54.34,
2026-09-12T03:53:58.409261+00:00,201,85.33,
2026-09-12T03:53:58.441516+00:00,201,54.9,
2026-09-12T03:53:58.452411+00:00,201,61.34,
2026-09-12T03:53:58.463515+00:00,201,59.28,
2026-09-12T03:53:58.474485+00:00,201,59.01,
2026-09-12T03:53:58.486816+00:00,201,54.48,
2026-09-12T03:53:58.498099+00:00,201,56.57,
2026-09-12T03:53:58.508478+00:00,201,57.64,
2026-09-12T03:53:58.519593+00:00,201,57.15,
2026-09-12T03:53:58.531218+00:00,201,58.12,
2026-09-12T03:53:58.542349+00:00,201,65.78,
2026-09-12T03:53:58.552270+00:00,201,70.84,
2026-09-12T03:53:58.563703+00:00,201,70.08,
2026-09-12T03:53:58.574783+00:00,201,70.26,
2026-09-12T03:53:58.585919+00:00,201,64.52,
2026-09-12T03:53:58.597267+00:00,201,65.29,
2026-09-12T03:53:58.609165+00:00,201,61.86,
2026-09-12T03:53:58.619787+00:00,201,61.29,
2026-09-12T03:53:58.631273+00:00,201,58.41,
2026-09-12T03:53:58.642552+00:00,201,57.14,
2026-09-12T03:53:58.653485+00:00,201,55.13,
2026-09-12T03:53:58.664316+00:00,201,54.17,
2026-09-12T03:53:58.687291+00:00,201,54.51,
2026-09-12T03:53:58.697781+00:00,201,55.42,
2026-09-12T03:53:58.675321+00:00,201,80.72,
2026-09-12T03:53:58.708987+00:00,201,55.24,
2026-09-12T03:53:58.720073+00:00,201,62.49,
2026-09-12T03:53:58.731436+00:00,201,61.8,
2026-09-12T03:53:58.741702+00:00,201,60.72,
2026-09-12T03:53:58.753760+00:00,201,61.24,
2026-09-12T03:53:58.764913+00:00,201,61.38,
2026-09-12T03:53:58.774548+00:00,201,55.93,
2026-09-12T03:53:58.796792+00:00,201,55.01,
2026-09-12T03:53:58.807921+00:00,201,53.85,
2026-09-12T03:53:58.785794+00:00,201,79.74,
2026-09-12T03:53:58.819409+00:00,201,57.04,
2026-09-12T03:53:58.830700+00:00,201,59.26,
2026-09-12T03:53:58.852937+00:00,201,58.51,
2026-09-12T03:53:58.842098+00:00,201,73.8,
2026-09-12T03:53:58.863983+00:00,201,57.32,
2026-09-12T03:53:58.875555+00:00,201,59.43,
2026-09-12T03:53:58.886262+00:00,201,60.89,
2026-09-12T03:53:58.897353+00:00,201,60.92,
2026-09-12T03:53:58.908349+00:00,201,65.06,
2026-09-12T03:53:58.919509+00:00,201,60.51,
2026-09-12T03:53:58.930421+00:00,201,59.15,
2026-09-12T03:53:58.941745+00:00,201,60.92,
2026-09-12T03:53:58.952793+00:00,201,61.01,
2026-09-12T03:53:58.964053+00:00,201,59.79,
2026-09-12T03:53:58.975397+00:00,201,59.71,
2026-09-12T03:53:58.986458+00:00,201,60.85,
2026-09-12T03:53:58.997761+00:00,201,59.02,
2026-09-12T03:53:59.020435+00:00,201,60.1,
2026-09-12T03:53:59.030137+00:00,201,56.36,
2026-09-12T03:53:59.008094+00:00,201,83.34,
2026-09-12T03:53:59.041322+00:00,201,76.98,
2026-09-12T03:53:59.064940+00:00,201,57.86,
2026-09-12T03:53:59.075281+00:00,201,59.27,
2026-09-12T03:53:59.054318+00:00,201,83.04,
2026-09-12T03:53:59.097040+00:00,201,58.88,
2026-09-12T03:53:59.086896+00:00,201,81.07,
2026-09-12T03:53:59.108167+00:00,201,63.32,
2026-09-12T03:53:59.119313+00:00,201,61.49,
2026-09-12T03:53:59.142266+00:00,201,57.05,
2026-09-12T03:53:59.131007+00:00,201,70.61,
2026-09-12T03:53:59.153151+00:00,201,58.1,
2026-09-12T03:53:59.164130+00:00,201,65.08,
2026-09-12T03:53:59.175535+00:00,201,55.11,
2026-09-12T03:53:59.185683+00:00,201,58.56,
2026-09-12T03:53:59.198228+00:00,201,61.33,
2026-09-12T03:53:59.208655+00:00,201,64.0,
2026-09-12T03:53:59.220024+00:00,201,62.49,
2026-09-12T03:53:59.230922+00:00,201,58.5,
2026-09-12T03:53:59.242692+00:00,201,57.81,
2026-09-12T03:53:59.253620+00:00,201,56.58,
2026-09-12T03:53:59.264607+00:00,201,56.73,
2026-09-12T03:53:59.274829+00:00,201,54.51,
2026-09-12T03:53:59.285875+00:00,201,54.95,
2026-09-12T03:53:59.296736+00:00,201,54.5,
2026-09-12T03:53:59.309254+00:00,201,56.46,
2026-09-12T03:53:59.318857+00:00,201,55.02,
2026-09-12T03:53:59.330106+00:00,201,49.99,
2026-09-12T03:53:59.341340+00:00,201,51.4,
2026-09-12T03:53:59.364653+00:00,201,51.79,
2026-09-12T03:53:59.353765+00:00,201,75.25,
2026-09-12T03:53:59.385633+00:00,201,53.57,
2026-09-12T03:53:59.376021+00:00,201,75.39,
2026-09-12T03:53:59.396888+00:00,201,56.32,
2026-09-12T03:53:59.420460+00:00,201,59.08,
2026-09-12T03:53:59.407968+00:00,201,80.3,
2026-09-12T03:53:59.430316+00:00,201,62.93,
2026-09-12T03:53:59.442241+00:00,201,60.67,
2026-09-12T03:53:59.464912+00:00,201,57.67,
2026-09-12T03:53:59.452822+00:00,201,77.93,
2026-09-12T03:53:59.475950+00:00,201,69.71,
2026-09-12T03:53:59.485803+00:00,201,60.1,
2026-09-12T03:53:59.496800+00:00,201,60.32,
2026-09-12T03:53:59.508092+00:00,201,60.25,
2026-09-12T03:53:59.520473+00:00,201,59.72,
2026-09-12T03:53:59.530848+00:00,201,60.32,
2026-09-12T03:53:59.542313+00:00,201,58.64,
2026-09-12T03:53:59.552935+00:00,201,58.4,
2026-09-12T03:53:59.564095+00:00,201,59.27,
2026-09-12T03:53:59.575032+00:00,201,55.38,
2026-09-12T03:53:59.586498+00:00,201,57.8,
2026-09-12T03:53:59.597438+00:00,201,56.51,
2026-09-12T03:53:59.608925+00:00,201,53.86,
2026-09-12T03:53:59.620378+00:00,201,56.42,
2026-09-12T03:53:59.631877+00:00,201,56.06,
2026-09-12T03:53:59.642302+00:00,201,52.36,
2026-09-12T03:53:59.652990+00:00,201,55.5,
2026-09-12T03:53:59.664399+00:00,201,65.16,
2026-09-12T03:53:59.675245+00:00,201,54.91,
2026-09-12T03:53:59.685824+00:00,201,54.06,
2026-09-12T03:53:59.696919+00:00,201,53.9,
2026-09-12T03:53:59.707973+00:00,201,57.77,
2026-09-12T03:53:59.731269+00:00,201,52.57,
2026-09-12T03:53:59.719995+00:00,201,73.33,
2026-09-12T03:53:59.742432+00:00,201,55.68,
2026-09-12T03:53:59.753364+00:00,201,56.74,
2026-09-12T03:53:59.764365+00:00,201,57.35,
2026-09-12T03:53:59.775368+00:00,201,57.88,
2026-09-12T03:53:59.786406+00:00,201,55.46,
2026-09-12T03:53:59.797969+00:00,201,54.18,
2026-09-12T03:53:59.807897+00:00,201,51.4,
2026-09-12T03:53:59.819021+00:00,201,54.59,
2026-09-12T03:53:59.831560+00:00,201,54.13,
2026-09-12T03:53:59.841600+00:00,201,53.55,
2026-09-12T03:53:59.853334+00:00,201,50.13,
2026-09-12T03:53:59.864350+00:00,201,49.34,
2026-09-12T03:53:59.875414+00:00,201,66.93,
2026-09-12T03:53:59.886233+00:00,201,71.83,
2026-09-12T03:53:59.897423+00:00,201,63.82,
2026-09-12T03:53:59.908745+00:00,201,79.85,
