timestamp_iso,status_code,latency_ms,error
2026-09-12T03:43:04.482075+00:00,201,105.61,
2026-09-12T03:43:04.502506+00:00,201,98.45,
2026-09-12T03:43:04.522596+00:00,201,89.47,
2026-09-12T03:43:04.542509+00:00,201,71.67,
2026-09-12T03:43:04.581439+00:00,201,45.37,
2026-09-12T03:43:04.562732+00:00,201,67.93,
2026-09-12T03:43:04.602691+00:00,201,57.49,
2026-09-12T03:43:04.621966+00:00,201,51.45,
2026-09-12T03:43:04.642240+00:00,201,43.72,
2026-09-12T03:43:04.682991+00:00,201,45.56,
2026-09-12T03:43:04.662716+00:00,201,66.16,
2026-09-12T03:43:04.701990+00:00,201,45.67,
2026-09-12T03:43:04.742936+00:00,201,47.44,
2026-09-12T03:43:04.722558+00:00,201,68.32,
2026-09-12T03:43:04.762039+00:00,201,40.88,
2026-09-12T03:43:04.781777+00:00,201,44.56,
2026-09-12T03:43:04.803072+00:00,201,34.67,
2026-09-12T03:43:04.822797+00:00,201,34.35,
2026-09-12T03:43:04.841635+00:00,201,32.8,
2026-09-12T03:43:04.862976+00:00,201,64.31,
2026-09-12T03:43:04.902666+00:00,201,35.65,
2026-09-12T03:43:04.881811+00:00,201,59.29,
2026-09-12T03:43:04.923505+00:00,201,35.53,
2026-09-12T03:43:04.941585+00:00,201,32.07,
2026-09-12T03:43:04.962010+00:00,201,30.25,
2026-09-12T03:43:04.982391+00:00,201,36.56,
2026-09-12T03:43:05.002775+00:00,201,31.31,
2026-09-12T03:43:05.022832+00:00,201,39.86,
2026-09-12T03:43:05.042761+00:00,201,31.58,
2026-09-12T03:43:05.063126+00:00,201,51.55,
2026-09-12T03:43:05.081785+00:00,201,33.68,
2026-09-12T03:43:05.102543+00:00,201,30.97,
2026-09-12T03:43:05.122734+00:00,201,35.87,
2026-09-12T03:43:05.141609+00:00,201,31.86,
2026-09-12T03:43:05.162003+00:00,201,30.79,
2026-09-12T03:43:05.182012+00:00,201,46.16,
2026-09-12T03:43:05.202836+00:00,201,34.86,
2026-09-12T03:43:05.222564+00:00,201,34.26,
2026-09-12T03:43:05.242569+00:00,201,32.54,
2026-09-12T03:43:05.263130+00:00,201,29.49,
2026-09-12T03:43:05.281737+00:00,201,34.51,
2026-09-12T03:43:05.302027+00:00,201,30.85,
2026-09-12T03:43:05.322429+00:00,201,38.61,
2026-09-12T03:43:05.342889+00:00,201,31.25,
2026-09-12T03:43:05.361686+00:00,201,33.58,
2026-09-12T03:43:05.402538+00:00,201,46.2,
2026-09-12T03:43:05.381980+00:00,201,67.68,
2026-09-12T03:43:05.423468+00:00,201,37.31,
2026-09-12T03:43:05.441982+00:00,201,34.04,
2026-09-12T03:43:05.463035+00:00,201,34.13,
2026-09-12T03:43:05.483098+00:00,201,31.74,
2026-09-12T03:43:05.501969+00:00,201,32.26,
2026-09-12T03:43:05.521921+00:00,201,30.17,
2026-09-12T03:43:05.542150+00:00,201,36.93,
2026-09-12T03:43:05.562609+00:00,201,31.38,
2026-09-12T03:43:05.582846+00:00,201,38.93,
2026-09-12T03:43:05.601857+00:00,201,32.25,
2026-09-12T03:43:05.622161+00:00,201,30.14,
2026-09-12T03:43:05.641840+00:00,201,29.88,
2026-09-12T03:43:05.662132+00:00,201,41.65,
2026-09-12T03:43:05.682706+00:00,201,32.22,
2026-09-12T03:43:05.701741+00:00,201,31.53,
2026-09-12T03:43:05.721700+00:00,201,29.16,
2026-09-12T03:43:05.741967+00:00,201,40.08,
2026-09-12T03:43:05.762626+00:00,201,31.87,
2026-09-12T03:43:05.782996+00:00,201,29.86,
2026-09-12T03:43:05.801777+00:00,201,63.77,
2026-09-12T03:43:05.822346+00:00,201,43.84,
2026-09-12T03:43:05.842747+00:00,201,37.06,
2026-09-12T03:43:05.861757+00:00,201,46.45,
2026-09-12T03:43:05.882038+00:00,201,61.48,
2026-09-12T03:43:05.902462+00:00,201,41.09,
2026-09-12T03:43:05.922242+00:00,201,53.99,
2026-09-12T03:43:05.942014+00:00,201,34.72,
2026-09-12T03:43:05.962492+00:00,201,32.51,
2026-09-12T03:43:05.982824+00:00,201,30.85,
2026-09-12T03:43:06.002968+00:00,201,30.36,
2026-09-12T03:43:06.021715+00:00,201,65.16,
2026-09-12T03:43:06.042147+00:00,201,45.38,
2026-09-12T03:43:06.062518+00:00,201,36.64,
2026-09-12T03:43:06.081704+00:00,201,31.87,
2026-09-12T03:43:06.102038+00:00,201,31.03,
2026-09-12T03:43:06.122332+00:00,201,36.94,
2026-09-12T03:43:06.142648+00:00,201,32.41,
2026-09-12T03:43:06.163138+00:00,201,30.43,
2026-09-12T03:43:06.181810+00:00,201,30.13,
2026-09-12T03:43:06.202034+00:00,201,58.14,
2026-09-12T03:43:06.221921+00:00,201,49.42,
2026-09-12T03:43:06.261703+00:00,201,43.52,
2026-09-12T03:43:06.242261+00:00,201,63.79,
2026-09-12T03:43:06.281994+00:00,201,35.56,
2026-09-12T03:43:06.302184+00:00,201,31.87,
2026-09-12T03:43:06.342919+00:00,201,49.02,
2026-09-12T03:43:06.322538+00:00,201,70.94,
2026-09-12T03:43:06.362580+00:00,201,46.15,
2026-09-12T03:43:06.382896+00:00,201,46.51,
2026-09-12T03:43:06.404018+00:00,201,41.39,
2026-09-12T03:43:06.421778+00:00,201,56.0,
2026-09-12T03:43:06.441684+00:00,201,36.51,
2026-09-12T03:43:06.462062+00:00,201,58.85,
2026-09-12T03:43:06.482667+00:00,201,52.49,
2026-09-12T03:43:06.501726+00:00,201,48.5,
2026-09-12T03:43:06.521943+00:00,201,33.46,
2026-09-12T03:43:06.541988+00:00,201,35.61,
2026-09-12T03:43:06.562321+00:00,201,39.03,
2026-09-12T03:43:06.582071+00:00,201,39.78,
2026-09-12T03:43:06.602461+00:00,201,75.95,
2026-09-12T03:43:06.621593+00:00,201,56.71,
2026-09-12T03:43:06.641875+00:00,201,51.5,
2026-09-12T03:43:06.662606+00:00,201,54.16,
2026-09-12T03:43:06.682746+00:00,201,52.28,
2026-09-12T03:43:06.701654+00:00,201,49.51,
2026-09-12T03:43:06.722056+00:00,201,45.43,
2026-09-12T03:43:06.742538+00:00,201,45.08,
2026-09-12T03:43:06.761604+00:00,201,42.51,
2026-09-12T03:43:06.782226+00:00,201,42.97,
2026-09-12T03:43:06.802655+00:00,201,44.45,
2026-09-12T03:43:06.822959+00:00,201,45.13,
2026-09-12T03:43:06.843137+00:00,201,40.05,
2026-09-12T03:43:06.861825+00:00,201,41.78,
2026-09-12T03:43:06.881786+00:00,201,40.27,
2026-09-12T03:43:06.902234+00:00,201,46.6,
2026-09-12T03:43:06.923761+00:00,201,50.97,
2026-09-12T03:43:06.942651+00:00,201,54.85,
2026-09-12T03:43:06.962753+00:00,201,45.01,
2026-09-12T03:43:06.981598+00:00,201,68.68,
2026-09-12T03:43:07.002666+00:00,201,75.26,
2026-09-12T03:43:07.022146+00:00,201,67.72,
2026-09-12T03:43:07.043134+00:00,201,61.05,
2026-09-12T03:43:07.062812+00:00,201,52.61,
2026-09-12T03:43:07.082682+00:00,201,65.04,
2026-09-12T03:43:07.101997+00:00,201,62.32,
2026-09-12T03:43:07.122570+00:00,201,63.15,
2026-09-12T03:43:07.141711+00:00,201,56.17,
2026-09-12T03:43:07.162004+00:00,201,50.85,
2026-09-12T03:43:07.182822+00:00,201,42.94,
2026-09-12T03:43:07.202048+00:00,201,36.95,
2026-09-12T03:43:07.222829+00:00,201,36.2,
2026-09-12T03:43:07.242776+00:00,201,57.74,
2026-09-12T03:43:07.261606+00:00,201,39.84,
2026-09-12T03:43:07.281826+00:00,201,38.03,
2026-09-12T03:43:07.301604+00:00,201,34.88,
2026-09-12T03:43:07.322095+00:00,201,36.26,
2026-09-12T03:43:07.342323+00:00,201,37.46,
2026-09-12T03:43:07.363016+00:00,201,33.78,
2026-09-12T03:43:07.381829+00:00,201,34.28,
2026-09-12T03:43:07.402482+00:00,201,31.82,
2026-09-12T03:43:07.422880+00:00,201,42.23,
2026-09-12T03:43:07.443158+00:00,201,35.13,
2026-09-12T03:43:07.461948+00:00,201,33.93,
2026-09-12T03:43:07.482185+00:00,201,62.28,
2026-09-12T03:43:07.502641+00:00,201,54.1,
2026-09-12T03:43:07.521608+00:00,201,50.18,
2026-09-12T03:43:07.541912+00:00,201,38.38,
2026-09-12T03:43:07.562596+00:00,201,35.23,
2026-09-12T03:43:07.583107+00:00,201,34.37,
2026-09-12T03:43:07.602072+00:00,201,33.5,
2026-09-12T03:43:07.622476+00:00,201,61.06,
2026-09-12T03:43:07.642472+00:00,201,56.17,
2026-09-12T03:43:07.662853+00:00,201,52.13,
2026-09-12T03:43:07.681808+00:00,201,37.92,
2026-09-12T03:43:07.702293+00:00,201,33.92,
2026-09-12T03:43:07.723067+00:00,201,32.04,
2026-09-12T03:43:07.742610+00:00,201,49.84,
2026-09-12T03:43:07.782715+00:00,201,45.9,
2026-09-12T03:43:07.762689+00:00,201,65.96,
2026-09-12T03:43:07.803119+00:00,201,47.22,
2026-09-12T03:43:07.822162+00:00,201,37.58,
2026-09-12T03:43:07.842246+00:00,201,35.83,
2026-09-12T03:43:07.862805+00:00,201,33.63,
2026-09-12T03:43:07.881531+00:00,201,32.74,
2026-09-12T03:43:07.902082+00:00,201,30.17,
2026-09-12T03:43:07.922266+00:00,201,40.06,
2026-09-12T03:43:07.942625+00:00,201,34.17,
2026-09-12T03:43:07.963241+00:00,201,51.34,
2026-09-12T03:43:07.981682+00:00,201,33.36,
2026-09-12T03:43:08.002008+00:00,201,62.07,
2026-09-12T03:43:08.022412+00:00,201,41.65,
2026-09-12T03:43:08.042765+00:00,201,37.47,
2026-09-12T03:43:08.061620+00:00,201,34.98,
2026-09-12T03:43:08.082021+00:00,201,31.83,
2026-09-12T03:43:08.102232+00:00,201,51.57,
2026-09-12T03:43:08.122503+00:00,201,98.97,
2026-09-12T03:43:08.142843+00:00,201,81.06,
2026-09-12T03:43:08.161799+00:00,201,72.67,
2026-09-12T03:43:08.182458+00:00,201,64.07,
2026-09-12T03:43:08.201580+00:00,201,52.91,
2026-09-12T03:43:08.222470+00:00,201,54.15,
2026-09-12T03:43:08.241962+00:00,201,37.94,
2026-09-12T03:43:08.262138+00:00,201,35.24,
2026-09-12T03:43:08.282293+00:00,201,32.29,
2026-09-12T03:43:08.302656+00:00,201,31.17,
2026-09-12T03:43:08.322933+00:00,201,38.95,
2026-09-12T03:43:08.343062+00:00,201,57.54,
2026-09-12T03:43:08.361687+00:00,201,53.7,
2026-09-12T03:43:08.382528+00:00,201,37.32,
2026-09-12T03:43:08.402487+00:00,201,35.1,
2026-09-12T03:43:08.421772+00:00,201,33.42,
2026-09-12T03:43:08.442049+00:00,201,34.04,
2026-09-12T03:43:08.461929+00:00,201,34.03,
2026-09-12T03:43:08.481788+00:00,201,32.34,
2026-09-12T03:43:08.502114+00:00,201,29.7,
2026-09-12T03:43:08.522549+00:00,201,32.84,
2026-09-12T03:43:08.542872+00:00,201,65.95,
2026-09-12T03:43:08.561617+00:00,201,47.55,
2026-09-12T03:43:08.581958+00:00,201,36.39,
2026-09-12T03:43:08.602446+00:00,201,32.14,
2026-09-12T03:43:08.622993+00:00,201,67.19,
2026-09-12T03:43:08.642837+00:00,201,58.25,
2026-09-12T03:43:08.662925+00:00,201,47.92,
2026-09-12T03:43:08.681720+00:00,201,56.41,
2026-09-12T03:43:08.701574+00:00,201,48.96,
2026-09-12T03:43:08.723872+00:00,201,45.35,
2026-09-12T03:43:08.742376+00:00,201,42.99,
2026-09-12T03:43:08.762752+00:00,201,62.1,
2026-09-12T03:43:08.783028+00:00,201,50.86,
2026-09-12T03:43:08.801944+00:00,201,47.66,
2026-09-12T03:43:08.822374+00:00,201,36.25,
2026-09-12T03:43:08.842958+00:00,201,33.12,
2026-09-12T03:43:08.861835+00:00,201,32.92,
2026-09-12T03:43:08.882340+00:00,201,30.88,
2026-09-12T03:43:08.902706+00:00,201,39.48,
2026-09-12T03:43:08.941673+00:00,201,39.87,
2026-09-12T03:43:08.923030+00:00,201,59.3,
2026-09-12T03:43:08.962215+00:00,201,35.85,
2026-09-12T03:43:08.981823+00:00,201,34.29,
2026-09-12T03:43:09.003126+00:00,201,31.1,
2026-09-12T03:43:09.022155+00:00,201,31.06,
2026-09-12T03:43:09.042869+00:00,201,38.41,
2026-09-12T03:43:09.081603+00:00,201,38.75,
2026-09-12T03:43:09.062943+00:00,201,57.54,
2026-09-12T03:43:09.101905+00:00,201,34.09,
2026-09-12T03:43:09.122413+00:00,201,30.54,
2026-09-12T03:43:09.142722+00:00,201,37.31,
2026-09-12T03:43:09.161942+00:00,201,34.16,
2026-09-12T03:43:09.181737+00:00,201,33.84,
2026-09-12T03:43:09.202955+00:00,201,30.98,
2026-09-12T03:43:09.242268+00:00,201,34.25,
2026-09-12T03:43:09.221771+00:00,201,55.17,
2026-09-12T03:43:09.262298+00:00,201,32.04,
2026-09-12T03:43:09.282701+00:00,201,30.42,
2026-09-12T03:43:09.302966+00:00,201,31.77,
2026-09-12T03:43:09.321809+00:00,201,31.68,
2026-09-12T03:43:09.341996+00:00,201,32.91,
2026-09-12T03:43:09.362279+00:00,201,30.2,
2026-09-12T03:43:09.381750+00:00,201,29.29,
2026-09-12T03:43:09.401973+00:00,201,60.31,
2026-09-12T03:43:09.422275+00:00,201,40.46,
2026-09-12T03:43:09.462969+00:00,201,32.82,
2026-09-12T03:43:09.442734+00:00,201,53.18,
2026-09-12T03:43:09.483134+00:00,201,32.09,
2026-09-12T03:43:09.501642+00:00,201,31.13,
2026-09-12T03:43:09.522013+00:00,201,31.74,
2026-09-12T03:43:09.542239+00:00,201,30.06,
2026-09-12T03:43:09.562508+00:00,201,38.56,
2026-09-12T03:43:09.582319+00:00,201,30.5,
2026-09-12T03:43:09.602209+00:00,201,29.26,
2026-09-12T03:43:09.622385+00:00,201,58.47,
2026-09-12T03:43:09.642883+00:00,201,39.81,
2026-09-12T03:43:09.661722+00:00,201,35.01,
2026-09-12T03:43:09.682007+00:00,201,35.47,
2026-09-12T03:43:09.702442+00:00,201,31.05,
2026-09-12T03:43:09.743004+00:00,201,35.15,
2026-09-12T03:43:09.722845+00:00,201,55.78,
2026-09-12T03:43:09.762108+00:00,201,32.17,
2026-09-12T03:43:09.782031+00:00,201,30.12,
2026-09-12T03:43:09.802389+00:00,201,37.14,
2026-09-12T03:43:09.822583+00:00,201,31.25,
2026-09-12T03:43:09.842946+00:00,201,39.45,
2026-09-12T03:43:09.861695+00:00,201,32.17,
2026-09-12T03:43:09.882132+00:00,201,32.25,
2026-09-12T03:43:09.902696+00:00,201,30.37,
2026-09-12T03:43:09.922892+00:00,201,38.71,
2026-09-12T03:43:09.941829+00:00,201,31.43,
2026-09-12T03:43:09.962675+00:00,201,44.73,
2026-09-12T03:43:09.981869+00:00,201,35.22,
2026-09-12T03:43:10.021784+00:00,201,40.94,
2026-09-12T03:43:10.003195+00:00,201,60.5,
2026-09-12T03:43:10.041397+00:00,201,34.52,
2026-09-12T03:43:10.061962+00:00,201,31.46,
2026-09-12T03:43:10.102978+00:00,201,35.84,
2026-09-12T03:43:10.082455+00:00,201,58.74,
2026-09-12T03:43:10.122013+00:00,201,34.52,
2026-09-12T03:43:10.142374+00:00,201,58.54,
2026-09-12T03:43:10.162864+00:00,201,51.04,
2026-09-12T03:43:10.181902+00:00,201,47.44,
2026-09-12T03:43:10.202417+00:00,201,33.75,
2026-09-12T03:43:10.222876+00:00,201,31.12,
2026-09-12T03:43:10.241703+00:00,201,35.29,
2026-09-12T03:43:10.261613+00:00,201,31.96,
2026-09-12T03:43:10.281809+00:00,201,31.53,
2026-09-12T03:43:10.302122+00:00,201,29.02,
2026-09-12T03:43:10.342921+00:00,201,48.76,
2026-09-12T03:43:10.322593+00:00,201,71.53,
2026-09-12T03:43:10.363288+00:00,201,50.44,
2026-09-12T03:43:10.382370+00:00,201,49.13,
2026-09-12T03:43:10.402058+00:00,201,80.07,
2026-09-12T03:43:10.422517+00:00,201,60.77,
2026-09-12T03:43:10.442440+00:00,201,50.69,
2026-09-12T03:43:10.462823+00:00,201,44.71,
2026-09-12T03:43:10.501999+00:00,201,45.96,
2026-09-12T03:43:10.483038+00:00,201,64.98,
2026-09-12T03:43:10.522770+00:00,201,45.58,
2026-09-12T03:43:10.541697+00:00,201,42.66,
2026-09-12T03:43:10.561904+00:00,201,58.12,
2026-09-12T03:43:10.582099+00:00,201,51.73,
2026-09-12T03:43:10.602391+00:00,201,34.21,
2026-09-12T03:43:10.622720+00:00,201,30.44,
2026-09-12T03:43:10.642543+00:00,201,41.16,
2026-09-12T03:43:10.662683+00:00,201,32.72,
2026-09-12T03:43:10.682369+00:00,201,32.7,
2026-09-12T03:43:10.702590+00:00,201,31.43,
2026-09-12T03:43:10.722805+00:00,201,37.98,
2026-09-12T03:43:10.741761+00:00,201,32.16,
2026-09-12T03:43:10.762320+00:00,201,38.89,
2026-09-12T03:43:10.782482+00:00,201,65.42,
2026-09-12T03:43:10.802446+00:00,201,60.8,
2026-09-12T03:43:10.823270+00:00,201,46.33,
2026-09-12T03:43:10.841957+00:00,201,44.89,
2026-09-12T03:43:10.862367+00:00,201,42.11,
2026-09-12T03:43:10.882638+00:00,201,42.58,
2026-09-12T03:43:10.902193+00:00,201,44.63,
2026-09-12T03:43:10.921749+00:00,201,38.37,
2026-09-12T03:43:10.942565+00:00,201,37.77,
2026-09-12T03:43:10.962355+00:00,201,51.25,
2026-09-12T03:43:10.981862+00:00,201,42.33,
2026-09-12T03:43:11.022308+00:00,201,38.68,
2026-09-12T03:43:11.001985+00:00,201,61.41,
2026-09-12T03:43:11.042781+00:00,201,49.43,
2026-09-12T03:43:11.062846+00:00,201,32.39,
2026-09-12T03:43:11.082977+00:00,201,30.24,
2026-09-12T03:43:11.101715+00:00,201,30.28,
2026-09-12T03:43:11.122968+00:00,201,39.94,
2026-09-12T03:43:11.141677+00:00,201,31.62,
2026-09-12T03:43:11.161667+00:00,201,38.8,
2026-09-12T03:43:11.182063+00:00,201,34.64,
2026-09-12T03:43:11.202355+00:00,201,33.08,
2026-09-12T03:43:11.222818+00:00,201,33.68,
2026-09-12T03:43:11.241804+00:00,201,35.14,
2026-09-12T03:43:11.262942+00:00,201,34.1,
2026-09-12T03:43:11.281911+00:00,201,33.2,
2026-09-12T03:43:11.301842+00:00,201,53.11,
2026-09-12T03:43:11.341757+00:00,201,39.14,
2026-09-12T03:43:11.322521+00:00,201,61.62,
2026-09-12T03:43:11.361984+00:00,201,35.17,
2026-09-12T03:43:11.382206+00:00,201,31.49,
2026-09-12T03:43:11.402456+00:00,201,29.99,
2026-09-12T03:43:11.422198+00:00,201,37.69,
2026-09-12T03:43:11.442575+00:00,201,34.77,
2026-09-12T03:43:11.463116+00:00,201,35.17,
2026-09-12T03:43:11.482535+00:00,201,30.58,
2026-09-12T03:43:11.501734+00:00,201,34.29,
2026-09-12T03:43:11.522070+00:00,201,31.99,
2026-09-12T03:43:11.542305+00:00,201,30.49,
2026-09-12T03:43:11.581629+00:00,201,35.48,
2026-09-12T03:43:11.562650+00:00,201,55.56,
2026-09-12T03:43:11.602011+00:00,201,31.82,
2026-09-12T03:43:11.642316+00:00,201,38.63,
2026-09-12T03:43:11.622082+00:00,201,60.08,
2026-09-12T03:43:11.661783+00:00,201,33.39,
2026-09-12T03:43:11.682016+00:00,201,67.82,
2026-09-12T03:43:11.702696+00:00,201,56.21,
2026-09-12T03:43:11.721972+00:00,201,43.21,
2026-09-12T03:43:11.742326+00:00,201,35.6,
2026-09-12T03:43:11.762800+00:00,201,31.81,
2026-09-12T03:43:11.781924+00:00,201,29.99,
2026-09-12T03:43:11.801691+00:00,201,51.58,
2026-09-12T03:43:11.822040+00:00,201,44.34,
2026-09-12T03:43:11.842545+00:00,201,32.88,
2026-09-12T03:43:11.862904+00:00,201,29.87,
2026-09-12T03:43:11.881966+00:00,201,32.22,
2026-09-12T03:43:11.902287+00:00,201,40.66,
2026-09-12T03:43:11.943100+00:00,201,37.52,
2026-09-12T03:43:11.922768+00:00,201,59.02,
2026-09-12T03:43:11.962086+00:00,201,35.73,
2026-09-12T03:43:11.982746+00:00,201,31.83,
2026-09-12T03:43:12.002873+00:00,201,30.52,
2026-09-12T03:43:12.021539+00:00,201,33.32,
2026-09-12T03:43:12.042127+00:00,201,30.37,
2026-09-12T03:43:12.082176+00:00,201,43.92,
2026-09-12T03:43:12.061949+00:00,201,66.45,
2026-09-12T03:43:12.102620+00:00,201,39.91,
2026-09-12T03:43:12.121703+00:00,201,31.67,
2026-09-12T03:43:12.142723+00:00,201,58.46,
2026-09-12T03:43:12.162999+00:00,201,38.67,
2026-09-12T03:43:12.182952+00:00,201,34.29,
2026-09-12T03:43:12.201658+00:00,201,34.46,
2026-09-12T03:43:12.221640+00:00,201,31.2,
2026-09-12T03:43:12.242294+00:00,201,32.87,
2026-09-12T03:43:12.262050+00:00,201,31.92,
2026-09-12T03:43:12.282592+00:00,201,58.17,
2026-09-12T03:43:12.302962+00:00,201,49.48,
2026-09-12T03:43:12.321803+00:00,201,38.47,
2026-09-12T03:43:12.341763+00:00,201,33.07,
2026-09-12T03:43:12.362664+00:00,201,54.33,
2026-09-12T03:43:12.382065+00:00,201,35.33,
2026-09-12T03:43:12.402565+00:00,201,32.74,
2026-09-12T03:43:12.422368+00:00,201,30.69,
2026-09-12T03:43:12.442566+00:00,201,36.93,
2026-09-12T03:43:12.463128+00:00,201,41.11,
2026-09-12T03:43:12.481646+00:00,201,34.67,
2026-09-12T03:43:12.502618+00:00,201,31.45,
2026-09-12T03:43:12.521666+00:00,201,30.98,
2026-09-12T03:43:12.542916+00:00,201,65.85,
2026-09-12T03:43:12.561904+00:00,201,59.77,
2026-09-12T03:43:12.582717+00:00,201,54.03,
2026-09-12T03:43:12.603233+00:00,201,38.86,
2026-09-12T03:43:12.621901+00:00,201,34.13,
2026-09-12T03:43:12.641731+00:00,201,32.55,
2026-09-12T03:43:12.662139+00:00,201,50.88,
2026-09-12T03:43:12.702400+00:00,201,36.05,
2026-09-12T03:43:12.682440+00:00,201,65.5,
2026-09-12T03:43:12.723127+00:00,201,57.53,
2026-09-12T03:43:12.743141+00:00,201,41.32,
2026-09-12T03:43:12.762141+00:00,201,69.51,
2026-09-12T03:43:12.782437+00:00,201,57.35,
2026-09-12T03:43:12.802588+00:00,201,41.99,
2026-09-12T03:43:12.823133+00:00,201,59.22,
2026-09-12T03:43:12.841736+00:00,201,55.28,
2026-09-12T03:43:12.862251+00:00,201,53.52,
2026-09-12T03:43:12.882383+00:00,201,35.32,
2026-09-12T03:43:12.923048+00:00,201,43.2,
2026-09-12T03:43:12.902643+00:00,201,64.38,
2026-09-12T03:43:12.942112+00:00,201,35.24,
2026-09-12T03:43:12.962537+00:00,201,31.58,
2026-09-12T03:43:12.982723+00:00,201,30.12,
2026-09-12T03:43:13.002447+00:00,201,59.91,
2026-09-12T03:43:13.023106+00:00,201,40.72,
2026-09-12T03:43:13.041615+00:00,201,44.2,
2026-09-12T03:43:13.061749+00:00,201,37.7,
2026-09-12T03:43:13.082345+00:00,201,33.55,
2026-09-12T03:43:13.102185+00:00,201,30.58,
2026-09-12T03:43:13.122507+00:00,201,41.49,
2026-09-12T03:43:13.142873+00:00,201,32.06,
2026-09-12T03:43:13.161660+00:00,201,32.17,
2026-09-12T03:43:13.182330+00:00,201,29.4,
2026-09-12T03:43:13.202783+00:00,201,38.47,
2026-09-12T03:43:13.221732+00:00,201,32.49,
2026-09-12T03:43:13.242272+00:00,201,37.33,
2026-09-12T03:43:13.262286+00:00,201,58.7,
2026-09-12T03:43:13.282015+00:00,201,47.4,
2026-09-12T03:43:13.321876+00:00,201,36.55,
2026-09-12T03:43:13.302657+00:00,201,56.02,
2026-09-12T03:43:13.342260+00:00,201,63.27,
2026-09-12T03:43:13.362711+00:00,201,43.24,
2026-09-12T03:43:13.381828+00:00,201,34.49,
2026-09-12T03:43:13.401758+00:00,201,31.83,
2026-09-12T03:43:13.422471+00:00,201,41.61,
2026-09-12T03:43:13.442440+00:00,201,32.1,
2026-09-12T03:43:13.462250+00:00,201,48.16,
2026-09-12T03:43:13.501625+00:00,201,45.18,
2026-09-12T03:43:13.482609+00:00,201,64.25,
2026-09-12T03:43:13.522177+00:00,201,35.39,
2026-09-12T03:43:13.542600+00:00,201,31.19,
2026-09-12T03:43:13.563117+00:00,201,58.19,
2026-09-12T03:43:13.581860+00:00,201,55.07,
2026-09-12T03:43:13.602215+00:00,201,48.91,
2026-09-12T03:43:13.642550+00:00,201,45.03,
2026-09-12T03:43:13.622422+00:00,201,65.24,
2026-09-12T03:43:13.662683+00:00,201,54.85,
2026-09-12T03:43:13.681676+00:00,201,36.37,
2026-09-12T03:43:13.702209+00:00,201,33.22,
2026-09-12T03:43:13.722676+00:00,201,30.25,
2026-09-12T03:43:13.742806+00:00,201,35.16,
2026-09-12T03:43:13.761867+00:00,201,31.79,
2026-09-12T03:43:13.782637+00:00,201,41.85,
2026-09-12T03:43:13.802592+00:00,201,31.87,
2026-09-12T03:43:13.822617+00:00,201,34.66,
2026-09-12T03:43:13.843085+00:00,201,32.51,
2026-09-12T03:43:13.862893+00:00,201,30.88,
2026-09-12T03:43:13.881741+00:00,201,30.04,
2026-09-12T03:43:13.902189+00:00,201,30.68,
2026-09-12T03:43:13.922721+00:00,201,36.96,
2026-09-12T03:43:13.941713+00:00,201,58.72,
2026-09-12T03:43:13.962072+00:00,201,38.52,
2026-09-12T03:43:13.982661+00:00,201,33.43,
2026-09-12T03:43:14.001880+00:00,201,30.92,
2026-09-12T03:43:14.021843+00:00,201,37.15,
2026-09-12T03:43:14.042260+00:00,201,30.53,
2026-09-12T03:43:14.063026+00:00,201,39.24,
2026-09-12T03:43:14.081887+00:00,201,33.1,
2026-09-12T03:43:14.102158+00:00,201,31.15,
2026-09-12T03:43:14.122302+00:00,201,39.53,
2026-09-12T03:43:14.142601+00:00,201,32.26,
2026-09-12T03:43:14.162866+00:00,201,31.75,
2026-09-12T03:43:14.181790+00:00,201,31.2,
2026-09-12T03:43:14.201645+00:00,201,31.07,
2026-09-12T03:43:14.221888+00:00,201,41.23,
2026-09-12T03:43:14.242470+00:00,201,35.41,
2026-09-12T03:43:14.263392+00:00,201,32.32,
2026-09-12T03:43:14.282963+00:00,201,31.06,
2026-09-12T03:43:14.301830+00:00,201,30.7,
2026-09-12T03:43:14.322106+00:00,201,35.42,
2026-09-12T03:43:14.342700+00:00,201,62.88,
2026-09-12T03:43:14.361915+00:00,201,44.2,
2026-09-12T03:43:14.382629+00:00,201,60.41,
2026-09-12T03:43:14.401940+00:00,201,49.43,
2026-09-12T03:43:14.422623+00:00,201,37.02,
2026-09-12T03:43:14.442557+00:00,201,33.32,
2026-09-12T03:43:14.462302+00:00,201,31.58,
2026-09-12T03:43:14.482578+00:00,201,29.87,
2026-09-12T03:43:14.502850+00:00,201,38.63,
2026-09-12T03:43:14.521891+00:00,201,31.46,
2026-09-12T03:43:14.542400+00:00,201,29.63,
2026-09-12T03:43:14.562314+00:00,201,46.23,
2026-09-12T03:43:14.582521+00:00,201,34.29,
2026-09-12T03:43:14.603073+00:00,201,31.12,
2026-09-12T03:43:14.622181+00:00,201,30.52,
2026-09-12T03:43:14.642354+00:00,201,38.95,
2026-09-12T03:43:14.662575+00:00,201,60.32,
2026-09-12T03:43:14.682845+00:00,201,40.58,
2026-09-12T03:43:14.702018+00:00,201,34.62,
2026-09-12T03:43:14.723721+00:00,201,30.37,
2026-09-12T03:43:14.742188+00:00,201,42.05,
2026-09-12T03:43:14.762660+00:00,201,33.62,
2026-09-12T03:43:14.781610+00:00,201,32.44,
2026-09-12T03:43:14.801910+00:00,201,29.94,
2026-09-12T03:43:14.822451+00:00,201,35.75,
2026-09-12T03:43:14.842806+00:00,201,32.2,
2026-09-12T03:43:14.862985+00:00,201,30.37,
2026-09-12T03:43:14.881745+00:00,201,30.39,
2026-09-12T03:43:14.901951+00:00,201,35.92,
2026-09-12T03:43:14.922124+00:00,201,39.91,
2026-09-12T03:43:14.942682+00:00,201,31.97,
2026-09-12T03:43:14.963014+00:00,201,30.13,
2026-09-12T03:43:14.982180+00:00,201,34.2,
2026-09-12T03:43:15.001820+00:00,201,30.98,
2026-09-12T03:43:15.022306+00:00,201,60.1,
2026-09-12T03:43:15.042704+00:00,201,40.62,
2026-09-12T03:43:15.062782+00:00,201,33.76,
2026-09-12T03:43:15.081551+00:00,201,34.32,
2026-09-12T03:43:15.102012+00:00,201,30.72,
2026-09-12T03:43:15.122122+00:00,201,32.67,
2026-09-12T03:43:15.142582+00:00,201,29.24,
2026-09-12T03:43:15.162840+00:00,201,40.39,
2026-09-12T03:43:15.181896+00:00,201,32.69,
2026-09-12T03:43:15.202231+00:00,201,30.61,
2026-09-12T03:43:15.222723+00:00,201,38.88,
2026-09-12T03:43:15.241624+00:00,201,34.85,
2026-09-12T03:43:15.261984+00:00,201,31.59,
2026-09-12T03:43:15.282110+00:00,201,31.1,
2026-09-12T03:43:15.302383+00:00,201,28.69,
2026-09-12T03:43:15.322623+00:00,201,37.14,
2026-09-12T03:43:15.341891+00:00,201,33.52,
2026-09-12T03:43:15.362835+00:00,201,31.02,
2026-09-12T03:43:15.381606+00:00,201,29.73,
2026-09-12T03:43:15.401712+00:00,201,57.35,
2026-09-12T03:43:15.421959+00:00,201,37.17,
2026-09-12T03:43:15.442667+00:00,201,34.01,
2026-09-12T03:43:15.461959+00:00,201,32.08,
2026-09-12T03:43:15.481753+00:00,201,30.33,
2026-09-12T03:43:15.502054+00:00,201,29.91,
2026-09-12T03:43:15.522259+00:00,201,42.23,
2026-09-12T03:43:15.542662+00:00,201,31.47,
2026-09-12T03:43:15.562038+00:00,201,35.98,
2026-09-12T03:43:15.581702+00:00,201,32.08,
2026-09-12T03:43:15.602894+00:00,201,38.85,
2026-09-12T03:43:15.622006+00:00,201,31.5,
2026-09-12T03:43:15.642679+00:00,201,30.91,
2026-09-12T03:43:15.661738+00:00,201,30.37,
2026-09-12T03:43:15.682053+00:00,201,38.96,
2026-09-12T03:43:15.702395+00:00,201,32.56,
2026-09-12T03:43:15.722872+00:00,201,40.11,
2026-09-12T03:43:15.742648+00:00,201,33.15,
2026-09-12T03:43:15.763123+00:00,201,34.44,
2026-09-12T03:43:15.782124+00:00,201,30.35,
2026-09-12T03:43:15.802185+00:00,201,38.68,
2026-09-12T03:43:15.841557+00:00,201,38.87,
2026-09-12T03:43:15.822724+00:00,201,59.96,
2026-09-12T03:43:15.862570+00:00,201,49.62,
2026-09-12T03:43:15.881665+00:00,201,33.54,
2026-09-12T03:43:15.902128+00:00,201,53.27,
2026-09-12T03:43:15.942455+00:00,201,36.49,
2026-09-12T03:43:15.921706+00:00,201,57.76,
2026-09-12T03:43:15.961797+00:00,201,32.8,
2026-09-12T03:43:15.982645+00:00,201,54.13,
2026-09-12T03:43:16.002576+00:00,201,45.19,
2026-09-12T03:43:16.041915+00:00,201,45.37,
2026-09-12T03:43:16.021701+00:00,201,66.08,
2026-09-12T03:43:16.062618+00:00,201,36.26,
2026-09-12T03:43:16.082726+00:00,201,32.46,
2026-09-12T03:43:16.103042+00:00,201,29.46,
2026-09-12T03:43:16.121959+00:00,201,38.76,
2026-09-12T03:43:16.142455+00:00,201,32.55,
2026-09-12T03:43:16.162663+00:00,201,29.95,
2026-09-12T03:43:16.182845+00:00,201,41.2,
2026-09-12T03:43:16.203041+00:00,201,31.23,
2026-09-12T03:43:16.221822+00:00,201,30.61,
2026-09-12T03:43:16.242112+00:00,201,41.04,
2026-09-12T03:43:16.262582+00:00,201,56.86,
2026-09-12T03:43:16.282387+00:00,201,48.98,
2026-09-12T03:43:16.302979+00:00,201,38.11,
2026-09-12T03:43:16.321674+00:00,201,34.06,
2026-09-12T03:43:16.341782+00:00,201,30.38,
2026-09-12T03:43:16.362067+00:00,201,31.95,
2026-09-12T03:43:16.382262+00:00,201,30.86,
2026-09-12T03:43:16.402082+00:00,201,38.34,
2026-09-12T03:43:16.422618+00:00,201,53.34,
2026-09-12T03:43:16.442859+00:00,201,33.71,
2026-09-12T03:43:16.462788+00:00,201,32.94,
2026-09-12T03:43:16.482090+00:00,201,31.75,
2026-09-12T03:43:16.501888+00:00,201,30.65,
2026-09-12T03:43:16.521894+00:00,201,40.27,
2026-09-12T03:43:16.542374+00:00,201,31.99,
2026-09-12T03:43:16.563541+00:00,201,47.7,
2026-09-12T03:43:16.602236+00:00,201,43.58,
2026-09-12T03:43:16.581679+00:00,201,66.23,
2026-09-12T03:43:16.622993+00:00,201,34.71,
2026-09-12T03:43:16.643038+00:00,201,31.52,
2026-09-12T03:43:16.662694+00:00,201,30.38,
2026-09-12T03:43:16.682589+00:00,201,64.3,
2026-09-12T03:43:16.703251+00:00,201,50.07,
2026-09-12T03:43:16.742470+00:00,201,45.19,
2026-09-12T03:43:16.722304+00:00,201,65.18,
2026-09-12T03:43:16.762975+00:00,201,36.46,
2026-09-12T03:43:16.781677+00:00,201,34.4,
2026-09-12T03:43:16.801619+00:00,201,32.36,
2026-09-12T03:43:16.821912+00:00,201,55.01,
2026-09-12T03:43:16.842595+00:00,201,45.16,
2026-09-12T03:43:16.882569+00:00,201,42.91,
2026-09-12T03:43:16.862262+00:00,201,64.23,
2026-09-12T03:43:16.901601+00:00,201,56.31,
2026-09-12T03:43:16.921724+00:00,201,36.81,
2026-09-12T03:43:16.941823+00:00,201,32.31,
2026-09-12T03:43:16.962788+00:00,201,29.03,
2026-09-12T03:43:16.982998+00:00,201,35.36,
2026-09-12T03:43:17.003134+00:00,201,31.36,
2026-09-12T03:43:17.022396+00:00,201,29.96,
2026-09-12T03:43:17.062629+00:00,201,33.39,
2026-09-12T03:43:17.042588+00:00,201,55.79,
2026-09-12T03:43:17.082840+00:00,201,33.2,
2026-09-12T03:43:17.101881+00:00,201,30.47,
2026-09-12T03:43:17.121842+00:00,201,33.04,
2026-09-12T03:43:17.142259+00:00,201,31.16,
2026-09-12T03:43:17.162669+00:00,201,41.0,
2026-09-12T03:43:17.183052+00:00,201,31.63,
2026-09-12T03:43:17.203059+00:00,201,40.74,
2026-09-12T03:43:17.221907+00:00,201,32.29,
2026-09-12T03:43:17.242380+00:00,201,32.48,
2026-09-12T03:43:17.262592+00:00,201,32.61,
2026-09-12T03:43:17.281964+00:00,201,32.7,
2026-09-12T03:43:17.302449+00:00,201,45.59,
2026-09-12T03:43:17.322906+00:00,201,40.02,
2026-09-12T03:43:17.342506+00:00,201,55.62,
2026-09-12T03:43:17.382918+00:00,201,37.31,
2026-09-12T03:43:17.362358+00:00,201,60.93,
2026-09-12T03:43:17.402162+00:00,201,53.53,
2026-09-12T03:43:17.422768+00:00,201,47.79,
2026-09-12T03:43:17.443058+00:00,201,35.23,
2026-09-12T03:43:17.461849+00:00,201,33.04,
2026-09-12T03:43:17.483127+00:00,201,29.75,
2026-09-12T03:43:17.501959+00:00,201,31.7,
2026-09-12T03:43:17.522307+00:00,201,40.57,
2026-09-12T03:43:17.542518+00:00,201,31.21,
2026-09-12T03:43:17.563090+00:00,201,33.57,
2026-09-12T03:43:17.582170+00:00,201,31.07,
2026-09-12T03:43:17.602858+00:00,201,60.19,
2026-09-12T03:43:17.621794+00:00,201,42.01,
2026-09-12T03:43:17.642266+00:00,201,34.97,
2026-09-12T03:43:17.663243+00:00,201,32.52,
2026-09-12T03:43:17.683076+00:00,201,31.15,
2026-09-12T03:43:17.701869+00:00,201,30.15,
2026-09-12T03:43:17.722159+00:00,201,29.54,
2026-09-12T03:43:17.742444+00:00,201,66.28,
2026-09-12T03:43:17.763017+00:00,201,54.07,
2026-09-12T03:43:17.783389+00:00,201,38.89,
2026-09-12T03:43:17.821720+00:00,201,44.31,
2026-09-12T03:43:17.802753+00:00,201,64.86,
2026-09-12T03:43:17.842300+00:00,201,57.86,
2026-09-12T03:43:17.861945+00:00,201,38.58,
2026-09-12T03:43:17.882146+00:00,201,32.74,
2026-09-12T03:43:17.902691+00:00,201,29.61,
2026-09-12T03:43:17.922883+00:00,201,35.07,
2026-09-12T03:43:17.941925+00:00,201,31.75,
2026-09-12T03:43:17.962211+00:00,201,31.44,
2026-09-12T03:43:17.982233+00:00,201,30.39,
2026-09-12T03:43:18.002522+00:00,201,33.35,
2026-09-12T03:43:18.022766+00:00,201,30.78,
2026-09-12T03:43:18.043114+00:00,201,42.63,
2026-09-12T03:43:18.061998+00:00,201,52.8,
2026-09-12T03:43:18.082030+00:00,201,44.86,
2026-09-12T03:43:18.102519+00:00,201,59.7,
2026-09-12T03:43:18.141856+00:00,201,35.92,
2026-09-12T03:43:18.122924+00:00,201,55.24,
2026-09-12T03:43:18.162413+00:00,201,32.18,
2026-09-12T03:43:18.182700+00:00,201,30.74,
2026-09-12T03:43:18.202961+00:00,201,37.01,
2026-09-12T03:43:18.221601+00:00,201,32.17,
2026-09-12T03:43:18.241811+00:00,201,30.48,
2026-09-12T03:43:18.261984+00:00,201,39.71,
2026-09-12T03:43:18.281867+00:00,201,31.35,
2026-09-12T03:43:18.301831+00:00,201,33.2,
2026-09-12T03:43:18.322556+00:00,201,64.25,
2026-09-12T03:43:18.342432+00:00,201,57.65,
2026-09-12T03:43:18.362986+00:00,201,42.35,
2026-09-12T03:43:18.382943+00:00,201,34.55,
2026-09-12T03:43:18.401900+00:00,201,30.74,
2026-09-12T03:43:18.422415+00:00,201,35.08,
2026-09-12T03:43:18.442753+00:00,201,47.23,
2026-09-12T03:43:18.482899+00:00,201,40.9,
2026-09-12T03:43:18.463037+00:00,201,63.5,
2026-09-12T03:43:18.501906+00:00,201,34.23,
2026-09-12T03:43:18.522401+00:00,201,36.91,
2026-09-12T03:43:18.541773+00:00,201,61.77,
2026-09-12T03:43:18.561883+00:00,201,42.99,
2026-09-12T03:43:18.582232+00:00,201,51.6,
2026-09-12T03:43:18.601695+00:00,201,32.33,
2026-09-12T03:43:18.621729+00:00,201,31.13,
2026-09-12T03:43:18.641944+00:00,201,34.85,
2026-09-12T03:43:18.661883+00:00,201,32.41,
2026-09-12T03:43:18.681770+00:00,201,30.56,
2026-09-12T03:43:18.702133+00:00,201,38.8,
2026-09-12T03:43:18.722520+00:00,201,49.08,
2026-09-12T03:43:18.762825+00:00,201,43.91,
2026-09-12T03:43:18.742854+00:00,201,64.63,
2026-09-12T03:43:18.781728+00:00,201,36.05,
2026-09-12T03:43:18.801661+00:00,201,49.45,
2026-09-12T03:43:18.821704+00:00,201,32.45,
2026-09-12T03:43:18.842061+00:00,201,56.24,
2026-09-12T03:43:18.862091+00:00,201,50.21,
2026-09-12T03:43:18.882437+00:00,201,38.86,
2026-09-12T03:43:18.903055+00:00,201,33.71,
2026-09-12T03:43:18.922402+00:00,201,31.68,
2026-09-12T03:43:18.942433+00:00,201,28.77,
2026-09-12T03:43:18.962887+00:00,201,40.62,
2026-09-12T03:43:18.981911+00:00,201,31.74,
2026-09-12T03:43:19.001872+00:00,201,29.94,
2026-09-12T03:43:19.022497+00:00,201,30.05,
2026-09-12T03:43:19.042788+00:00,201,66.57,
2026-09-12T03:43:19.062147+00:00,201,48.26,
2026-09-12T03:43:19.082427+00:00,201,46.49,
2026-09-12T03:43:19.103065+00:00,201,34.69,
2026-09-12T03:43:19.121878+00:00,201,32.48,
2026-09-12T03:43:19.142372+00:00,201,29.98,
2026-09-12T03:43:19.162720+00:00,201,31.93,
2026-09-12T03:43:19.183129+00:00,201,30.01,
2026-09-12T03:43:19.201895+00:00,201,44.36,
2026-09-12T03:43:19.221922+00:00,201,33.56,
2026-09-12T03:43:19.242434+00:00,201,30.83,
2026-09-12T03:43:19.262967+00:00,201,38.47,
2026-09-12T03:43:19.283017+00:00,201,59.0,
2026-09-12T03:43:19.301527+00:00,201,40.92,
2026-09-12T03:43:19.322099+00:00,201,35.78,
2026-09-12T03:43:19.342856+00:00,201,31.55,
2026-09-12T03:43:19.361684+00:00,201,56.23,
2026-09-12T03:43:19.381851+00:00,201,36.14,
2026-09-12T03:43:19.403003+00:00,201,35.22,
2026-09-12T03:43:19.421812+00:00,201,33.91,
2026-09-12T03:43:19.442352+00:00,201,29.38,
2026-09-12T03:43:19.482134+00:00,201,42.85,
2026-09-12T03:43:19.462505+00:00,201,64.62,
2026-09-12T03:43:19.502413+00:00,201,57.31,
2026-09-12T03:43:19.522718+00:00,201,37.39,
2026-09-12T03:43:19.542069+00:00,201,34.46,
2026-09-12T03:43:19.562832+00:00,201,30.7,
2026-09-12T03:43:19.583005+00:00,201,35.34,
2026-09-12T03:43:19.601904+00:00,201,48.72,
2026-09-12T03:43:19.642696+00:00,201,42.6,
2026-09-12T03:43:19.622154+00:00,201,64.37,
2026-09-12T03:43:19.661707+00:00,201,35.2,
2026-09-12T03:43:19.682089+00:00,201,31.88,
2026-09-12T03:43:19.702655+00:00,201,41.37,
2026-09-12T03:43:19.721959+00:00,201,31.51,
2026-09-12T03:43:19.742110+00:00,201,32.42,
2026-09-12T03:43:19.762437+00:00,201,29.66,
2026-09-12T03:43:19.782876+00:00,201,37.01,
2026-09-12T03:43:19.801761+00:00,201,56.64,
2026-09-12T03:43:19.821684+00:00,201,36.94,
2026-09-12T03:43:19.842330+00:00,201,33.15,
2026-09-12T03:43:19.861628+00:00,201,31.21,
2026-09-12T03:43:19.881756+00:00,201,36.91,
2026-09-12T03:43:19.901840+00:00,201,31.47,
2026-09-12T03:43:19.922369+00:00,201,41.94,
2026-09-12T03:43:19.942810+00:00,201,32.55,
2026-09-12T03:43:19.961776+00:00,201,30.38,
2026-09-12T03:43:19.981930+00:00,201,39.86,
2026-09-12T03:43:20.002834+00:00,201,61.31,
2026-09-12T03:43:20.022392+00:00,201,42.29,
2026-09-12T03:43:20.042097+00:00,201,35.37,
2026-09-12T03:43:20.062227+00:00,201,31.65,
2026-09-12T03:43:20.083001+00:00,201,38.57,
2026-09-12T03:43:20.101792+00:00,201,31.5,
2026-09-12T03:43:20.122848+00:00,201,31.99,
2026-09-12T03:43:20.142832+00:00,201,30.54,
2026-09-12T03:43:20.161758+00:00,201,29.96,
2026-09-12T03:43:20.181917+00:00,201,60.86,
2026-09-12T03:43:20.202672+00:00,201,51.75,
2026-09-12T03:43:20.224152+00:00,201,40.88,
2026-09-12T03:43:20.243093+00:00,201,60.48,
2026-09-12T03:43:20.261619+00:00,201,42.89,
2026-09-12T03:43:20.282574+00:00,201,42.8,
2026-09-12T03:43:20.303032+00:00,201,35.6,
2026-09-12T03:43:20.321833+00:00,201,36.35,
2026-09-12T03:43:20.341711+00:00,201,72.07,
2026-09-12T03:43:20.361791+00:00,201,54.81,
2026-09-12T03:43:20.381651+00:00,201,54.72,
2026-09-12T03:43:20.402015+00:00,201,52.34,
2026-09-12T03:43:20.421873+00:00,201,61.97,
2026-09-12T03:43:20.442511+00:00,201,53.89,
2026-09-12T03:43:20.461624+00:00,201,50.1,
2026-09-12T03:43:20.482433+00:00,201,48.14,
2026-09-12T03:43:20.502994+00:00,201,63.67,
2026-09-12T03:43:20.521857+00:00,201,64.18,
2026-09-12T03:43:20.542324+00:00,201,56.22,
2026-09-12T03:43:20.562431+00:00,201,51.17,
2026-09-12T03:43:20.583069+00:00,201,72.13,
2026-09-12T03:43:20.601635+00:00,201,65.98,
2026-09-12T03:43:20.622322+00:00,201,51.04,
2026-09-12T03:43:20.642791+00:00,201,47.72,
2026-09-12T03:43:20.661865+00:00,201,67.3,
2026-09-12T03:43:20.682286+00:00,201,62.06,
2026-09-12T03:43:20.701980+00:00,201,56.57,
2026-09-12T03:43:20.722429+00:00,201,47.03,
2026-09-12T03:43:20.743150+00:00,201,63.18,
2026-09-12T03:43:20.762406+00:00,201,48.5,
2026-09-12T03:43:20.782971+00:00,201,43.24,
2026-09-12T03:43:20.801778+00:00,201,82.4,
2026-09-12T03:43:20.823047+00:00,201,62.76,
2026-09-12T03:43:20.841618+00:00,201,59.89,
2026-09-12T03:43:20.861530+00:00,201,75.67,
2026-09-12T03:43:20.882511+00:00,201,55.24,
2026-09-12T03:43:20.901747+00:00,201,55.36,
2026-09-12T03:43:20.923425+00:00,201,57.7,
2026-09-12T03:43:20.942541+00:00,201,74.75,
2026-09-12T03:43:20.961937+00:00,201,55.53,
2026-09-12T03:43:20.982429+00:00,201,49.93,
2026-09-12T03:43:21.002379+00:00,201,51.04,
2026-09-12T03:43:21.021771+00:00,201,43.84,
2026-09-12T03:43:21.042385+00:00,201,40.08,
2026-09-12T03:43:21.062978+00:00,201,40.72,
2026-09-12T03:43:21.083106+00:00,201,35.84,
2026-09-12T03:43:21.101873+00:00,201,36.28,
2026-09-12T03:43:21.122082+00:00,201,62.99,
2026-09-12T03:43:21.142227+00:00,201,56.3,
2026-09-12T03:43:21.162937+00:00,201,41.89,
2026-09-12T03:43:21.181832+00:00,201,35.89,
2026-09-12T03:43:21.202548+00:00,201,34.43,
2026-09-12T03:43:21.222636+00:00,201,33.25,
2026-09-12T03:43:21.261871+00:00,201,43.95,
2026-09-12T03:43:21.241659+00:00,201,68.02,
2026-09-12T03:43:21.282468+00:00,201,51.79,
2026-09-12T03:43:21.302571+00:00,201,42.26,
2026-09-12T03:43:21.323076+00:00,201,39.01,
2026-09-12T03:43:21.341843+00:00,201,39.43,
2026-09-12T03:43:21.362090+00:00,201,41.46,
2026-09-12T03:43:21.382320+00:00,201,66.28,
2026-09-12T03:43:21.402645+00:00,201,70.64,
2026-09-12T03:43:21.422670+00:00,201,55.71,
2026-09-12T03:43:21.443047+00:00,201,56.59,
2026-09-12T03:43:21.462697+00:00,201,55.16,
2026-09-12T03:43:21.482367+00:00,201,48.38,
2026-09-12T03:43:21.503001+00:00,201,46.99,
2026-09-12T03:43:21.521908+00:00,201,46.07,
2026-09-12T03:43:21.543045+00:00,201,62.31,
2026-09-12T03:43:21.561852+00:00,201,48.14,
2026-09-12T03:43:21.582043+00:00,201,61.02,
2026-09-12T03:43:21.602915+00:00,201,57.93,
2026-09-12T03:43:21.621920+00:00,201,48.54,
2026-09-12T03:43:21.643355+00:00,201,40.91,
2026-09-12T03:43:21.662557+00:00,201,40.68,
2026-09-12T03:43:21.682954+00:00,201,43.79,
2026-09-12T03:43:21.701919+00:00,201,46.71,
2026-09-12T03:43:21.741571+00:00,201,49.61,
2026-09-12T03:43:21.721992+00:00,201,70.0,
2026-09-12T03:43:21.762977+00:00,201,54.56,
2026-09-12T03:43:21.782686+00:00,201,37.9,
2026-09-12T03:43:21.801743+00:00,201,75.74,
2026-09-12T03:43:21.822391+00:00,201,67.72,
2026-09-12T03:43:21.842548+00:00,201,56.59,
2026-09-12T03:43:21.861767+00:00,201,44.33,
2026-09-12T03:43:21.882761+00:00,201,71.1,
2026-09-12T03:43:21.901736+00:00,201,52.7,
2026-09-12T03:43:21.921812+00:00,201,61.02,
2026-09-12T03:43:21.941716+00:00,201,47.66,
2026-09-12T03:43:21.962679+00:00,201,46.54,
2026-09-12T03:43:21.981835+00:00,201,47.26,
2026-09-12T03:43:22.002209+00:00,201,45.6,
2026-09-12T03:43:22.022615+00:00,201,44.11,
2026-09-12T03:43:22.041954+00:00,201,40.72,
2026-09-12T03:43:22.062435+00:00,201,64.15,
2026-09-12T03:43:22.082445+00:00,201,55.52,
2026-09-12T03:43:22.122741+00:00,201,39.37,
2026-09-12T03:43:22.101959+00:00,201,65.2,
2026-09-12T03:43:22.142193+00:00,201,61.39,
2026-09-12T03:43:22.162736+00:00,201,41.37,
2026-09-12T03:43:22.201659+00:00,201,48.93,
2026-09-12T03:43:22.182144+00:00,201,68.98,
2026-09-12T03:43:22.223057+00:00,201,56.74,
2026-09-12T03:43:22.241515+00:00,201,51.73,
2026-09-12T03:43:22.262830+00:00,201,40.96,
2026-09-12T03:43:22.302004+00:00,201,44.1,
2026-09-12T03:43:22.282351+00:00,201,64.51,
2026-09-12T03:43:22.322806+00:00,201,43.2,
2026-09-12T03:43:22.341847+00:00,201,39.64,
2026-09-12T03:43:22.362205+00:00,201,39.27,
2026-09-12T03:43:22.382487+00:00,201,38.88,
2026-09-12T03:43:22.401810+00:00,201,69.88,
2026-09-12T03:43:22.422202+00:00,201,62.01,
2026-09-12T03:43:22.441895+00:00,201,46.65,
2026-09-12T03:43:22.462596+00:00,201,74.8,
2026-09-12T03:43:22.481709+00:00,201,82.42,
2026-09-12T03:43:22.502747+00:00,201,76.6,
2026-09-12T03:43:22.521812+00:00,201,65.0,
2026-09-12T03:43:22.543072+00:00,201,56.83,
2026-09-12T03:43:22.561608+00:00,201,70.45,
2026-09-12T03:43:22.582068+00:00,201,66.85,
2026-09-12T03:43:22.603110+00:00,201,175.71,
2026-09-12T03:43:22.642330+00:00,201,138.88,
2026-09-12T03:43:22.622985+00:00,201,172.21,
2026-09-12T03:43:22.669271+00:00,201,143.28,
2026-09-12T03:43:22.682767+00:00,201,163.45,
2026-09-12T03:43:22.702297+00:00,201,161.9,
2026-09-12T03:43:22.762086+00:00,201,102.89,
2026-09-12T03:43:22.781744+00:00,201,96.31,
2026-09-12T03:43:22.721687+00:00,201,157.74,
2026-09-12T03:43:22.744696+00:00,201,141.61,
2026-09-12T03:43:22.802322+00:00,201,87.22,
2026-09-12T03:43:22.822271+00:00,201,76.89,
2026-09-12T03:43:22.841746+00:00,201,67.71,
2026-09-12T03:43:22.862683+00:00,201,56.05,
2026-09-12T03:43:22.883066+00:00,201,48.47,
2026-09-12T03:43:22.901632+00:00,201,44.69,
2026-09-12T03:43:22.922249+00:00,201,48.42,
2026-09-12T03:43:22.942930+00:00,201,72.79,
2026-09-12T03:43:22.962123+00:00,201,63.12,
2026-09-12T03:43:22.982772+00:00,201,51.61,
2026-09-12T03:43:23.002135+00:00,201,47.13,
2026-09-12T03:43:23.021665+00:00,201,76.12,
2026-09-12T03:43:23.043286+00:00,201,70.73,
2026-09-12T03:43:23.082298+00:00,201,54.04,
2026-09-12T03:43:23.062073+00:00,201,79.35,
2026-09-12T03:43:23.101704+00:00,201,57.49,
2026-09-12T03:43:23.122611+00:00,201,62.83,
2026-09-12T03:43:23.163021+00:00,201,49.7,
2026-09-12T03:43:23.142953+00:00,201,71.35,
2026-09-12T03:43:23.182398+00:00,201,52.81,
2026-09-12T03:43:23.202713+00:00,201,62.05,
2026-09-12T03:43:23.221556+00:00,201,67.79,
2026-09-12T03:43:23.242038+00:00,201,58.49,
2026-09-12T03:43:23.262940+00:00,201,53.69,
2026-09-12T03:43:23.282277+00:00,201,49.39,
2026-09-12T03:43:23.302484+00:00,201,46.99,
2026-09-12T03:43:23.322886+00:00,201,44.2,
2026-09-12T03:43:23.341854+00:00,201,40.4,
2026-09-12T03:43:23.362748+00:00,201,81.21,
2026-09-12T03:43:23.382616+00:00,201,71.46,
2026-09-12T03:43:23.402661+00:00,201,51.82,
2026-09-12T03:43:23.421982+00:00,201,48.15,
2026-09-12T03:43:23.442871+00:00,201,45.15,
2026-09-12T03:43:23.462054+00:00,201,63.45,
2026-09-12T03:43:23.481942+00:00,201,55.54,
2026-09-12T03:43:23.501976+00:00,201,42.08,
2026-09-12T03:43:23.523021+00:00,201,63.17,
2026-09-12T03:43:23.542293+00:00,201,70.86,
2026-09-12T03:43:23.562194+00:00,201,66.66,
2026-09-12T03:43:23.582924+00:00,201,52.12,
2026-09-12T03:43:23.602847+00:00,201,48.3,
2026-09-12T03:43:23.622229+00:00,201,74.74,
2026-09-12T03:43:23.641597+00:00,201,63.06,
2026-09-12T03:43:23.662868+00:00,201,69.3,
2026-09-12T03:43:23.683019+00:00,201,55.84,
2026-09-12T03:43:23.702313+00:00,201,50.78,
2026-09-12T03:43:23.722789+00:00,201,45.69,
2026-09-12T03:43:23.742319+00:00,201,68.26,
2026-09-12T03:43:23.761586+00:00,201,60.2,
2026-09-12T03:43:23.783231+00:00,201,44.73,
2026-09-12T03:43:23.802906+00:00,201,46.93,
2026-09-12T03:43:23.821747+00:00,201,70.33,
2026-09-12T03:43:23.842467+00:00,201,70.56,
2026-09-12T03:43:23.862736+00:00,201,66.65,
2026-09-12T03:43:23.882109+00:00,201,55.67,
2026-09-12T03:43:23.901739+00:00,201,76.68,
2026-09-12T03:43:23.922079+00:00,201,57.12,
2026-09-12T03:43:23.941602+00:00,201,59.6,
2026-09-12T03:43:23.962093+00:00,201,52.11,
2026-09-12T03:43:23.982864+00:00,201,50.79,
2026-09-12T03:43:24.001833+00:00,201,48.97,
2026-09-12T03:43:24.022342+00:00,201,85.37,
2026-09-12T03:43:24.042934+00:00,201,67.32,
2026-09-12T03:43:24.062133+00:00,201,57.69,
2026-09-12T03:43:24.081612+00:00,201,55.89,
2026-09-12T03:43:24.101802+00:00,201,49.16,
2026-09-12T03:43:24.122365+00:00,201,43.98,
2026-09-12T03:43:24.141851+00:00,201,60.61,
2026-09-12T03:43:24.162646+00:00,201,47.18,
2026-09-12T03:43:24.182343+00:00,201,46.88,
2026-09-12T03:43:24.201746+00:00,201,43.73,
2026-09-12T03:43:24.222301+00:00,201,57.69,
2026-09-12T03:43:24.242314+00:00,201,41.52,
2026-09-12T03:43:24.262605+00:00,201,65.12,
2026-09-12T03:43:24.281980+00:00,201,46.49,
2026-09-12T03:43:24.302042+00:00,201,73.43,
2026-09-12T03:43:24.321577+00:00,201,70.01,
2026-09-12T03:43:24.341854+00:00,201,67.64,
2026-09-12T03:43:24.362772+00:00,201,75.25,
2026-09-12T03:43:24.401560+00:00,201,47.0,
2026-09-12T03:43:24.382351+00:00,201,71.65,
2026-09-12T03:43:24.422967+00:00,201,47.2,
2026-09-12T03:43:24.442347+00:00,201,43.53,
2026-09-12T03:43:24.462868+00:00,201,46.8,
2026-09-12T03:43:24.483144+00:00,201,46.85,
2026-09-12T03:43:24.502816+00:00,201,53.63,
2026-09-12T03:43:24.522056+00:00,201,74.51,
2026-09-12T03:43:24.542247+00:00,201,66.72,
2026-09-12T03:43:24.562546+00:00,201,59.38,
2026-09-12T03:43:24.582195+00:00,201,44.88,
2026-09-12T03:43:24.601609+00:00,201,43.21,
2026-09-12T03:43:24.622214+00:00,201,62.84,
2026-09-12T03:43:24.641693+00:00,201,43.61,
2026-09-12T03:43:24.663028+00:00,201,44.39,
2026-09-12T03:43:24.682003+00:00,201,42.61,
2026-09-12T03:43:24.702375+00:00,201,39.66,
2026-09-12T03:43:24.722784+00:00,201,42.3,
2026-09-12T03:43:24.742282+00:00,201,42.25,
2026-09-12T03:43:24.762392+00:00,201,63.39,
2026-09-12T03:43:24.783035+00:00,201,53.88,
2026-09-12T03:43:24.802701+00:00,201,46.26,
2026-09-12T03:43:24.822766+00:00,201,45.84,
2026-09-12T03:43:24.841983+00:00,201,64.38,
2026-09-12T03:43:24.862893+00:00,201,56.25,
2026-09-12T03:43:24.881496+00:00,201,48.33,
2026-09-12T03:43:24.902888+00:00,201,41.7,
2026-09-12T03:43:24.921620+00:00,201,42.98,
2026-09-12T03:43:24.942071+00:00,201,43.12,
2026-09-12T03:43:24.962895+00:00,201,50.32,
2026-09-12T03:43:24.982626+00:00,201,45.77,
2026-09-12T03:43:25.002061+00:00,201,43.78,
2026-09-12T03:43:25.022422+00:00,201,42.21,
2026-09-12T03:43:25.043084+00:00,201,45.24,
2026-09-12T03:43:25.062335+00:00,201,65.04,
2026-09-12T03:43:25.102720+00:00,201,47.48,
2026-09-12T03:43:25.083125+00:00,201,75.01,
2026-09-12T03:43:25.122955+00:00,201,50.41,
2026-09-12T03:43:25.142281+00:00,201,53.03,
2026-09-12T03:43:25.163015+00:00,201,76.87,
2026-09-12T03:43:25.182195+00:00,201,74.93,
2026-09-12T03:43:25.202009+00:00,201,55.7,
2026-09-12T03:43:25.223094+00:00,201,56.54,
2026-09-12T03:43:25.242758+00:00,201,44.36,
2026-09-12T03:43:25.261693+00:00,201,73.67,
2026-09-12T03:43:25.282852+00:00,201,61.02,
2026-09-12T03:43:25.302057+00:00,201,46.62,
2026-09-12T03:43:25.322799+00:00,201,41.53,
2026-09-12T03:43:25.341963+00:00,201,38.17,
2026-09-12T03:43:25.362197+00:00,201,61.09,
2026-09-12T03:43:25.401683+00:00,201,39.42,
2026-09-12T03:43:25.381795+00:00,201,68.71,
2026-09-12T03:43:25.421654+00:00,201,41.74,
2026-09-12T03:43:25.442200+00:00,201,39.96,
2026-09-12T03:43:25.462688+00:00,201,39.89,
2026-09-12T03:43:25.482578+00:00,201,39.17,
2026-09-12T03:43:25.503020+00:00,201,41.3,
2026-09-12T03:43:25.522448+00:00,201,62.6,
2026-09-12T03:43:25.541675+00:00,201,44.04,
2026-09-12T03:43:25.582186+00:00,201,49.19,
2026-09-12T03:43:25.561963+00:00,201,69.97,
2026-09-12T03:43:25.602485+00:00,201,73.58,
2026-09-12T03:43:25.622839+00:00,201,64.72,
2026-09-12T03:43:25.641960+00:00,201,60.94,
2026-09-12T03:43:25.662209+00:00,201,53.23,
2026-09-12T03:43:25.681490+00:00,201,38.77,
2026-09-12T03:43:25.702404+00:00,201,39.8,
2026-09-12T03:43:25.722680+00:00,201,42.14,
2026-09-12T03:43:25.742036+00:00,201,40.6,
2026-09-12T03:43:25.762443+00:00,201,41.64,
2026-09-12T03:43:25.782484+00:00,201,47.21,
2026-09-12T03:43:25.802701+00:00,201,47.59,
2026-09-12T03:43:25.821788+00:00,201,42.22,
2026-09-12T03:43:25.842731+00:00,201,74.08,
2026-09-12T03:43:25.861927+00:00,201,64.08,
2026-09-12T03:43:25.882643+00:00,201,54.23,
2026-09-12T03:43:25.902139+00:00,201,43.55,
2026-09-12T03:43:25.922861+00:00,201,41.57,
2026-09-12T03:43:25.961597+00:00,201,40.68,
2026-09-12T03:43:25.942072+00:00,201,60.81,
2026-09-12T03:43:25.981715+00:00,201,47.02,
2026-09-12T03:43:26.002646+00:00,201,48.31,
2026-09-12T03:43:26.021974+00:00,201,48.55,
2026-09-12T03:43:26.042995+00:00,201,44.52,
2026-09-12T03:43:26.062190+00:00,201,78.59,
2026-09-12T03:43:26.081903+00:00,201,75.74,
2026-09-12T03:43:26.102068+00:00,201,61.53,
2026-09-12T03:43:26.122418+00:00,201,56.01,
2026-09-12T03:43:26.142755+00:00,201,47.04,
2026-09-12T03:43:26.161751+00:00,201,44.24,
2026-09-12T03:43:26.201580+00:00,201,57.94,
2026-09-12T03:43:26.182649+00:00,201,82.24,
2026-09-12T03:43:26.223131+00:00,201,69.7,
2026-09-12T03:43:26.242743+00:00,201,50.41,
2026-09-12T03:43:26.261853+00:00,201,53.19,
2026-09-12T03:43:26.282775+00:00,201,75.47,
2026-09-12T03:43:26.302939+00:00,201,68.75,
2026-09-12T03:43:26.342865+00:00,201,48.7,
2026-09-12T03:43:26.323164+00:00,201,76.67,
2026-09-12T03:43:26.362808+00:00,201,46.38,
2026-09-12T03:43:26.382554+00:00,201,63.58,
2026-09-12T03:43:26.401564+00:00,201,55.92,
2026-09-12T03:43:26.422353+00:00,201,43.36,
2026-09-12T03:43:26.442079+00:00,201,38.94,
2026-09-12T03:43:26.462973+00:00,201,38.66,
2026-09-12T03:43:26.481778+00:00,201,57.51,
2026-09-12T03:43:26.521692+00:00,201,42.02,
2026-09-12T03:43:26.501658+00:00,201,65.55,
2026-09-12T03:43:26.542542+00:00,201,43.14,
2026-09-12T03:43:26.561506+00:00,201,39.62,
2026-09-12T03:43:26.582491+00:00,201,39.26,
2026-09-12T03:43:26.601628+00:00,201,81.53,
2026-09-12T03:43:26.622298+00:00,201,77.6,
2026-09-12T03:43:26.642648+00:00,201,67.68,
2026-09-12T03:43:26.667084+00:00,201,64.27,
2026-09-12T03:43:26.683954+00:00,201,56.24,
2026-09-12T03:43:26.703023+00:00,201,47.51,
2026-09-12T03:43:26.722033+00:00,201,68.76,
2026-09-12T03:43:26.743059+00:00,201,56.96,
2026-09-12T03:43:26.762886+00:00,201,43.56,
2026-09-12T03:43:26.782006+00:00,201,70.91,
2026-09-12T03:43:26.802079+00:00,201,64.7,
2026-09-12T03:43:26.822930+00:00,201,45.72,
2026-09-12T03:43:26.842743+00:00,201,54.61,
2026-09-12T03:43:26.882724+00:00,201,53.85,
2026-09-12T03:43:26.861558+00:00,201,75.54,
2026-09-12T03:43:26.902698+00:00,201,47.85,
2026-09-12T03:43:26.922225+00:00,201,44.31,
2026-09-12T03:43:26.942636+00:00,201,116.73,
2026-09-12T03:43:26.963096+00:00,201,96.95,
2026-09-12T03:43:26.983231+00:00,201,92.82,
2026-09-12T03:43:27.003167+00:00,201,88.43,
2026-09-12T03:43:27.023452+00:00,201,82.07,
2026-09-12T03:43:27.042442+00:00,201,76.53,
2026-09-12T03:43:27.062062+00:00,201,73.34,
2026-09-12T03:43:27.082689+00:00,201,58.93,
2026-09-12T03:43:27.101993+00:00,201,49.01,
2026-09-12T03:43:27.122718+00:00,201,45.92,
2026-09-12T03:43:27.141681+00:00,201,50.71,
2026-09-12T03:43:27.161894+00:00,201,68.91,
2026-09-12T03:43:27.181753+00:00,201,62.92,
2026-09-12T03:43:27.203121+00:00,201,55.81,
2026-09-12T03:43:27.242536+00:00,201,50.39,
2026-09-12T03:43:27.221829+00:00,201,75.39,
2026-09-12T03:43:27.262203+00:00,201,52.4,
2026-09-12T03:43:27.282775+00:00,201,42.42,
2026-09-12T03:43:27.302944+00:00,201,75.49,
2026-09-12T03:43:27.322152+00:00,201,71.43,
2026-09-12T03:43:27.342773+00:00,201,62.37,
2026-09-12T03:43:27.362900+00:00,201,49.1,
2026-09-12T03:43:27.401759+00:00,201,53.13,
2026-09-12T03:43:27.382352+00:00,201,74.29,
2026-09-12T03:43:27.421912+00:00,201,65.7,
2026-09-12T03:43:27.443077+00:00,201,47.97,
2026-09-12T03:43:27.462782+00:00,201,92.67,
2026-09-12T03:43:27.482328+00:00,201,81.57,
2026-09-12T03:43:27.502623+00:00,201,75.96,
2026-09-12T03:43:27.522715+00:00,201,59.47,
2026-09-12T03:43:27.561908+00:00,201,40.62,
2026-09-12T03:43:27.542137+00:00,201,68.87,
2026-09-12T03:43:27.582568+00:00,201,71.39,
2026-09-12T03:43:27.603055+00:00,201,60.74,
2026-09-12T03:43:27.622927+00:00,201,69.8,
2026-09-12T03:43:27.642644+00:00,201,64.93,
2026-09-12T03:43:27.662339+00:00,201,63.47,
2026-09-12T03:43:27.682729+00:00,201,54.25,
2026-09-12T03:43:27.702079+00:00,201,44.04,
2026-09-12T03:43:27.721763+00:00,201,81.09,
2026-09-12T03:43:27.742461+00:00,201,74.07,
2026-09-12T03:43:27.762757+00:00,201,61.12,
2026-09-12T03:43:27.782495+00:00,201,52.52,
2026-09-12T03:43:27.801779+00:00,201,49.36,
2026-09-12T03:43:27.822307+00:00,201,56.84,
2026-09-12T03:43:27.842637+00:00,201,43.87,
2026-09-12T03:43:27.882462+00:00,201,56.13,
2026-09-12T03:43:27.862629+00:00,201,76.83,
2026-09-12T03:43:27.902306+00:00,201,54.58,
2026-09-12T03:43:27.942631+00:00,201,51.46,
2026-09-12T03:43:27.922563+00:00,201,72.14,
2026-09-12T03:43:27.962414+00:00,201,44.56,
2026-09-12T03:43:27.982103+00:00,201,43.05,
2026-09-12T03:43:28.002245+00:00,201,42.06,
2026-09-12T03:43:28.022509+00:00,201,44.34,
2026-09-12T03:43:28.042417+00:00,201,42.4,
2026-09-12T03:43:28.061792+00:00,201,40.53,
2026-09-12T03:43:28.102741+00:00,201,49.31,
2026-09-12T03:43:28.082605+00:00,201,69.82,
2026-09-12T03:43:28.122064+00:00,201,53.92,
2026-09-12T03:43:28.142624+00:00,201,38.68,
2026-09-12T03:43:28.161626+00:00,201,40.85,
2026-09-12T03:43:28.182155+00:00,201,39.49,
2026-09-12T03:43:28.202877+00:00,201,40.64,
2026-09-12T03:43:28.221927+00:00,201,79.79,
2026-09-12T03:43:28.243941+00:00,201,69.76,
2026-09-12T03:43:28.262658+00:00,201,61.17,
2026-09-12T03:43:28.282581+00:00,201,44.66,
2026-09-12T03:43:28.302684+00:00,201,41.06,
2026-09-12T03:43:28.321799+00:00,201,39.07,
2026-09-12T03:43:28.343055+00:00,201,41.56,
2026-09-12T03:43:28.362517+00:00,201,52.34,
2026-09-12T03:43:28.382409+00:00,201,76.82,
2026-09-12T03:43:28.401861+00:00,201,67.42,
2026-09-12T03:43:28.421767+00:00,201,61.22,
2026-09-12T03:43:28.441575+00:00,201,71.96,
2026-09-12T03:43:28.462587+00:00,201,65.86,
2026-09-12T03:43:28.481808+00:00,201,59.6,
2026-09-12T03:43:28.501521+00:00,201,54.63,
2026-09-12T03:43:28.521776+00:00,201,71.73,
2026-09-12T03:43:28.541768+00:00,201,64.12,
2026-09-12T03:43:28.562247+00:00,201,57.94,
2026-09-12T03:43:28.581540+00:00,201,51.98,
2026-09-12T03:43:28.602360+00:00,201,68.37,
2026-09-12T03:43:28.622754+00:00,201,58.42,
2026-09-12T03:43:28.642077+00:00,201,54.72,
2026-09-12T03:43:28.682708+00:00,201,35.9,
2026-09-12T03:43:28.662545+00:00,201,62.87,
2026-09-12T03:43:28.702115+00:00,201,41.48,
2026-09-12T03:43:28.722823+00:00,201,39.53,
2026-09-12T03:43:28.742028+00:00,201,37.92,
2026-09-12T03:43:28.763133+00:00,201,65.99,
2026-09-12T03:43:28.782425+00:00,201,56.65,
2026-09-12T03:43:28.802718+00:00,201,43.08,
2026-09-12T03:43:28.821805+00:00,201,40.07,
2026-09-12T03:43:28.842709+00:00,201,39.11,
2026-09-12T03:43:28.862111+00:00,201,38.0,
2026-09-12T03:43:28.882657+00:00,201,55.52,
2026-09-12T03:43:28.902815+00:00,201,65.69,
2026-09-12T03:43:28.922752+00:00,201,58.56,
2026-09-12T03:43:28.942156+00:00,201,51.99,
2026-09-12T03:43:28.961799+00:00,201,47.3,
2026-09-12T03:43:28.982531+00:00,201,36.77,
2026-09-12T03:43:29.002448+00:00,201,40.9,
2026-09-12T03:43:29.022636+00:00,201,38.24,
2026-09-12T03:43:29.042130+00:00,201,79.65,
2026-09-12T03:43:29.062261+00:00,201,76.1,
2026-09-12T03:43:29.082105+00:00,201,68.73,
2026-09-12T03:43:29.102560+00:00,201,53.64,
2026-09-12T03:43:29.121759+00:00,201,49.13,
2026-09-12T03:43:29.142386+00:00,201,69.37,
2026-09-12T03:43:29.162952+00:00,201,57.81,
2026-09-12T03:43:29.182549+00:00,201,74.67,
2026-09-12T03:43:29.202528+00:00,201,70.99,
2026-09-12T03:43:29.242344+00:00,201,45.04,
2026-09-12T03:43:29.222958+00:00,201,65.07,
2026-09-12T03:43:29.261728+00:00,201,44.84,
2026-09-12T03:43:29.282506+00:00,201,38.43,
2026-09-12T03:43:29.301610+00:00,201,38.7,
2026-09-12T03:43:29.322170+00:00,201,45.09,
2026-09-12T03:43:29.341919+00:00,201,40.9,
2026-09-12T03:43:29.381755+00:00,201,55.83,
2026-09-12T03:43:29.361619+00:00,201,77.33,
2026-09-12T03:43:29.401979+00:00,201,57.95,
2026-09-12T03:43:29.421884+00:00,201,43.03,
2026-09-12T03:43:29.442400+00:00,201,40.41,
2026-09-12T03:43:29.461666+00:00,201,42.34,
2026-09-12T03:43:29.482575+00:00,201,43.64,
2026-09-12T03:43:29.502075+00:00,201,39.84,
2026-09-12T03:43:29.522270+00:00,201,42.59,
2026-09-12T03:43:29.542965+00:00,201,60.0,
2026-09-12T03:43:29.563071+00:00,201,41.29,
2026-09-12T03:43:29.581924+00:00,201,43.05,
2026-09-12T03:43:29.603486+00:00,201,43.5,
2026-09-12T03:43:29.622294+00:00,201,42.36,
2026-09-12T03:43:29.643148+00:00,201,61.63,
2026-09-12T03:43:29.662653+00:00,201,73.66,
2026-09-12T03:43:29.701719+00:00,201,54.23,
2026-09-12T03:43:29.682298+00:00,201,76.63,
2026-09-12T03:43:29.721589+00:00,201,48.01,
2026-09-12T03:43:29.763004+00:00,201,57.09,
2026-09-12T03:43:29.742447+00:00,201,78.44,
2026-09-12T03:43:29.782596+00:00,201,50.86,
2026-09-12T03:43:29.802255+00:00,201,53.63,
2026-09-12T03:43:29.822519+00:00,201,72.46,
2026-09-12T03:43:29.841760+00:00,201,65.7,
2026-09-12T03:43:29.861666+00:00,201,63.48,
2026-09-12T03:43:29.882900+00:00,201,54.65,
2026-09-12T03:43:29.902002+00:00,201,41.19,
2026-09-12T03:43:29.922639+00:00,201,40.28,
2026-09-12T03:43:29.941924+00:00,201,39.45,
2026-09-12T03:43:29.962760+00:00,201,45.75,
2026-09-12T03:43:30.002168+00:00,201,67.26,
2026-09-12T03:43:29.982193+00:00,201,89.6,
2026-09-12T03:43:30.022854+00:00,201,63.01,
2026-09-12T03:43:30.042596+00:00,201,54.43,
2026-09-12T03:43:30.061771+00:00,201,44.88,
2026-09-12T03:43:30.081631+00:00,201,64.47,
2026-09-12T03:43:30.102237+00:00,201,44.81,
2026-09-12T03:43:30.142840+00:00,201,58.02,
2026-09-12T03:43:30.122586+00:00,201,79.51,
2026-09-12T03:43:30.162276+00:00,201,52.71,
2026-09-12T03:43:30.181841+00:00,201,46.61,
2026-09-12T03:43:30.221745+00:00,201,55.44,
2026-09-12T03:43:30.202833+00:00,201,74.68,
2026-09-12T03:43:30.242702+00:00,201,61.05,
2026-09-12T03:43:30.261597+00:00,201,42.39,
2026-09-12T03:43:30.281812+00:00,201,40.38,
2026-09-12T03:43:30.301760+00:00,201,57.22,
2026-09-12T03:43:30.321600+00:00,201,86.25,
2026-09-12T03:43:30.341601+00:00,201,111.22,
2026-09-12T03:43:30.381635+00:00,201,91.85,
2026-09-12T03:43:30.363482+00:00,201,114.65,
2026-09-12T03:43:30.403968+00:00,201,92.64,
2026-09-12T03:43:30.442388+00:00,201,80.51,
2026-09-12T03:43:30.422237+00:00,201,104.54,
2026-09-12T03:43:30.461777+00:00,201,77.11,
2026-09-12T03:43:30.482445+00:00,201,74.26,
2026-09-12T03:43:30.501638+00:00,201,66.75,
2026-09-12T03:43:30.522901+00:00,201,57.92,
2026-09-12T03:43:30.542052+00:00,201,50.26,
2026-09-12T03:43:30.562818+00:00,201,47.11,
2026-09-12T03:43:30.582173+00:00,201,44.58,
2026-09-12T03:43:30.602589+00:00,201,48.76,
2026-09-12T03:43:30.622740+00:00,201,44.85,
2026-09-12T03:43:30.641685+00:00,201,46.47,
2026-09-12T03:43:30.662635+00:00,201,43.43,
2026-09-12T03:43:30.682038+00:00,201,55.51,
2026-09-12T03:43:30.702584+00:00,201,46.14,
2026-09-12T03:43:30.722440+00:00,201,68.36,
2026-09-12T03:43:30.741637+00:00,201,58.0,
2026-09-12T03:43:30.761594+00:00,201,53.55,
2026-09-12T03:43:30.781970+00:00,201,40.46,
2026-09-12T03:43:30.802423+00:00,201,85.37,
2026-09-12T03:43:30.823069+00:00,201,76.62,
2026-09-12T03:43:30.842804+00:00,201,64.64,
2026-09-12T03:43:30.881846+00:00,201,54.97,
2026-09-12T03:43:30.862149+00:00,201,75.82,
2026-09-12T03:43:30.901557+00:00,201,53.61,
2026-09-12T03:43:30.922532+00:00,201,50.79,
2026-09-12T03:43:30.941928+00:00,201,45.34,
2026-09-12T03:43:30.962496+00:00,201,44.33,
2026-09-12T03:43:30.982034+00:00,201,46.8,
2026-09-12T03:43:31.002450+00:00,201,46.06,
2026-09-12T03:43:31.021820+00:00,201,63.97,
2026-09-12T03:43:31.042231+00:00,201,55.48,
2026-09-12T03:43:31.081598+00:00,201,39.55,
2026-09-12T03:43:31.062246+00:00,201,68.53,
2026-09-12T03:43:31.102764+00:00,201,43.52,
2026-09-12T03:43:31.122489+00:00,201,42.82,
2026-09-12T03:43:31.162263+00:00,201,47.96,
2026-09-12T03:43:31.143119+00:00,201,67.68,
2026-09-12T03:43:31.203079+00:00,201,61.28,
2026-09-12T03:43:31.183203+00:00,201,83.29,
2026-09-12T03:43:31.241916+00:00,201,49.8,
2026-09-12T03:43:31.222876+00:00,201,72.39,
2026-09-12T03:43:31.282015+00:00,201,43.21,
2026-09-12T03:43:31.262539+00:00,201,75.01,
2026-09-12T03:43:31.302737+00:00,201,66.35,
2026-09-12T03:43:31.322982+00:00,201,61.51,
2026-09-12T03:43:31.341682+00:00,201,58.39,
2026-09-12T03:43:31.381860+00:00,201,47.48,
2026-09-12T03:43:31.362806+00:00,201,67.27,
2026-09-12T03:43:31.402879+00:00,201,63.22,
2026-09-12T03:43:31.422374+00:00,201,73.74,
2026-09-12T03:43:31.442929+00:00,201,67.25,
2026-09-12T03:43:31.461738+00:00,201,63.26,
2026-09-12T03:43:31.483138+00:00,201,48.19,
2026-09-12T03:43:31.502697+00:00,201,46.26,
2026-09-12T03:43:31.521711+00:00,201,46.69,
2026-09-12T03:43:31.542441+00:00,201,62.65,
2026-09-12T03:43:31.562146+00:00,201,43.32,
2026-09-12T03:43:31.582416+00:00,201,75.19,
2026-09-12T03:43:31.602437+00:00,201,55.61,
2026-09-12T03:43:31.621986+00:00,201,59.51,
2026-09-12T03:43:31.641758+00:00,201,47.7,
2026-09-12T03:43:31.681940+00:00,201,53.59,
2026-09-12T03:43:31.662766+00:00,201,73.37,
2026-09-12T03:43:31.702423+00:00,201,52.45,
2026-09-12T03:43:31.742638+00:00,201,51.51,
2026-09-12T03:43:31.723170+00:00,201,71.3,
2026-09-12T03:43:31.761867+00:00,201,45.18,
2026-09-12T03:43:31.782315+00:00,201,43.48,
2026-09-12T03:43:31.802577+00:00,201,44.47,
2026-09-12T03:43:31.822758+00:00,201,62.44,
2026-09-12T03:43:31.843113+00:00,201,55.87,
2026-09-12T03:43:31.882434+00:00,201,43.51,
2026-09-12T03:43:31.862070+00:00,201,70.43,
2026-09-12T03:43:31.902587+00:00,201,59.79,
2026-09-12T03:43:31.921570+00:00,201,47.17,
2026-09-12T03:43:31.942377+00:00,201,82.74,
2026-09-12T03:43:31.962725+00:00,201,75.09,
2026-09-12T03:43:31.982733+00:00,201,57.94,
2026-09-12T03:43:32.001453+00:00,201,51.59,
2026-09-12T03:43:32.022764+00:00,201,41.75,
2026-09-12T03:43:32.041700+00:00,201,43.14,
2026-09-12T03:43:32.062230+00:00,201,41.86,
2026-09-12T03:43:32.082836+00:00,201,43.44,
2026-09-12T03:43:32.102909+00:00,201,73.09,
2026-09-12T03:43:32.122259+00:00,201,63.5,
2026-09-12T03:43:32.142307+00:00,201,49.36,
2026-09-12T03:43:32.162067+00:00,201,44.75,
2026-09-12T03:43:32.182779+00:00,201,45.18,
2026-09-12T03:43:32.201879+00:00,201,59.97,
2026-09-12T03:43:32.222836+00:00,201,44.28,
2026-09-12T03:43:32.242263+00:00,201,57.08,
2026-09-12T03:43:32.261988+00:00,201,51.36,
2026-09-12T03:43:32.281912+00:00,201,41.0,
2026-09-12T03:43:32.302009+00:00,201,75.31,
2026-09-12T03:43:32.322059+00:00,201,67.81,
2026-09-12T03:43:32.343172+00:00,201,49.0,
2026-09-12T03:43:32.363038+00:00,201,54.33,
2026-09-12T03:43:32.381965+00:00,201,42.85,
2026-09-12T03:43:32.422937+00:00,201,48.7,
2026-09-12T03:43:32.401802+00:00,201,70.91,
2026-09-12T03:43:32.441928+00:00,201,74.98,
2026-09-12T03:43:32.462072+00:00,201,68.44,
2026-09-12T03:43:32.482219+00:00,201,66.29,
2026-09-12T03:43:32.502183+00:00,201,51.26,
2026-09-12T03:43:32.521657+00:00,201,118.4,
2026-09-12T03:43:32.542196+00:00,201,99.38,
2026-09-12T03:43:32.561978+00:00,201,88.01,
2026-09-12T03:43:32.582126+00:00,201,78.03,
2026-09-12T03:43:32.601629+00:00,201,63.42,
2026-09-12T03:43:32.621689+00:00,201,64.94,
2026-09-12T03:43:32.641784+00:00,201,57.27,
2026-09-12T03:43:32.662101+00:00,201,42.11,
2026-09-12T03:43:32.682673+00:00,201,66.89,
2026-09-12T03:43:32.702951+00:00,201,49.07,
2026-09-12T03:43:32.722376+00:00,201,47.37,
2026-09-12T03:43:32.761651+00:00,201,52.5,
2026-09-12T03:43:32.742650+00:00,201,71.79,
2026-09-12T03:43:32.782110+00:00,201,51.81,
2026-09-12T03:43:32.802839+00:00,201,67.07,
2026-09-12T03:43:32.825057+00:00,201,63.36,
2026-09-12T03:43:32.842424+00:00,201,53.33,
2026-09-12T03:43:32.862893+00:00,201,44.52,
2026-09-12T03:43:32.881643+00:00,201,39.29,
2026-09-12T03:43:32.902155+00:00,201,35.43,
2026-09-12T03:43:32.922142+00:00,201,33.65,
2026-09-12T03:43:32.942280+00:00,201,49.2,
2026-09-12T03:43:32.962978+00:00,201,67.12,
2026-09-12T03:43:32.981976+00:00,201,60.56,
2026-09-12T03:43:33.002471+00:00,201,41.26,
2026-09-12T03:43:33.023032+00:00,201,36.39,
2026-09-12T03:43:33.041859+00:00,201,33.81,
2026-09-12T03:43:33.062498+00:00,201,57.97,
2026-09-12T03:43:33.082936+00:00,201,52.12,
2026-09-12T03:43:33.102016+00:00,201,47.4,
2026-09-12T03:43:33.122353+00:00,201,38.93,
2026-09-12T03:43:33.142783+00:00,201,34.41,
2026-09-12T03:43:33.162881+00:00,201,52.62,
2026-09-12T03:43:33.182978+00:00,201,60.15,
2026-09-12T03:43:33.202407+00:00,201,54.25,
2026-09-12T03:43:33.222629+00:00,201,47.65,
2026-09-12T03:43:33.243120+00:00,201,61.85,
2026-09-12T03:43:33.261649+00:00,201,44.53,
2026-09-12T03:43:33.302360+00:00,201,38.09,
2026-09-12T03:43:33.282174+00:00,201,58.77,
2026-09-12T03:43:33.321636+00:00,201,34.81,
2026-09-12T03:43:33.342077+00:00,201,31.69,
2026-09-12T03:43:33.362196+00:00,201,35.73,
2026-09-12T03:43:33.382728+00:00,201,30.77,
2026-09-12T03:43:33.402878+00:00,201,39.72,
2026-09-12T03:43:33.421688+00:00,201,31.73,
2026-09-12T03:43:33.441936+00:00,201,51.51,
2026-09-12T03:43:33.482123+00:00,201,31.93,
2026-09-12T03:43:33.463101+00:00,201,56.29,
2026-09-12T03:43:33.502291+00:00,201,32.77,
2026-09-12T03:43:33.522869+00:00,201,38.87,
2026-09-12T03:43:33.541651+00:00,201,32.7,
2026-09-12T03:43:33.561876+00:00,201,36.44,
2026-09-12T03:43:33.582059+00:00,201,33.64,
2026-09-12T03:43:33.602424+00:00,201,31.24,
2026-09-12T03:43:33.622878+00:00,201,39.54,
2026-09-12T03:43:33.642788+00:00,201,33.81,
2026-09-12T03:43:33.663035+00:00,201,30.45,
2026-09-12T03:43:33.682115+00:00,201,29.68,
2026-09-12T03:43:33.702205+00:00,201,38.86,
2026-09-12T03:43:33.722229+00:00,201,32.38,
2026-09-12T03:43:33.742564+00:00,201,31.04,
2026-09-12T03:43:33.762729+00:00,201,40.78,
2026-09-12T03:43:33.781736+00:00,201,32.86,
2026-09-12T03:43:33.802234+00:00,201,32.74,
2026-09-12T03:43:33.822623+00:00,201,31.89,
2026-09-12T03:43:33.842707+00:00,201,30.51,
2026-09-12T03:43:33.862864+00:00,201,33.32,
2026-09-12T03:43:33.881915+00:00,201,30.83,
2026-09-12T03:43:33.901983+00:00,201,41.08,
2026-09-12T03:43:33.922265+00:00,201,32.74,
2026-09-12T03:43:33.942894+00:00,201,30.83,
2026-09-12T03:43:33.962720+00:00,201,39.05,
2026-09-12T03:43:33.981647+00:00,201,32.8,
2026-09-12T03:43:34.001961+00:00,201,30.76,
2026-09-12T03:43:34.022232+00:00,201,41.77,
2026-09-12T03:43:34.042726+00:00,201,32.23,
2026-09-12T03:43:34.062985+00:00,201,36.86,
2026-09-12T03:43:34.081940+00:00,201,30.92,
2026-09-12T03:43:34.102180+00:00,201,40.83,
2026-09-12T03:43:34.122281+00:00,201,32.44,
2026-09-12T03:43:34.142478+00:00,201,34.19,
2026-09-12T03:43:34.162510+00:00,201,31.42,
2026-09-12T03:43:34.182936+00:00,201,38.91,
2026-09-12T03:43:34.201768+00:00,201,31.77,
2026-09-12T03:43:34.222195+00:00,201,54.1,
2026-09-12T03:43:34.242263+00:00,201,36.96,
2026-09-12T03:43:34.262649+00:00,201,32.5,
2026-09-12T03:43:34.283116+00:00,201,30.21,
2026-09-12T03:43:34.301709+00:00,201,29.82,
2026-09-12T03:43:34.322582+00:00,201,41.22,
2026-09-12T03:43:34.343064+00:00,201,34.27,
2026-09-12T03:43:34.361722+00:00,201,34.8,
2026-09-12T03:43:34.382542+00:00,201,31.28,
2026-09-12T03:43:34.402804+00:00,201,39.36,
2026-09-12T03:43:34.421895+00:00,201,33.76,
2026-09-12T03:43:34.442216+00:00,201,32.11,
2026-09-12T03:43:34.462101+00:00,201,31.29,
2026-09-12T03:43:34.482404+00:00,201,57.03,
2026-09-12T03:43:34.502951+00:00,201,49.04,
2026-09-12T03:43:34.521964+00:00,201,36.78,
2026-09-12T03:43:34.542686+00:00,201,32.31,
2026-09-12T03:43:34.563055+00:00,201,30.38,
2026-09-12T03:43:34.581790+00:00,201,34.16,
2026-09-12T03:43:34.601862+00:00,201,31.73,
2026-09-12T03:43:34.622153+00:00,201,29.44,
2026-09-12T03:43:34.642364+00:00,201,35.12,
2026-09-12T03:43:34.662844+00:00,201,30.74,
2026-09-12T03:43:34.683067+00:00,201,42.81,
2026-09-12T03:43:34.702018+00:00,201,33.81,
2026-09-12T03:43:34.722769+00:00,201,34.99,
2026-09-12T03:43:34.741665+00:00,201,36.19,
2026-09-12T03:43:34.761871+00:00,201,31.49,
2026-09-12T03:43:34.782172+00:00,201,30.36,
2026-09-12T03:43:34.802845+00:00,201,33.19,
2026-09-12T03:43:34.821851+00:00,201,31.52,
2026-09-12T03:43:34.841814+00:00,201,29.64,
2026-09-12T03:43:34.882624+00:00,201,38.41,
2026-09-12T03:43:34.861912+00:00,201,59.53,
2026-09-12T03:43:34.901756+00:00,201,36.14,
2026-09-12T03:43:34.922042+00:00,201,33.41,
2026-09-12T03:43:34.942634+00:00,201,31.5,
2026-09-12T03:43:34.982004+00:00,201,46.02,
2026-09-12T03:43:34.963015+00:00,201,68.13,
2026-09-12T03:43:35.022897+00:00,201,35.49,
2026-09-12T03:43:35.002339+00:00,201,57.33,
2026-09-12T03:43:35.042794+00:00,201,32.93,
2026-09-12T03:43:35.061781+00:00,201,30.73,
2026-09-12T03:43:35.082050+00:00,201,35.32,
2026-09-12T03:43:35.102852+00:00,201,40.96,
2026-09-12T03:43:35.123093+00:00,201,31.41,
2026-09-12T03:43:35.141768+00:00,201,30.03,
2026-09-12T03:43:35.162260+00:00,201,33.64,
2026-09-12T03:43:35.182962+00:00,201,30.48,
2026-09-12T03:43:35.201633+00:00,201,30.09,
2026-09-12T03:43:35.221988+00:00,201,37.15,
2026-09-12T03:43:35.243107+00:00,201,33.36,
2026-09-12T03:43:35.261779+00:00,201,31.81,
2026-09-12T03:43:35.282040+00:00,201,39.89,
2026-09-12T03:43:35.302467+00:00,201,30.99,
2026-09-12T03:43:35.322761+00:00,201,51.5,
2026-09-12T03:43:35.342456+00:00,201,32.45,
2026-09-12T03:43:35.363048+00:00,201,29.42,
2026-09-12T03:43:35.381882+00:00,201,37.61,
2026-09-12T03:43:35.401922+00:00,201,31.43,
2026-09-12T03:43:35.422027+00:00,201,37.89,
2026-09-12T03:43:35.441974+00:00,201,55.73,
2026-09-12T03:43:35.462004+00:00,201,36.11,
2026-09-12T03:43:35.482533+00:00,201,32.36,
2026-09-12T03:43:35.502942+00:00,201,38.95,
2026-09-12T03:43:35.524093+00:00,201,53.68,
2026-09-12T03:43:35.542327+00:00,201,35.71,
2026-09-12T03:43:35.562514+00:00,201,37.16,
2026-09-12T03:43:35.582799+00:00,201,31.55,
2026-09-12T03:43:35.603216+00:00,201,29.98,
2026-09-12T03:43:35.621853+00:00,201,64.18,
2026-09-12T03:43:35.663110+00:00,201,36.93,
2026-09-12T03:43:35.642399+00:00,201,59.56,
2026-09-12T03:43:35.681960+00:00,201,34.48,
2026-09-12T03:43:35.702584+00:00,201,31.33,
2026-09-12T03:43:35.722839+00:00,201,36.5,
2026-09-12T03:43:35.741714+00:00,201,32.58,
2026-09-12T03:43:35.762053+00:00,201,30.68,
2026-09-12T03:43:35.782447+00:00,201,67.48,
2026-09-12T03:43:35.803083+00:00,201,47.22,
2026-09-12T03:43:35.822325+00:00,201,43.1,
2026-09-12T03:43:35.841792+00:00,201,35.03,
2026-09-12T03:43:35.862493+00:00,201,31.15,
2026-09-12T03:43:35.882747+00:00,201,44.74,
2026-09-12T03:43:35.901857+00:00,201,40.58,
2026-09-12T03:43:35.922215+00:00,201,66.69,
2026-09-12T03:43:35.943111+00:00,201,46.16,
2026-09-12T03:43:35.962167+00:00,201,36.29,
2026-09-12T03:43:35.982365+00:00,201,46.99,
2026-09-12T03:43:36.023111+00:00,201,41.69,
2026-09-12T03:43:36.002698+00:00,201,63.56,
2026-09-12T03:43:36.042335+00:00,201,36.67,
2026-09-12T03:43:36.062534+00:00,201,32.95,
2026-09-12T03:43:36.083132+00:00,201,30.66,
2026-09-12T03:43:36.101785+00:00,201,54.28,
2026-09-12T03:43:36.123142+00:00,201,46.54,
2026-09-12T03:43:36.142194+00:00,201,34.98,
2026-09-12T03:43:36.162605+00:00,201,31.37,
2026-09-12T03:43:36.182953+00:00,201,33.15,
2026-09-12T03:43:36.201844+00:00,201,30.52,
2026-09-12T03:43:36.222277+00:00,201,38.92,
2026-09-12T03:43:36.242351+00:00,201,58.47,
2026-09-12T03:43:36.262566+00:00,201,39.35,
2026-09-12T03:43:36.282939+00:00,201,60.76,
2026-09-12T03:43:36.301776+00:00,201,55.29,
2026-09-12T03:43:36.321980+00:00,201,37.5,
2026-09-12T03:43:36.342055+00:00,201,32.4,
2026-09-12T03:43:36.382732+00:00,201,45.91,
2026-09-12T03:43:36.362258+00:00,201,67.6,
2026-09-12T03:43:36.402243+00:00,201,40.91,
2026-09-12T03:43:36.422394+00:00,201,33.71,
2026-09-12T03:43:36.442821+00:00,201,30.96,
2026-09-12T03:43:36.461743+00:00,201,31.62,
2026-09-12T03:43:36.481980+00:00,201,30.6,
2026-09-12T03:43:36.502216+00:00,201,40.02,
2026-09-12T03:43:36.522221+00:00,201,31.62,
2026-09-12T03:43:36.542355+00:00,201,32.51,
2026-09-12T03:43:36.562703+00:00,201,32.4,
2026-09-12T03:43:36.582930+00:00,201,30.25,
2026-09-12T03:43:36.601631+00:00,201,37.44,
2026-09-12T03:43:36.622394+00:00,201,32.37,
2026-09-12T03:43:36.642897+00:00,201,29.93,
2026-09-12T03:43:36.661768+00:00,201,40.6,
2026-09-12T03:43:36.682395+00:00,201,32.83,
2026-09-12T03:43:36.702514+00:00,201,31.7,
2026-09-12T03:43:36.722854+00:00,201,38.36,
2026-09-12T03:43:36.741715+00:00,201,32.19,
2026-09-12T03:43:36.762358+00:00,201,33.37,
2026-09-12T03:43:36.782565+00:00,201,31.33,
2026-09-12T03:43:36.802781+00:00,201,40.59,
2026-09-12T03:43:36.821785+00:00,201,32.32,
2026-09-12T03:43:36.842714+00:00,201,31.56,
2026-09-12T03:43:36.863128+00:00,201,29.03,
2026-09-12T03:43:36.881636+00:00,201,39.16,
2026-09-12T03:43:36.901955+00:00,201,31.71,
2026-09-12T03:43:36.922256+00:00,201,32.13,
2026-09-12T03:43:36.942795+00:00,201,31.58,
2026-09-12T03:43:36.962999+00:00,201,29.87,
2026-09-12T03:43:36.981690+00:00,201,34.02,
2026-09-12T03:43:37.002412+00:00,201,31.54,
2026-09-12T03:43:37.022814+00:00,201,40.21,
2026-09-12T03:43:37.041828+00:00,201,32.51,
2026-09-12T03:43:37.062311+00:00,201,32.02,
2026-09-12T03:43:37.082455+00:00,201,30.98,
2026-09-12T03:43:37.102879+00:00,201,40.65,
2026-09-12T03:43:37.142497+00:00,201,33.48,
2026-09-12T03:43:37.121747+00:00,201,54.65,
2026-09-12T03:43:37.163102+00:00,201,31.35,
2026-09-12T03:43:37.181735+00:00,201,30.61,
2026-09-12T03:43:37.202133+00:00,201,33.3,
2026-09-12T03:43:37.222193+00:00,201,30.42,
2026-09-12T03:43:37.242136+00:00,201,42.51,
2026-09-12T03:43:37.262642+00:00,201,34.86,
2026-09-12T03:43:37.282931+00:00,201,32.78,
2026-09-12T03:43:37.301640+00:00,201,30.33,
2026-09-12T03:43:37.322870+00:00,201,61.05,
2026-09-12T03:43:37.341627+00:00,201,42.57,
2026-09-12T03:43:37.362752+00:00,201,40.59,
2026-09-12T03:43:37.381635+00:00,201,33.08,
2026-09-12T03:43:37.401975+00:00,201,30.87,
2026-09-12T03:43:37.422085+00:00,201,35.42,
2026-09-12T03:43:37.442294+00:00,201,33.26,
2026-09-12T03:43:37.462575+00:00,201,30.96,
2026-09-12T03:43:37.482892+00:00,201,34.78,
2026-09-12T03:43:37.502092+00:00,201,31.15,
2026-09-12T03:43:37.521877+00:00,201,29.38,
2026-09-12T03:43:37.542100+00:00,201,38.17,
2026-09-12T03:43:37.562533+00:00,201,42.63,
2026-09-12T03:43:37.582863+00:00,201,38.85,
2026-09-12T03:43:37.602891+00:00,201,37.88,
2026-09-12T03:43:37.621728+00:00,201,35.75,
2026-09-12T03:43:37.641632+00:00,201,33.42,
2026-09-12T03:43:37.662174+00:00,201,44.57,
2026-09-12T03:43:37.682459+00:00,201,36.77,
2026-09-12T03:43:37.701757+00:00,201,31.32,
2026-09-12T03:43:37.722174+00:00,201,45.87,
2026-09-12T03:43:37.742550+00:00,201,63.23,
2026-09-12T03:43:37.762969+00:00,201,43.4,
2026-09-12T03:43:37.781798+00:00,201,35.89,
2026-09-12T03:43:37.802787+00:00,201,33.07,
2026-09-12T03:43:37.821747+00:00,201,31.25,
2026-09-12T03:43:37.841623+00:00,201,36.05,
2026-09-12T03:43:37.861675+00:00,201,31.0,
2026-09-12T03:43:37.881899+00:00,201,39.19,
2026-09-12T03:43:37.921718+00:00,201,44.09,
2026-09-12T03:43:37.902467+00:00,201,65.36,
2026-09-12T03:43:37.941751+00:00,201,39.94,
2026-09-12T03:43:37.961766+00:00,201,33.04,
2026-09-12T03:43:37.981918+00:00,201,34.79,
2026-09-12T03:43:38.002067+00:00,201,49.04,
2026-09-12T03:43:38.022151+00:00,201,63.32,
2026-09-12T03:43:38.063082+00:00,201,36.32,
2026-09-12T03:43:38.042858+00:00,201,56.69,
2026-09-12T03:43:38.081570+00:00,201,32.79,
2026-09-12T03:43:38.101905+00:00,201,30.49,
2026-09-12T03:43:38.121688+00:00,201,39.72,
2026-09-12T03:43:38.141990+00:00,201,53.29,
2026-09-12T03:43:38.162169+00:00,201,34.15,
2026-09-12T03:43:38.182694+00:00,201,31.23,
2026-09-12T03:43:38.222296+00:00,201,42.11,
2026-09-12T03:43:38.201854+00:00,201,64.25,
2026-09-12T03:43:38.242721+00:00,201,36.37,
2026-09-12T03:43:38.261698+00:00,201,31.85,
2026-09-12T03:43:38.282139+00:00,201,54.31,
2026-09-12T03:43:38.302762+00:00,201,34.59,
2026-09-12T03:43:38.322537+00:00,201,34.87,
2026-09-12T03:43:38.343032+00:00,201,30.37,
2026-09-12T03:43:38.381762+00:00,201,33.6,
2026-09-12T03:43:38.361544+00:00,201,54.13,
2026-09-12T03:43:38.402337+00:00,201,32.71,
2026-09-12T03:43:38.422646+00:00,201,35.14,
2026-09-12T03:43:38.441626+00:00,201,33.25,
2026-09-12T03:43:38.461610+00:00,201,33.44,
2026-09-12T03:43:38.482928+00:00,201,65.94,
2026-09-12T03:43:38.501721+00:00,201,48.46,
2026-09-12T03:43:38.522012+00:00,201,60.62,
2026-09-12T03:43:38.541615+00:00,201,51.06,
2026-09-12T03:43:38.561959+00:00,201,42.01,
2026-09-12T03:43:38.582485+00:00,201,33.34,
2026-09-12T03:43:38.602007+00:00,201,32.35,
2026-09-12T03:43:38.642903+00:00,201,39.53,
2026-09-12T03:43:38.622270+00:00,201,61.86,
2026-09-12T03:43:38.661609+00:00,201,51.1,
2026-09-12T03:43:38.681945+00:00,201,33.75,
2026-09-12T03:43:38.702505+00:00,201,59.93,
2026-09-12T03:43:38.721588+00:00,201,43.28,
2026-09-12T03:43:38.742693+00:00,201,33.49,
2026-09-12T03:43:38.763072+00:00,201,30.65,
2026-09-12T03:43:38.781696+00:00,201,32.68,
2026-09-12T03:43:38.802116+00:00,201,29.89,
2026-09-12T03:43:38.822343+00:00,201,63.87,
2026-09-12T03:43:38.842639+00:00,201,55.57,
2026-09-12T03:43:38.862991+00:00,201,37.29,
2026-09-12T03:43:38.881916+00:00,201,34.02,
2026-09-12T03:43:38.902557+00:00,201,30.92,
2026-09-12T03:43:38.922122+00:00,201,36.47,
2026-09-12T03:43:38.942058+00:00,201,56.4,
2026-09-12T03:43:38.962638+00:00,201,37.12,
2026-09-12T03:43:38.982009+00:00,201,34.07,
2026-09-12T03:43:39.002307+00:00,201,31.96,
2026-09-12T03:43:39.022679+00:00,201,46.84,
2026-09-12T03:43:39.042562+00:00,201,61.71,
2026-09-12T03:43:39.063081+00:00,201,53.77,
2026-09-12T03:43:39.082253+00:00,201,34.95,
2026-09-12T03:43:39.102422+00:00,201,32.94,
2026-09-12T03:43:39.122499+00:00,201,30.64,
2026-09-12T03:43:39.142716+00:00,201,36.94,
2026-09-12T03:43:39.161598+00:00,201,32.56,
2026-09-12T03:43:39.182084+00:00,201,30.25,
2026-09-12T03:43:39.202311+00:00,201,41.38,
2026-09-12T03:43:39.222822+00:00,201,32.3,
2026-09-12T03:43:39.243028+00:00,201,39.09,
2026-09-12T03:43:39.262257+00:00,201,31.52,
2026-09-12T03:43:39.282309+00:00,201,39.2,
2026-09-12T03:43:39.301687+00:00,201,31.69,
2026-09-12T03:43:39.323080+00:00,201,38.08,
2026-09-12T03:43:39.342053+00:00,201,31.8,
2026-09-12T03:43:39.362236+00:00,201,41.72,
2026-09-12T03:43:39.382898+00:00,201,32.65,
2026-09-12T03:43:39.401669+00:00,201,30.86,
2026-09-12T03:43:39.421846+00:00,201,39.45,
2026-09-12T03:43:39.442152+00:00,201,31.11,
2026-09-12T03:43:39.462205+00:00,201,31.17,
2026-09-12T03:43:39.482324+00:00,201,30.53,
2026-09-12T03:43:39.502643+00:00,201,35.62,
2026-09-12T03:43:39.522948+00:00,201,32.08,
2026-09-12T03:43:39.541708+00:00,201,30.94,
2026-09-12T03:43:39.561928+00:00,201,40.03,
2026-09-12T03:43:39.582332+00:00,201,31.43,
2026-09-12T03:43:39.602821+00:00,201,31.23,
2026-09-12T03:43:39.622818+00:00,201,38.89,
2026-09-12T03:43:39.642715+00:00,201,53.95,
2026-09-12T03:43:39.661727+00:00,201,45.99,
2026-09-12T03:43:39.682816+00:00,201,33.69,
2026-09-12T03:43:39.701666+00:00,201,31.7,
2026-09-12T03:43:39.721913+00:00,201,35.37,
2026-09-12T03:43:39.742337+00:00,201,32.47,
2026-09-12T03:43:39.762605+00:00,201,30.7,
2026-09-12T03:43:39.782816+00:00,201,38.1,
2026-09-12T03:43:39.801899+00:00,201,31.78,
2026-09-12T03:43:39.821915+00:00,201,41.63,
2026-09-12T03:43:39.843093+00:00,201,32.24,
2026-09-12T03:43:39.862961+00:00,201,30.47,
2026-09-12T03:43:39.881876+00:00,201,30.01,
2026-09-12T03:43:39.902220+00:00,201,40.42,
2026-09-12T03:43:39.922853+00:00,201,31.3,
2026-09-12T03:43:39.943047+00:00,201,33.45,
2026-09-12T03:43:39.961994+00:00,201,32.52,
2026-09-12T03:43:39.982349+00:00,201,30.2,
2026-09-12T03:43:40.002552+00:00,201,41.01,
2026-09-12T03:43:40.021487+00:00,201,32.74,
2026-09-12T03:43:40.041805+00:00,201,31.55,
2026-09-12T03:43:40.062228+00:00,201,29.92,
2026-09-12T03:43:40.082293+00:00,201,35.14,
2026-09-12T03:43:40.102716+00:00,201,31.42,
2026-09-12T03:43:40.122260+00:00,201,29.5,
2026-09-12T03:43:40.142471+00:00,201,39.05,
2026-09-12T03:43:40.163038+00:00,201,32.09,
2026-09-12T03:43:40.181752+00:00,201,30.97,
2026-09-12T03:43:40.202109+00:00,201,40.14,
2026-09-12T03:43:40.222505+00:00,201,34.35,
2026-09-12T03:43:40.242456+00:00,201,32.12,
2026-09-12T03:43:40.261738+00:00,201,30.74,
2026-09-12T03:43:40.302478+00:00,201,42.0,
2026-09-12T03:43:40.281994+00:00,201,62.98,
2026-09-12T03:43:40.322429+00:00,201,35.6,
2026-09-12T03:43:40.342741+00:00,201,33.82,
2026-09-12T03:43:40.361822+00:00,201,46.11,
2026-09-12T03:43:40.382414+00:00,201,45.71,
2026-09-12T03:43:40.401957+00:00,201,47.24,
2026-09-12T03:43:40.422456+00:00,201,46.97,
2026-09-12T03:43:40.441959+00:00,201,47.87,
2026-09-12T03:43:40.462869+00:00,201,42.01,
2026-09-12T03:43:40.482021+00:00,201,34.92,
2026-09-12T03:43:40.501813+00:00,201,32.91,
2026-09-12T03:43:40.522792+00:00,201,48.99,
2026-09-12T03:43:40.542927+00:00,201,61.54,
2026-09-12T03:43:40.582158+00:00,201,34.41,
2026-09-12T03:43:40.561844+00:00,201,58.52,
2026-09-12T03:43:40.602364+00:00,201,33.5,
2026-09-12T03:43:40.621583+00:00,201,30.61,
2026-09-12T03:43:40.642478+00:00,201,39.39,
2026-09-12T03:43:40.662670+00:00,201,32.63,
2026-09-12T03:43:40.682979+00:00,201,30.36,
2026-09-12T03:43:40.701632+00:00,201,30.87,
2026-09-12T03:43:40.722189+00:00,201,36.25,
2026-09-12T03:43:40.742285+00:00,201,30.54,
2026-09-12T03:43:40.762726+00:00,201,37.91,
2026-09-12T03:43:40.801812+00:00,201,39.2,
2026-09-12T03:43:40.781617+00:00,201,60.3,
2026-09-12T03:43:40.822206+00:00,201,43.96,
2026-09-12T03:43:40.842564+00:00,201,38.89,
2026-09-12T03:43:40.862590+00:00,201,38.92,
2026-09-12T03:43:40.882830+00:00,201,61.46,
2026-09-12T03:43:40.902516+00:00,201,48.76,
2026-09-12T03:43:40.922992+00:00,201,45.31,
2026-09-12T03:43:40.943428+00:00,201,37.11,
2026-09-12T03:43:40.961760+00:00,201,32.06,
2026-09-12T03:43:40.982996+00:00,201,37.17,
2026-09-12T03:43:41.001861+00:00,201,60.49,
2026-09-12T03:43:41.022674+00:00,201,60.53,
2026-09-12T03:43:41.041978+00:00,201,56.27,
2026-09-12T03:43:41.062619+00:00,201,51.4,
2026-09-12T03:43:41.083499+00:00,201,58.02,
2026-09-12T03:43:41.102760+00:00,201,57.37,
2026-09-12T03:43:41.121822+00:00,201,52.08,
2026-09-12T03:43:41.142214+00:00,201,54.81,
2026-09-12T03:43:41.162839+00:00,201,52.42,
2026-09-12T03:43:41.183125+00:00,201,52.79,
2026-09-12T03:43:41.202013+00:00,201,55.61,
2026-09-12T03:43:41.223091+00:00,201,54.34,
2026-09-12T03:43:41.242158+00:00,201,50.23,
2026-09-12T03:43:41.262496+00:00,201,46.15,
2026-09-12T03:43:41.282131+00:00,201,43.43,
2026-09-12T03:43:41.302642+00:00,201,40.05,
2026-09-12T03:43:41.321624+00:00,201,33.83,
2026-09-12T03:43:41.342119+00:00,201,64.7,
2026-09-12T03:43:41.362510+00:00,201,56.33,
2026-09-12T03:43:41.382859+00:00,201,49.81,
2026-09-12T03:43:41.403115+00:00,201,35.1,
2026-09-12T03:43:41.422148+00:00,201,31.51,
2026-09-12T03:43:41.442896+00:00,201,37.53,
2026-09-12T03:43:41.463017+00:00,201,46.56,
2026-09-12T03:43:41.481600+00:00,201,43.02,
2026-09-12T03:43:41.501850+00:00,201,36.62,
2026-09-12T03:43:41.522219+00:00,201,36.25,
2026-09-12T03:43:41.542090+00:00,201,42.43,
2026-09-12T03:43:41.562526+00:00,201,31.78,
2026-09-12T03:43:41.582771+00:00,201,30.66,
2026-09-12T03:43:41.601577+00:00,201,53.63,
2026-09-12T03:43:41.622158+00:00,201,33.62,
2026-09-12T03:43:41.642743+00:00,201,30.81,
2026-09-12T03:43:41.662926+00:00,201,40.05,
2026-09-12T03:43:41.681768+00:00,201,33.81,
2026-09-12T03:43:41.703033+00:00,201,30.85,
2026-09-12T03:43:41.722752+00:00,201,36.81,
2026-09-12T03:43:41.742901+00:00,201,47.84,
2026-09-12T03:43:41.781897+00:00,201,43.66,
2026-09-12T03:43:41.762941+00:00,201,63.03,
2026-09-12T03:43:41.802593+00:00,201,52.52,
2026-09-12T03:43:41.822622+00:00,201,33.24,
2026-09-12T03:43:41.842692+00:00,201,58.6,
2026-09-12T03:43:41.862909+00:00,201,51.6,
2026-09-12T03:43:41.882218+00:00,201,45.8,
2026-09-12T03:43:41.901875+00:00,201,33.35,
2026-09-12T03:43:41.942695+00:00,201,38.53,
2026-09-12T03:43:41.922466+00:00,201,64.54,
2026-09-12T03:43:41.961784+00:00,201,55.05,
2026-09-12T03:43:42.002832+00:00,201,42.36,
2026-09-12T03:43:41.982393+00:00,201,65.82,
2026-09-12T03:43:42.021981+00:00,201,38.96,
2026-09-12T03:43:42.041735+00:00,201,35.11,
2026-09-12T03:43:42.062947+00:00,201,32.62,
2026-09-12T03:43:42.081821+00:00,201,56.39,
2026-09-12T03:43:42.102127+00:00,201,46.29,
2026-09-12T03:43:42.123010+00:00,201,61.88,
2026-09-12T03:43:42.142953+00:00,201,42.58,
2026-09-12T03:43:42.182189+00:00,201,34.74,
2026-09-12T03:43:42.161903+00:00,201,55.7,
2026-09-12T03:43:42.202623+00:00,201,33.07,
2026-09-12T03:43:42.223032+00:00,201,32.26,
2026-09-12T03:43:42.241798+00:00,201,32.72,
2026-09-12T03:43:42.262285+00:00,201,31.65,
2026-09-12T03:43:42.282408+00:00,201,36.98,
2026-09-12T03:43:42.301563+00:00,201,57.5,
2026-09-12T03:43:42.321910+00:00,201,48.82,
2026-09-12T03:43:42.342348+00:00,201,33.12,
2026-09-12T03:43:42.362133+00:00,201,30.4,
2026-09-12T03:43:42.382439+00:00,201,34.58,
2026-09-12T03:43:42.402883+00:00,201,41.1,
2026-09-12T03:43:42.422954+00:00,201,33.14,
2026-09-12T03:43:42.441672+00:00,201,31.4,
2026-09-12T03:43:42.462655+00:00,201,38.22,
2026-09-12T03:43:42.482790+00:00,201,38.48,
2026-09-12T03:43:42.502131+00:00,201,33.52,
2026-09-12T03:43:42.522051+00:00,201,53.87,
2026-09-12T03:43:42.542174+00:00,201,47.01,
2026-09-12T03:43:42.562824+00:00,201,65.27,
2026-09-12T03:43:42.581659+00:00,201,46.52,
2026-09-12T03:43:42.602133+00:00,201,49.64,
2026-09-12T03:43:42.622522+00:00,201,37.53,
2026-09-12T03:43:42.642802+00:00,201,33.37,
2026-09-12T03:43:42.661695+00:00,201,32.31,
2026-09-12T03:43:42.681926+00:00,201,32.17,
2026-09-12T03:43:42.702918+00:00,201,49.42,
2026-09-12T03:43:42.722749+00:00,201,36.78,
2026-09-12T03:43:42.741995+00:00,201,32.73,
2026-09-12T03:43:42.762120+00:00,201,30.2,
2026-09-12T03:43:42.782445+00:00,201,39.16,
2026-09-12T03:43:42.802838+00:00,201,31.09,
2026-09-12T03:43:42.822591+00:00,201,34.33,
2026-09-12T03:43:42.842452+00:00,201,32.11,
2026-09-12T03:43:42.862156+00:00,201,29.43,
2026-09-12T03:43:42.882617+00:00,201,48.26,
2026-09-12T03:43:42.922124+00:00,201,46.31,
2026-09-12T03:43:42.901668+00:00,201,67.09,
2026-09-12T03:43:42.942558+00:00,201,37.82,
2026-09-12T03:43:42.963003+00:00,201,32.79,
2026-09-12T03:43:42.981946+00:00,201,63.94,
2026-09-12T03:43:43.002435+00:00,201,59.06,
2026-09-12T03:43:43.021594+00:00,201,42.22,
2026-09-12T03:43:43.041951+00:00,201,35.64,
2026-09-12T03:43:43.062594+00:00,201,32.66,
2026-09-12T03:43:43.082898+00:00,201,30.79,
2026-09-12T03:43:43.101611+00:00,201,30.44,
2026-09-12T03:43:43.121877+00:00,201,39.77,
2026-09-12T03:43:43.162829+00:00,201,42.09,
2026-09-12T03:43:43.142607+00:00,201,62.73,
2026-09-12T03:43:43.181748+00:00,201,51.11,
2026-09-12T03:43:43.202016+00:00,201,47.35,
2026-09-12T03:43:43.221725+00:00,201,40.53,
2026-09-12T03:43:43.242264+00:00,201,34.16,
2026-09-12T03:43:43.262019+00:00,201,60.68,
2026-09-12T03:43:43.282790+00:00,201,54.02,
2026-09-12T03:43:43.301852+00:00,201,48.98,
2026-09-12T03:43:43.322283+00:00,201,43.51,
2026-09-12T03:43:43.362958+00:00,201,44.87,
2026-09-12T03:43:43.342805+00:00,201,65.44,
2026-09-12T03:43:43.382098+00:00,201,35.74,
2026-09-12T03:43:43.402281+00:00,201,45.48,
2026-09-12T03:43:43.422859+00:00,201,59.59,
2026-09-12T03:43:43.441706+00:00,201,57.0,
2026-09-12T03:43:43.461757+00:00,201,38.64,
2026-09-12T03:43:43.502801+00:00,201,45.6,
2026-09-12T03:43:43.482192+00:00,201,66.69,
2026-09-12T03:43:43.522952+00:00,201,37.25,
2026-09-12T03:43:43.542066+00:00,201,31.2,
2026-09-12T03:43:43.562444+00:00,201,30.11,
2026-09-12T03:43:43.582785+00:00,201,38.37,
2026-09-12T03:43:43.601671+00:00,201,31.52,
2026-09-12T03:43:43.621723+00:00,201,38.3,
2026-09-12T03:43:43.641972+00:00,201,62.0,
2026-09-12T03:43:43.661767+00:00,201,44.59,
2026-09-12T03:43:43.683585+00:00,201,37.25,
2026-09-12T03:43:43.701689+00:00,201,33.19,
2026-09-12T03:43:43.721876+00:00,201,31.47,
2026-09-12T03:43:43.742013+00:00,201,29.81,
2026-09-12T03:43:43.762195+00:00,201,42.39,
2026-09-12T03:43:43.782440+00:00,201,32.99,
2026-09-12T03:43:43.802867+00:00,201,30.73,
2026-09-12T03:43:43.821610+00:00,201,35.24,
2026-09-12T03:43:43.841949+00:00,201,32.4,
2026-09-12T03:43:43.861772+00:00,201,31.18,
2026-09-12T03:43:43.882178+00:00,201,35.75,
2026-09-12T03:43:43.902662+00:00,201,32.52,
2026-09-12T03:43:43.921658+00:00,201,31.44,
2026-09-12T03:43:43.943055+00:00,201,37.44,
2026-09-12T03:43:43.962273+00:00,201,65.19,
2026-09-12T03:43:43.982013+00:00,201,46.63,
2026-09-12T03:43:44.002734+00:00,201,37.7,
2026-09-12T03:43:44.021609+00:00,201,54.93,
2026-09-12T03:43:44.041991+00:00,201,43.66,
2026-09-12T03:43:44.062286+00:00,201,61.63,
2026-09-12T03:43:44.082671+00:00,201,53.42,
2026-09-12T03:43:44.101632+00:00,201,36.39,
2026-09-12T03:43:44.121981+00:00,201,32.82,
2026-09-12T03:43:44.141841+00:00,201,30.52,
2026-09-12T03:43:44.162545+00:00,201,37.19,
2026-09-12T03:43:44.181602+00:00,201,32.27,
2026-09-12T03:43:44.201931+00:00,201,30.62,
2026-09-12T03:43:44.222364+00:00,201,30.73,
2026-09-12T03:43:44.242434+00:00,201,34.71,
2026-09-12T03:43:44.262405+00:00,201,31.01,
2026-09-12T03:43:44.282487+00:00,201,41.02,
2026-09-12T03:43:44.302924+00:00,201,31.84,
2026-09-12T03:43:44.321632+00:00,201,31.33,
2026-09-12T03:43:44.341811+00:00,201,30.71,
2026-09-12T03:43:44.361974+00:00,201,39.86,
2026-09-12T03:43:44.382693+00:00,201,32.15,
2026-09-12T03:43:44.403059+00:00,201,30.63,
2026-09-12T03:43:44.421823+00:00,201,30.77,
2026-09-12T03:43:44.442326+00:00,201,56.33,
2026-09-12T03:43:44.462732+00:00,201,48.73,
2026-09-12T03:43:44.482884+00:00,201,34.83,
2026-09-12T03:43:44.501885+00:00,201,32.37,
2026-09-12T03:43:44.522300+00:00,201,31.18,
2026-09-12T03:43:44.541982+00:00,201,29.3,
2026-09-12T03:43:44.562521+00:00,201,43.41,
2026-09-12T03:43:44.581563+00:00,201,34.26,
2026-09-12T03:43:44.601667+00:00,201,30.87,
2026-09-12T03:43:44.622278+00:00,201,31.75,
2026-09-12T03:43:44.642589+00:00,201,38.3,
2026-09-12T03:43:44.662692+00:00,201,57.98,
2026-09-12T03:43:44.683414+00:00,201,47.34,
2026-09-12T03:43:44.701716+00:00,201,35.32,
2026-09-12T03:43:44.721878+00:00,201,32.58,
2026-09-12T03:43:44.741955+00:00,201,30.82,
2026-09-12T03:43:44.762403+00:00,201,31.82,
2026-09-12T03:43:44.782992+00:00,201,30.18,
2026-09-12T03:43:44.801891+00:00,201,40.88,
2026-09-12T03:43:44.822173+00:00,201,33.52,
2026-09-12T03:43:44.841995+00:00,201,31.03,
2026-09-12T03:43:44.862076+00:00,201,65.71,
2026-09-12T03:43:44.882482+00:00,201,47.04,
2026-09-12T03:43:44.901554+00:00,201,42.48,
2026-09-12T03:43:44.922997+00:00,201,34.69,
2026-09-12T03:43:44.942397+00:00,201,31.67,
2026-09-12T03:43:44.962789+00:00,201,51.83,
2026-09-12T03:43:44.981635+00:00,201,45.31,
2026-09-12T03:43:45.002215+00:00,201,60.9,
2026-09-12T03:43:45.022453+00:00,201,42.37,
2026-09-12T03:43:45.041517+00:00,201,34.76,
2026-09-12T03:43:45.062293+00:00,201,31.31,
2026-09-12T03:43:45.082486+00:00,201,31.76,
2026-09-12T03:43:45.102677+00:00,201,30.57,
2026-09-12T03:43:45.121666+00:00,201,29.6,
2026-09-12T03:43:45.143012+00:00,201,64.8,
2026-09-12T03:43:45.161764+00:00,201,56.63,
2026-09-12T03:43:45.183586+00:00,201,37.47,
2026-09-12T03:43:45.222440+00:00,201,44.69,
2026-09-12T03:43:45.202579+00:00,201,65.02,
2026-09-12T03:43:45.243049+00:00,201,34.13,
2026-09-12T03:43:45.261920+00:00,201,31.46,
2026-09-12T03:43:45.282453+00:00,201,29.66,
2026-09-12T03:43:45.302705+00:00,201,36.93,
2026-09-12T03:43:45.321747+00:00,201,57.74,
2026-09-12T03:43:45.342355+00:00,201,37.59,
2026-09-12T03:43:45.363088+00:00,201,33.4,
2026-09-12T03:43:45.382070+00:00,201,30.16,
2026-09-12T03:43:45.402329+00:00,201,37.04,
2026-09-12T03:43:45.422653+00:00,201,32.1,
2026-09-12T03:43:45.442856+00:00,201,31.38,
2026-09-12T03:43:45.463003+00:00,201,29.32,
2026-09-12T03:43:45.482991+00:00,201,32.48,
2026-09-12T03:43:45.501992+00:00,201,30.16,
2026-09-12T03:43:45.522171+00:00,201,82.15,
2026-09-12T03:43:45.541657+00:00,201,69.32,
2026-09-12T03:43:45.562270+00:00,201,58.21,
2026-09-12T03:43:45.582334+00:00,201,60.23,
2026-09-12T03:43:45.602729+00:00,201,41.68,
2026-09-12T03:43:45.621983+00:00,201,36.61,
2026-09-12T03:43:45.642633+00:00,201,33.89,
2026-09-12T03:43:45.661858+00:00,201,57.02,
2026-09-12T03:43:45.682260+00:00,201,48.35,
2026-09-12T03:43:45.701577+00:00,201,42.79,
2026-09-12T03:43:45.721927+00:00,201,33.04,
2026-09-12T03:43:45.741903+00:00,201,31.07,
2026-09-12T03:43:45.762112+00:00,201,31.27,
2026-09-12T03:43:45.782315+00:00,201,30.56,
2026-09-12T03:43:45.802601+00:00,201,39.86,
2026-09-12T03:43:45.823074+00:00,201,32.74,
2026-09-12T03:43:45.841642+00:00,201,31.43,
2026-09-12T03:43:45.863123+00:00,201,39.94,
2026-09-12T03:43:45.881856+00:00,201,33.37,
2026-09-12T03:43:45.902196+00:00,201,30.34,
2026-09-12T03:43:45.922713+00:00,201,62.33,
2026-09-12T03:43:45.941767+00:00,201,58.51,
2026-09-12T03:43:45.962460+00:00,201,39.08,
2026-09-12T03:43:45.982389+00:00,201,33.71,
2026-09-12T03:43:46.001785+00:00,201,31.51,
2026-09-12T03:43:46.022995+00:00,201,36.26,
2026-09-12T03:43:46.041874+00:00,201,31.91,
2026-09-12T03:43:46.061932+00:00,201,30.65,
2026-09-12T03:43:46.081836+00:00,201,40.12,
2026-09-12T03:43:46.102269+00:00,201,34.74,
2026-09-12T03:43:46.122273+00:00,201,32.6,
2026-09-12T03:43:46.141722+00:00,201,30.45,
2026-09-12T03:43:46.161864+00:00,201,36.46,
2026-09-12T03:43:46.182629+00:00,201,49.93,
2026-09-12T03:43:46.201573+00:00,201,65.75,
2026-09-12T03:43:46.222002+00:00,201,46.31,
2026-09-12T03:43:46.242277+00:00,201,39.13,
2026-09-12T03:43:46.261581+00:00,201,36.27,
2026-09-12T03:43:46.281883+00:00,201,34.16,
2026-09-12T03:43:46.302187+00:00,201,31.87,
2026-09-12T03:43:46.322125+00:00,201,41.42,
2026-09-12T03:43:46.341934+00:00,201,41.78,
2026-09-12T03:43:46.362252+00:00,201,32.66,
2026-09-12T03:43:46.382404+00:00,201,34.8,
2026-09-12T03:43:46.402441+00:00,201,31.0,
2026-09-12T03:43:46.422563+00:00,201,39.17,
2026-09-12T03:43:46.461791+00:00,201,45.51,
2026-09-12T03:43:46.443137+00:00,201,64.97,
2026-09-12T03:43:46.482062+00:00,201,41.13,
2026-09-12T03:43:46.502844+00:00,201,34.55,
2026-09-12T03:43:46.521674+00:00,201,32.85,
2026-09-12T03:43:46.541746+00:00,201,30.37,
2026-09-12T03:43:46.561975+00:00,201,64.7,
2026-09-12T03:43:46.582572+00:00,201,64.69,
2026-09-12T03:43:46.601731+00:00,201,46.35,
2026-09-12T03:43:46.622312+00:00,201,39.79,
2026-09-12T03:43:46.642514+00:00,201,66.88,
2026-09-12T03:43:46.661649+00:00,201,59.16,
2026-09-12T03:43:46.681514+00:00,201,54.84,
2026-09-12T03:43:46.702166+00:00,201,41.86,
2026-09-12T03:43:46.742423+00:00,201,47.54,
2026-09-12T03:43:46.721972+00:00,201,69.32,
2026-09-12T03:43:46.762628+00:00,201,39.26,
2026-09-12T03:43:46.781714+00:00,201,71.08,
2026-09-12T03:43:46.802450+00:00,201,65.31,
2026-09-12T03:43:46.821851+00:00,201,47.53,
2026-09-12T03:43:46.842624+00:00,201,41.58,
2026-09-12T03:43:46.861881+00:00,201,35.11,
2026-09-12T03:43:46.882303+00:00,201,33.81,
2026-09-12T03:43:46.902610+00:00,201,34.0,
2026-09-12T03:43:46.921756+00:00,201,34.13,
2026-09-12T03:43:46.942625+00:00,201,30.79,
2026-09-12T03:43:46.962938+00:00,201,34.72,
2026-09-12T03:43:46.981783+00:00,201,49.35,
2026-09-12T03:43:47.002432+00:00,201,60.04,
2026-09-12T03:43:47.042080+00:00,201,36.8,
2026-09-12T03:43:47.021652+00:00,201,57.61,
2026-09-12T03:43:47.062492+00:00,201,34.14,
2026-09-12T03:43:47.082592+00:00,201,32.2,
2026-09-12T03:43:47.121777+00:00,201,42.6,
2026-09-12T03:43:47.102823+00:00,201,62.4,
2026-09-12T03:43:47.142617+00:00,201,35.11,
2026-09-12T03:43:47.162234+00:00,201,31.77,
2026-09-12T03:43:47.182583+00:00,201,29.59,
2026-09-12T03:43:47.202796+00:00,201,39.57,
2026-09-12T03:43:47.222707+00:00,201,33.1,
2026-09-12T03:43:47.243006+00:00,201,32.05,
2026-09-12T03:43:47.281709+00:00,201,31.78,
2026-09-12T03:43:47.262003+00:00,201,53.27,
2026-09-12T03:43:47.302332+00:00,201,64.84,
2026-09-12T03:43:47.322935+00:00,201,44.7,
2026-09-12T03:43:47.342360+00:00,201,40.6,
2026-09-12T03:43:47.362586+00:00,201,31.82,
2026-09-12T03:43:47.381638+00:00,201,30.09,
2026-09-12T03:43:47.402072+00:00,201,56.93,
2026-09-12T03:43:47.422694+00:00,201,49.4,
2026-09-12T03:43:47.441634+00:00,201,37.92,
2026-09-12T03:43:47.462197+00:00,201,57.54,
2026-09-12T03:43:47.482736+00:00,201,49.73,
2026-09-12T03:43:47.501683+00:00,201,43.36,
2026-09-12T03:43:47.522286+00:00,201,33.21,
2026-09-12T03:43:47.542813+00:00,201,30.01,
2026-09-12T03:43:47.561949+00:00,201,51.27,
2026-09-12T03:43:47.582401+00:00,201,33.44,
2026-09-12T03:43:47.602725+00:00,201,31.09,
2026-09-12T03:43:47.622801+00:00,201,34.0,
2026-09-12T03:43:47.643083+00:00,201,31.06,
2026-09-12T03:43:47.661828+00:00,201,29.94,
2026-09-12T03:43:47.682952+00:00,201,35.39,
2026-09-12T03:43:47.701865+00:00,201,52.65,
2026-09-12T03:43:47.722562+00:00,201,34.31,
2026-09-12T03:43:47.742952+00:00,201,31.95,
2026-09-12T03:43:47.761724+00:00,201,30.87,
2026-09-12T03:43:47.782046+00:00,201,32.2,
2026-09-12T03:43:47.802474+00:00,201,29.39,
2026-09-12T03:43:47.822899+00:00,201,46.72,
2026-09-12T03:43:47.842004+00:00,201,45.11,
2026-09-12T03:43:47.862485+00:00,201,37.33,
2026-09-12T03:43:47.882344+00:00,201,33.74,
2026-09-12T03:43:47.902992+00:00,201,31.4,
2026-09-12T03:43:47.921757+00:00,201,30.54,
2026-09-12T03:43:47.941718+00:00,201,40.18,
2026-09-12T03:43:47.962161+00:00,201,33.61,
2026-09-12T03:43:47.982519+00:00,201,32.06,
2026-09-12T03:43:48.003050+00:00,201,29.88,
2026-09-12T03:43:48.042017+00:00,201,45.37,
2026-09-12T03:43:48.021630+00:00,201,67.55,
2026-09-12T03:43:48.063073+00:00,201,39.99,
2026-09-12T03:43:48.082512+00:00,201,32.45,
2026-09-12T03:43:48.102363+00:00,201,31.46,
2026-09-12T03:43:48.121882+00:00,201,29.24,
2026-09-12T03:43:48.142331+00:00,201,34.98,
2026-09-12T03:43:48.162312+00:00,201,33.14,
2026-09-12T03:43:48.182906+00:00,201,62.83,
2026-09-12T03:43:48.201731+00:00,201,44.52,
2026-09-12T03:43:48.222154+00:00,201,34.35,
2026-09-12T03:43:48.242605+00:00,201,31.13,
2026-09-12T03:43:48.262898+00:00,201,37.65,
2026-09-12T03:43:48.281644+00:00,201,52.41,
2026-09-12T03:43:48.302086+00:00,201,44.05,
2026-09-12T03:43:48.322147+00:00,201,33.12,
2026-09-12T03:43:48.342541+00:00,201,30.26,
2026-09-12T03:43:48.362425+00:00,201,32.11,
2026-09-12T03:43:48.382788+00:00,201,29.95,
2026-09-12T03:43:48.403010+00:00,201,37.68,
2026-09-12T03:43:48.422641+00:00,201,32.16,
2026-09-12T03:43:48.442999+00:00,201,30.15,
2026-09-12T03:43:48.462479+00:00,201,30.0,
2026-09-12T03:43:48.482459+00:00,201,34.3,
2026-09-12T03:43:48.503023+00:00,201,30.59,
2026-09-12T03:43:48.542119+00:00,201,42.75,
2026-09-12T03:43:48.523132+00:00,201,62.55,
2026-09-12T03:43:48.562581+00:00,201,56.86,
2026-09-12T03:43:48.583051+00:00,201,37.05,
2026-09-12T03:43:48.602130+00:00,201,35.52,
2026-09-12T03:43:48.622716+00:00,201,31.48,
2026-09-12T03:43:48.643018+00:00,201,30.03,
2026-09-12T03:43:48.661972+00:00,201,32.29,
2026-09-12T03:43:48.681998+00:00,201,30.74,
2026-09-12T03:43:48.702377+00:00,201,34.57,
2026-09-12T03:43:48.722743+00:00,201,30.69,
2026-09-12T03:43:48.742844+00:00,201,36.97,
2026-09-12T03:43:48.761653+00:00,201,56.92,
2026-09-12T03:43:48.782633+00:00,201,49.2,
2026-09-12T03:43:48.802529+00:00,201,35.02,
2026-09-12T03:43:48.822710+00:00,201,32.72,
2026-09-12T03:43:48.841764+00:00,201,30.19,
2026-09-12T03:43:48.862090+00:00,201,31.38,
2026-09-12T03:43:48.882400+00:00,201,29.68,
2026-09-12T03:43:48.902725+00:00,201,38.48,
2026-09-12T03:43:48.921664+00:00,201,31.18,
2026-09-12T03:43:48.941550+00:00,201,39.54,
2026-09-12T03:43:48.961835+00:00,201,32.84,
2026-09-12T03:43:48.981907+00:00,201,34.06,
2026-09-12T03:43:49.002456+00:00,201,31.73,
2026-09-12T03:43:49.022845+00:00,201,39.31,
2026-09-12T03:43:49.043049+00:00,201,55.97,
2026-09-12T03:43:49.061611+00:00,201,53.48,
2026-09-12T03:43:49.082349+00:00,201,36.18,
2026-09-12T03:43:49.102698+00:00,201,31.84,
2026-09-12T03:43:49.123124+00:00,201,29.59,
2026-09-12T03:43:49.141731+00:00,201,55.16,
2026-09-12T03:43:49.161969+00:00,201,37.35,
2026-09-12T03:43:49.182422+00:00,201,35.72,
2026-09-12T03:43:49.202789+00:00,201,32.61,
2026-09-12T03:43:49.222547+00:00,201,47.17,
2026-09-12T03:43:49.242953+00:00,201,90.96,
2026-09-12T03:43:49.281797+00:00,201,61.05,
2026-09-12T03:43:49.261634+00:00,201,81.34,
2026-09-12T03:43:49.302682+00:00,201,52.11,
2026-09-12T03:43:49.322276+00:00,201,41.44,
2026-09-12T03:43:49.342428+00:00,201,35.31,
2026-09-12T03:43:49.362872+00:00,201,32.3,
2026-09-12T03:43:49.383012+00:00,201,30.38,
2026-09-12T03:43:49.401685+00:00,201,60.84,
2026-09-12T03:43:49.421711+00:00,201,50.79,
2026-09-12T03:43:49.442336+00:00,201,36.65,
2026-09-12T03:43:49.462552+00:00,201,33.84,
2026-09-12T03:43:49.482215+00:00,201,32.29,
2026-09-12T03:43:49.502661+00:00,201,30.51,
2026-09-12T03:43:49.521903+00:00,201,30.37,
2026-09-12T03:43:49.542805+00:00,201,41.38,
2026-09-12T03:43:49.562879+00:00,201,31.22,
2026-09-12T03:43:49.582984+00:00,201,31.83,
2026-09-12T03:43:49.602047+00:00,201,31.4,
2026-09-12T03:43:49.622518+00:00,201,40.77,
2026-09-12T03:43:49.643014+00:00,201,33.61,
2026-09-12T03:43:49.663274+00:00,201,31.63,
2026-09-12T03:43:49.681629+00:00,201,32.24,
2026-09-12T03:43:49.702191+00:00,201,30.39,
2026-09-12T03:43:49.722504+00:00,201,34.21,
2026-09-12T03:43:49.742151+00:00,201,31.7,
2026-09-12T03:43:49.762467+00:00,201,33.72,
2026-09-12T03:43:49.782854+00:00,201,31.93,
2026-09-12T03:43:49.801784+00:00,201,30.74,
2026-09-12T03:43:49.822005+00:00,201,39.74,
2026-09-12T03:43:49.842312+00:00,201,32.06,
2026-09-12T03:43:49.862860+00:00,201,29.7,
2026-09-12T03:43:49.882902+00:00,201,29.79,
2026-09-12T03:43:49.903057+00:00,201,41.19,
2026-09-12T03:43:49.923142+00:00,201,31.82,
2026-09-12T03:43:49.941960+00:00,201,31.43,
2026-09-12T03:43:49.961763+00:00,201,30.05,
2026-09-12T03:43:49.981953+00:00,201,40.35,
2026-09-12T03:43:50.002342+00:00,201,32.79,
2026-09-12T03:43:50.022625+00:00,201,37.41,
2026-09-12T03:43:50.041683+00:00,201,63.0,
2026-09-12T03:43:50.061770+00:00,201,43.96,
2026-09-12T03:43:50.081861+00:00,201,53.06,
2026-09-12T03:43:50.102304+00:00,201,33.79,
2026-09-12T03:43:50.122587+00:00,201,32.8,
2026-09-12T03:43:50.142855+00:00,201,30.45,
2026-09-12T03:43:50.161967+00:00,201,29.87,
2026-09-12T03:43:50.182121+00:00,201,46.27,
2026-09-12T03:43:50.202474+00:00,201,33.81,
2026-09-12T03:43:50.222296+00:00,201,31.41,
2026-09-12T03:43:50.242727+00:00,201,38.55,
2026-09-12T03:43:50.261630+00:00,201,60.83,
2026-09-12T03:43:50.281681+00:00,201,52.25,
2026-09-12T03:43:50.302396+00:00,201,34.37,
2026-09-12T03:43:50.322802+00:00,201,31.31,
2026-09-12T03:43:50.343118+00:00,201,29.6,
2026-09-12T03:43:50.363068+00:00,201,37.05,
2026-09-12T03:43:50.381834+00:00,201,47.42,
2026-09-12T03:43:50.402072+00:00,201,46.34,
2026-09-12T03:43:50.423040+00:00,201,48.05,
2026-09-12T03:43:50.442528+00:00,201,47.03,
2026-09-12T03:43:50.462051+00:00,201,47.36,
2026-09-12T03:43:50.482399+00:00,201,40.13,
2026-09-12T03:43:50.501645+00:00,201,34.78,
2026-09-12T03:43:50.522641+00:00,201,30.67,
2026-09-12T03:43:50.542949+00:00,201,60.5,
2026-09-12T03:43:50.562452+00:00,201,41.52,
2026-09-12T03:43:50.582974+00:00,201,51.34,
2026-09-12T03:43:50.601811+00:00,201,32.96,
2026-09-12T03:43:50.622388+00:00,201,60.14,
2026-09-12T03:43:50.642865+00:00,201,52.62,
2026-09-12T03:43:50.662273+00:00,201,35.81,
2026-09-12T03:43:50.682536+00:00,201,31.7,
2026-09-12T03:43:50.701644+00:00,201,61.92,
2026-09-12T03:43:50.721573+00:00,201,42.44,
2026-09-12T03:43:50.743081+00:00,201,61.84,
2026-09-12T03:43:50.762105+00:00,201,43.83,
2026-09-12T03:43:50.782388+00:00,201,54.82,
2026-09-12T03:43:50.802434+00:00,201,45.32,
2026-09-12T03:43:50.822778+00:00,201,33.79,
2026-09-12T03:43:50.841654+00:00,201,33.08,
2026-09-12T03:43:50.861925+00:00,201,39.27,
2026-09-12T03:43:50.881877+00:00,201,44.75,
2026-09-12T03:43:50.902864+00:00,201,44.47,
2026-09-12T03:43:50.922059+00:00,201,45.18,
2026-09-12T03:43:50.942337+00:00,201,38.2,
2026-09-12T03:43:50.962918+00:00,201,33.1,
2026-09-12T03:43:50.981862+00:00,201,32.33,
2026-09-12T03:43:51.003007+00:00,201,30.44,
2026-09-12T03:43:51.021926+00:00,201,30.16,
2026-09-12T03:43:51.042315+00:00,201,39.87,
2026-09-12T03:43:51.062721+00:00,201,31.21,
2026-09-12T03:43:51.082904+00:00,201,29.72,
2026-09-12T03:43:51.101748+00:00,201,39.18,
2026-09-12T03:43:51.121742+00:00,201,31.8,
2026-09-12T03:43:51.141883+00:00,201,34.35,
2026-09-12T03:43:51.162082+00:00,201,30.96,
2026-09-12T03:43:51.182722+00:00,201,40.15,
2026-09-12T03:43:51.201762+00:00,201,32.82,
2026-09-12T03:43:51.223038+00:00,201,32.51,
2026-09-12T03:43:51.241916+00:00,201,32.39,
2026-09-12T03:43:51.262116+00:00,201,30.38,
2026-09-12T03:43:51.282351+00:00,201,34.8,
2026-09-12T03:43:51.302586+00:00,201,31.27,
2026-09-12T03:43:51.322740+00:00,201,40.52,
2026-09-12T03:43:51.342682+00:00,201,32.25,
2026-09-12T03:43:51.362353+00:00,201,31.22,
2026-09-12T03:43:51.382670+00:00,201,40.29,
2026-09-12T03:43:51.403090+00:00,201,31.23,
2026-09-12T03:43:51.421578+00:00,201,30.56,
2026-09-12T03:43:51.442017+00:00,201,40.2,
2026-09-12T03:43:51.461619+00:00,201,84.8,
2026-09-12T03:43:51.482305+00:00,201,69.57,
2026-09-12T03:43:51.501758+00:00,201,51.47,
2026-09-12T03:43:51.522274+00:00,201,43.95,
2026-09-12T03:43:51.541923+00:00,201,35.59,
2026-09-12T03:43:51.561949+00:00,201,52.59,
2026-09-12T03:43:51.582424+00:00,201,34.52,
2026-09-12T03:43:51.602829+00:00,201,31.15,
2026-09-12T03:43:51.621628+00:00,201,30.13,
2026-09-12T03:43:51.642073+00:00,201,50.35,
2026-09-12T03:43:51.662469+00:00,201,58.3,
2026-09-12T03:43:51.682872+00:00,201,53.17,
2026-09-12T03:43:51.701789+00:00,201,48.65,
2026-09-12T03:43:51.722327+00:00,201,34.97,
2026-09-12T03:43:51.742653+00:00,201,33.55,
2026-09-12T03:43:51.762170+00:00,201,31.2,
2026-09-12T03:43:51.782610+00:00,201,34.06,
2026-09-12T03:43:51.801629+00:00,201,32.5,
2026-09-12T03:43:51.822188+00:00,201,40.59,
2026-09-12T03:43:51.842668+00:00,201,31.58,
2026-09-12T03:43:51.862970+00:00,201,31.48,
2026-09-12T03:43:51.883078+00:00,201,38.09,
2026-09-12T03:43:51.901765+00:00,201,31.67,
2026-09-12T03:43:51.921876+00:00,201,35.05,
2026-09-12T03:43:51.941951+00:00,201,31.19,
2026-09-12T03:43:51.962320+00:00,201,29.26,
2026-09-12T03:43:51.982669+00:00,201,37.21,
2026-09-12T03:43:52.001559+00:00,201,32.21,
2026-09-12T03:43:52.021727+00:00,201,31.28,
2026-09-12T03:43:52.041967+00:00,201,43.71,
2026-09-12T03:43:52.062367+00:00,201,34.0,
2026-09-12T03:43:52.081978+00:00,201,31.14,
2026-09-12T03:43:52.102514+00:00,201,37.8,
2026-09-12T03:43:52.122927+00:00,201,60.06,
2026-09-12T03:43:52.141611+00:00,201,42.29,
2026-09-12T03:43:52.162026+00:00,201,34.69,
2026-09-12T03:43:52.182455+00:00,201,34.41,
2026-09-12T03:43:52.201626+00:00,201,33.52,
2026-09-12T03:43:52.222547+00:00,201,32.01,
2026-09-12T03:43:52.243074+00:00,201,33.84,
2026-09-12T03:43:52.261773+00:00,201,32.69,
2026-09-12T03:43:52.281714+00:00,201,30.06,
2026-09-12T03:43:52.302324+00:00,201,39.56,
2026-09-12T03:43:52.322383+00:00,201,31.98,
2026-09-12T03:43:52.342538+00:00,201,52.84,
2026-09-12T03:43:52.362335+00:00,201,45.35,
2026-09-12T03:43:52.382405+00:00,201,33.45,
2026-09-12T03:43:52.402673+00:00,201,31.08,
2026-09-12T03:43:52.422913+00:00,201,34.26,
2026-09-12T03:43:52.441793+00:00,201,31.33,
2026-09-12T03:43:52.462052+00:00,201,30.57,
2026-09-12T03:43:52.482000+00:00,201,46.63,
2026-09-12T03:43:52.502392+00:00,201,36.67,
2026-09-12T03:43:52.522808+00:00,201,32.48,
2026-09-12T03:43:52.562528+00:00,201,45.03,
2026-09-12T03:43:52.542873+00:00,201,64.81,
2026-09-12T03:43:52.582913+00:00,201,35.71,
2026-09-12T03:43:52.601744+00:00,201,93.45,
2026-09-12T03:43:52.622280+00:00,201,78.1,
2026-09-12T03:43:52.642706+00:00,201,67.85,
2026-09-12T03:43:52.662055+00:00,201,53.45,
2026-09-12T03:43:52.683122+00:00,201,42.73,
2026-09-12T03:43:52.702358+00:00,201,62.3,
2026-09-12T03:43:52.722449+00:00,201,42.55,
2026-09-12T03:43:52.743047+00:00,201,67.7,
2026-09-12T03:43:52.762935+00:00,201,49.53,
2026-09-12T03:43:52.781906+00:00,201,49.14,
2026-09-12T03:43:52.802596+00:00,201,46.46,
2026-09-12T03:43:52.821783+00:00,201,33.33,
2026-09-12T03:43:52.862481+00:00,201,41.56,
2026-09-12T03:43:52.842083+00:00,201,62.92,
2026-09-12T03:43:52.882617+00:00,201,36.26,
2026-09-12T03:43:52.921948+00:00,201,41.39,
2026-09-12T03:43:52.903132+00:00,201,62.36,
2026-09-12T03:43:52.942352+00:00,201,34.71,
2026-09-12T03:43:52.963361+00:00,201,32.26,
2026-09-12T03:43:52.982874+00:00,201,31.47,
2026-09-12T03:43:53.001829+00:00,201,31.28,
2026-09-12T03:43:53.022196+00:00,201,31.74,
2026-09-12T03:43:53.042704+00:00,201,38.84,
2026-09-12T03:43:53.063075+00:00,201,55.23,
2026-09-12T03:43:53.083058+00:00,201,47.6,
2026-09-12T03:43:53.102133+00:00,201,34.51,
2026-09-12T03:43:53.122473+00:00,201,31.65,
2026-09-12T03:43:53.142789+00:00,201,36.82,
2026-09-12T03:43:53.162747+00:00,201,31.53,
2026-09-12T03:43:53.183124+00:00,201,33.57,
2026-09-12T03:43:53.203142+00:00,201,32.67,
2026-09-12T03:43:53.221926+00:00,201,38.7,
2026-09-12T03:43:53.242328+00:00,201,36.63,
2026-09-12T03:43:53.262303+00:00,201,37.91,
2026-09-12T03:43:53.282169+00:00,201,52.42,
2026-09-12T03:43:53.302633+00:00,201,44.6,
2026-09-12T03:43:53.322806+00:00,201,61.38,
2026-09-12T03:43:53.342935+00:00,201,54.3,
2026-09-12T03:43:53.362231+00:00,201,35.82,
2026-09-12T03:43:53.382737+00:00,201,33.43,
2026-09-12T03:43:53.401885+00:00,201,31.19,
2026-09-12T03:43:53.422447+00:00,201,39.17,
2026-09-12T03:43:53.442964+00:00,201,31.0,
2026-09-12T03:43:53.461776+00:00,201,31.07,
2026-09-12T03:43:53.482335+00:00,201,60.4,
2026-09-12T03:43:53.502779+00:00,201,51.52,
2026-09-12T03:43:53.521937+00:00,201,34.84,
2026-09-12T03:43:53.563021+00:00,201,42.15,
2026-09-12T03:43:53.542866+00:00,201,63.65,
2026-09-12T03:43:53.602343+00:00,201,34.7,
2026-09-12T03:43:53.582021+00:00,201,57.02,
2026-09-12T03:43:53.622735+00:00,201,32.74,
2026-09-12T03:43:53.642962+00:00,201,30.42,
2026-09-12T03:43:53.661827+00:00,201,29.9,
2026-09-12T03:43:53.681830+00:00,201,30.48,
2026-09-12T03:43:53.702304+00:00,201,40.1,
2026-09-12T03:43:53.722454+00:00,201,31.35,
2026-09-12T03:43:53.742768+00:00,201,31.82,
2026-09-12T03:43:53.781888+00:00,201,47.98,
2026-09-12T03:43:53.762880+00:00,201,68.33,
2026-09-12T03:43:53.802403+00:00,201,38.48,
2026-09-12T03:43:53.822080+00:00,201,33.58,
2026-09-12T03:43:53.842832+00:00,201,63.38,
2026-09-12T03:43:53.881672+00:00,201,37.56,
2026-09-12T03:43:53.861658+00:00,201,58.52,
2026-09-12T03:43:53.901590+00:00,201,34.53,
2026-09-12T03:43:53.921973+00:00,201,32.34,
2026-09-12T03:43:53.942447+00:00,201,30.02,
2026-09-12T03:43:53.962331+00:00,201,32.2,
2026-09-12T03:43:53.982716+00:00,201,30.84,
2026-09-12T03:43:54.002955+00:00,201,38.93,
2026-09-12T03:43:54.021982+00:00,201,32.23,
2026-09-12T03:43:54.042945+00:00,201,29.93,
2026-09-12T03:43:54.061700+00:00,201,39.8,
2026-09-12T03:43:54.081901+00:00,201,33.98,
2026-09-12T03:43:54.102129+00:00,201,30.75,
2026-09-12T03:43:54.122395+00:00,201,61.09,
2026-09-12T03:43:54.142850+00:00,201,52.65,
2026-09-12T03:43:54.161772+00:00,201,51.97,
2026-09-12T03:43:54.182072+00:00,201,37.29,
2026-09-12T03:43:54.201834+00:00,201,31.56,
2026-09-12T03:43:54.222061+00:00,201,29.86,
2026-09-12T03:43:54.242152+00:00,201,33.46,
2026-09-12T03:43:54.262426+00:00,201,31.21,
2026-09-12T03:43:54.281973+00:00,201,31.84,
2026-09-12T03:43:54.302220+00:00,201,37.47,
2026-09-12T03:43:54.322799+00:00,201,31.61,
2026-09-12T03:43:54.341645+00:00,201,34.27,
2026-09-12T03:43:54.361710+00:00,201,30.93,
2026-09-12T03:43:54.382198+00:00,201,35.5,
2026-09-12T03:43:54.402880+00:00,201,30.76,
2026-09-12T03:43:54.421713+00:00,201,30.66,
2026-09-12T03:43:54.441605+00:00,201,40.12,
2026-09-12T03:43:54.462264+00:00,201,33.06,
2026-09-12T03:43:54.482037+00:00,201,31.9,
2026-09-12T03:43:54.502629+00:00,201,39.52,
2026-09-12T03:43:54.522933+00:00,201,31.37,
2026-09-12T03:43:54.542927+00:00,201,30.1,
2026-09-12T03:43:54.562729+00:00,201,40.25,
2026-09-12T03:43:54.581674+00:00,201,32.93,
2026-09-12T03:43:54.602036+00:00,201,33.16,
2026-09-12T03:43:54.622762+00:00,201,30.17,
2026-09-12T03:43:54.661856+00:00,201,44.9,
2026-09-12T03:43:54.643071+00:00,201,64.66,
2026-09-12T03:43:54.683430+00:00,201,36.83,
2026-09-12T03:43:54.701735+00:00,201,32.11,
2026-09-12T03:43:54.722277+00:00,201,39.13,
2026-09-12T03:43:54.742718+00:00,201,31.0,
2026-09-12T03:43:54.762572+00:00,201,30.33,
2026-09-12T03:43:54.782946+00:00,201,41.4,
2026-09-12T03:43:54.801853+00:00,201,33.81,
2026-09-12T03:43:54.822217+00:00,201,33.47,
2026-09-12T03:43:54.842598+00:00,201,30.9,
2026-09-12T03:43:54.862627+00:00,201,41.53,
2026-09-12T03:43:54.882492+00:00,201,32.0,
2026-09-12T03:43:54.902558+00:00,201,30.93,
2026-09-12T03:43:54.922851+00:00,201,37.16,
2026-09-12T03:43:54.941888+00:00,201,57.51,
2026-09-12T03:43:54.962511+00:00,201,37.72,
2026-09-12T03:43:54.982925+00:00,201,34.95,
2026-09-12T03:43:55.002619+00:00,201,31.3,
2026-09-12T03:43:55.022905+00:00,201,33.02,
2026-09-12T03:43:55.041660+00:00,201,31.49,
2026-09-12T03:43:55.062093+00:00,201,31.33,
2026-09-12T03:43:55.082478+00:00,201,36.19,
2026-09-12T03:43:55.102957+00:00,201,30.98,
2026-09-12T03:43:55.121699+00:00,201,39.75,
2026-09-12T03:43:55.142031+00:00,201,31.74,
2026-09-12T03:43:55.161953+00:00,201,37.93,
2026-09-12T03:43:55.182626+00:00,201,31.19,
2026-09-12T03:43:55.202666+00:00,201,41.61,
2026-09-12T03:43:55.221690+00:00,201,31.27,
2026-09-12T03:43:55.242227+00:00,201,32.66,
2026-09-12T03:43:55.262683+00:00,201,41.87,
2026-09-12T03:43:55.282871+00:00,201,35.74,
2026-09-12T03:43:55.301657+00:00,201,32.5,
2026-09-12T03:43:55.321965+00:00,201,30.43,
2026-09-12T03:43:55.342268+00:00,201,40.69,
2026-09-12T03:43:55.362937+00:00,201,32.99,
2026-09-12T03:43:55.381672+00:00,201,32.78,
2026-09-12T03:43:55.401996+00:00,201,30.22,
2026-09-12T03:43:55.421781+00:00,201,41.23,
2026-09-12T03:43:55.442703+00:00,201,38.12,
2026-09-12T03:43:55.463058+00:00,201,34.14,
2026-09-12T03:43:55.482719+00:00,201,32.8,
2026-09-12T03:43:55.503076+00:00,201,31.89,
2026-09-12T03:43:55.521899+00:00,201,31.55,
2026-09-12T03:43:55.542372+00:00,201,29.47,
2026-09-12T03:43:55.562539+00:00,201,40.76,
2026-09-12T03:43:55.583022+00:00,201,31.51,
2026-09-12T03:43:55.601886+00:00,201,30.65,
2026-09-12T03:43:55.622462+00:00,201,29.52,
2026-09-12T03:43:55.661757+00:00,201,45.36,
2026-09-12T03:43:55.642726+00:00,201,65.29,
2026-09-12T03:43:55.683019+00:00,201,35.42,
2026-09-12T03:43:55.702614+00:00,201,62.43,
2026-09-12T03:43:55.721841+00:00,201,43.3,
2026-09-12T03:43:55.761350+00:00,201,36.6,
2026-09-12T03:43:55.742315+00:00,201,56.01,
2026-09-12T03:43:55.781897+00:00,201,36.53,
2026-09-12T03:43:55.802564+00:00,201,32.25,
2026-09-12T03:43:55.823010+00:00,201,35.05,
2026-09-12T03:43:55.841795+00:00,201,48.63,
2026-09-12T03:43:55.862503+00:00,201,34.23,
2026-09-12T03:43:55.882665+00:00,201,32.19,
2026-09-12T03:43:55.903033+00:00,201,33.84,
2026-09-12T03:43:55.921882+00:00,201,33.86,
2026-09-12T03:43:55.942422+00:00,201,31.8,
2026-09-12T03:43:55.962640+00:00,201,29.09,
2026-09-12T03:43:55.982775+00:00,201,51.28,
2026-09-12T03:43:56.001757+00:00,201,32.53,
2026-09-12T03:43:56.022298+00:00,201,41.07,
2026-09-12T03:43:56.041910+00:00,201,32.27,
2026-09-12T03:43:56.062274+00:00,201,30.42,
2026-09-12T03:43:56.081738+00:00,201,40.89,
2026-09-12T03:43:56.102507+00:00,201,31.42,
2026-09-12T03:43:56.122883+00:00,201,33.47,
2026-09-12T03:43:56.141922+00:00,201,45.69,
2026-09-12T03:43:56.182486+00:00,201,47.2,
2026-09-12T03:43:56.162182+00:00,201,68.38,
2026-09-12T03:43:56.201673+00:00,201,53.93,
2026-09-12T03:43:56.222781+00:00,201,51.5,
2026-09-12T03:43:56.242508+00:00,201,44.04,
2026-09-12T03:43:56.261764+00:00,201,40.03,
2026-09-12T03:43:56.282720+00:00,201,36.82,
2026-09-12T03:43:56.303033+00:00,201,63.08,
2026-09-12T03:43:56.321908+00:00,201,57.55,
2026-09-12T03:43:56.341940+00:00,201,41.34,
2026-09-12T03:43:56.362649+00:00,201,35.7,
2026-09-12T03:43:56.382529+00:00,201,35.22,
2026-09-12T03:43:56.403041+00:00,201,33.96,
2026-09-12T03:43:56.422955+00:00,201,34.03,
2026-09-12T03:43:56.441909+00:00,201,35.59,
2026-09-12T03:43:56.462121+00:00,201,36.62,
2026-09-12T03:43:56.481654+00:00,201,35.27,
2026-09-12T03:43:56.502470+00:00,201,35.5,
2026-09-12T03:43:56.523123+00:00,201,35.36,
2026-09-12T03:43:56.542560+00:00,201,36.2,
2026-09-12T03:43:56.562080+00:00,201,35.31,
2026-09-12T03:43:56.581784+00:00,201,65.86,
2026-09-12T03:43:56.602721+00:00,201,45.78,
2026-09-12T03:43:56.621815+00:00,201,38.96,
2026-09-12T03:43:56.642239+00:00,201,68.96,
2026-09-12T03:43:56.661771+00:00,201,64.18,
2026-09-12T03:43:56.681789+00:00,201,46.32,
2026-09-12T03:43:56.702356+00:00,201,40.41,
2026-09-12T03:43:56.722075+00:00,201,35.96,
2026-09-12T03:43:56.742698+00:00,201,35.63,
2026-09-12T03:43:56.763086+00:00,201,36.27,
2026-09-12T03:43:56.781611+00:00,201,35.36,
2026-09-12T03:43:56.822878+00:00,201,46.32,
2026-09-12T03:43:56.802076+00:00,201,67.7,
2026-09-12T03:43:56.842119+00:00,201,49.14,
2026-09-12T03:43:56.862748+00:00,201,63.95,
2026-09-12T03:43:56.882348+00:00,201,60.64,
2026-09-12T03:43:56.902281+00:00,201,53.72,
2026-09-12T03:43:56.923005+00:00,201,42.32,
2026-09-12T03:43:56.942990+00:00,201,37.78,
2026-09-12T03:43:56.962494+00:00,201,62.64,
2026-09-12T03:43:56.982525+00:00,201,53.54,
2026-09-12T03:43:57.002639+00:00,201,42.68,
2026-09-12T03:43:57.022591+00:00,201,38.76,
2026-09-12T03:43:57.042856+00:00,201,37.86,
2026-09-12T03:43:57.063036+00:00,201,35.35,
2026-09-12T03:43:57.081892+00:00,201,76.9,
2026-09-12T03:43:57.102210+00:00,201,57.08,
2026-09-12T03:43:57.122525+00:00,201,56.03,
2026-09-12T03:43:57.142029+00:00,201,46.51,
2026-09-12T03:43:57.162008+00:00,201,38.99,
2026-09-12T03:43:57.182347+00:00,201,60.39,
2026-09-12T03:43:57.201650+00:00,201,53.09,
2026-09-12T03:43:57.221569+00:00,201,78.82,
2026-09-12T03:43:57.242132+00:00,201,59.72,
2026-09-12T03:43:57.262278+00:00,201,49.35,
2026-09-12T03:43:57.282712+00:00,201,41.7,
2026-09-12T03:43:57.301910+00:00,201,35.84,
2026-09-12T03:43:57.322690+00:00,201,34.44,
2026-09-12T03:43:57.341664+00:00,201,54.44,
2026-09-12T03:43:57.361669+00:00,201,47.92,
2026-09-12T03:43:57.382543+00:00,201,37.41,
2026-09-12T03:43:57.402742+00:00,201,68.85,
2026-09-12T03:43:57.421596+00:00,201,50.33,
2026-09-12T03:43:57.441979+00:00,201,44.77,
2026-09-12T03:43:57.462075+00:00,201,40.33,
2026-09-12T03:43:57.481956+00:00,201,37.68,
2026-09-12T03:43:57.501745+00:00,201,34.28,
2026-09-12T03:43:57.522202+00:00,201,34.49,
2026-09-12T03:43:57.542510+00:00,201,35.95,
2026-09-12T03:43:57.562902+00:00,201,34.28,
2026-09-12T03:43:57.581714+00:00,201,35.08,
2026-09-12T03:43:57.602399+00:00,201,33.46,
2026-09-12T03:43:57.622596+00:00,201,56.78,
2026-09-12T03:43:57.642932+00:00,201,50.07,
2026-09-12T03:43:57.661845+00:00,201,38.06,
2026-09-12T03:43:57.681965+00:00,201,33.39,
2026-09-12T03:43:57.702295+00:00,201,31.52,
2026-09-12T03:43:57.722644+00:00,201,36.69,
2026-09-12T03:43:57.742963+00:00,201,60.39,
2026-09-12T03:43:57.761889+00:00,201,55.81,
2026-09-12T03:43:57.781957+00:00,201,39.4,
2026-09-12T03:43:57.802158+00:00,201,37.85,
2026-09-12T03:43:57.821787+00:00,201,34.81,
2026-09-12T03:43:57.842666+00:00,201,35.2,
2026-09-12T03:43:57.861627+00:00,201,33.54,
2026-09-12T03:43:57.881863+00:00,201,32.22,
2026-09-12T03:43:57.923023+00:00,201,44.18,
2026-09-12T03:43:57.902271+00:00,201,65.06,
2026-09-12T03:43:57.941612+00:00,201,41.11,
2026-09-12T03:43:57.962580+00:00,201,37.28,
2026-09-12T03:43:57.982817+00:00,201,67.9,
2026-09-12T03:43:58.002093+00:00,201,61.7,
2026-09-12T03:43:58.022325+00:00,201,50.41,
2026-09-12T03:43:58.042888+00:00,201,41.76,
2026-09-12T03:43:58.062517+00:00,201,36.5,
2026-09-12T03:43:58.082105+00:00,201,33.83,
2026-09-12T03:43:58.102388+00:00,201,33.2,
2026-09-12T03:43:58.122548+00:00,201,31.97,
2026-09-12T03:43:58.142958+00:00,201,52.61,
2026-09-12T03:43:58.161834+00:00,201,66.51,
2026-09-12T03:43:58.183855+00:00,201,54.41,
2026-09-12T03:43:58.202218+00:00,201,37.91,
2026-09-12T03:43:58.222627+00:00,201,50.74,
2026-09-12T03:43:58.242842+00:00,201,37.27,
2026-09-12T03:43:58.262870+00:00,201,32.91,
2026-09-12T03:43:58.281769+00:00,201,49.43,
2026-09-12T03:43:58.301752+00:00,201,64.08,
2026-09-12T03:43:58.321956+00:00,201,58.13,
2026-09-12T03:43:58.342396+00:00,201,38.08,
2026-09-12T03:43:58.362153+00:00,201,36.37,
2026-09-12T03:43:58.382639+00:00,201,34.54,
2026-09-12T03:43:58.421549+00:00,201,39.55,
2026-09-12T03:43:58.402759+00:00,201,60.84,
2026-09-12T03:43:58.441683+00:00,201,36.72,
2026-09-12T03:43:58.461985+00:00,201,35.63,
2026-09-12T03:43:58.503070+00:00,201,34.9,
2026-09-12T03:43:58.482434+00:00,201,55.93,
2026-09-12T03:43:58.522127+00:00,201,35.8,
2026-09-12T03:43:58.541691+00:00,201,35.67,
2026-09-12T03:43:58.563349+00:00,201,50.8,
2026-09-12T03:43:58.601834+00:00,201,36.15,
2026-09-12T03:43:58.582929+00:00,201,64.98,
2026-09-12T03:43:58.622290+00:00,201,37.58,
2026-09-12T03:43:58.642663+00:00,201,35.5,
2026-09-12T03:43:58.663071+00:00,201,33.4,
2026-09-12T03:43:58.681867+00:00,201,33.19,
2026-09-12T03:43:58.701870+00:00,201,32.79,
2026-09-12T03:43:58.722521+00:00,201,31.86,
2026-09-12T03:43:58.742912+00:00,201,41.0,
2026-09-12T03:43:58.781831+00:00,201,39.92,
2026-09-12T03:43:58.761677+00:00,201,60.93,
2026-09-12T03:43:58.802686+00:00,201,35.27,
2026-09-12T03:43:58.821656+00:00,201,33.85,
2026-09-12T03:43:58.842228+00:00,201,36.76,
2026-09-12T03:43:58.862742+00:00,201,32.83,
2026-09-12T03:43:58.882399+00:00,201,33.72,
2026-09-12T03:43:58.902555+00:00,201,34.7,
2026-09-12T03:43:58.923167+00:00,201,60.9,
2026-09-12T03:43:58.941718+00:00,201,50.96,
2026-09-12T03:43:58.982273+00:00,201,44.12,
2026-09-12T03:43:58.962249+00:00,201,66.14,
2026-09-12T03:43:59.003051+00:00,201,35.53,
2026-09-12T03:43:59.021654+00:00,201,32.73,
2026-09-12T03:43:59.041927+00:00,201,59.23,
2026-09-12T03:43:59.062148+00:00,201,52.79,
2026-09-12T03:43:59.082173+00:00,201,38.85,
2026-09-12T03:43:59.102840+00:00,201,34.3,
2026-09-12T03:43:59.121807+00:00,201,32.4,
2026-09-12T03:43:59.142148+00:00,201,31.46,
2026-09-12T03:43:59.162488+00:00,201,38.55,
2026-09-12T03:43:59.181621+00:00,201,83.32,
2026-09-12T03:43:59.201848+00:00,201,69.91,
2026-09-12T03:43:59.222123+00:00,201,56.16,
2026-09-12T03:43:59.241580+00:00,201,45.54,
2026-09-12T03:43:59.262163+00:00,201,39.34,
2026-09-12T03:43:59.282110+00:00,201,34.78,
2026-09-12T03:43:59.302781+00:00,201,32.14,
2026-09-12T03:43:59.322892+00:00,201,60.79,
2026-09-12T03:43:59.341670+00:00,201,54.56,
2026-09-12T03:43:59.362533+00:00,201,39.17,
2026-09-12T03:43:59.383044+00:00,201,36.65,
2026-09-12T03:43:59.402598+00:00,201,33.23,
2026-09-12T03:43:59.422835+00:00,201,34.56,
2026-09-12T03:43:59.441938+00:00,201,35.32,
2026-09-12T03:43:59.462285+00:00,201,33.14,
2026-09-12T03:43:59.482626+00:00,201,33.03,
2026-09-12T03:43:59.502527+00:00,201,32.41,
2026-09-12T03:43:59.522966+00:00,201,64.57,
2026-09-12T03:43:59.541871+00:00,201,48.31,
2026-09-12T03:43:59.562308+00:00,201,44.51,
2026-09-12T03:43:59.583025+00:00,201,33.77,
2026-09-12T03:43:59.601996+00:00,201,33.88,
2026-09-12T03:43:59.622555+00:00,201,31.69,
2026-09-12T03:43:59.642860+00:00,201,30.91,
2026-09-12T03:43:59.662870+00:00,201,39.15,
2026-09-12T03:43:59.701693+00:00,201,44.21,
2026-09-12T03:43:59.683125+00:00,201,63.5,
2026-09-12T03:43:59.722394+00:00,201,36.04,
2026-09-12T03:43:59.742969+00:00,201,33.9,
2026-09-12T03:43:59.762623+00:00,201,54.34,
2026-09-12T03:43:59.783039+00:00,201,53.96,
2026-09-12T03:43:59.802881+00:00,201,45.73,
2026-09-12T03:43:59.822691+00:00,201,40.78,
2026-09-12T03:43:59.843121+00:00,201,36.28,
2026-09-12T03:43:59.861920+00:00,201,36.17,
2026-09-12T03:43:59.882501+00:00,201,36.11,
2026-09-12T03:43:59.902898+00:00,201,37.8,
2026-09-12T03:43:59.921681+00:00,201,37.85,
2026-09-12T03:43:59.942762+00:00,201,53.3,
2026-09-12T03:43:59.962213+00:00,201,75.07,
2026-09-12T03:43:59.982389+00:00,201,65.45,
2026-09-12T03:44:00.002636+00:00,201,45.58,
2026-09-12T03:44:00.042221+00:00,201,45.52,
2026-09-12T03:44:00.022033+00:00,201,66.62,
2026-09-12T03:44:00.062791+00:00,201,63.3,
2026-09-12T03:44:00.081658+00:00,201,44.84,
2026-09-12T03:44:00.102021+00:00,201,42.21,
2026-09-12T03:44:00.122534+00:00,201,36.59,
2026-09-12T03:44:00.142766+00:00,201,37.68,
2026-09-12T03:44:00.162704+00:00,201,36.22,
2026-09-12T03:44:00.183018+00:00,201,34.88,
2026-09-12T03:44:00.221919+00:00,201,39.45,
2026-09-12T03:44:00.203112+00:00,201,60.69,
2026-09-12T03:44:00.241998+00:00,201,42.39,
2026-09-12T03:44:00.262265+00:00,201,33.91,
2026-09-12T03:44:00.282448+00:00,201,34.96,
2026-09-12T03:44:00.301586+00:00,201,34.33,
2026-09-12T03:44:00.321530+00:00,201,32.6,
2026-09-12T03:44:00.341613+00:00,201,31.5,
2026-09-12T03:44:00.362927+00:00,201,37.53,
2026-09-12T03:44:00.381764+00:00,201,45.2,
2026-09-12T03:44:00.403130+00:00,201,51.32,
2026-09-12T03:44:00.421796+00:00,201,53.7,
2026-09-12T03:44:00.442616+00:00,201,57.33,
2026-09-12T03:44:00.482655+00:00,201,54.44,
2026-09-12T03:44:00.462987+00:00,201,76.74,
2026-09-12T03:44:00.502736+00:00,201,52.84,
2026-09-12T03:44:00.521877+00:00,201,45.04,
2026-09-12T03:44:00.542221+00:00,201,67.72,
2026-09-12T03:44:00.562808+00:00,201,47.6,
2026-09-12T03:44:00.582897+00:00,201,42.97,
2026-09-12T03:44:00.601844+00:00,201,38.31,
2026-09-12T03:44:00.622491+00:00,201,39.31,
2026-09-12T03:44:00.643131+00:00,201,53.98,
2026-09-12T03:44:00.682852+00:00,201,38.45,
2026-09-12T03:44:00.662012+00:00,201,63.83,
2026-09-12T03:44:00.702898+00:00,201,38.73,
2026-09-12T03:44:00.721922+00:00,201,36.23,
2026-09-12T03:44:00.741736+00:00,201,34.21,
2026-09-12T03:44:00.761826+00:00,201,58.44,
2026-09-12T03:44:00.781577+00:00,201,51.41,
2026-09-12T03:44:00.802026+00:00,201,37.09,
2026-09-12T03:44:00.822195+00:00,201,35.92,
2026-09-12T03:44:00.842938+00:00,201,35.15,
2026-09-12T03:44:00.861717+00:00,201,58.74,
2026-09-12T03:44:00.902143+00:00,201,47.6,
2026-09-12T03:44:00.881758+00:00,201,71.52,
2026-09-12T03:44:00.923150+00:00,201,50.04,
2026-09-12T03:44:00.962198+00:00,201,55.06,
2026-09-12T03:44:00.942199+00:00,201,77.49,
2026-09-12T03:44:00.982243+00:00,201,58.23,
2026-09-12T03:44:01.002663+00:00,201,42.72,
2026-09-12T03:44:01.023080+00:00,201,40.41,
2026-09-12T03:44:01.042159+00:00,201,38.7,
2026-09-12T03:44:01.062239+00:00,201,38.28,
2026-09-12T03:44:01.082705+00:00,201,64.05,
2026-09-12T03:44:01.102575+00:00,201,56.48,
2026-09-12T03:44:01.122923+00:00,201,49.13,
2026-09-12T03:44:01.141686+00:00,201,50.48,
2026-09-12T03:44:01.163022+00:00,201,38.59,
2026-09-12T03:44:01.182626+00:00,201,36.48,
2026-09-12T03:44:01.201470+00:00,201,37.48,
2026-09-12T03:44:01.221892+00:00,201,77.81,
2026-09-12T03:44:01.242240+00:00,201,57.92,
2026-09-12T03:44:01.262645+00:00,201,48.11,
2026-09-12T03:44:01.281693+00:00,201,39.89,
2026-09-12T03:44:01.302234+00:00,201,35.67,
2026-09-12T03:44:01.322581+00:00,201,33.59,
2026-09-12T03:44:01.342802+00:00,201,51.51,
2026-09-12T03:44:01.381830+00:00,201,34.23,
2026-09-12T03:44:01.363118+00:00,201,61.05,
2026-09-12T03:44:01.401768+00:00,201,36.15,
2026-09-12T03:44:01.422659+00:00,201,33.88,
2026-09-12T03:44:01.441599+00:00,201,35.17,
2026-09-12T03:44:01.461757+00:00,201,33.73,
2026-09-12T03:44:01.483068+00:00,201,31.09,
2026-09-12T03:44:01.501945+00:00,201,45.18,
2026-09-12T03:44:01.522532+00:00,201,42.48,
2026-09-12T03:44:01.542925+00:00,201,37.99,
2026-09-12T03:44:01.562681+00:00,201,49.91,
2026-09-12T03:44:01.581547+00:00,201,66.25,
2026-09-12T03:44:01.602063+00:00,201,59.25,
2026-09-12T03:44:01.621944+00:00,201,53.31,
2026-09-12T03:44:01.642554+00:00,201,40.51,
2026-09-12T03:44:01.663068+00:00,201,35.26,
2026-09-12T03:44:01.681906+00:00,201,60.39,
2026-09-12T03:44:01.701949+00:00,201,52.84,
2026-09-12T03:44:01.722314+00:00,201,41.38,
2026-09-12T03:44:01.743408+00:00,201,35.84,
2026-09-12T03:44:01.762504+00:00,201,38.08,
2026-09-12T03:44:01.781638+00:00,201,34.5,
2026-09-12T03:44:01.802194+00:00,201,34.02,
2026-09-12T03:44:01.822471+00:00,201,33.85,
2026-09-12T03:44:01.863110+00:00,201,36.49,
2026-09-12T03:44:01.842717+00:00,201,57.25,
2026-09-12T03:44:01.881795+00:00,201,34.84,
2026-09-12T03:44:01.901622+00:00,201,35.56,
2026-09-12T03:44:01.921978+00:00,201,33.37,
2026-09-12T03:44:01.942409+00:00,201,32.27,
2026-09-12T03:44:01.962588+00:00,201,65.9,
2026-09-12T03:44:01.982724+00:00,201,45.97,
2026-09-12T03:44:02.001692+00:00,201,45.4,
2026-09-12T03:44:02.042272+00:00,201,43.39,
2026-09-12T03:44:02.022247+00:00,201,65.0,
2026-09-12T03:44:02.063085+00:00,201,36.07,
2026-09-12T03:44:02.081869+00:00,201,32.95,
2026-09-12T03:44:02.102475+00:00,201,31.2,
2026-09-12T03:44:02.122677+00:00,201,57.06,
2026-09-12T03:44:02.143066+00:00,201,47.95,
2026-09-12T03:44:02.161696+00:00,201,36.27,
2026-09-12T03:44:02.182010+00:00,201,31.81,
2026-09-12T03:44:02.202241+00:00,201,31.92,
2026-09-12T03:44:02.222580+00:00,201,66.4,
2026-09-12T03:44:02.243032+00:00,201,58.27,
2026-09-12T03:44:02.261878+00:00,201,53.08,
2026-09-12T03:44:02.282556+00:00,201,37.78,
2026-09-12T03:44:02.302991+00:00,201,33.25,
2026-09-12T03:44:02.322810+00:00,201,32.2,
2026-09-12T03:44:02.341609+00:00,201,31.8,
2026-09-12T03:44:02.361864+00:00,201,46.97,
2026-09-12T03:44:02.382077+00:00,201,66.25,
2026-09-12T03:44:02.402237+00:00,201,47.48,
2026-09-12T03:44:02.422312+00:00,201,40.08,
2026-09-12T03:44:02.442623+00:00,201,34.46,
2026-09-12T03:44:02.461850+00:00,201,32.3,
2026-09-12T03:44:02.481795+00:00,201,31.41,
2026-09-12T03:44:02.503138+00:00,201,41.59,
2026-09-12T03:44:02.522078+00:00,201,41.39,
2026-09-12T03:44:02.542341+00:00,201,40.3,
2026-09-12T03:44:02.561775+00:00,201,36.41,
2026-09-12T03:44:02.582236+00:00,201,34.76,
2026-09-12T03:44:02.602485+00:00,201,58.81,
2026-09-12T03:44:02.622754+00:00,201,38.8,
2026-09-12T03:44:02.643166+00:00,201,65.07,
2026-09-12T03:44:02.661790+00:00,201,46.86,
2026-09-12T03:44:02.682052+00:00,201,35.58,
2026-09-12T03:44:02.702889+00:00,201,33.5,
2026-09-12T03:44:02.721727+00:00,201,32.15,
2026-09-12T03:44:02.742251+00:00,201,40.41,
2026-09-12T03:44:02.762290+00:00,201,33.64,
2026-09-12T03:44:02.782116+00:00,201,63.28,
2026-09-12T03:44:02.802488+00:00,201,57.56,
2026-09-12T03:44:02.822788+00:00,201,37.33,
2026-09-12T03:44:02.843104+00:00,201,48.54,
2026-09-12T03:44:02.862020+00:00,201,62.42,
2026-09-12T03:44:02.902359+00:00,201,36.52,
2026-09-12T03:44:02.882488+00:00,201,56.76,
2026-09-12T03:44:02.921687+00:00,201,51.29,
2026-09-12T03:44:02.942360+00:00,201,34.77,
2026-09-12T03:44:02.962826+00:00,201,31.11,
2026-09-12T03:44:02.982559+00:00,201,34.98,
2026-09-12T03:44:03.002932+00:00,201,32.57,
2026-09-12T03:44:03.021622+00:00,201,33.07,
2026-09-12T03:44:03.041919+00:00,201,35.88,
2026-09-12T03:44:03.062083+00:00,201,51.18,
2026-09-12T03:44:03.082478+00:00,201,33.45,
2026-09-12T03:44:03.102333+00:00,201,33.3,
2026-09-12T03:44:03.122991+00:00,201,31.81,
2026-09-12T03:44:03.141826+00:00,201,35.96,
2026-09-12T03:44:03.162282+00:00,201,34.13,
2026-09-12T03:44:03.181711+00:00,201,32.26,
2026-09-12T03:44:03.202140+00:00,201,50.78,
2026-09-12T03:44:03.243130+00:00,201,43.63,
2026-09-12T03:44:03.222692+00:00,201,64.44,
2026-09-12T03:44:03.261872+00:00,201,36.47,
2026-09-12T03:44:03.282367+00:00,201,47.31,
2026-09-12T03:44:03.302687+00:00,201,42.55,
2026-09-12T03:44:03.321668+00:00,201,68.1,
2026-09-12T03:44:03.341855+00:00,201,50.15,
2026-09-12T03:44:03.362129+00:00,201,61.51,
2026-09-12T03:44:03.381580+00:00,201,55.54,
2026-09-12T03:44:03.403083+00:00,201,48.29,
2026-09-12T03:44:03.422580+00:00,201,44.09,
2026-09-12T03:44:03.441612+00:00,201,42.36,
2026-09-12T03:44:03.461951+00:00,201,39.38,
2026-09-12T03:44:03.482334+00:00,201,37.91,
2026-09-12T03:44:03.502383+00:00,201,49.36,
2026-09-12T03:44:03.522456+00:00,201,70.07,
2026-09-12T03:44:03.542717+00:00,201,56.08,
2026-09-12T03:44:03.563113+00:00,201,53.87,
2026-09-12T03:44:03.581927+00:00,201,50.05,
2026-09-12T03:44:03.601553+00:00,201,39.75,
2026-09-12T03:44:03.622049+00:00,201,34.79,
2026-09-12T03:44:03.642443+00:00,201,51.25,
2026-09-12T03:44:03.662590+00:00,201,67.05,
2026-09-12T03:44:03.682870+00:00,201,47.18,
2026-09-12T03:44:03.703084+00:00,201,38.23,
2026-09-12T03:44:03.722006+00:00,201,37.08,
2026-09-12T03:44:03.742326+00:00,201,37.09,
2026-09-12T03:44:03.762894+00:00,201,36.03,
2026-09-12T03:44:03.782746+00:00,201,35.01,
2026-09-12T03:44:03.803061+00:00,201,33.13,
2026-09-12T03:44:03.822786+00:00,201,58.63,
2026-09-12T03:44:03.842955+00:00,201,52.54,
2026-09-12T03:44:03.863113+00:00,201,46.46,
2026-09-12T03:44:03.901869+00:00,201,44.96,
2026-09-12T03:44:03.881692+00:00,201,65.57,
2026-09-12T03:44:03.922432+00:00,201,39.35,
2026-09-12T03:44:03.942519+00:00,201,34.81,
2026-09-12T03:44:03.963017+00:00,201,61.16,
2026-09-12T03:44:03.982403+00:00,201,43.44,
2026-09-12T03:44:04.003184+00:00,201,35.79,
2026-09-12T03:44:04.022120+00:00,201,33.73,
2026-09-12T03:44:04.042307+00:00,201,31.59,
2026-09-12T03:44:04.062500+00:00,201,34.92,
2026-09-12T03:44:04.082756+00:00,201,35.18,
2026-09-12T03:44:04.102847+00:00,201,33.4,
2026-09-12T03:44:04.121682+00:00,201,32.2,
2026-09-12T03:44:04.141991+00:00,201,35.17,
2026-09-12T03:44:04.161893+00:00,201,32.92,
2026-09-12T03:44:04.182088+00:00,201,32.3,
2026-09-12T03:44:04.202366+00:00,201,33.04,
2026-09-12T03:44:04.223078+00:00,201,31.55,
2026-09-12T03:44:04.241862+00:00,201,31.33,
2026-09-12T03:44:04.262088+00:00,201,58.82,
2026-09-12T03:44:04.282107+00:00,201,39.86,
2026-09-12T03:44:04.302633+00:00,201,34.69,
2026-09-12T03:44:04.322975+00:00,201,32.15,
2026-09-12T03:44:04.342078+00:00,201,30.82,
2026-09-12T03:44:04.362589+00:00,201,33.04,
2026-09-12T03:44:04.382226+00:00,201,32.51,
2026-09-12T03:44:04.402547+00:00,201,30.9,
2026-09-12T03:44:04.421615+00:00,201,56.77,
2026-09-12T03:44:04.442507+00:00,201,36.89,
2026-09-12T03:44:04.462728+00:00,201,32.69,
