timestamp_iso,status_code,latency_ms,error
2026-09-20T23:40:26.183935+00:00,200,432.4,
2026-09-20T23:40:26.216749+00:00,200,417.84,
2026-09-20T23:40:26.194987+00:00,200,497.51,
2026-09-20T23:40:26.226586+00:00,200,528.87,
2026-09-20T23:40:26.238987+00:00,200,519.55,
2026-09-20T23:40:26.204359+00:00,200,564.49,
2026-09-20T23:40:26.259954+00:00,200,554.85,
2026-09-20T23:40:26.249759+00:00,200,581.02,
2026-09-20T23:40:26.271762+00:00,200,627.48,
2026-09-20T23:40:26.293185+00:00,200,632.12,
2026-09-20T23:40:26.283080+00:00,200,648.31,
2026-09-20T23:40:26.337942+00:00,200,639.28,
2026-09-20T23:40:26.348546+00:00,200,629.69,
2026-09-20T23:40:26.304052+00:00,200,681.04,
2026-09-20T23:40:26.316460+00:00,200,670.6,
2026-09-20T23:40:26.327022+00:00,200,694.41,
2026-09-20T23:40:26.393270+00:00,200,675.09,
2026-09-20T23:40:26.427355+00:00,200,659.53,
2026-09-20T23:40:26.360151+00:00,200,742.23,
2026-09-20T23:40:26.371203+00:00,200,752.08,
2026-09-20T23:40:26.404355+00:00,200,730.16,
2026-09-20T23:40:26.382512+00:00,200,755.0,
2026-09-20T23:40:26.437381+00:00,200,707.13,
2026-09-20T23:40:26.416185+00:00,200,794.35,
2026-09-20T23:40:26.449759+00:00,200,777.09,
2026-09-20T23:40:26.494484+00:00,200,738.29,
2026-09-20T23:40:26.460729+00:00,200,795.82,
2026-09-20T23:40:26.472139+00:00,200,848.09,
2026-09-20T23:40:26.504824+00:00,200,875.52,
2026-09-20T23:40:26.482992+00:00,200,918.71,
2026-09-20T23:40:26.537779+00:00,200,893.34,
2026-09-20T23:40:26.515230+00:00,200,919.27,
2026-09-20T23:40:26.526975+00:00,200,908.5,
2026-09-20T23:40:26.583279+00:00,200,868.05,
2026-09-20T23:40:26.560666+00:00,200,908.18,
2026-09-20T23:40:26.549625+00:00,200,931.1,
2026-09-20T23:40:26.571318+00:00,200,960.35,
2026-09-20T23:40:26.604376+00:00,200,941.74,
2026-09-20T23:40:26.627901+00:00,200,937.04,
2026-09-20T23:40:26.615654+00:00,200,962.24,
2026-09-20T23:40:26.593809+00:00,200,1007.89,
2026-09-20T23:40:26.638421+00:00,200,982.84,
2026-09-20T23:40:26.671263+00:00,200,979.7,
2026-09-20T23:40:26.649886+00:00,200,1007.54,
2026-09-20T23:40:26.683045+00:00,200,1012.7,
2026-09-20T23:40:26.705318+00:00,200,1035.04,
2026-09-20T23:40:26.659557+00:00,200,1082.65,
2026-09-20T23:40:26.692550+00:00,200,1096.98,
2026-09-20T23:40:26.770838+00:00,200,1085.33,
2026-09-20T23:40:26.715243+00:00,200,1168.55,
2026-09-20T23:40:26.727859+00:00,200,1158.92,
2026-09-20T23:40:26.748619+00:00,200,1155.46,
2026-09-20T23:40:26.738879+00:00,200,1171.83,
2026-09-20T23:40:26.782504+00:00,200,1139.19,
2026-09-20T23:40:26.804615+00:00,200,1126.26,
2026-09-20T23:40:26.760061+00:00,200,1216.84,
2026-09-20T23:40:26.795410+00:00,200,1195.27,
2026-09-20T23:40:26.826612+00:00,200,1176.94,
2026-09-20T23:40:26.838081+00:00,200,1180.7,
2026-09-20T23:40:26.814942+00:00,200,1235.71,
2026-09-20T23:40:26.871666+00:00,200,1203.24,
2026-09-20T23:40:26.849504+00:00,200,1230.12,
2026-09-20T23:40:26.859698+00:00,200,1254.93,
2026-09-20T23:40:26.926508+00:00,200,1200.04,
2026-09-20T23:40:26.882589+00:00,200,1273.63,
2026-09-20T23:40:26.916459+00:00,200,1280.75,
2026-09-20T23:40:26.894544+00:00,200,1331.95,
2026-09-20T23:40:26.960188+00:00,200,1316.59,
2026-09-20T23:40:26.903991+00:00,200,1381.64,
2026-09-20T23:40:26.983145+00:00,200,1375.21,
2026-09-20T23:40:26.949952+00:00,200,1415.66,
2026-09-20T23:40:27.005299+00:00,200,1370.01,
2026-09-20T23:40:26.971399+00:00,200,1413.33,
2026-09-20T23:40:26.938625+00:00,200,1453.41,
2026-09-20T23:40:27.016344+00:00,200,1387.51,
2026-09-20T23:40:26.993366+00:00,200,1417.16,
2026-09-20T23:40:27.037696+00:00,200,1404.47,
2026-09-20T23:40:27.049801+00:00,200,1427.31,
2026-09-20T23:40:27.070955+00:00,200,1432.28,
2026-09-20T23:40:27.027067+00:00,200,1496.98,
2026-09-20T23:40:27.094085+00:00,200,1459.98,
2026-09-20T23:40:27.104333+00:00,200,1451.23,
2026-09-20T23:40:27.082405+00:00,200,1498.12,
2026-09-20T23:40:27.059637+00:00,200,1531.21,
2026-09-20T23:40:27.137255+00:00,200,1499.23,
2026-09-20T23:40:27.160487+00:00,200,1483.7,
2026-09-20T23:40:27.127944+00:00,200,1588.15,
2026-09-20T23:40:27.115367+00:00,200,1643.35,
2026-09-20T23:40:27.182828+00:00,200,1576.23,
2026-09-20T23:40:27.194626+00:00,200,1625.75,
2026-09-20T23:40:27.216563+00:00,200,1607.65,
2026-09-20T23:40:27.204188+00:00,200,1621.05,
2026-09-20T23:40:27.149375+00:00,200,1691.51,
2026-09-20T23:40:27.171186+00:00,200,1696.62,
2026-09-20T23:40:27.227850+00:00,200,1656.2,
2026-09-20T23:40:27.237704+00:00,200,1664.99,
2026-09-20T23:40:27.259553+00:00,200,1672.28,
2026-09-20T23:40:27.249535+00:00,200,1690.05,
2026-09-20T23:40:27.293888+00:00,200,1661.38,
2026-09-20T23:40:27.271796+00:00,200,1728.94,
2026-09-20T23:40:27.326170+00:00,200,1690.86,
2026-09-20T23:40:27.304225+00:00,200,1715.35,
2026-09-20T23:40:27.281829+00:00,200,1779.9,
2026-09-20T23:40:27.316126+00:00,200,1754.33,
2026-09-20T23:40:27.360556+00:00,200,1728.46,
2026-09-20T23:40:27.393899+00:00,200,1728.19,
2026-09-20T23:40:27.338365+00:00,200,1810.97,
2026-09-20T23:40:27.405416+00:00,200,1797.5,
2026-09-20T23:40:27.349934+00:00,200,1862.2,
2026-09-20T23:40:27.437894+00:00,200,1831.43,
2026-09-20T23:40:27.371489+00:00,200,1914.12,
2026-09-20T23:40:27.426616+00:00,200,1881.56,
2026-09-20T23:40:27.416693+00:00,200,1897.26,
2026-09-20T23:40:27.382354+00:00,200,1944.17,
2026-09-20T23:40:27.448913+00:00,200,1890.13,
2026-09-20T23:40:27.471430+00:00,200,1878.3,
2026-09-20T23:40:27.492922+00:00,200,1875.5,
2026-09-20T23:40:27.515952+00:00,200,1893.41,
2026-09-20T23:40:27.538609+00:00,200,1890.58,
2026-09-20T23:40:27.461249+00:00,200,1975.14,
2026-09-20T23:40:27.549082+00:00,200,1940.19,
2026-09-20T23:40:27.482754+00:00,200,2014.73,
2026-09-20T23:40:27.526408+00:00,200,1975.11,
2026-09-20T23:40:27.571715+00:00,200,1954.41,
2026-09-20T23:40:27.505802+00:00,200,2052.52,
2026-09-20T23:40:27.593768+00:00,200,1999.48,
2026-09-20T23:40:27.560361+00:00,200,2083.66,
2026-09-20T23:40:27.582315+00:00,200,2086.24,
2026-09-20T23:40:27.626558+00:00,200,2046.76,
2026-09-20T23:40:27.637210+00:00,200,2084.96,
2026-09-20T23:40:27.615232+00:00,200,2134.47,
2026-09-20T23:40:27.604117+00:00,200,2145.35,
2026-09-20T23:40:27.660172+00:00,200,2094.87,
2026-09-20T23:40:27.649923+00:00,200,2125.59,
2026-09-20T23:40:27.683188+00:00,200,2125.29,
2026-09-20T23:40:27.671392+00:00,200,2153.17,
2026-09-20T23:40:27.705389+00:00,200,2120.69,
2026-09-20T23:40:27.737283+00:00,200,2099.84,
2026-09-20T23:40:27.693989+00:00,200,2189.09,
2026-09-20T23:40:27.749741+00:00,200,2162.6,
2026-09-20T23:40:27.715394+00:00,200,2214.16,
2026-09-20T23:40:27.771146+00:00,200,2175.87,
2026-09-20T23:40:27.727317+00:00,200,2232.85,
2026-09-20T23:40:27.816405+00:00,200,2192.46,
2026-09-20T23:40:27.760087+00:00,200,2264.09,
2026-09-20T23:40:27.782204+00:00,200,2313.25,
2026-09-20T23:40:27.838852+00:00,200,2262.91,
2026-09-20T23:40:27.794654+00:00,200,2360.63,
2026-09-20T23:40:27.827459+00:00,200,2337.35,
2026-09-20T23:40:27.883246+00:00,200,2321.1,
2026-09-20T23:40:27.871796+00:00,200,2333.86,
2026-09-20T23:40:27.849774+00:00,200,2357.74,
2026-09-20T23:40:27.804312+00:00,200,2440.03,
2026-09-20T23:40:27.860282+00:00,200,2389.94,
2026-09-20T23:40:27.894523+00:00,200,2367.53,
2026-09-20T23:40:27.982496+00:00,200,2288.07,
2026-09-20T23:40:27.904358+00:00,200,2373.84,
2026-09-20T23:40:27.926921+00:00,200,2354.67,
2026-09-20T23:40:27.916415+00:00,200,2418.76,
2026-09-20T23:40:27.970662+00:00,200,2404.2,
2026-09-20T23:40:27.938315+00:00,200,2452.56,
2026-09-20T23:40:27.993412+00:00,200,2405.17,
2026-09-20T23:40:27.950376+00:00,200,2486.25,
2026-09-20T23:40:28.038289+00:00,200,2422.91,
2026-09-20T23:40:27.961788+00:00,200,2518.73,
2026-09-20T23:40:28.026767+00:00,200,2508.53,
2026-09-20T23:40:28.004026+00:00,200,2583.28,
2026-09-20T23:40:28.072328+00:00,200,2525.66,
2026-09-20T23:40:28.016704+00:00,200,2591.52,
2026-09-20T23:40:28.059834+00:00,200,2579.16,
2026-09-20T23:40:28.127613+00:00,200,2512.81,
2026-09-20T23:40:28.081893+00:00,200,2598.46,
2026-09-20T23:40:28.115014+00:00,200,2572.18,
2026-09-20T23:40:28.049161+00:00,200,2670.95,
2026-09-20T23:40:28.182225+00:00,200,2553.24,
2026-09-20T23:40:28.094165+00:00,200,2649.78,
2026-09-20T23:40:28.104741+00:00,200,2643.86,
2026-09-20T23:40:28.160091+00:00,200,2599.6,
2026-09-20T23:40:28.226993+00:00,200,2614.66,
2026-09-20T23:40:28.137430+00:00,200,2712.65,
2026-09-20T23:40:28.192991+00:00,200,2661.31,
2026-09-20T23:40:28.148963+00:00,200,2731.87,
2026-09-20T23:40:28.238539+00:00,200,2682.67,
2026-09-20T23:40:28.171604+00:00,200,2749.79,
2026-09-20T23:40:28.205238+00:00,200,2737.69,
2026-09-20T23:40:28.304224+00:00,200,2724.86,
2026-09-20T23:40:28.270957+00:00,200,2772.61,
2026-09-20T23:40:28.248671+00:00,200,2800.53,
2026-09-20T23:40:28.260839+00:00,200,2821.27,
2026-09-20T23:40:28.294418+00:00,200,2798.11,
2026-09-20T23:40:28.215120+00:00,200,2885.28,
2026-09-20T23:40:28.327393+00:00,200,2809.54,
2026-09-20T23:40:28.282433+00:00,200,2869.11,
2026-09-20T23:40:28.348801+00:00,200,2816.24,
2026-09-20T23:40:28.315309+00:00,200,2887.23,
2026-09-20T23:40:28.338851+00:00,200,2878.49,
2026-09-20T23:40:28.371159+00:00,200,2857.3,
2026-09-20T23:40:28.393050+00:00,200,2894.72,
2026-09-20T23:40:28.416237+00:00,200,2885.11,
2026-09-20T23:40:28.383498+00:00,200,2945.07,
2026-09-20T23:40:28.450041+00:00,200,2883.06,
2026-09-20T23:40:28.359869+00:00,200,2979.3,
2026-09-20T23:40:28.426790+00:00,200,2913.95,
2026-09-20T23:40:28.404855+00:00,200,2961.8,
2026-09-20T23:40:28.472432+00:00,200,2923.32,
2026-09-20T23:40:28.504912+00:00,200,2990.28,
2026-09-20T23:40:28.482840+00:00,200,3014.17,
2026-09-20T23:40:28.459644+00:00,200,3048.22,
2026-09-20T23:40:28.494154+00:00,200,3035.62,
2026-09-20T23:40:28.526735+00:00,200,3005.6,
2026-09-20T23:40:28.437814+00:00,200,3114.64,
2026-09-20T23:40:28.516584+00:00,200,3070.95,
2026-09-20T23:40:28.560778+00:00,200,3060.22,
2026-09-20T23:40:28.571428+00:00,200,3059.23,
2026-09-20T23:40:28.537663+00:00,200,3137.81,
2026-09-20T23:40:28.593673+00:00,200,3100.54,
2026-09-20T23:40:28.549611+00:00,200,3150.72,
2026-09-20T23:40:28.636565+00:00,200,3118.42,
2026-09-20T23:40:28.627260+00:00,200,3130.23,
2026-09-20T23:40:28.616318+00:00,200,3160.45,
2026-09-20T23:40:28.583600+00:00,200,3204.24,
2026-09-20T23:40:28.604289+00:00,200,3193.95,
2026-09-20T23:40:28.649931+00:00,200,3152.45,
2026-09-20T23:40:28.682386+00:00,200,3175.21,
2026-09-20T23:40:28.659991+00:00,200,3203.68,
2026-09-20T23:40:28.749562+00:00,200,3183.35,
2026-09-20T23:40:28.671054+00:00,200,3294.84,
2026-09-20T23:40:28.704205+00:00,200,3282.59,
2026-09-20T23:40:28.738031+00:00,200,3250.27,
2026-09-20T23:40:28.695258+00:00,200,3310.34,
2026-09-20T23:40:28.716139+00:00,200,3311.77,
2026-09-20T23:40:28.726990+00:00,200,3305.21,
2026-09-20T23:40:28.806432+00:00,200,3255.52,
2026-09-20T23:40:28.783178+00:00,200,3313.77,
2026-09-20T23:40:28.771090+00:00,200,3383.09,
2026-09-20T23:40:28.760558+00:00,200,3396.87,
2026-09-20T23:40:28.816655+00:00,200,3341.06,
2026-09-20T23:40:28.860630+00:00,200,3334.15,
2026-09-20T23:40:28.849377+00:00,200,3353.27,
2026-09-20T23:40:28.793667+00:00,200,3437.12,
2026-09-20T23:40:28.837917+00:00,200,3425.69,
2026-09-20T23:40:28.827193+00:00,200,3438.27,
2026-09-20T23:40:28.881936+00:00,200,3384.24,
2026-09-20T23:40:28.927421+00:00,200,3373.54,
2026-09-20T23:40:28.871305+00:00,200,3466.52,
2026-09-20T23:40:28.916362+00:00,200,3476.4,
2026-09-20T23:40:28.894857+00:00,200,3508.92,
2026-09-20T23:40:28.960080+00:00,200,3484.5,
2026-09-20T23:40:28.983366+00:00,200,3486.09,
2026-09-20T23:40:28.938779+00:00,200,3558.84,
2026-09-20T23:40:28.904942+00:00,200,3599.45,
2026-09-20T23:40:28.950089+00:00,200,3558.49,
2026-09-20T23:40:29.016394+00:00,200,3504.77,
2026-09-20T23:40:29.027358+00:00,200,3532.62,
2026-09-20T23:40:29.039051+00:00,200,3566.18,
2026-09-20T23:40:28.993206+00:00,200,3621.05,
2026-09-20T23:40:28.971271+00:00,200,3672.59,
2026-09-20T23:40:29.005590+00:00,200,3640.86,
2026-09-20T23:40:29.105430+00:00,200,3541.08,
2026-09-20T23:40:29.060340+00:00,200,3610.79,
2026-09-20T23:40:29.070638+00:00,200,3603.21,
2026-09-20T23:40:29.093799+00:00,200,3606.42,
2026-09-20T23:40:29.050025+00:00,200,3661.88,
2026-09-20T23:40:29.127094+00:00,200,3650.63,
2026-09-20T23:40:29.082033+00:00,200,3704.7,
2026-09-20T23:40:29.149098+00:00,200,3699.93,
2026-09-20T23:40:29.116465+00:00,200,3750.53,
2026-09-20T23:40:29.194749+00:00,200,3719.31,
2026-09-20T23:40:29.182971+00:00,200,3746.96,
2026-09-20T23:40:29.138196+00:00,200,3797.89,
2026-09-20T23:40:29.159603+00:00,200,3808.46,
2026-09-20T23:40:29.172076+00:00,200,3820.58,
2026-09-20T23:40:29.216738+00:00,200,3793.98,
2026-09-20T23:40:29.261511+00:00,200,3779.93,
2026-09-20T23:40:29.249398+00:00,200,3792.99,
2026-09-20T23:40:29.205182+00:00,200,3887.66,
2026-09-20T23:40:29.226501+00:00,200,3881.37,
2026-09-20T23:40:29.238686+00:00,200,3870.22,
2026-09-20T23:40:29.327953+00:00,200,3806.05,
2026-09-20T23:40:29.316115+00:00,200,3823.79,
2026-09-20T23:40:29.295294+00:00,200,3849.98,
2026-09-20T23:40:29.271160+00:00,200,3882.96,
2026-09-20T23:40:29.284599+00:00,200,3920.78,
2026-09-20T23:40:29.350265+00:00,200,3871.36,
2026-09-20T23:40:29.304254+00:00,200,3976.1,
2026-09-20T23:40:29.383418+00:00,200,3920.8,
2026-09-20T23:40:29.339886+00:00,200,3975.22,
2026-09-20T23:40:29.404706+00:00,200,3959.8,
2026-09-20T23:40:29.427612+00:00,200,3940.35,
2026-09-20T23:40:29.372286+00:00,200,4011.2,
2026-09-20T23:40:29.394174+00:00,200,4038.04,
2026-09-20T23:40:29.360977+00:00,200,4073.24,
2026-09-20T23:40:29.460313+00:00,200,4008.89,
2026-09-20T23:40:29.470733+00:00,200,4052.24,
2026-09-20T23:40:29.493313+00:00,200,4052.97,
2026-09-20T23:40:29.437924+00:00,200,4117.76,
2026-09-20T23:40:29.449719+00:00,200,4122.18,
2026-09-20T23:40:29.416223+00:00,200,4173.29,
2026-09-20T23:40:29.537542+00:00,200,4065.51,
2026-09-20T23:40:29.515321+00:00,200,4094.02,
2026-09-20T23:40:29.482933+00:00,200,4140.75,
2026-09-20T23:40:29.560484+00:00,200,4063.97,
2026-09-20T23:40:29.583120+00:00,200,4094.24,
2026-09-20T23:40:29.504383+00:00,200,4191.67,
2026-09-20T23:40:29.526419+00:00,200,4223.55,
2026-09-20T23:40:29.594221+00:00,200,4171.61,
2026-09-20T23:40:29.548925+00:00,200,4227.47,
2026-09-20T23:40:29.649759+00:00,200,4170.78,
2026-09-20T23:40:29.571491+00:00,200,4282.82,
2026-09-20T23:40:29.616064+00:00,200,4241.94,
2026-09-20T23:40:29.604586+00:00,200,4291.44,
2026-09-20T23:40:29.638805+00:00,200,4274.55,
2026-09-20T23:40:29.659889+00:00,200,4283.52,
2026-09-20T23:40:29.626905+00:00,200,4358.04,
2026-09-20T23:40:29.694137+00:00,200,4295.68,
2026-09-20T23:40:29.672122+00:00,200,4346.82,
2026-09-20T23:40:29.716757+00:00,200,4305.35,
2026-09-20T23:40:29.682508+00:00,200,4359.99,
2026-09-20T23:40:29.727335+00:00,200,4321.06,
2026-09-20T23:40:29.760541+00:00,200,4299.55,
2026-09-20T23:40:29.706323+00:00,200,4369.48,
2026-09-20T23:40:29.770973+00:00,200,4316.42,
2026-09-20T23:40:29.805784+00:00,200,4358.83,
2026-09-20T23:40:29.737803+00:00,200,4450.35,
2026-09-20T23:40:29.748502+00:00,200,4471.46,
2026-09-20T23:40:29.825993+00:00,200,4406.01,
2026-09-20T23:40:29.838818+00:00,200,4412.42,
2026-09-20T23:40:29.792986+00:00,200,4472.33,
2026-09-20T23:40:29.782227+00:00,200,4534.19,
2026-09-20T23:40:29.871041+00:00,200,4474.48,
2026-09-20T23:40:29.816066+00:00,200,4560.63,
2026-09-20T23:40:29.894005+00:00,200,4493.81,
2026-09-20T23:40:29.861142+00:00,200,4536.14,
2026-09-20T23:40:29.937702+00:00,200,4536.85,
2026-09-20T23:40:29.915361+00:00,200,4561.74,
2026-09-20T23:40:29.848676+00:00,200,4631.76,
2026-09-20T23:40:29.994282+00:00,200,4486.58,
2026-09-20T23:40:29.904548+00:00,200,4582.26,
2026-09-20T23:40:29.883117+00:00,200,4605.28,
2026-09-20T23:40:29.948757+00:00,200,4552.38,
2026-09-20T23:40:29.926349+00:00,200,4597.16,
2026-09-20T23:40:30.004177+00:00,200,4573.49,
2026-09-20T23:40:30.026771+00:00,200,4570.66,
2026-09-20T23:40:29.960853+00:00,200,4689.34,
2026-09-20T23:40:30.071357+00:00,200,4616.44,
2026-09-20T23:40:30.038793+00:00,200,4650.82,
2026-09-20T23:40:29.970703+00:00,200,4726.97,
2026-09-20T23:40:29.983133+00:00,200,4728.47,
2026-09-20T23:40:30.015912+00:00,200,4796.23,
2026-09-20T23:40:30.083211+00:00,200,4761.17,
2026-09-20T23:40:30.104134+00:00,200,4742.77,
2026-09-20T23:40:30.061141+00:00,200,4798.41,
2026-09-20T23:40:30.048554+00:00,200,4816.82,
2026-09-20T23:40:30.171602+00:00,200,4745.92,
2026-09-20T23:40:30.137339+00:00,200,4784.8,
2026-09-20T23:40:30.093810+00:00,200,4846.7,
2026-09-20T23:40:30.150168+00:00,200,4806.49,
2026-09-20T23:40:30.115829+00:00,200,4859.87,
2026-09-20T23:40:30.160505+00:00,200,4816.36,
2026-09-20T23:40:30.126315+00:00,200,4868.3,
2026-09-20T23:40:30.227052+00:00,200,4772.56,
2026-09-20T23:40:30.205408+00:00,200,4798.3,
2026-09-20T23:40:30.260846+00:00,200,4766.14,
2026-09-20T23:40:30.194296+00:00,200,4899.75,
2026-09-20T23:40:30.250020+00:00,200,4927.34,
2026-09-20T23:40:30.294345+00:00,200,4887.43,
2026-09-20T23:40:30.185305+00:00,200,4998.4,
2026-09-20T23:40:30.216621+00:00,200,4974.72,
2026-09-20T23:40:30.316697+00:00,200,4968.71,
2026-09-20T23:40:30.270036+00:00,200,5040.05,
2026-09-20T23:40:30.238819+00:00,200,5082.66,
2026-09-20T23:40:30.326865+00:00,200,5004.48,
2026-09-20T23:40:30.282687+00:00,200,5075.34,
2026-09-20T23:40:30.394018+00:00,200,5003.87,
2026-09-20T23:40:30.349737+00:00,200,5048.89,
2026-09-20T23:40:30.405018+00:00,200,5005.43,
2026-09-20T23:40:30.337654+00:00,200,5076.65,
2026-09-20T23:40:30.360099+00:00,200,5059.48,
2026-09-20T23:40:30.304088+00:00,200,5126.43,
2026-09-20T23:40:30.370950+00:00,200,5070.62,
2026-09-20T23:40:30.460792+00:00,200,4988.46,
2026-09-20T23:40:30.416679+00:00,200,5080.86,
2026-09-20T23:40:30.449546+00:00,200,5061.64,
2026-09-20T23:40:30.383537+00:00,200,5202.93,
2026-09-20T23:40:30.437825+00:00,200,5168.13,
2026-09-20T23:40:30.504790+00:00,200,5119.79,
2026-09-20T23:40:30.481924+00:00,200,5150.17,
2026-09-20T23:40:30.427988+00:00,200,5254.67,
2026-09-20T23:40:30.472043+00:00,200,5248.95,
2026-09-20T23:40:30.494452+00:00,200,5279.43,
2026-09-20T23:40:30.550585+00:00,200,5234.54,
2026-09-20T23:40:30.537468+00:00,200,5248.65,
2026-09-20T23:40:30.515889+00:00,200,5319.64,
2026-09-20T23:40:30.605405+00:00,200,5231.85,
2026-09-20T23:40:30.627389+00:00,200,5217.34,
2026-09-20T23:40:30.572456+00:00,200,5307.0,
2026-09-20T23:40:30.582498+00:00,200,5306.74,
2026-09-20T23:40:30.526871+00:00,200,5363.29,
2026-09-20T23:40:30.638129+00:00,200,5261.08,
2026-09-20T23:40:30.559705+00:00,200,5347.12,
2026-09-20T23:40:30.616319+00:00,200,5304.76,
2026-09-20T23:40:30.650005+00:00,200,5329.2,
2026-09-20T23:40:30.682463+00:00,200,5300.66,
2026-09-20T23:40:30.593316+00:00,200,5485.45,
2026-09-20T23:40:30.660663+00:00,200,5419.33,
2026-09-20T23:40:30.715247+00:00,200,5384.24,
2026-09-20T23:40:30.749681+00:00,200,5376.43,
2026-09-20T23:40:30.670713+00:00,200,5458.67,
2026-09-20T23:40:30.694132+00:00,200,5465.78,
2026-09-20T23:40:30.772225+00:00,200,5447.95,
2026-09-20T23:40:30.704812+00:00,200,5550.14,
2026-09-20T23:40:30.827824+00:00,200,5447.67,
2026-09-20T23:40:30.727965+00:00,200,5553.31,
2026-09-20T23:40:30.738667+00:00,200,5569.83,
2026-09-20T23:40:30.760301+00:00,200,5557.54,
2026-09-20T23:40:30.838287+00:00,200,5492.7,
2026-09-20T23:40:30.805020+00:00,200,5526.8,
2026-09-20T23:40:30.782826+00:00,200,5572.17,
2026-09-20T23:40:30.793810+00:00,200,5572.78,
2026-09-20T23:40:30.816766+00:00,200,5564.01,
2026-09-20T23:40:30.850452+00:00,200,5532.22,
2026-09-20T23:40:30.894600+00:00,200,5528.58,
2026-09-20T23:40:30.916689+00:00,200,5565.49,
2026-09-20T23:40:30.870736+00:00,200,5676.04,
2026-09-20T23:40:30.860654+00:00,200,5688.22,
2026-09-20T23:40:30.881621+00:00,200,5694.39,
2026-09-20T23:40:30.927961+00:00,200,5655.3,
2026-09-20T23:40:30.960508+00:00,200,5630.57,
2026-09-20T23:40:30.904713+00:00,200,5704.67,
2026-09-20T23:40:30.971860+00:00,200,5712.36,
2026-09-20T23:40:31.029852+00:00,200,5690.87,
2026-09-20T23:40:30.937534+00:00,200,5806.49,
2026-09-20T23:40:31.004865+00:00,200,5762.23,
2026-09-20T23:40:30.949885+00:00,200,5822.01,
2026-09-20T23:40:31.038620+00:00,200,5743.83,
2026-09-20T23:40:31.060264+00:00,200,5734.78,
2026-09-20T23:40:31.017093+00:00,200,5782.33,
2026-09-20T23:40:30.983992+00:00,200,5828.66,
2026-09-20T23:40:31.048859+00:00,200,5765.47,
2026-09-20T23:40:30.993550+00:00,200,5827.29,
2026-09-20T23:40:31.083034+00:00,200,5757.63,
2026-09-20T23:40:31.127878+00:00,200,5777.95,
2026-09-20T23:40:31.093592+00:00,200,5814.26,
2026-09-20T23:40:31.105507+00:00,200,5911.21,
2026-09-20T23:40:31.159639+00:00,200,5871.45,
2026-09-20T23:40:31.072216+00:00,200,5975.38,
2026-09-20T23:40:31.115658+00:00,200,5945.53,
2026-09-20T23:40:31.181845+00:00,200,5879.8,
2026-09-20T23:40:31.137052+00:00,200,5944.53,
2026-09-20T23:40:31.193520+00:00,200,5960.21,
2026-09-20T23:40:31.227342+00:00,200,5939.93,
2026-09-20T23:40:31.250061+00:00,200,5976.99,
2026-09-20T23:40:31.148662+00:00,200,6085.77,
2026-09-20T23:40:31.170585+00:00,200,6098.4,
2026-09-20T23:40:31.238613+00:00,200,6031.44,
2026-09-20T23:40:31.215309+00:00,200,6054.44,
2026-09-20T23:40:31.205274+00:00,200,6066.68,
2026-09-20T23:40:31.315231+00:00,200,5961.33,
2026-09-20T23:40:31.283012+00:00,200,5997.31,
2026-09-20T23:40:31.272042+00:00,200,6025.61,
2026-09-20T23:40:31.259725+00:00,200,6041.5,
2026-09-20T23:40:31.338058+00:00,200,6056.5,
2026-09-20T23:40:31.348797+00:00,200,6067.5,
2026-09-20T23:40:31.294476+00:00,200,6187.04,
2026-09-20T23:40:31.381951+00:00,200,6135.66,
2026-09-20T23:40:31.394093+00:00,200,6137.4,
2026-09-20T23:40:31.360877+00:00,200,6177.91,
2026-09-20T23:40:31.327586+00:00,200,6214.77,
2026-09-20T23:40:31.305449+00:00,200,6258.24,
2026-09-20T23:40:31.437463+00:00,200,6151.7,
2026-09-20T23:40:31.371943+00:00,200,6412.93,
2026-09-20T23:40:31.405492+00:00,200,6380.67,
2026-09-20T23:40:31.526827+00:00,200,6260.43,
2026-09-20T23:40:31.505278+00:00,200,6282.48,
2026-09-20T23:40:31.472259+00:00,200,6315.62,
2026-09-20T23:40:31.497035+00:00,200,6290.46,
2026-09-20T23:40:31.448619+00:00,200,6340.57,
2026-09-20T23:40:31.427320+00:00,200,6362.81,
2026-09-20T23:40:31.460131+00:00,200,6330.3,
2026-09-20T23:40:31.482463+00:00,200,6309.04,
2026-09-20T23:40:31.416667+00:00,200,6377.35,
2026-09-20T23:40:31.550069+00:00,200,6280.98,
2026-09-20T23:40:31.515282+00:00,200,6410.13,
2026-09-20T23:40:31.583385+00:00,200,6342.37,
2026-09-20T23:40:31.560023+00:00,200,6423.68,
2026-09-20T23:40:31.649593+00:00,200,6337.46,
2026-09-20T23:40:31.537614+00:00,200,6454.46,
2026-09-20T23:40:31.616090+00:00,200,6412.05,
2026-09-20T23:40:31.627942+00:00,200,6417.62,
2026-09-20T23:40:31.571573+00:00,200,6497.98,
2026-09-20T23:40:31.660896+00:00,200,6428.67,
2026-09-20T23:40:31.594244+00:00,200,6560.27,
2026-09-20T23:40:31.638063+00:00,200,6529.6,
2026-09-20T23:40:31.682069+00:00,200,6486.52,
2026-09-20T23:40:31.727288+00:00,200,6443.7,
2026-09-20T23:40:31.604126+00:00,200,6573.84,
2026-09-20T23:40:31.670883+00:00,200,6508.84,
2026-09-20T23:40:31.761460+00:00,200,6426.14,
2026-09-20T23:40:31.705064+00:00,200,6496.55,
2026-09-20T23:40:31.692926+00:00,200,6560.84,
2026-09-20T23:40:31.716478+00:00,200,6539.74,
2026-09-20T23:40:31.764219+00:00,200,6524.69,
2026-09-20T23:40:31.765649+00:00,200,6643.29,
2026-09-20T23:40:31.747843+00:00,200,6678.37,
2026-09-20T23:40:31.804869+00:00,200,6638.15,
2026-09-20T23:40:31.816550+00:00,200,6633.96,
2026-09-20T23:40:31.783373+00:00,200,6671.38,
2026-09-20T23:40:31.793859+00:00,200,6730.34,
2026-09-20T23:40:31.871933+00:00,200,6655.39,
2026-09-20T23:40:31.838624+00:00,200,6694.21,
2026-09-20T23:40:31.894372+00:00,200,6680.35,
2026-09-20T23:40:31.859841+00:00,200,6751.55,
2026-09-20T23:40:31.883021+00:00,200,6732.16,
2026-09-20T23:40:31.849543+00:00,200,6766.52,
2026-09-20T23:40:31.827464+00:00,200,6797.17,
2026-09-20T23:40:31.949188+00:00,200,6675.71,
2026-09-20T23:40:31.938598+00:00,200,6691.83,
2026-09-20T23:40:31.903964+00:00,200,6740.48,
2026-09-20T23:40:31.972489+00:00,200,6685.13,
2026-09-20T23:40:31.927928+00:00,200,6765.49,
2026-09-20T23:40:31.916232+00:00,200,6809.62,
2026-09-20T23:40:32.004059+00:00,200,6732.79,
2026-09-20T23:40:31.993074+00:00,200,6913.06,
2026-09-20T23:40:31.981916+00:00,200,6927.88,
2026-09-20T23:40:32.026103+00:00,200,6894.47,
2026-09-20T23:40:32.061083+00:00,200,6875.69,
2026-09-20T23:40:31.960317+00:00,200,6982.2,
2026-09-20T23:40:32.039450+00:00,200,6938.34,
2026-09-20T23:40:32.072096+00:00,200,6921.5,
2026-09-20T23:40:32.093096+00:00,200,6928.13,
2026-09-20T23:40:32.015483+00:00,200,7042.13,
2026-09-20T23:40:32.137912+00:00,200,6944.92,
2026-09-20T23:40:32.183288+00:00,200,6914.64,
2026-09-20T23:40:32.116489+00:00,200,6981.31,
2026-09-20T23:40:32.160506+00:00,200,6941.29,
2026-09-20T23:40:32.081843+00:00,200,7020.84,
2026-09-20T23:40:32.204492+00:00,200,6907.53,
2026-09-20T23:40:32.104627+00:00,200,7010.7,
2026-09-20T23:40:32.049224+00:00,200,7071.64,
2026-09-20T23:40:32.127656+00:00,200,7016.87,
2026-09-20T23:40:32.237672+00:00,200,6976.18,
2026-09-20T23:40:32.150013+00:00,200,7084.94,
2026-09-20T23:40:32.226662+00:00,200,7159.71,
2026-09-20T23:40:32.171857+00:00,200,7217.98,
2026-09-20T23:40:32.216655+00:00,200,7189.46,
2026-09-20T23:40:32.193756+00:00,200,7218.61,
2026-09-20T23:40:32.259856+00:00,200,7159.38,
2026-09-20T23:40:32.249868+00:00,200,7192.13,
2026-09-20T23:40:32.305302+00:00,200,7176.3,
2026-09-20T23:40:32.293465+00:00,200,7192.52,
2026-09-20T23:40:32.282212+00:00,200,7255.54,
2026-09-20T23:40:32.338081+00:00,200,7203.01,
2026-09-20T23:40:32.272304+00:00,200,7273.09,
2026-09-20T23:40:32.360594+00:00,200,7185.83,
2026-09-20T23:40:32.382547+00:00,200,7174.74,
2026-09-20T23:40:32.315246+00:00,200,7243.03,
2026-09-20T23:40:32.416084+00:00,200,7143.45,
2026-09-20T23:40:32.404131+00:00,200,7160.35,
2026-09-20T23:40:32.327207+00:00,200,7237.75,
2026-09-20T23:40:32.349975+00:00,200,7231.58,
2026-09-20T23:40:32.449319+00:00,200,7253.77,
2026-09-20T23:40:32.371716+00:00,200,7373.46,
2026-09-20T23:40:32.393105+00:00,200,7420.51,
2026-09-20T23:40:32.459699+00:00,200,7397.93,
2026-09-20T23:40:32.493634+00:00,200,7395.75,
2026-09-20T23:40:32.426780+00:00,200,7467.3,
2026-09-20T23:40:32.437815+00:00,200,7472.48,
2026-09-20T23:40:32.471321+00:00,200,7440.29,
2026-09-20T23:40:32.505042+00:00,200,7436.33,
2026-09-20T23:40:32.526813+00:00,200,7422.39,
2026-09-20T23:40:32.549383+00:00,200,7439.08,
2026-09-20T23:40:32.483069+00:00,200,7506.75,
2026-09-20T23:40:32.537984+00:00,200,7456.17,
2026-09-20T23:40:32.572757+00:00,200,7425.99,
2026-09-20T23:40:32.515376+00:00,200,7497.01,
2026-09-20T23:40:32.583019+00:00,200,7428.85,
2026-09-20T23:40:32.648824+00:00,200,7366.37,
2026-09-20T23:40:32.626625+00:00,200,7394.44,
2026-09-20T23:40:32.594246+00:00,200,7445.65,
2026-09-20T23:40:32.560953+00:00,200,7483.82,
2026-09-20T23:40:32.605210+00:00,200,7614.43,
2026-09-20T23:40:32.660722+00:00,200,7570.18,
2026-09-20T23:40:32.615358+00:00,200,7685.17,
2026-09-20T23:40:32.682559+00:00,200,7640.81,
2026-09-20T23:40:32.693354+00:00,200,7653.26,
2026-09-20T23:40:32.672272+00:00,200,7676.8,
2026-09-20T23:40:32.637739+00:00,200,7711.28,
2026-09-20T23:40:32.704827+00:00,200,7663.02,
2026-09-20T23:40:32.737789+00:00,200,7650.37,
2026-09-20T23:40:32.750009+00:00,200,7688.73,
2026-09-20T23:40:32.860337+00:00,200,7604.62,
2026-09-20T23:40:32.826763+00:00,200,7638.39,
2026-09-20T23:40:32.759718+00:00,200,7706.28,
2026-09-20T23:40:32.772070+00:00,200,7697.54,
2026-09-20T23:40:32.715683+00:00,200,7760.39,
2026-09-20T23:40:32.793507+00:00,200,7685.26,
2026-09-20T23:40:32.849649+00:00,200,7639.59,
2026-09-20T23:40:32.726234+00:00,200,7770.62,
2026-09-20T23:40:32.805287+00:00,200,7702.01,
2026-09-20T23:40:32.782454+00:00,200,7735.12,
2026-09-20T23:40:32.893826+00:00,200,7785.66,
2026-09-20T23:40:32.837613+00:00,200,7889.72,
2026-09-20T23:40:32.815921+00:00,200,7916.52,
2026-09-20T23:40:32.916216+00:00,200,7818.29,
2026-09-20T23:40:32.926937+00:00,200,7861.75,
2026-09-20T23:40:32.883212+00:00,200,7961.12,
2026-09-20T23:40:32.905570+00:00,200,7942.44,
2026-09-20T23:40:32.938395+00:00,200,7920.95,
2026-09-20T23:40:32.871688+00:00,200,7988.8,
2026-09-20T23:40:32.961107+00:00,200,7953.45,
2026-09-20T23:40:32.950066+00:00,200,7977.48,
2026-09-20T23:40:33.061103+00:00,200,7875.43,
2026-09-20T23:40:32.983500+00:00,200,7957.91,
2026-09-20T23:40:32.994281+00:00,200,7952.12,
2026-09-20T23:40:32.971230+00:00,200,7982.65,
2026-09-20T23:40:33.083362+00:00,200,7870.78,
2026-09-20T23:40:33.026834+00:00,200,7933.49,
2026-09-20T23:40:33.072007+00:00,200,7893.05,
2026-09-20T23:40:33.005146+00:00,200,7979.81,
2026-09-20T23:40:33.015813+00:00,200,7982.57,
2026-09-20T23:40:33.104333+00:00,200,8064.3,
2026-09-20T23:40:33.037484+00:00,200,8139.5,
2026-09-20T23:40:33.127892+00:00,200,8067.9,
2026-09-20T23:40:33.148893+00:00,200,8094.28,
2026-09-20T23:40:33.049360+00:00,200,8199.19,
2026-09-20T23:40:33.093284+00:00,200,8230.26,
2026-09-20T23:40:33.137672+00:00,200,8194.18,
2026-09-20T23:40:33.116656+00:00,200,8225.92,
2026-09-20T23:40:33.182456+00:00,200,8168.29,
2026-09-20T23:40:33.171130+00:00,200,8191.92,
2026-09-20T23:40:33.160899+00:00,200,8203.16,
2026-09-20T23:40:33.205478+00:00,200,8190.44,
2026-09-20T23:40:33.249896+00:00,200,8148.35,
2026-09-20T23:40:33.294486+00:00,200,8108.07,
2026-09-20T23:40:33.315388+00:00,200,8098.62,
2026-09-20T23:40:33.192942+00:00,200,8227.76,
2026-09-20T23:40:33.226992+00:00,200,8200.69,
2026-09-20T23:40:33.259709+00:00,200,8170.21,
2026-09-20T23:40:33.237722+00:00,200,8193.77,
2026-09-20T23:40:33.216446+00:00,200,8216.85,
2026-09-20T23:40:33.327454+00:00,200,8306.14,
2026-09-20T23:40:33.271680+00:00,200,8382.95,
2026-09-20T23:40:33.360268+00:00,200,8317.24,
2026-09-20T23:40:33.281638+00:00,200,8402.82,
2026-09-20T23:40:33.370697+00:00,200,8320.98,
2026-09-20T23:40:33.339546+00:00,200,8433.31,
2026-09-20T23:40:33.305218+00:00,200,8481.49,
2026-09-20T23:40:33.405601+00:00,200,8395.16,
2026-09-20T23:40:33.393755+00:00,200,8417.04,
2026-09-20T23:40:33.382506+00:00,200,8431.9,
2026-09-20T23:40:33.349122+00:00,200,8466.85,
2026-09-20T23:40:33.493444+00:00,200,8329.92,
2026-09-20T23:40:33.460340+00:00,200,8385.23,
2026-09-20T23:40:33.416706+00:00,200,8430.47,
2026-09-20T23:40:33.426853+00:00,200,8438.24,
2026-09-20T23:40:33.527824+00:00,200,8348.71,
2026-09-20T23:40:33.448722+00:00,200,8432.93,
2026-09-20T23:40:33.438501+00:00,200,8456.09,
2026-09-20T23:40:33.504007+00:00,200,8405.61,
2026-09-20T23:40:33.470872+00:00,200,8473.66,
2026-09-20T23:40:33.537460+00:00,200,8557.35,
2026-09-20T23:40:33.482415+00:00,200,8653.62,
2026-09-20T23:40:33.516974+00:00,200,8624.53,
2026-09-20T23:40:33.605153+00:00,200,8560.23,
2026-09-20T23:40:33.571119+00:00,200,8602.63,
2026-09-20T23:40:33.548581+00:00,200,8646.16,
2026-09-20T23:40:33.593155+00:00,200,8663.66,
2026-09-20T23:40:33.560003+00:00,200,8700.31,
2026-09-20T23:40:33.582432+00:00,200,8680.25,
2026-09-20T23:40:33.627086+00:00,200,8640.38,
2026-09-20T23:40:33.637820+00:00,200,8649.8,
2026-09-20T23:40:33.616282+00:00,200,8672.23,
2026-09-20T23:40:33.704218+00:00,200,8604.6,
2026-09-20T23:40:33.660836+00:00,200,8648.26,
2026-09-20T23:40:33.715434+00:00,200,8615.94,
2026-09-20T23:40:33.682903+00:00,200,8660.44,
2026-09-20T23:40:33.749857+00:00,200,8608.93,
2026-09-20T23:40:33.738503+00:00,200,8632.98,
2026-09-20T23:40:33.649426+00:00,200,8728.31,
2026-09-20T23:40:33.672033+00:00,200,8724.47,
2026-09-20T23:40:33.760203+00:00,200,8770.67,
2026-09-20T23:40:33.692755+00:00,200,8886.33,
2026-09-20T23:40:33.727230+00:00,200,8858.76,
2026-09-20T23:40:33.826806+00:00,200,8781.64,
2026-09-20T23:40:33.805381+00:00,200,8829.77,
2026-09-20T23:40:33.771260+00:00,200,8917.57,
2026-09-20T23:40:33.782502+00:00,200,8931.71,
2026-09-20T23:40:33.815297+00:00,200,8899.45,
2026-09-20T23:40:33.849229+00:00,200,8885.29,
2026-09-20T23:40:33.794157+00:00,200,8942.5,
2026-09-20T23:40:33.838831+00:00,200,8910.85,
2026-09-20T23:40:33.872371+00:00,200,8887.23,
2026-09-20T23:40:33.894593+00:00,200,8874.64,
2026-09-20T23:40:33.859911+00:00,200,8915.43,
2026-09-20T23:40:33.937786+00:00,200,8871.94,
2026-09-20T23:40:33.970932+00:00,200,8847.01,
2026-09-20T23:40:33.905469+00:00,200,8914.62,
2026-09-20T23:40:33.961347+00:00,200,8867.82,
2026-09-20T23:40:33.883403+00:00,200,8961.2,
2026-09-20T23:40:33.916420+00:00,200,8972.87,
2026-09-20T23:40:33.993705+00:00,200,9009.1,
2026-09-20T23:40:33.926088+00:00,200,9131.96,
2026-09-20T23:40:34.038160+00:00,200,9048.14,
2026-09-20T23:40:33.949124+00:00,200,9148.97,
2026-09-20T23:40:34.027763+00:00,200,9071.99,
2026-09-20T23:40:34.016495+00:00,200,9137.06,
2026-09-20T23:40:33.983344+00:00,200,9188.62,
2026-09-20T23:40:34.004928+00:00,200,9202.15,
2026-09-20T23:40:34.048830+00:00,200,9163.99,
2026-09-20T23:40:34.059446+00:00,200,9166.52,
2026-09-20T23:40:34.093509+00:00,200,9134.35,
2026-09-20T23:40:34.082894+00:00,200,9145.32,
2026-09-20T23:40:34.160727+00:00,200,9092.84,
2026-09-20T23:40:34.071617+00:00,200,9184.06,
2026-09-20T23:40:34.127450+00:00,200,9154.02,
2026-09-20T23:40:34.138461+00:00,200,9147.78,
2026-09-20T23:40:34.183399+00:00,200,9107.79,
2026-09-20T23:40:34.205393+00:00,200,9091.03,
2026-09-20T23:40:34.105002+00:00,200,9192.11,
2026-09-20T23:40:34.116461+00:00,200,9219.01,
2026-09-20T23:40:34.227470+00:00,200,9224.58,
2026-09-20T23:40:34.149801+00:00,200,9356.71,
2026-09-20T23:40:34.271115+00:00,200,9266.99,
2026-09-20T23:40:34.238870+00:00,200,9300.44,
2026-09-20T23:40:34.171413+00:00,200,9398.57,
2026-09-20T23:40:34.193811+00:00,200,9412.5,
2026-09-20T23:40:34.216003+00:00,200,9403.56,
2026-09-20T23:40:34.294176+00:00,200,9364.26,
2026-09-20T23:40:34.249933+00:00,200,9413.05,
2026-09-20T23:40:34.260665+00:00,200,9429.52,
2026-09-20T23:40:34.283519+00:00,200,9420.75,
2026-09-20T23:40:34.305492+00:00,200,9399.98,
2026-09-20T23:40:34.316852+00:00,200,9393.14,
2026-09-20T23:40:34.360036+00:00,200,9358.1,
2026-09-20T23:40:34.326995+00:00,200,9395.55,
2026-09-20T23:40:34.370895+00:00,200,9360.49,
2026-09-20T23:40:34.404501+00:00,200,9330.47,
2026-09-20T23:40:34.349381+00:00,200,9415.33,
2026-09-20T23:40:34.438289+00:00,200,9361.67,
2026-09-20T23:40:34.338053+00:00,200,9465.26,
2026-09-20T23:40:34.382784+00:00,200,9569.37,
2026-09-20T23:40:34.426698+00:00,200,9538.36,
2026-09-20T23:40:34.392989+00:00,200,9609.04,
2026-09-20T23:40:34.483051+00:00,200,9524.93,
2026-09-20T23:40:34.471653+00:00,200,9542.02,
2026-09-20T23:40:34.416187+00:00,200,9623.61,
2026-09-20T23:40:34.450144+00:00,200,9684.23,
2026-09-20T23:40:34.493076+00:00,200,9646.54,
2026-09-20T23:40:34.516286+00:00,200,9626.68,
2026-09-20T23:40:34.504380+00:00,200,9642.06,
2026-09-20T23:40:34.459940+00:00,200,9692.93,
2026-09-20T23:40:34.527315+00:00,200,9637.37,
2026-09-20T23:40:34.571278+00:00,200,9607.41,
2026-09-20T23:40:34.561192+00:00,200,9628.86,
2026-09-20T23:40:34.537329+00:00,200,9655.83,
2026-09-20T23:40:34.605122+00:00,200,9603.72,
2026-09-20T23:40:34.549551+00:00,200,9670.18,
2026-09-20T23:40:34.616214+00:00,200,9621.33,
2026-09-20T23:40:34.626441+00:00,200,9611.21,
2026-09-20T23:40:34.593353+00:00,200,9693.64,
2026-09-20T23:40:34.582060+00:00,200,9827.64,
2026-09-20T23:40:34.693238+00:00,200,9739.44,
2026-09-20T23:40:34.638734+00:00,200,9825.48,
2026-09-20T23:40:34.671368+00:00,200,9797.63,
2026-09-20T23:40:34.727867+00:00,200,9753.01,
2026-09-20T23:40:34.648548+00:00,200,9850.97,
2026-09-20T23:40:34.705034+00:00,200,9876.02,
2026-09-20T23:40:34.681970+00:00,200,9933.68,
2026-09-20T23:40:34.737701+00:00,200,9878.71,
2026-09-20T23:40:34.760672+00:00,200,9857.2,
2026-09-20T23:40:34.661302+00:00,200,9960.3,
2026-09-20T23:40:34.715279+00:00,200,9916.13,
2026-09-20T23:40:34.782368+00:00,200,9850.05,
2026-09-20T23:40:34.748996+00:00,200,9903.27,
2026-09-20T23:40:34.770893+00:00,200,9895.09,
2026-09-20T23:40:34.793286+00:00,200,9873.32,
2026-09-20T23:40:34.827374+00:00,200,9857.81,
2026-09-20T23:40:34.860863+00:00,200,9826.57,
2026-09-20T23:40:34.838590+00:00,200,9859.58,
2026-09-20T23:40:34.815484+00:00,200,9952.89,
2026-09-20T23:40:34.905368+00:00,200,9976.39,
2026-09-20T23:40:34.805304+00:00,200,10097.32,
2026-09-20T23:40:34.848669+00:00,200,10068.1,
2026-09-20T23:40:34.926814+00:00,200,10013.21,
2026-09-20T23:40:34.882316+00:00,200,10081.37,
2026-09-20T23:40:34.916383+00:00,200,10070.75,
2026-09-20T23:40:34.949729+00:00,200,10109.65,
2026-09-20T23:40:34.993102+00:00,200,10099.93,
2026-09-20T23:40:34.893216+00:00,200,10208.79,
2026-09-20T23:40:34.983343+00:00,200,10121.88,
2026-09-20T23:40:34.871155+00:00,200,10239.81,
2026-09-20T23:40:34.971235+00:00,200,10139.16,
2026-09-20T23:40:34.959631+00:00,200,10160.97,
2026-09-20T23:40:34.938128+00:00,200,10183.21,
2026-09-20T23:40:35.004583+00:00,200,10118.01,
2026-09-20T23:40:35.038718+00:00,200,10084.71,
2026-09-20T23:40:35.026289+00:00,200,10099.1,
2026-09-20T23:40:35.050131+00:00,200,10118.43,
2026-09-20T23:40:35.083122+00:00,200,10097.32,
2026-09-20T23:40:35.015270+00:00,200,10263.1,
2026-09-20T23:40:35.115875+00:00,200,10203.41,
2026-09-20T23:40:35.060184+00:00,200,10287.02,
2026-09-20T23:40:35.072033+00:00,200,10287.38,
2026-09-20T23:40:35.127087+00:00,200,10249.23,
2026-09-20T23:40:35.095838+00:00,200,10334.29,
2026-09-20T23:40:35.148649+00:00,200,10315.75,
2026-09-20T23:40:35.104702+00:00,200,10379.07,
2026-09-20T23:40:35.160362+00:00,200,10392.92,
2026-09-20T23:40:35.227311+00:00,200,10327.44,
2026-09-20T23:40:35.139229+00:00,200,10433.8,
2026-09-20T23:40:35.193368+00:00,200,10385.41,
2026-09-20T23:40:35.238395+00:00,200,10344.09,
2026-09-20T23:40:35.170888+00:00,200,10420.9,
2026-09-20T23:40:35.182202+00:00,200,10411.42,
2026-09-20T23:40:35.215506+00:00,200,10384.49,
2026-09-20T23:40:35.205595+00:00,200,10404.51,
2026-09-20T23:40:35.259637+00:00,200,10358.01,
2026-09-20T23:40:35.293239+00:00,200,10335.59,
2026-09-20T23:40:35.316627+00:00,200,10394.28,
2026-09-20T23:40:35.250011+00:00,200,10482.7,
2026-09-20T23:40:35.348556+00:00,200,10413.38,
2026-09-20T23:40:35.281939+00:00,200,10550.21,
2026-09-20T23:40:35.360924+00:00,200,10477.66,
2026-09-20T23:40:35.271764+00:00,200,10574.94,
2026-09-20T23:40:35.326731+00:00,200,10561.52,
2026-09-20T23:40:35.305035+00:00,200,10629.72,
2026-09-20T23:40:35.370885+00:00,200,10568.78,
2026-09-20T23:40:35.338152+00:00,200,10664.5,
2026-09-20T23:40:35.393388+00:00,200,10623.43,
2026-09-20T23:40:35.381830+00:00,200,10658.9,
2026-09-20T23:40:35.404846+00:00,200,10639.55,
2026-09-20T23:40:35.448809+00:00,200,10596.43,
2026-09-20T23:40:35.426920+00:00,200,10625.65,
2026-09-20T23:40:35.416186+00:00,200,10647.11,
2026-09-20T23:40:35.527990+00:00,200,10548.86,
2026-09-20T23:40:35.438933+00:00,200,10639.41,
2026-09-20T23:40:35.460620+00:00,200,10625.56,
2026-09-20T23:40:35.482753+00:00,200,10640.26,
2026-09-20T23:40:35.549255+00:00,200,10644.98,
2026-09-20T23:40:35.472229+00:00,200,10723.92,
2026-09-20T23:40:35.560596+00:00,200,10686.88,
2026-09-20T23:40:35.582885+00:00,200,10706.23,
2026-09-20T23:40:35.493062+00:00,200,10797.82,
2026-09-20T23:40:35.504335+00:00,200,10790.81,
2026-09-20T23:40:35.515885+00:00,200,10855.2,
2026-09-20T23:40:35.538106+00:00,200,10842.62,
2026-09-20T23:40:35.605523+00:00,200,10796.37,
2026-09-20T23:40:35.593272+00:00,200,10848.25,
2026-09-20T23:40:35.572460+00:00,200,10886.2,
2026-09-20T23:40:35.627616+00:00,200,10863.78,
2026-09-20T23:40:35.660769+00:00,200,10832.58,
2026-09-20T23:40:35.637772+00:00,200,10882.84,
2026-09-20T23:40:35.687827+00:00,200,10833.61,
2026-09-20T23:40:35.674810+00:00,200,10855.85,
2026-09-20T23:40:35.650069+00:00,200,10880.53,
2026-09-20T23:40:35.716322+00:00,200,10827.73,
2026-09-20T23:40:35.616047+00:00,200,10934.96,
2026-09-20T23:40:35.726496+00:00,200,10871.13,
2026-09-20T23:40:35.783526+00:00,200,10825.02,
2026-09-20T23:40:35.693635+00:00,200,10999.98,
2026-09-20T23:40:35.770928+00:00,200,10958.3,
2026-09-20T23:40:35.738737+00:00,200,11025.92,
2026-09-20T23:40:35.804480+00:00,200,10963.48,
2026-09-20T23:40:35.704848+00:00,200,11063.45,
2026-09-20T23:40:35.759793+00:00,200,11081.49,
2026-09-20T23:40:35.793493+00:00,200,11070.76,
2026-09-20T23:40:35.828664+00:00,200,11044.66,
2026-09-20T23:40:35.816694+00:00,200,11096.02,
2026-09-20T23:40:35.836443+00:00,200,11076.83,
2026-09-20T23:40:35.861468+00:00,200,11069.94,
2026-09-20T23:40:35.894258+00:00,200,11071.69,
2026-09-20T23:40:35.871454+00:00,200,11098.77,
2026-09-20T23:40:35.849397+00:00,200,11121.69,
2026-09-20T23:40:35.882043+00:00,200,11095.25,
2026-09-20T23:40:35.937493+00:00,200,11050.08,
2026-09-20T23:40:35.915951+00:00,200,11091.73,
2026-09-20T23:40:35.972386+00:00,200,11060.17,
2026-09-20T23:40:35.959925+00:00,200,11073.62,
2026-09-20T23:40:35.983301+00:00,200,11107.74,
2026-09-20T23:40:35.904020+00:00,200,11225.08,
2026-09-20T23:40:36.005061+00:00,200,11191.97,
2026-09-20T23:40:36.027208+00:00,200,11220.31,
2026-09-20T23:40:35.927419+00:00,200,11321.93,
2026-09-20T23:40:36.015214+00:00,200,11284.33,
2026-09-20T23:40:36.048910+00:00,200,11252.67,
2026-09-20T23:40:35.948884+00:00,200,11360.88,
2026-09-20T23:40:35.993574+00:00,200,11319.9,
2026-09-20T23:40:36.038016+00:00,200,11362.74,
2026-09-20T23:40:36.059961+00:00,200,11350.85,
2026-09-20T23:40:36.105017+00:00,200,11322.77,
2026-09-20T23:40:36.083300+00:00,200,11347.7,
2026-09-20T23:40:36.070859+00:00,200,11371.89,
2026-09-20T23:40:36.126869+00:00,200,11325.52,
2026-09-20T23:40:36.116335+00:00,200,11338.88,
2026-09-20T23:40:36.093529+00:00,200,11361.88,
2026-09-20T23:40:36.137866+00:00,200,11325.01,
2026-09-20T23:40:36.159350+00:00,200,11317.2,
2026-09-20T23:40:36.170805+00:00,200,11308.73,
2026-09-20T23:40:36.215885+00:00,200,11303.06,
2026-09-20T23:40:36.148855+00:00,200,11441.7,
2026-09-20T23:40:36.237774+00:00,200,11412.27,
2026-09-20T23:40:36.181900+00:00,200,11512.83,
2026-09-20T23:40:36.259574+00:00,200,11457.03,
2026-09-20T23:40:36.204316+00:00,200,11532.31,
2026-09-20T23:40:36.193881+00:00,200,11549.59,
2026-09-20T23:40:36.227942+00:00,200,11523.8,
2026-09-20T23:40:36.271378+00:00,200,11480.6,
2026-09-20T23:40:36.315388+00:00,200,11552.54,
2026-09-20T23:40:36.293126+00:00,200,11579.9,
2026-09-20T23:40:36.249489+00:00,200,11625.61,
2026-09-20T23:40:36.349626+00:00,200,11549.19,
2026-09-20T23:40:36.304624+00:00,200,11596.54,
2026-09-20T23:40:36.283284+00:00,200,11623.43,
2026-09-20T23:40:36.404507+00:00,200,11524.82,
2026-09-20T23:40:36.359896+00:00,200,11570.8,
2026-09-20T23:40:36.337715+00:00,200,11600.53,
2026-09-20T23:40:36.327669+00:00,200,11619.54,
2026-09-20T23:40:36.415858+00:00,200,11534.8,
2026-09-20T23:40:36.393930+00:00,200,11571.21,
2026-09-20T23:40:36.370820+00:00,200,11680.59,
2026-09-20T23:40:36.449234+00:00,200,11673.68,
2026-09-20T23:40:36.381298+00:00,200,11757.41,
2026-09-20T23:40:36.460715+00:00,200,11717.1,
2026-09-20T23:40:36.439989+00:00,200,11763.37,
2026-09-20T23:40:36.427483+00:00,200,11776.44,
2026-09-20T23:40:36.504046+00:00,200,11716.08,
2026-09-20T23:40:36.472224+00:00,200,11791.94,
2026-09-20T23:40:36.483204+00:00,200,11818.54,
2026-09-20T23:40:36.494244+00:00,200,11820.7,
2026-09-20T23:40:36.550005+00:00,200,11800.82,
2026-09-20T23:40:36.516373+00:00,200,11835.06,
2026-09-20T23:40:36.527629+00:00,200,11834.01,
2026-09-20T23:40:36.571605+00:00,200,11800.34,
2026-09-20T23:40:36.561013+00:00,200,11818.23,
2026-09-20T23:40:36.605933+00:00,200,11777.56,
2026-09-20T23:40:36.593310+00:00,200,11793.27,
2026-09-20T23:40:36.637942+00:00,200,11767.63,
2026-09-20T23:40:36.537511+00:00,200,11882.19,
2026-09-20T23:40:36.648956+00:00,200,11790.87,
2026-09-20T23:40:36.583350+00:00,200,11959.85,
2026-09-20T23:40:36.671000+00:00,200,11901.57,
2026-09-20T23:40:36.682337+00:00,200,11936.11,
2026-09-20T23:40:36.626477+00:00,200,11992.87,
2026-09-20T23:40:36.660673+00:00,200,12010.4,
2026-09-20T23:40:36.716548+00:00,200,11959.39,
2026-09-20T23:40:36.615547+00:00,200,12072.07,
2026-09-20T23:40:36.694332+00:00,200,12041.47,
2026-09-20T23:40:36.705615+00:00,200,12045.73,
2026-09-20T23:40:36.727099+00:00,200,12049.88,
2026-09-20T23:40:36.737634+00:00,200,12070.96,
2026-09-20T23:40:35.748935+00:00,200,13067.47,
2026-09-20T23:40:36.817176+00:00,200,12007.67,
2026-09-20T23:40:36.783138+00:00,200,12047.98,
2026-09-20T23:40:36.748843+00:00,200,12083.35,
2026-09-20T23:40:36.804347+00:00,200,12035.68,
2026-09-20T23:40:36.762445+00:00,200,12078.4,
2026-09-20T23:40:36.849333+00:00,200,11994.63,
2026-09-20T23:40:36.770973+00:00,200,12106.45,
2026-09-20T23:40:36.860458+00:00,200,12055.55,
2026-09-20T23:40:36.793353+00:00,200,12206.63,
2026-09-20T23:40:36.893765+00:00,200,12140.53,
2026-09-20T23:40:36.916139+00:00,200,12173.36,
2026-09-20T23:40:36.838411+00:00,200,12286.29,
2026-09-20T23:40:36.949655+00:00,200,12176.16,
2026-09-20T23:40:36.826558+00:00,200,12320.43,
2026-09-20T23:40:36.882883+00:00,200,12300.04,
2026-09-20T23:40:36.871558+00:00,200,12333.79,
2026-09-20T23:40:36.904864+00:00,200,12311.8,
2026-09-20T23:40:36.938611+00:00,200,12316.1,
2026-09-20T23:40:36.927200+00:00,200,12338.27,
2026-09-20T23:40:36.971679+00:00,200,12299.44,
2026-09-20T23:40:37.027860+00:00,200,12258.45,
2026-09-20T23:40:36.983376+00:00,200,12307.31,
2026-09-20T23:40:36.993539+00:00,200,12306.71,
2026-09-20T23:40:36.961298+00:00,200,12350.94,
2026-09-20T23:40:37.071313+00:00,200,12242.4,
2026-09-20T23:40:37.060216+00:00,200,12268.23,
2026-09-20T23:40:37.005399+00:00,200,12356.99,
2026-09-20T23:40:37.082880+00:00,200,12307.93,
2026-09-20T23:40:37.016196+00:00,200,12437.52,
2026-09-20T23:40:37.116141+00:00,200,12376.68,
2026-09-20T23:40:37.159518+00:00,200,12388.26,
2026-09-20T23:40:37.127452+00:00,200,12460.41,
2026-09-20T23:40:37.038727+00:00,200,12553.45,
2026-09-20T23:40:37.050189+00:00,200,12581.71,
2026-09-20T23:40:37.093240+00:00,200,12542.27,
2026-09-20T23:40:37.138179+00:00,200,12507.66,
2026-09-20T23:40:37.105332+00:00,200,12563.59,
2026-09-20T23:40:37.194571+00:00,200,12525.42,
2026-09-20T23:40:37.182014+00:00,200,12539.27,
2026-09-20T23:40:37.149119+00:00,200,12576.76,
2026-09-20T23:40:37.238991+00:00,200,12498.11,
2026-09-20T23:40:37.204892+00:00,200,12550.31,
2026-09-20T23:40:37.172329+00:00,200,12585.02,
2026-09-20T23:40:37.283056+00:00,200,12485.22,
2026-09-20T23:40:37.226877+00:00,200,12541.13,
2026-09-20T23:40:37.315237+00:00,200,12510.07,
2026-09-20T23:40:37.217027+00:00,200,12622.58,
2026-09-20T23:40:37.260778+00:00,200,12589.45,
2026-09-20T23:40:37.248446+00:00,200,12668.35,
2026-09-20T23:40:37.305062+00:00,200,12663.59,
2026-09-20T23:40:37.350094+00:00,200,12660.26,
2026-09-20T23:40:37.371045+00:00,200,12704.34,
2026-09-20T23:40:37.327148+00:00,200,12780.67,
2026-09-20T23:40:37.293935+00:00,200,12815.28,
2026-09-20T23:40:37.270783+00:00,200,12839.64,
2026-09-20T23:40:37.360623+00:00,200,12766.27,
2026-09-20T23:40:37.383143+00:00,200,12744.89,
2026-09-20T23:40:37.339013+00:00,200,12795.83,
2026-09-20T23:40:37.404866+00:00,200,12760.53,
2026-09-20T23:40:37.392879+00:00,200,12792.6,
2026-09-20T23:40:37.484238+00:00,200,12718.14,
2026-09-20T23:40:37.493006+00:00,200,12727.96,
2026-09-20T23:40:37.438443+00:00,200,12798.03,
2026-09-20T23:40:37.416055+00:00,200,12820.15,
2026-09-20T23:40:37.426243+00:00,200,12829.0,
2026-09-20T23:40:37.549355+00:00,200,12738.64,
2026-09-20T23:40:37.504549+00:00,200,12796.29,
2026-09-20T23:40:37.459646+00:00,200,12861.16,
2026-09-20T23:40:37.449932+00:00,200,12966.6,
2026-09-20T23:40:37.594986+00:00,200,12829.94,
2026-09-20T23:40:37.572500+00:00,200,12916.86,
2026-09-20T23:40:37.627716+00:00,200,12883.18,
2026-09-20T23:40:37.671445+00:00,200,12901.33,
2026-09-20T23:40:37.471693+00:00,200,13115.22,
2026-09-20T23:40:37.526415+00:00,200,13061.97,
2026-09-20T23:40:37.516388+00:00,200,13077.11,
2026-09-20T23:40:37.539208+00:00,200,13061.37,
2026-09-20T23:40:37.604646+00:00,200,12998.86,
2026-09-20T23:40:37.583524+00:00,200,13044.24,
2026-09-20T23:40:37.660903+00:00,200,13006.89,
2026-09-20T23:40:37.648497+00:00,200,13020.2,
2026-09-20T23:40:37.694452+00:00,200,12986.48,
2026-09-20T23:40:37.705501+00:00,200,12985.85,
2026-09-20T23:40:37.615968+00:00,200,13075.93,
2026-09-20T23:40:37.561287+00:00,200,13138.37,
2026-09-20T23:40:37.761721+00:00,200,13015.9,
2026-09-20T23:40:37.749114+00:00,200,13040.39,
2026-09-20T23:40:37.638435+00:00,200,13167.49,
2026-09-20T23:40:37.716387+00:00,200,13174.14,
2026-09-20T23:40:37.787708+00:00,200,13130.98,
2026-09-20T23:40:37.805645+00:00,200,13146.5,
2026-09-20T23:40:37.828335+00:00,200,13182.81,
2026-09-20T23:40:37.683235+00:00,200,13335.02,
2026-09-20T23:40:37.816709+00:00,200,13238.75,
2026-09-20T23:40:37.727771+00:00,200,13327.94,
2026-09-20T23:40:37.771022+00:00,200,13295.85,
2026-09-20T23:40:37.737493+00:00,200,13335.02,
2026-09-20T23:40:37.792887+00:00,200,13301.43,
2026-09-20T23:40:37.850038+00:00,200,13260.08,
2026-09-20T23:40:37.860132+00:00,200,13276.76,
2026-09-20T23:40:37.838231+00:00,200,13304.6,
2026-09-20T23:40:37.872982+00:00,200,13270.87,
2026-09-20T23:40:37.883130+00:00,200,13277.27,
2026-09-20T23:40:37.937626+00:00,200,13226.3,
2026-09-20T23:40:37.916559+00:00,200,13250.57,
2026-09-20T23:40:37.960806+00:00,200,13305.89,
2026-09-20T23:40:37.971939+00:00,200,13313.49,
2026-09-20T23:40:37.894421+00:00,200,13394.82,
2026-09-20T23:40:37.904910+00:00,200,13449.77,
2026-09-20T23:40:37.982739+00:00,200,13406.72,
2026-09-20T23:40:38.016517+00:00,200,13403.46,
2026-09-20T23:40:37.926940+00:00,200,13563.96,
2026-09-20T23:40:38.037723+00:00,200,13477.01,
2026-09-20T23:40:37.993648+00:00,200,13522.07,
2026-09-20T23:40:38.004557+00:00,200,13520.23,
2026-09-20T23:40:37.948583+00:00,200,13587.72,
2026-09-20T23:40:38.027016+00:00,200,13533.53,
2026-09-20T23:40:38.048693+00:00,200,13517.22,
2026-09-20T23:40:38.081971+00:00,200,13484.04,
2026-09-20T23:40:38.062098+00:00,200,13507.42,
2026-09-20T23:40:38.071765+00:00,200,13519.7,
2026-09-20T23:40:38.094216+00:00,200,13501.06,
2026-09-20T23:40:38.172906+00:00,200,13430.41,
2026-09-20T23:40:38.105422+00:00,200,13499.73,
2026-09-20T23:40:38.137949+00:00,200,13469.64,
2026-09-20T23:40:38.193705+00:00,200,13550.86,
2026-09-20T23:40:38.182210+00:00,200,13572.19,
2026-09-20T23:40:38.116220+00:00,200,13658.95,
2026-09-20T23:40:38.149590+00:00,200,13674.77,
2026-09-20T23:40:38.216002+00:00,200,13627.4,
2026-09-20T23:40:38.316155+00:00,200,13708.74,
2026-09-20T23:40:38.127370+00:00,200,13897.69,
2026-09-20T23:40:38.261547+00:00,200,13766.44,
2026-09-20T23:40:38.205562+00:00,200,13823.59,
2026-09-20T23:40:38.227322+00:00,200,13802.6,
2026-09-20T23:40:38.249652+00:00,200,13781.66,
2026-09-20T23:40:38.160680+00:00,200,13871.98,
2026-09-20T23:40:38.237963+00:00,200,13799.01,
2026-09-20T23:40:38.304752+00:00,200,13735.46,
2026-09-20T23:40:38.282715+00:00,200,13763.16,
2026-09-20T23:40:38.272040+00:00,200,13780.02,
2026-09-20T23:40:38.337959+00:00,200,13716.8,
2026-09-20T23:40:38.360235+00:00,200,13711.74,
2026-09-20T23:40:38.293797+00:00,200,13794.21,
2026-09-20T23:40:38.371434+00:00,200,13724.05,
2026-09-20T23:40:38.405624+00:00,200,13802.58,
2026-09-20T23:40:38.414966+00:00,200,13821.81,
2026-09-20T23:40:38.327253+00:00,200,13918.76,
2026-09-20T23:40:38.449096+00:00,200,13862.01,
2026-09-20T23:40:38.349644+00:00,200,13977.11,
2026-09-20T23:40:38.394479+00:00,200,13999.09,
2026-09-20T23:40:38.426760+00:00,200,13997.34,
2026-09-20T23:40:38.460039+00:00,200,13994.98,
2026-09-20T23:40:38.382319+00:00,200,14076.16,
2026-09-20T23:40:38.483188+00:00,200,13984.9,
2026-09-20T23:40:38.471405+00:00,200,13998.79,
2026-09-20T23:40:38.437690+00:00,200,14044.79,
2026-09-20T23:40:38.516113+00:00,200,13978.54,
2026-09-20T23:40:38.581914+00:00,200,13914.71,
2026-09-20T23:40:38.505315+00:00,200,13992.12,
2026-09-20T23:40:38.527329+00:00,200,13974.73,
2026-09-20T23:40:38.493945+00:00,200,14011.44,
2026-09-20T23:40:38.560539+00:00,200,13975.3,
2026-09-20T23:40:38.538457+00:00,200,14019.01,
2026-09-20T23:40:38.594233+00:00,200,13995.58,
2026-09-20T23:40:38.649548+00:00,200,14033.81,
2026-09-20T23:40:38.637699+00:00,200,14046.95,
2026-09-20T23:40:38.548765+00:00,200,14186.65,
2026-09-20T23:40:38.659787+00:00,200,14130.42,
2026-09-20T23:40:38.571778+00:00,200,14233.07,
2026-09-20T23:40:38.615720+00:00,200,14257.21,
2026-09-20T23:40:38.604415+00:00,200,14318.39,
2026-09-20T23:40:38.694567+00:00,200,14230.09,
2026-09-20T23:40:38.626804+00:00,200,14330.21,
2026-09-20T23:40:38.670692+00:00,200,14289.68,
2026-09-20T23:40:38.682223+00:00,200,14287.3,
2026-09-20T23:40:38.725707+00:00,200,14249.49,
2026-09-20T23:40:38.705711+00:00,200,14273.94,
2026-09-20T23:40:38.715952+00:00,200,14280.69,
2026-09-20T23:40:38.750003+00:00,200,14251.79,
2026-09-20T23:40:38.738498+00:00,200,14271.07,
2026-09-20T23:40:38.760267+00:00,200,14252.49,
2026-09-20T23:40:38.783248+00:00,200,14235.69,
2026-09-20T23:40:38.804882+00:00,200,14224.84,
2026-09-20T23:40:38.826321+00:00,200,14236.58,
2026-09-20T23:40:38.849829+00:00,200,14307.59,
2026-09-20T23:40:38.861097+00:00,200,14344.28,
2026-09-20T23:40:38.771623+00:00,200,14453.07,
2026-09-20T23:40:38.893315+00:00,200,14341.05,
2026-09-20T23:40:38.794009+00:00,200,14477.14,
2026-09-20T23:40:38.816764+00:00,200,14522.53,
2026-09-20T23:40:38.904292+00:00,200,14469.32,
2026-09-20T23:40:38.837422+00:00,200,14550.19,
2026-09-20T23:40:38.881842+00:00,200,14548.51,
2026-09-20T23:40:38.871372+00:00,200,14572.85,
2026-09-20T23:40:38.948708+00:00,200,14504.97,
2026-09-20T23:40:38.927592+00:00,200,14527.17,
2026-09-20T23:40:38.915783+00:00,200,14540.36,
2026-09-20T23:40:38.993026+00:00,200,14461.98,
2026-09-20T23:40:38.971980+00:00,200,14490.76,
2026-09-20T23:40:39.005214+00:00,200,14466.4,
2026-09-20T23:40:38.959946+00:00,200,14512.48,
2026-09-20T23:40:38.938845+00:00,200,14539.56,
2026-09-20T23:40:39.027342+00:00,200,14455.4,
2026-09-20T23:40:39.037262+00:00,200,14482.43,
2026-09-20T23:40:39.084635+00:00,200,14572.03,
2026-09-20T23:40:39.071676+00:00,200,14599.77,
2026-09-20T23:40:38.983027+00:00,200,14708.32,
2026-09-20T23:40:39.099844+00:00,200,14602.58,
2026-09-20T23:40:39.016443+00:00,200,14738.6,
2026-09-20T23:40:39.050045+00:00,200,14772.99,
2026-09-20T23:40:39.060799+00:00,200,14781.36,
2026-09-20T23:40:39.094238+00:00,200,14785.6,
2026-09-20T23:40:39.127297+00:00,200,14772.75,
2026-09-20T23:40:39.138851+00:00,200,14766.45,
2026-09-20T23:40:39.181920+00:00,200,14731.45,
2026-09-20T23:40:39.215228+00:00,200,14706.19,
2026-09-20T23:40:39.115602+00:00,200,14807.02,
2026-09-20T23:40:39.150365+00:00,200,14786.43,
2026-09-20T23:40:39.204445+00:00,200,14732.34,
2026-09-20T23:40:39.171083+00:00,200,14777.37,
2026-09-20T23:40:39.192954+00:00,200,14756.88,
2026-09-20T23:40:39.249986+00:00,200,14703.81,
2026-09-20T23:40:39.227942+00:00,200,14738.75,
2026-09-20T23:40:39.272059+00:00,200,14697.05,
2026-09-20T23:40:39.305574+00:00,200,14817.13,
2026-09-20T23:40:39.349704+00:00,200,14797.5,
2026-09-20T23:40:39.327094+00:00,200,14834.19,
2026-09-20T23:40:39.238561+00:00,200,14930.23,
2026-09-20T23:40:39.259504+00:00,200,14958.14,
2026-09-20T23:40:39.282066+00:00,200,15007.62,
2026-09-20T23:40:39.293268+00:00,200,15000.99,
2026-09-20T23:40:39.383497+00:00,200,14978.55,
2026-09-20T23:40:39.316220+00:00,200,15050.48,
2026-09-20T23:40:39.338335+00:00,200,15034.67,
2026-09-20T23:40:39.360118+00:00,200,15015.22,
2026-09-20T23:40:39.393296+00:00,200,14985.1,
2026-09-20T23:40:39.415618+00:00,200,14978.09,
2026-09-20T23:40:39.459609+00:00,200,14934.01,
2026-09-20T23:40:39.372346+00:00,200,15025.77,
2026-09-20T23:40:39.482740+00:00,200,14928.24,
2026-09-20T23:40:39.438445+00:00,200,14982.22,
2026-09-20T23:40:39.405588+00:00,200,15023.96,
2026-09-20T23:40:39.504230+00:00,200,14928.08,
2026-09-20T23:40:39.427239+00:00,200,15029.87,
2026-09-20T23:40:39.527568+00:00,200,15045.84,
2026-09-20T23:40:39.571949+00:00,200,15055.17,
2026-09-20T23:40:39.537508+00:00,200,15103.44,
2026-09-20T23:40:39.448623+00:00,200,15199.48,
2026-09-20T23:40:39.470893+00:00,200,15216.76,
2026-09-20T23:40:39.560469+00:00,200,15241.94,
2026-09-20T23:40:39.516262+00:00,200,15285.65,
2026-09-20T23:40:39.550021+00:00,200,15260.3,
2026-09-20T23:40:39.495074+00:00,200,15319.83,
2026-09-20T23:40:39.638302+00:00,200,15207.55,
2026-09-20T23:40:39.593779+00:00,200,15252.79,
2026-09-20T23:40:39.581986+00:00,200,15272.36,
2026-09-20T23:40:39.670925+00:00,200,15187.37,
2026-09-20T23:40:39.650115+00:00,200,15213.24,
2026-09-20T23:40:39.626435+00:00,200,15242.49,
2026-09-20T23:40:39.605501+00:00,200,15265.0,
2026-09-20T23:40:39.615608+00:00,200,15276.06,
2026-09-20T23:40:39.716691+00:00,200,15201.57,
2026-09-20T23:40:39.659914+00:00,200,15272.11,
2026-09-20T23:40:39.693193+00:00,200,15245.68,
2026-09-20T23:40:39.760393+00:00,200,15310.9,
2026-09-20T23:40:39.704106+00:00,200,15415.89,
2026-09-20T23:40:39.683366+00:00,200,15456.44,
2026-09-20T23:40:39.774459+00:00,200,15368.07,
2026-09-20T23:40:39.804898+00:00,200,15341.17,
2026-09-20T23:40:39.738503+00:00,200,15561.55,
2026-09-20T23:40:39.749391+00:00,200,15558.51,
2026-09-20T23:40:39.849961+00:00,200,15460.32,
2026-09-20T23:40:39.794208+00:00,200,15519.61,
2026-09-20T23:40:39.783941+00:00,200,15534.93,
2026-09-20T23:40:39.727628+00:00,200,15598.39,
2026-09-20T23:40:39.904626+00:00,200,15426.28,
2026-09-20T23:40:39.814621+00:00,200,15518.89,
2026-09-20T23:40:39.827552+00:00,200,15509.32,
2026-09-20T23:40:39.860774+00:00,200,15481.15,
2026-09-20T23:40:39.839659+00:00,200,15510.85,
2026-09-20T23:40:39.871525+00:00,200,15496.31,
2026-09-20T23:40:39.916347+00:00,200,15461.15,
2026-09-20T23:40:39.949690+00:00,200,15436.04,
2026-09-20T23:40:39.881957+00:00,200,15512.69,
2026-09-20T23:40:39.972019+00:00,200,15548.38,
2026-09-20T23:40:39.926484+00:00,200,15662.08,
2026-09-20T23:40:40.005352+00:00,200,15604.63,
2026-09-20T23:40:39.983181+00:00,200,15637.75,
2026-09-20T23:40:39.893415+00:00,200,15745.3,
2026-09-20T23:40:39.959992+00:00,200,15771.89,
2026-09-20T23:40:39.994540+00:00,200,15742.33,
2026-09-20T23:40:39.937414+00:00,200,15818.12,
2026-09-20T23:40:40.038189+00:00,200,15734.52,
2026-09-20T23:40:40.171991+00:00,200,15607.88,
2026-09-20T23:40:40.026825+00:00,200,15765.05,
2026-09-20T23:40:40.082368+00:00,200,15717.45,
2026-09-20T23:40:40.116107+00:00,200,15689.21,
2026-09-20T23:40:39.160865+00:00,200,16650.2,
2026-09-20T23:40:40.016474+00:00,200,15799.44,
2026-09-20T23:40:40.061277+00:00,200,15756.32,
2026-09-20T23:40:40.049939+00:00,200,15769.28,
2026-09-20T23:40:40.070698+00:00,200,15754.96,
2026-09-20T23:40:40.126569+00:00,200,15721.91,
2026-09-20T23:40:40.105081+00:00,200,15863.53,
2026-09-20T23:40:40.238712+00:00,200,15744.65,
2026-09-20T23:40:40.194053+00:00,200,15830.72,
2026-09-20T23:40:40.137448+00:00,200,15944.27,
2026-09-20T23:40:40.226540+00:00,200,15866.65,
2026-09-20T23:40:40.205192+00:00,200,15918.78,
2026-09-20T23:40:40.149389+00:00,200,15978.71,
2026-09-20T23:40:40.183387+00:00,200,15980.36,
2026-09-20T23:40:40.159635+00:00,200,16015.67,
2026-09-20T23:40:40.215426+00:00,200,15982.41,
2026-09-20T23:40:40.271261+00:00,200,15955.86,
2026-09-20T23:40:40.315269+00:00,200,15920.41,
2026-09-20T23:40:40.293037+00:00,200,15948.9,
2026-09-20T23:40:40.259524+00:00,200,15987.74,
2026-09-20T23:40:40.248778+00:00,200,16005.24,
2026-09-20T23:40:40.350574+00:00,200,15927.64,
2026-09-20T23:40:40.282264+00:00,200,16002.39,
2026-09-20T23:40:40.326273+00:00,200,15975.1,
2026-09-20T23:40:40.383037+00:00,200,15948.81,
2026-09-20T23:40:40.371471+00:00,200,15989.22,
2026-09-20T23:40:40.304062+00:00,200,16119.76,
2026-09-20T23:40:40.415372+00:00,200,16027.3,
2026-09-20T23:40:40.438386+00:00,200,16062.41,
2026-09-20T23:40:40.448664+00:00,200,16107.59,
2026-09-20T23:40:40.338452+00:00,200,16232.18,
2026-09-20T23:40:40.360424+00:00,200,16217.0,
2026-09-20T23:40:40.405523+00:00,200,16178.11,
2026-09-20T23:40:40.393599+00:00,200,16206.25,
2026-09-20T23:40:40.515290+00:00,200,16154.92,
2026-09-20T23:40:40.459744+00:00,200,16215.55,
2026-09-20T23:40:40.426526+00:00,200,16249.85,
2026-09-20T23:40:40.493551+00:00,200,16189.21,
2026-09-20T23:40:40.505761+00:00,200,16187.84,
2026-09-20T23:40:40.527350+00:00,200,16182.42,
2026-09-20T23:40:40.538360+00:00,200,16179.02,
2026-09-20T23:40:40.471068+00:00,200,16269.71,
2026-09-20T23:40:40.482594+00:00,200,16271.15,
2026-09-20T23:40:40.561044+00:00,200,16196.1,
2026-09-20T23:40:40.605211+00:00,200,16186.33,
2026-09-20T23:40:40.593614+00:00,200,16225.57,
2026-09-20T23:40:40.548858+00:00,200,16370.96,
2026-09-20T23:40:40.638051+00:00,200,16289.19,
2026-09-20T23:40:40.649824+00:00,200,16327.83,
2026-09-20T23:40:40.694299+00:00,200,16307.05,
2026-09-20T23:40:40.582699+00:00,200,16451.06,
2026-09-20T23:40:40.626792+00:00,200,16435.83,
2026-09-20T23:40:40.572377+00:00,200,16503.95,
2026-09-20T23:40:40.615862+00:00,200,16462.89,
2026-09-20T23:40:40.671198+00:00,200,16459.08,
2026-09-20T23:40:40.705476+00:00,200,16447.25,
2026-09-20T23:40:40.715546+00:00,200,16440.38,
2026-09-20T23:40:40.681889+00:00,200,16484.99,
2026-09-20T23:40:40.660571+00:00,200,16506.31,
2026-09-20T23:40:40.726721+00:00,200,16440.87,
2026-09-20T23:40:40.738470+00:00,200,16462.56,
2026-09-20T23:40:40.771044+00:00,200,16446.41,
2026-09-20T23:40:40.760833+00:00,200,16467.86,
2026-09-20T23:40:40.794041+00:00,200,16480.41,
2026-09-20T23:40:40.804485+00:00,200,16472.95,
2026-09-20T23:40:40.815198+00:00,200,16475.55,
2026-09-20T23:40:40.750067+00:00,200,16642.47,
2026-09-20T23:40:40.847867+00:00,200,16550.41,
2026-09-20T23:40:40.870801+00:00,200,16579.79,
2026-09-20T23:40:40.904697+00:00,200,16545.93,
2026-09-20T23:40:40.782590+00:00,200,16706.29,
2026-09-20T23:40:40.827747+00:00,200,16693.44,
2026-09-20T23:40:40.860044+00:00,200,16672.25,
2026-09-20T23:40:40.838072+00:00,200,16721.27,
2026-09-20T23:40:40.882139+00:00,200,16719.98,
2026-09-20T23:40:40.927175+00:00,200,16677.56,
2026-09-20T23:40:40.914966+00:00,200,16690.29,
2026-09-20T23:40:40.948892+00:00,200,16685.22,
2026-09-20T23:40:40.894195+00:00,200,16746.97,
2026-09-20T23:40:40.938010+00:00,200,16713.88,
2026-09-20T23:40:40.972490+00:00,200,16690.73,
2026-09-20T23:40:40.993293+00:00,200,16675.29,
2026-09-20T23:40:40.959997+00:00,200,16730.27,
2026-09-20T23:40:41.015291+00:00,200,16705.58,
2026-09-20T23:40:41.004161+00:00,200,16736.38,
2026-09-20T23:40:41.081879+00:00,200,16686.84,
2026-09-20T23:40:41.070800+00:00,200,16776.24,
2026-09-20T23:40:40.981901+00:00,200,16866.92,
2026-09-20T23:40:41.127550+00:00,200,16794.21,
2026-09-20T23:40:41.094185+00:00,200,16830.9,
2026-09-20T23:40:41.038487+00:00,200,16904.99,
2026-09-20T23:40:41.027324+00:00,200,16939.02,
2026-09-20T23:40:41.049938+00:00,200,16939.46,
2026-09-20T23:40:41.060084+00:00,200,16980.88,
2026-09-20T23:40:41.138506+00:00,200,16922.07,
2026-09-20T23:40:41.104467+00:00,200,16959.15,
2026-09-20T23:40:41.160197+00:00,200,16913.16,
2026-09-20T23:40:41.183283+00:00,200,16904.3,
2026-09-20T23:40:41.171917+00:00,200,16951.28,
2026-09-20T23:40:41.116597+00:00,200,17014.6,
2026-09-20T23:40:41.204552+00:00,200,16939.64,
2026-09-20T23:40:41.149604+00:00,200,17009.92,
2026-09-20T23:40:41.227581+00:00,200,16968.26,
2026-09-20T23:40:41.237304+00:00,200,16961.76,
2026-09-20T23:40:40.094008+00:00,200,18123.39,
2026-09-20T23:40:41.272700+00:00,200,16962.2,
2026-09-20T23:40:41.282564+00:00,200,17008.24,
2026-09-20T23:40:41.195548+00:00,200,17134.42,
2026-09-20T23:40:41.338294+00:00,200,17039.83,
2026-09-20T23:40:41.293392+00:00,200,17108.56,
2026-09-20T23:40:41.215110+00:00,200,17217.67,
2026-09-20T23:40:41.259646+00:00,200,17202.96,
2026-09-20T23:40:41.249163+00:00,200,17215.4,
2026-09-20T23:40:41.359888+00:00,200,17140.87,
2026-09-20T23:40:41.316332+00:00,200,17190.24,
2026-09-20T23:40:41.304411+00:00,200,17205.36,
2026-09-20T23:40:41.382301+00:00,200,17142.05,
2026-09-20T23:40:41.393075+00:00,200,17176.7,
2026-09-20T23:40:41.326529+00:00,200,17261.63,
2026-09-20T23:40:41.437856+00:00,200,17151.05,
2026-09-20T23:40:41.371924+00:00,200,17231.52,
2026-09-20T23:40:41.448528+00:00,200,17155.66,
2026-09-20T23:40:41.404782+00:00,200,17205.51,
2026-09-20T23:40:41.348583+00:00,200,17282.43,
2026-09-20T23:40:41.460000+00:00,200,17193.92,
2026-09-20T23:40:41.483789+00:00,200,17220.86,
2026-09-20T23:40:41.515320+00:00,200,17249.13,
2026-09-20T23:40:41.415506+00:00,200,17404.45,
2026-09-20T23:40:41.529436+00:00,200,17313.03,
2026-09-20T23:40:41.571351+00:00,200,17303.32,
2026-09-20T23:40:41.493664+00:00,200,17410.79,
2026-09-20T23:40:41.427666+00:00,200,17484.09,
2026-09-20T23:40:41.471383+00:00,200,17455.41,
2026-09-20T23:40:41.592996+00:00,200,17360.81,
2026-09-20T23:40:41.538453+00:00,200,17426.87,
2026-09-20T23:40:41.505254+00:00,200,17461.31,
2026-09-20T23:40:41.560141+00:00,200,17412.13,
2026-09-20T23:40:41.616009+00:00,200,17387.03,
2026-09-20T23:40:41.549222+00:00,200,17500.59,
2026-09-20T23:40:41.670950+00:00,200,17405.58,
2026-09-20T23:40:41.581921+00:00,200,17497.41,
2026-09-20T23:40:41.605387+00:00,200,17481.64,
2026-09-20T23:40:41.627728+00:00,200,17465.77,
2026-09-20T23:40:41.638719+00:00,200,17501.13,
2026-09-20T23:40:41.693235+00:00,200,17469.81,
2026-09-20T23:40:41.727454+00:00,200,17462.99,
2026-09-20T23:40:41.738410+00:00,200,17570.07,
2026-09-20T23:40:41.649492+00:00,200,17662.0,
2026-09-20T23:40:41.749316+00:00,200,17568.1,
2026-09-20T23:40:41.770435+00:00,200,17567.93,
2026-09-20T23:40:41.661155+00:00,200,17700.18,
2026-09-20T23:40:41.715653+00:00,200,17680.67,
2026-09-20T23:40:41.683744+00:00,200,17715.29,
2026-09-20T23:40:41.704682+00:00,200,17702.34,
2026-09-20T23:40:41.826718+00:00,200,17595.66,
2026-09-20T23:40:41.760974+00:00,200,17686.75,
2026-09-20T23:40:41.793752+00:00,200,17656.7,
2026-09-20T23:40:41.848656+00:00,200,17639.79,
2026-09-20T23:40:41.804684+00:00,200,17719.58,
2026-09-20T23:40:41.860652+00:00,200,17664.9,
2026-09-20T23:40:41.783341+00:00,200,17748.51,
2026-09-20T23:40:41.816955+00:00,200,17738.63,
2026-09-20T23:40:41.838775+00:00,200,17749.14,
2026-09-20T23:40:41.882283+00:00,200,17708.18,
2026-09-20T23:40:41.905251+00:00,200,17725.42,
2026-09-20T23:40:41.927680+00:00,200,17724.17,
2026-09-20T23:40:41.893822+00:00,200,17874.21,
2026-09-20T23:40:42.014758+00:00,200,17751.69,
2026-09-20T23:40:41.948472+00:00,200,17828.59,
2026-09-20T23:40:42.031548+00:00,200,17793.86,
2026-09-20T23:40:41.871865+00:00,200,17968.55,
2026-09-20T23:40:41.937327+00:00,200,17908.82,
2026-09-20T23:40:41.915432+00:00,200,17946.6,
2026-09-20T23:40:42.042106+00:00,200,17824.52,
2026-09-20T23:40:41.960378+00:00,200,17907.14,
2026-09-20T23:40:42.049926+00:00,200,17892.44,
2026-09-20T23:40:42.026438+00:00,200,17918.69,
2026-09-20T23:40:42.047952+00:00,200,17908.63,
2026-09-20T23:40:42.031548+00:00,200,17940.0,
2026-09-20T23:40:42.082039+00:00,200,17919.59,
2026-09-20T23:40:42.031548+00:00,200,17981.13,
2026-09-20T23:40:42.060498+00:00,200,17990.86,
2026-09-20T23:40:42.115691+00:00,200,17946.2,
2026-09-20T23:40:42.070706+00:00,200,18020.07,
2026-09-20T23:40:42.149877+00:00,200,17947.02,
2026-09-20T23:40:42.138429+00:00,200,17997.16,
2026-09-20T23:40:42.092996+00:00,200,18087.77,
2026-09-20T23:40:42.194319+00:00,200,18059.26,
2026-09-20T23:40:42.237494+00:00,200,18037.37,
2026-09-20T23:40:42.130657+00:00,200,18152.08,
2026-09-20T23:40:42.171832+00:00,200,18128.01,
2026-09-20T23:40:42.104667+00:00,200,18203.59,
2026-09-20T23:40:42.215250+00:00,200,18112.9,
2026-09-20T23:40:42.162218+00:00,200,18176.73,
2026-09-20T23:40:42.282019+00:00,200,18102.42,
2026-09-20T23:40:42.182616+00:00,200,18203.25,
2026-09-20T23:40:42.304687+00:00,200,18093.64,
2026-09-20T23:40:42.204246+00:00,200,18217.25,
2026-09-20T23:40:42.227719+00:00,200,18226.88,
2026-09-20T23:40:42.293055+00:00,200,18178.75,
2026-09-20T23:40:42.261133+00:00,200,18254.92,
2026-09-20T23:40:42.249621+00:00,200,18280.47,
2026-09-20T23:40:42.326627+00:00,200,18205.21,
2026-09-20T23:40:42.272251+00:00,200,18295.52,
2026-09-20T23:40:42.350156+00:00,200,18222.17,
2026-09-20T23:40:42.370970+00:00,200,18299.88,
2026-09-20T23:40:42.316514+00:00,200,18357.73,
2026-09-20T23:40:42.426503+00:00,200,18284.03,
2026-09-20T23:40:42.393269+00:00,200,18347.87,
2026-09-20T23:40:42.338233+00:00,200,18417.26,
2026-09-20T23:40:42.438540+00:00,200,18318.37,
2026-09-20T23:40:42.359822+00:00,200,18404.43,
2026-09-20T23:40:42.459473+00:00,200,18336.85,
2026-09-20T23:40:42.383003+00:00,200,18453.53,
2026-09-20T23:40:42.482512+00:00,200,18382.73,
2026-09-20T23:40:42.405533+00:00,200,18503.1,
2026-09-20T23:40:42.415289+00:00,200,18525.33,
2026-09-20T23:40:42.449556+00:00,200,18504.05,
2026-09-20T23:40:42.505622+00:00,200,18451.15,
2026-09-20T23:40:42.493957+00:00,200,18497.12,
2026-09-20T23:40:42.527443+00:00,200,18479.18,
2026-09-20T23:40:42.560038+00:00,200,18450.19,
2026-09-20T23:40:42.584184+00:00,200,18432.19,
2026-09-20T23:40:42.472078+00:00,200,18547.15,
2026-09-20T23:40:42.516337+00:00,200,18514.47,
2026-09-20T23:40:42.604369+00:00,200,18546.63,
2026-09-20T23:40:42.538202+00:00,200,18634.2,
2026-09-20T23:40:42.671874+00:00,200,18519.26,
2026-09-20T23:40:42.615984+00:00,200,18594.35,
2026-09-20T23:40:42.659333+00:00,200,18574.84,
2026-09-20T23:40:42.704379+00:00,200,18534.1,
2026-09-20T23:40:42.571381+00:00,200,18683.29,
2026-09-20T23:40:42.548406+00:00,200,18740.93,
2026-09-20T23:40:42.594000+00:00,200,18704.31,
2026-09-20T23:40:42.693310+00:00,200,18628.74,
2026-09-20T23:40:42.736974+00:00,200,18693.58,
2026-09-20T23:40:42.636384+00:00,200,18794.21,
2026-09-20T23:40:42.628649+00:00,200,18810.76,
2026-09-20T23:40:42.649334+00:00,200,18804.97,
2026-09-20T23:40:42.749328+00:00,200,18720.15,
2026-09-20T23:40:42.716884+00:00,200,18755.92,
2026-09-20T23:40:42.771502+00:00,200,18718.27,
2026-09-20T23:40:42.783176+00:00,200,18716.43,
2026-09-20T23:40:42.681849+00:00,200,18821.6,
2026-09-20T23:40:42.728016+00:00,200,18822.91,
2026-09-20T23:40:42.815180+00:00,200,18789.17,
2026-09-20T23:40:42.758943+00:00,200,18907.53,
2026-09-20T23:40:42.848711+00:00,200,18822.2,
2026-09-20T23:40:42.860078+00:00,200,18815.68,
2026-09-20T23:40:42.794330+00:00,200,18915.64,
2026-09-20T23:40:42.894473+00:00,200,18831.07,
2026-09-20T23:40:42.904877+00:00,200,18867.97,
2026-09-20T23:40:42.804814+00:00,200,18979.18,
2026-09-20T23:40:42.915553+00:00,200,18892.82,
2026-09-20T23:40:42.826916+00:00,200,18986.39,
2026-09-20T23:40:42.939098+00:00,200,19084.78,
2026-09-20T23:40:42.949117+00:00,200,19076.24,
2026-09-20T23:40:42.972148+00:00,200,19053.61,
2026-09-20T23:40:42.927092+00:00,200,19100.24,
2026-09-20T23:40:42.881799+00:00,200,19146.45,
2026-09-20T23:40:42.871336+00:00,200,19157.71,
2026-09-20T23:40:43.015793+00:00,200,19013.85,
2026-09-20T23:40:42.838343+00:00,200,19193.39,
2026-09-20T23:40:42.959894+00:00,200,19071.42,
2026-09-20T23:40:43.004960+00:00,200,19032.49,
2026-09-20T23:40:43.039117+00:00,200,19044.98,
2026-09-20T23:40:43.082154+00:00,200,19060.89,
2026-09-20T23:40:43.094347+00:00,200,19053.71,
2026-09-20T23:40:42.994292+00:00,200,19175.21,
2026-09-20T23:40:42.983069+00:00,200,19216.83,
2026-09-20T23:40:43.115978+00:00,200,19094.15,
2026-09-20T23:40:43.027442+00:00,200,19214.16,
2026-09-20T23:40:43.126934+00:00,200,19144.53,
2026-09-20T23:40:43.160412+00:00,200,19144.31,
2026-09-20T23:40:43.059995+00:00,200,19247.98,
2026-09-20T23:40:43.050704+00:00,200,19325.01,
2026-09-20T23:40:43.182281+00:00,200,19207.59,
2026-09-20T23:40:43.071512+00:00,200,19332.85,
2026-09-20T23:40:43.193037+00:00,200,19224.72,
2026-09-20T23:40:43.249570+00:00,200,19174.06,
2026-09-20T23:40:43.105868+00:00,200,19318.82,
2026-09-20T23:40:43.148480+00:00,200,19305.93,
2026-09-20T23:40:43.238101+00:00,200,19220.58,
2026-09-20T23:40:43.171320+00:00,200,19315.87,
2026-09-20T23:40:43.137566+00:00,200,19353.64,
2026-09-20T23:40:43.271879+00:00,200,19303.73,
2026-09-20T23:40:43.205028+00:00,200,19415.2,
2026-09-20T23:40:43.305056+00:00,200,19319.7,
2026-09-20T23:40:43.327919+00:00,200,19302.2,
2026-09-20T23:40:43.215629+00:00,200,19460.56,
2026-09-20T23:40:43.337602+00:00,200,19368.48,
2026-09-20T23:40:43.228566+00:00,200,19483.45,
2026-09-20T23:40:43.348753+00:00,200,19371.07,
2026-09-20T23:40:43.260066+00:00,200,19546.62,
2026-09-20T23:40:43.372453+00:00,200,19442.8,
2026-09-20T23:40:43.281637+00:00,200,19562.24,
2026-09-20T23:40:43.416077+00:00,200,19440.9,
2026-09-20T23:40:43.293525+00:00,200,19567.39,
2026-09-20T23:40:43.437838+00:00,200,19466.26,
2026-09-20T23:40:43.449356+00:00,200,19459.69,
2026-09-20T23:40:43.471211+00:00,200,19457.09,
2026-09-20T23:40:43.315567+00:00,200,19620.87,
2026-09-20T23:40:43.393269+00:00,200,19550.03,
2026-09-20T23:40:43.381758+00:00,200,19570.99,
2026-09-20T23:40:43.359996+00:00,200,19621.99,
2026-09-20T23:40:43.494065+00:00,200,19569.36,
2026-09-20T23:40:43.537899+00:00,200,19553.33,
2026-09-20T23:40:43.505205+00:00,200,19599.89,
2026-09-20T23:40:43.404661+00:00,200,19737.8,
2026-09-20T23:40:43.427269+00:00,200,19730.35,
2026-09-20T23:40:43.548903+00:00,200,19641.98,
2026-09-20T23:40:43.459830+00:00,200,19746.77,
2026-09-20T23:40:43.572057+00:00,200,19651.32,
2026-09-20T23:40:43.605651+00:00,200,19665.74,
2026-09-20T23:40:43.482130+00:00,200,19816.22,
2026-09-20T23:40:43.527084+00:00,200,19784.36,
2026-09-20T23:40:43.615383+00:00,200,19710.58,
2026-09-20T23:40:43.516423+00:00,200,19822.18,
2026-09-20T23:40:43.648922+00:00,200,19725.97,
2026-09-20T23:40:43.560563+00:00,200,19830.04,
2026-09-20T23:40:43.695018+00:00,200,19704.96,
2026-09-20T23:40:43.638779+00:00,200,19760.78,
2026-09-20T23:40:43.582023+00:00,200,19848.63,
2026-09-20T23:40:43.593467+00:00,200,19848.19,
2026-09-20T23:40:43.627684+00:00,200,19859.85,
2026-09-20T23:40:43.703985+00:00,200,19840.35,
2026-09-20T23:40:43.727007+00:00,200,19840.07,
2026-09-20T23:40:43.660651+00:00,200,19940.39,
2026-09-20T23:40:43.737481+00:00,200,19890.27,
2026-09-20T23:40:43.804552+00:00,200,19833.14,
2026-09-20T23:40:43.670757+00:00,200,19968.29,
2026-09-20T23:40:43.793675+00:00,200,19897.0,
2026-09-20T23:40:43.682142+00:00,200,20024.95,
2026-09-20T23:40:43.716465+00:00,200,20045.79,
2026-09-20T23:40:43.748678+00:00,200,20018.53,
2026-09-20T23:40:43.815521+00:00,200,19953.85,
2026-09-20T23:40:43.771911+00:00,200,20005.56,
2026-09-20T23:40:43.872483+00:00,200,19981.15,
2026-09-20T23:40:43.882504+00:00,200,19975.48,
2026-09-20T23:40:43.905479+00:00,200,19953.72,
2026-09-20T23:40:43.861013+00:00,200,20000.0,
2026-09-20T23:40:43.783357+00:00,200,20088.99,
2026-09-20T23:40:43.760511+00:00,200,20136.4,
2026-09-20T23:40:43.827613+00:00,200,20105.29,
2026-09-20T23:40:43.837394+00:00,200,20097.67,
2026-09-20T23:40:43.948701+00:00,200,20064.55,
2026-09-20T23:40:43.916229+00:00,200,20132.71,
2026-09-20T23:40:43.849543+00:00,200,20225.5,
2026-09-20T23:40:43.971584+00:00,200,20126.99,
2026-09-20T23:40:43.981938+00:00,200,20146.99,
2026-09-20T23:40:43.894857+00:00,200,20244.29,
2026-09-20T23:40:44.037685+00:00,200,20138.58,
2026-09-20T23:40:43.926423+00:00,200,20258.33,
2026-09-20T23:40:43.960137+00:00,200,20254.39,
2026-09-20T23:40:44.026582+00:00,200,20201.8,
2026-09-20T23:40:43.939189+00:00,200,20294.96,
2026-09-20T23:40:43.993663+00:00,200,20241.68,
2026-09-20T23:40:44.126250+00:00,200,20188.04,
2026-09-20T23:40:44.004228+00:00,200,20318.08,
2026-09-20T23:40:44.071744+00:00,200,20269.54,
2026-09-20T23:40:44.115316+00:00,200,20227.65,
2026-09-20T23:40:44.104108+00:00,200,20242.3,
2026-09-20T23:40:44.015858+00:00,200,20342.8,
2026-09-20T23:40:44.048598+00:00,200,20348.23,
2026-09-20T23:40:44.060112+00:00,200,20339.42,
2026-09-20T23:40:44.160308+00:00,200,20331.58,
2026-09-20T23:40:44.171276+00:00,200,20331.94,
2026-09-20T23:40:44.083365+00:00,200,20429.22,
2026-09-20T23:40:44.194203+00:00,200,20365.04,
2026-09-20T23:40:44.236877+00:00,200,20363.35,
2026-09-20T23:40:44.094622+00:00,200,20508.71,
2026-09-20T23:40:44.227089+00:00,200,20408.19,
2026-09-20T23:40:44.149920+00:00,200,20521.3,
2026-09-20T23:40:44.182510+00:00,200,20494.74,
2026-09-20T23:40:44.138410+00:00,200,20552.91,
2026-09-20T23:40:44.260892+00:00,200,20441.43,
2026-09-20T23:40:44.216531+00:00,200,20491.76,
2026-09-20T23:40:44.348704+00:00,200,20490.16,
2026-09-20T23:40:44.293608+00:00,200,20551.84,
2026-09-20T23:40:44.281860+00:00,200,20566.74,
2026-09-20T23:40:44.204696+00:00,200,20647.6,
2026-09-20T23:40:44.248489+00:00,200,20608.98,
2026-09-20T23:40:44.326498+00:00,200,20551.01,
2026-09-20T23:40:44.272075+00:00,200,20663.43,
2026-09-20T23:40:44.305654+00:00,200,20676.86,
2026-09-20T23:40:44.372958+00:00,200,20689.01,
2026-09-20T23:40:44.415321+00:00,200,20664.32,
2026-09-20T23:40:44.316859+00:00,200,20804.85,
2026-09-20T23:40:44.427288+00:00,200,20736.51,
2026-09-20T23:40:44.337305+00:00,200,20831.52,
2026-09-20T23:40:44.437731+00:00,200,20750.34,
2026-09-20T23:40:44.472335+00:00,200,20738.46,
2026-09-20T23:40:44.381979+00:00,200,20879.01,
2026-09-20T23:40:44.482285+00:00,200,20779.63,
2026-09-20T23:40:44.360177+00:00,200,20908.11,
2026-09-20T23:40:44.404492+00:00,200,20886.68,
2026-09-20T23:40:44.393322+00:00,200,20899.82,
2026-09-20T23:40:44.460609+00:00,200,20880.7,
2026-09-20T23:40:44.516493+00:00,200,20848.75,
2026-09-20T23:40:44.571892+00:00,200,20795.14,
2026-09-20T23:40:44.448688+00:00,200,20952.94,
2026-09-20T23:40:44.526087+00:00,200,20887.37,
2026-09-20T23:40:44.494241+00:00,200,20942.76,
2026-09-20T23:40:44.582996+00:00,200,20858.8,
2026-09-20T23:40:44.504728+00:00,200,20949.84,
2026-09-20T23:40:44.637429+00:00,200,20906.96,
2026-09-20T23:40:44.548546+00:00,200,21002.29,
2026-09-20T23:40:44.604313+00:00,200,20948.83,
2026-09-20T23:40:44.626398+00:00,200,20999.61,
2026-09-20T23:40:44.539158+00:00,200,21115.2,
2026-09-20T23:40:44.659840+00:00,200,21004.31,
2026-09-20T23:40:44.693829+00:00,200,20974.99,
2026-09-20T23:40:44.649405+00:00,200,21076.98,
2026-09-20T23:40:44.560309+00:00,200,21175.16,
2026-09-20T23:40:44.727402+00:00,200,21014.51,
2026-09-20T23:40:44.616705+00:00,200,21139.05,
2026-09-20T23:40:44.593474+00:00,200,21169.55,
2026-09-20T23:40:44.672421+00:00,200,21153.37,
2026-09-20T23:40:44.760579+00:00,200,21064.84,
2026-09-20T23:40:44.738559+00:00,200,21113.65,
2026-09-20T23:40:44.705377+00:00,200,21157.73,
2026-09-20T23:40:44.782748+00:00,200,21114.2,
2026-09-20T23:40:44.716407+00:00,200,21185.9,
2026-09-20T23:40:44.682280+00:00,200,21266.15,
2026-09-20T23:40:44.804404+00:00,200,21150.29,
2026-09-20T23:40:44.749162+00:00,200,21250.64,
2026-09-20T23:40:44.837431+00:00,200,21164.97,
2026-09-20T23:40:44.826131+00:00,200,21202.22,
2026-09-20T23:40:44.848728+00:00,200,21218.52,
2026-09-20T23:40:44.883015+00:00,200,21238.94,
2026-09-20T23:40:44.771386+00:00,200,21352.33,
2026-09-20T23:40:44.917374+00:00,200,21233.15,
2026-09-20T23:40:44.794536+00:00,200,21377.04,
2026-09-20T23:40:44.815413+00:00,200,21375.73,
2026-09-20T23:40:44.871221+00:00,200,21335.8,
2026-09-20T23:40:44.937787+00:00,200,21287.61,
2026-09-20T23:40:44.860464+00:00,200,21385.78,
2026-09-20T23:40:44.970913+00:00,200,21317.02,
2026-09-20T23:40:44.893887+00:00,200,21439.95,
2026-09-20T23:40:44.982106+00:00,200,21361.92,
2026-09-20T23:40:45.005072+00:00,200,21348.25,
2026-09-20T23:40:44.904806+00:00,200,21457.12,
2026-09-20T23:40:44.927424+00:00,200,21443.22,
2026-09-20T23:40:45.016206+00:00,200,21411.61,
2026-09-20T23:40:44.960404+00:00,200,21482.72,
2026-09-20T23:40:45.038540+00:00,200,21412.92,
2026-09-20T23:40:44.949464+00:00,200,21507.76,
2026-09-20T23:40:45.070997+00:00,200,21387.64,
2026-09-20T23:40:45.061383+00:00,200,21509.3,
2026-09-20T23:40:45.115800+00:00,200,21503.96,
2026-09-20T23:40:45.026783+00:00,200,21598.98,
2026-09-20T23:40:45.126866+00:00,200,21516.61,
2026-09-20T23:40:44.993363+00:00,200,21654.7,
2026-09-20T23:40:45.049918+00:00,200,21639.48,
2026-09-20T23:40:45.083216+00:00,200,21620.51,
2026-09-20T23:40:45.150077+00:00,200,21561.83,
2026-09-20T23:40:45.092544+00:00,200,21638.53,
2026-09-20T23:40:45.160862+00:00,200,21615.38,
2026-09-20T23:40:45.170935+00:00,200,21664.75,
2026-09-20T23:40:45.105699+00:00,200,21734.2,
2026-09-20T23:40:45.139081+00:00,200,21706.82,
2026-09-20T23:40:45.195029+00:00,200,21656.36,
2026-09-20T23:40:45.238079+00:00,200,21616.28,
2026-09-20T23:40:45.283131+00:00,200,21628.57,
2026-09-20T23:40:45.182535+00:00,200,21733.15,
2026-09-20T23:40:45.205264+00:00,200,21718.57,
2026-09-20T23:40:45.271661+00:00,200,21660.42,
2026-09-20T23:40:45.249601+00:00,200,21686.71,
2026-09-20T23:40:45.305812+00:00,200,21733.7,
2026-09-20T23:40:45.327057+00:00,200,21763.14,
2026-09-20T23:40:45.215398+00:00,200,21878.15,
2026-09-20T23:40:45.348913+00:00,200,21761.71,
2026-09-20T23:40:45.227403+00:00,200,21888.98,
2026-09-20T23:40:45.261009+00:00,200,21923.0,
2026-09-20T23:40:45.372057+00:00,200,21816.92,
2026-09-20T23:40:45.315428+00:00,200,21882.29,
2026-09-20T23:40:45.293364+00:00,200,21913.94,
2026-09-20T23:40:45.383288+00:00,200,21842.3,
2026-09-20T23:40:45.360916+00:00,200,21923.63,
2026-09-20T23:40:45.337634+00:00,200,21967.52,
2026-09-20T23:40:45.415695+00:00,200,21893.26,
2026-09-20T23:40:45.404523+00:00,200,21919.06,
2026-09-20T23:40:45.426557+00:00,200,21898.94,
2026-09-20T23:40:45.505020+00:00,200,21872.43,
2026-09-20T23:40:45.471680+00:00,200,21910.85,
2026-09-20T23:40:45.493749+00:00,200,21895.8,
2026-09-20T23:40:45.393616+00:00,200,22004.33,
2026-09-20T23:40:45.437905+00:00,200,21978.22,
2026-09-20T23:40:45.549116+00:00,200,21968.9,
2026-09-20T23:40:45.559941+00:00,200,22002.86,
2026-09-20T23:40:45.449528+00:00,200,22113.28,
2026-09-20T23:40:45.571047+00:00,200,22018.21,
2026-09-20T23:40:45.464656+00:00,200,22162.67,
2026-09-20T23:40:45.483353+00:00,200,22171.36,
2026-09-20T23:40:45.516088+00:00,200,22139.93,
2026-09-20T23:40:45.627304+00:00,200,22030.34,
2026-09-20T23:40:45.594016+00:00,200,22070.43,
2026-09-20T23:40:45.527233+00:00,200,22167.25,
2026-09-20T23:40:45.537818+00:00,200,22206.62,
2026-09-20T23:40:45.581933+00:00,200,22170.52,
2026-09-20T23:40:45.604061+00:00,200,22161.3,
2026-09-20T23:40:45.638394+00:00,200,22164.1,
2026-09-20T23:40:45.683260+00:00,200,22119.21,
2026-09-20T23:40:45.704253+00:00,200,22120.69,
2026-09-20T23:40:45.716836+00:00,200,22114.15,
2026-09-20T23:40:45.615583+00:00,200,22251.99,
2026-09-20T23:40:45.660739+00:00,200,22216.31,
2026-09-20T23:40:45.671575+00:00,200,22224.87,
2026-09-20T23:40:45.782932+00:00,200,22217.32,
2026-09-20T23:40:45.748929+00:00,200,22259.18,
2026-09-20T23:40:45.648627+00:00,200,22406.99,
2026-09-20T23:40:45.694433+00:00,200,22373.37,
2026-09-20T23:40:45.804209+00:00,200,22284.61,
2026-09-20T23:40:45.738380+00:00,200,22370.87,
2026-09-20T23:40:45.827696+00:00,200,22293.49,
2026-09-20T23:40:45.763886+00:00,200,22375.08,
2026-09-20T23:40:45.726276+00:00,200,22426.91,
2026-09-20T23:40:45.849099+00:00,200,22317.43,
2026-09-20T23:40:45.793298+00:00,200,22409.2,
2026-09-20T23:40:45.771060+00:00,200,22446.52,
2026-09-20T23:40:45.816114+00:00,200,22407.24,
2026-09-20T23:40:45.871530+00:00,200,22382.68,
2026-09-20T23:40:45.894006+00:00,200,22376.2,
2026-09-20T23:40:45.916752+00:00,200,22355.15,
2026-09-20T23:40:45.938148+00:00,200,22346.97,
2026-09-20T23:40:45.837949+00:00,200,22488.68,
2026-09-20T23:40:45.960370+00:00,200,22372.9,
2026-09-20T23:40:45.860427+00:00,200,22505.96,
2026-09-20T23:40:46.005307+00:00,200,22455.52,
2026-09-20T23:40:45.983301+00:00,200,22490.4,
2026-09-20T23:40:45.882333+00:00,200,22648.58,
2026-09-20T23:40:45.904112+00:00,200,22656.53,
2026-09-20T23:40:46.031389+00:00,200,22532.75,
2026-09-20T23:40:45.926542+00:00,200,22650.15,
2026-09-20T23:40:45.949441+00:00,200,22654.87,
2026-09-20T23:40:45.970695+00:00,200,22670.66,
2026-09-20T23:40:46.038397+00:00,200,22615.79,
2026-09-20T23:40:46.059594+00:00,200,22604.28,
2026-09-20T23:40:45.994182+00:00,200,22674.93,
2026-09-20T23:40:46.016525+00:00,200,22663.12,
2026-09-20T23:40:46.049651+00:00,200,22666.74,
2026-09-20T23:40:46.093224+00:00,200,22634.26,
2026-09-20T23:40:46.150009+00:00,200,22585.71,
2026-09-20T23:40:46.137812+00:00,200,22617.59,
2026-09-20T23:40:46.115694+00:00,200,22645.13,
2026-09-20T23:40:46.082771+00:00,200,22690.93,
2026-09-20T23:40:46.181884+00:00,200,22627.47,
2026-09-20T23:40:46.071527+00:00,200,22773.75,
2026-09-20T23:40:46.196331+00:00,200,22727.7,
2026-09-20T23:40:46.237396+00:00,200,22705.45,
2026-09-20T23:40:46.126745+00:00,200,22843.59,
2026-09-20T23:40:46.159770+00:00,200,22861.56,
2026-09-20T23:40:46.227590+00:00,200,22805.96,
2026-09-20T23:40:46.104968+00:00,200,22944.33,
2026-09-20T23:40:46.216771+00:00,200,22881.52,
2026-09-20T23:40:46.171678+00:00,200,22930.52,
2026-09-20T23:40:46.271452+00:00,200,22840.84,
2026-09-20T23:40:46.282853+00:00,200,22845.32,
2026-09-20T23:40:46.261261+00:00,200,22909.82,
2026-09-20T23:40:46.248989+00:00,200,22922.74,
2026-09-20T23:40:46.205499+00:00,200,22973.34,
2026-09-20T23:40:46.337600+00:00,200,22885.15,
2026-09-20T23:40:46.316577+00:00,200,22907.83,
2026-09-20T23:40:46.348557+00:00,200,22875.64,
2026-09-20T23:40:46.294289+00:00,200,22941.83,
2026-09-20T23:40:46.382230+00:00,200,22862.51,
2026-09-20T23:40:46.304710+00:00,200,22992.1,
2026-09-20T23:40:46.404401+00:00,200,22895.64,
2026-09-20T23:40:46.437496+00:00,200,22965.64,
2026-09-20T23:40:46.427832+00:00,200,22980.88,
2026-09-20T23:40:46.327670+00:00,200,23127.91,
2026-09-20T23:40:46.360261+00:00,200,23117.27,
2026-09-20T23:40:46.370461+00:00,200,23143.42,
2026-09-20T23:40:46.459923+00:00,200,23060.77,
2026-09-20T23:40:46.505562+00:00,200,23048.42,
2026-09-20T23:40:46.394699+00:00,200,23162.06,
2026-09-20T23:40:46.482205+00:00,200,23111.95,
2026-09-20T23:40:46.415558+00:00,200,23188.32,
2026-09-20T23:40:46.527548+00:00,200,23080.77,
2026-09-20T23:40:46.450092+00:00,200,23171.56,
2026-09-20T23:40:46.471612+00:00,200,23186.3,
2026-09-20T23:40:46.560769+00:00,200,23106.14,
2026-09-20T23:40:46.538349+00:00,200,23147.36,
2026-09-20T23:40:46.593234+00:00,200,23110.45,
2026-09-20T23:40:46.581949+00:00,200,23134.43,
2026-09-20T23:40:46.493861+00:00,200,23231.54,
2026-09-20T23:40:46.515509+00:00,200,23227.32,
2026-09-20T23:40:46.637520+00:00,200,23154.89,
2026-09-20T23:40:46.648534+00:00,200,23204.45,
2026-09-20T23:40:46.671522+00:00,200,23240.45,
2026-09-20T23:40:46.548513+00:00,200,23370.47,
2026-09-20T23:40:46.571572+00:00,200,23398.92,
2026-09-20T23:40:46.683297+00:00,200,23307.52,
2026-09-20T23:40:46.605528+00:00,200,23391.98,
2026-09-20T23:40:46.616723+00:00,200,23387.79,
2026-09-20T23:40:46.715732+00:00,200,23302.91,
2026-09-20T23:40:46.627635+00:00,200,23481.63,
2026-09-20T23:40:46.737700+00:00,200,23392.65,
2026-09-20T23:40:46.660634+00:00,200,23478.82,
2026-09-20T23:40:46.694794+00:00,200,23466.06,
2026-09-20T23:40:46.705617+00:00,200,23488.18,
2026-09-20T23:40:46.748749+00:00,200,23473.83,
2026-09-20T23:40:46.760721+00:00,200,23474.59,
2026-09-20T23:40:46.726218+00:00,200,23530.94,
2026-09-20T23:40:46.815299+00:00,200,23463.2,
2026-09-20T23:40:46.804943+00:00,200,23490.44,
2026-09-20T23:40:46.770868+00:00,200,23575.79,
2026-09-20T23:40:46.849305+00:00,200,23562.84,
2026-09-20T23:40:46.872154+00:00,200,23551.77,
2026-09-20T23:40:46.882730+00:00,200,23574.35,
2026-09-20T23:40:46.794442+00:00,200,23692.24,
2026-09-20T23:40:46.914582+00:00,200,23628.61,
2026-09-20T23:40:46.781866+00:00,200,23776.28,
2026-09-20T23:40:46.838575+00:00,200,23734.28,
2026-09-20T23:40:46.827486+00:00,200,23751.72,
2026-09-20T23:40:46.926209+00:00,200,23686.02,
2026-09-20T23:40:46.859657+00:00,200,23797.42,
2026-09-20T23:40:46.894326+00:00,200,23786.45,
2026-09-20T23:40:46.949010+00:00,200,23739.17,
2026-09-20T23:40:47.004397+00:00,200,23692.51,
2026-09-20T23:40:46.905379+00:00,200,23820.78,
2026-09-20T23:40:46.971468+00:00,200,23761.58,
2026-09-20T23:40:46.937781+00:00,200,23824.15,
2026-09-20T23:40:46.961249+00:00,200,23827.96,
2026-09-20T23:40:47.015136+00:00,200,23823.54,
2026-09-20T23:40:47.048591+00:00,200,23828.55,
2026-09-20T23:40:46.983420+00:00,200,23894.64,
2026-09-20T23:40:47.071212+00:00,200,23860.28,
2026-09-20T23:40:47.081875+00:00,200,23853.82,
2026-09-20T23:40:47.105758+00:00,200,23843.54,
2026-09-20T23:40:46.994223+00:00,200,24035.14,
2026-09-20T23:40:47.126206+00:00,200,23914.65,
2026-09-20T23:40:47.037469+00:00,200,24064.41,
2026-09-20T23:40:47.027203+00:00,200,24081.7,
2026-09-20T23:40:47.059888+00:00,200,24066.23,
2026-09-20T23:40:47.148700+00:00,200,24007.63,
2026-09-20T23:40:47.094180+00:00,200,24100.11,
2026-09-20T23:40:47.116257+00:00,200,24104.52,
2026-09-20T23:40:47.182926+00:00,200,24049.23,
2026-09-20T23:40:47.228018+00:00,200,24007.9,
2026-09-20T23:40:47.193348+00:00,200,24058.9,
2026-09-20T23:40:47.171755+00:00,200,24084.98,
2026-09-20T23:40:47.138073+00:00,200,24123.11,
2026-09-20T23:40:47.161030+00:00,200,24121.69,
2026-09-20T23:40:47.248320+00:00,200,24052.44,
2026-09-20T23:40:47.270902+00:00,200,24090.03,
2026-09-20T23:40:47.204582+00:00,200,24163.25,
2026-09-20T23:40:47.316257+00:00,200,24067.55,
2026-09-20T23:40:47.327269+00:00,200,24111.26,
2026-09-20T23:40:47.282063+00:00,200,24186.91,
2026-09-20T23:40:47.360870+00:00,200,24140.5,
2026-09-20T23:40:47.215831+00:00,200,24300.3,
2026-09-20T23:40:47.238016+00:00,200,24291.48,
2026-09-20T23:40:47.261637+00:00,200,24280.55,
2026-09-20T23:40:47.294593+00:00,200,24271.5,
2026-09-20T23:40:47.371183+00:00,200,24255.05,
2026-09-20T23:40:47.304106+00:00,200,24355.08,
2026-09-20T23:40:47.415893+00:00,200,24244.88,
2026-09-20T23:40:47.404516+00:00,200,24286.13,
2026-09-20T23:40:47.337887+00:00,200,24373.2,
2026-09-20T23:40:47.394008+00:00,200,24326.79,
2026-09-20T23:40:47.381943+00:00,200,24339.84,
2026-09-20T23:40:47.348713+00:00,200,24389.05,
2026-09-20T23:40:47.438815+00:00,200,24304.65,
2026-09-20T23:40:47.470777+00:00,200,24307.71,
2026-09-20T23:40:47.426310+00:00,200,24359.91,
2026-09-20T23:40:47.493373+00:00,200,24303.06,
2026-09-20T23:40:47.571508+00:00,200,24459.68,
2026-09-20T23:40:47.550346+00:00,200,24482.98,
2026-09-20T23:40:47.539013+00:00,200,24495.65,
2026-09-20T23:40:47.481926+00:00,200,24555.81,
2026-09-20T23:40:47.515633+00:00,200,24523.04,
2026-09-20T23:40:47.461320+00:00,200,24578.18,
2026-09-20T23:40:47.505355+00:00,200,24535.47,
2026-09-20T23:40:47.448563+00:00,200,24593.15,
2026-09-20T23:40:47.527737+00:00,200,24585.18,
2026-09-20T23:40:47.638888+00:00,200,24484.98,
2026-09-20T23:40:47.604656+00:00,200,24530.17,
2026-09-20T23:40:47.616726+00:00,200,24531.69,
2026-09-20T23:40:47.650071+00:00,200,24525.64,
2026-09-20T23:40:47.559873+00:00,200,24616.69,
2026-09-20T23:40:47.660038+00:00,200,24520.22,
2026-09-20T23:40:47.592982+00:00,200,24619.44,
2026-09-20T23:40:47.682204+00:00,200,24543.31,
2026-09-20T23:40:47.582219+00:00,200,24645.46,
2026-09-20T23:40:47.626534+00:00,200,24620.11,
2026-09-20T23:40:47.705054+00:00,200,24549.39,
2026-09-20T23:40:47.738351+00:00,200,24572.81,
2026-09-20T23:40:47.749116+00:00,200,24595.72,
2026-09-20T23:40:47.783186+00:00,200,24635.94,
2026-09-20T23:40:47.816306+00:00,200,24605.47,
2026-09-20T23:40:47.671200+00:00,200,24758.86,
2026-09-20T23:40:47.715760+00:00,200,24736.49,
2026-09-20T23:40:47.694078+00:00,200,24770.3,
2026-09-20T23:40:47.726183+00:00,200,24750.55,
2026-09-20T23:40:47.761256+00:00,200,24832.62,
2026-09-20T23:40:47.805754+00:00,200,24791.18,
2026-09-20T23:40:47.848636+00:00,200,24751.8,
2026-09-20T23:40:47.793596+00:00,200,24827.14,
2026-09-20T23:40:47.871930+00:00,200,24761.15,
2026-09-20T23:40:47.905947+00:00,200,24736.5,
2026-09-20T23:40:47.771885+00:00,200,24870.82,
2026-09-20T23:40:47.827726+00:00,200,24831.62,
2026-09-20T23:40:47.860245+00:00,200,24829.0,
2026-09-20T23:40:47.949321+00:00,200,24762.71,
2026-09-20T23:40:47.837630+00:00,200,24876.59,
2026-09-20T23:40:47.894067+00:00,200,24826.69,
2026-09-20T23:40:47.938632+00:00,200,24841.01,
2026-09-20T23:40:47.982772+00:00,200,24835.71,
2026-09-20T23:40:48.004461+00:00,200,24852.36,
2026-09-20T23:40:48.016172+00:00,200,24843.65,
2026-09-20T23:40:47.882613+00:00,200,24997.24,
2026-09-20T23:40:47.916604+00:00,200,24997.26,
2026-09-20T23:40:47.927446+00:00,200,25005.0,
2026-09-20T23:40:47.971399+00:00,200,24972.09,
2026-09-20T23:40:47.960881+00:00,200,25050.22,
2026-09-20T23:40:48.048797+00:00,200,24991.05,
2026-09-20T23:40:48.060195+00:00,200,24998.15,
2026-09-20T23:40:48.104147+00:00,200,24981.14,
2026-09-20T23:40:48.094359+00:00,200,24999.62,
2026-09-20T23:40:47.993265+00:00,200,25123.23,
2026-09-20T23:40:48.039698+00:00,200,25110.07,
2026-09-20T23:40:48.027194+00:00,200,25127.76,
2026-09-20T23:40:48.141436+00:00,200,25015.2,
2026-09-20T23:40:48.071621+00:00,200,25106.58,
2026-09-20T23:40:48.149682+00:00,200,25036.93,
2026-09-20T23:40:48.081867+00:00,200,25109.34,
2026-09-20T23:40:48.171058+00:00,200,25064.73,
2026-09-20T23:40:48.203477+00:00,200,25089.35,
2026-09-20T23:40:48.259784+00:00,200,25062.0,
2026-09-20T23:40:48.215489+00:00,200,25107.72,
2026-09-20T23:40:48.115347+00:00,200,25215.16,
2026-09-20T23:40:48.161081+00:00,200,25237.54,
2026-09-20T23:40:48.126563+00:00,200,25300.7,
2026-09-20T23:40:48.183388+00:00,200,25272.66,
2026-09-20T23:40:48.316358+00:00,200,25187.35,
2026-09-20T23:40:48.193630+00:00,200,25326.14,
2026-09-20T23:40:48.271078+00:00,200,25250.27,
2026-09-20T23:40:48.293531+00:00,200,25234.25,
2026-09-20T23:40:48.327292+00:00,200,25216.95,
2026-09-20T23:40:48.228288+00:00,200,25319.85,
2026-09-20T23:40:48.249203+00:00,200,25319.87,
2026-09-20T23:40:48.359695+00:00,200,25270.57,
2026-09-20T23:40:48.237800+00:00,200,25398.29,
2026-09-20T23:40:48.393133+00:00,200,25243.86,
2026-09-20T23:40:48.382417+00:00,200,25273.89,
2026-09-20T23:40:48.282709+00:00,200,25376.22,
2026-09-20T23:40:48.304238+00:00,200,25371.28,
2026-09-20T23:40:48.427613+00:00,200,25300.54,
2026-09-20T23:40:48.471276+00:00,200,25298.24,
2026-09-20T23:40:48.448928+00:00,200,25359.67,
2026-09-20T23:40:48.338927+00:00,200,25470.02,
2026-09-20T23:40:48.349181+00:00,200,25539.2,
2026-09-20T23:40:48.372658+00:00,200,25543.57,
2026-09-20T23:40:48.415437+00:00,200,25507.21,
2026-09-20T23:40:48.405086+00:00,200,25540.96,
2026-09-20T23:40:48.505116+00:00,200,25456.64,
2026-09-20T23:40:48.494402+00:00,200,25485.18,
2026-09-20T23:40:48.439169+00:00,200,25568.89,
2026-09-20T23:40:48.538485+00:00,200,25470.41,
2026-09-20T23:40:48.549532+00:00,200,25472.29,
2026-09-20T23:40:48.460058+00:00,200,25564.97,
2026-09-20T23:40:48.604501+00:00,200,25474.14,
2026-09-20T23:40:48.638016+00:00,200,25459.25,
2026-09-20T23:40:48.482249+00:00,200,25628.92,
2026-09-20T23:40:48.516864+00:00,200,25600.56,
2026-09-20T23:40:48.528295+00:00,200,25595.87,
2026-09-20T23:40:48.594079+00:00,200,25540.73,
2026-09-20T23:40:48.649939+00:00,200,25527.34,
2026-09-20T23:40:48.660144+00:00,200,25596.71,
2026-09-20T23:40:48.561258+00:00,200,25701.59,
2026-09-20T23:40:48.671734+00:00,200,25601.67,
2026-09-20T23:40:48.574407+00:00,200,25759.29,
2026-09-20T23:40:48.581984+00:00,200,25791.44,
2026-09-20T23:40:48.615411+00:00,200,25762.82,
2026-09-20T23:40:48.726512+00:00,200,25711.91,
2026-09-20T23:40:48.627359+00:00,200,25813.56,
2026-09-20T23:40:48.704976+00:00,200,25758.41,
2026-09-20T23:40:48.796117+00:00,200,25679.37,
2026-09-20T23:40:48.681886+00:00,200,25809.47,
2026-09-20T23:40:48.748663+00:00,200,25753.25,
2026-09-20T23:40:48.716410+00:00,200,25794.35,
2026-09-20T23:40:48.694349+00:00,200,25858.62,
2026-09-20T23:40:48.816626+00:00,200,25738.52,
2026-09-20T23:40:48.782798+00:00,200,25772.8,
2026-09-20T23:40:48.760969+00:00,200,25820.6,
2026-09-20T23:40:48.738557+00:00,200,25849.21,
2026-09-20T23:40:48.838864+00:00,200,25752.33,
2026-09-20T23:40:48.872281+00:00,200,25784.88,
2026-09-20T23:40:48.882226+00:00,200,25841.32,
2026-09-20T23:40:48.772202+00:00,200,25954.87,
2026-09-20T23:40:48.894042+00:00,200,25840.2,
2026-09-20T23:40:48.804295+00:00,200,25986.1,
2026-09-20T23:40:48.827284+00:00,200,26014.88,
2026-09-20T23:40:48.848512+00:00,200,26016.67,
2026-09-20T23:40:48.861242+00:00,200,26027.27,
2026-09-20T23:40:48.982321+00:00,200,25920.46,
2026-09-20T23:40:48.949911+00:00,200,25970.23,
2026-09-20T23:40:48.928000+00:00,200,26000.94,
2026-09-20T23:40:48.938365+00:00,200,26057.02,
2026-09-20T23:40:48.916483+00:00,200,26081.47,
2026-09-20T23:40:48.993477+00:00,200,26004.85,
2026-09-20T23:40:48.904496+00:00,200,26095.28,
2026-09-20T23:40:49.016094+00:00,200,25986.67,
2026-09-20T23:40:49.071360+00:00,200,25959.17,
2026-09-20T23:40:49.037470+00:00,200,25999.32,
2026-09-20T23:40:48.971647+00:00,200,26079.76,
2026-09-20T23:40:48.960576+00:00,200,26115.44,
2026-09-20T23:40:49.082554+00:00,200,26081.61,
2026-09-20T23:40:49.004449+00:00,200,26164.06,
2026-09-20T23:40:49.104408+00:00,200,26071.16,
2026-09-20T23:40:49.148996+00:00,200,26043.57,
2026-09-20T23:40:49.026506+00:00,200,26249.82,
2026-09-20T23:40:49.048611+00:00,200,26273.81,
2026-09-20T23:40:49.061060+00:00,200,26273.15,
2026-09-20T23:40:49.093298+00:00,200,26274.3,
2026-09-20T23:40:49.160683+00:00,200,26210.22,
2026-09-20T23:40:49.170719+00:00,200,26216.24,
2026-09-20T23:40:49.227428+00:00,200,26182.93,
2026-09-20T23:40:49.128355+00:00,200,26303.58,
2026-09-20T23:40:49.204225+00:00,200,26238.44,
2026-09-20T23:40:49.115803+00:00,200,26344.25,
2026-09-20T23:40:49.137882+00:00,200,26325.1,
2026-09-20T23:40:49.215353+00:00,200,26259.88,
2026-09-20T23:40:49.261100+00:00,200,26241.28,
2026-09-20T23:40:49.181807+00:00,200,26320.33,
2026-09-20T23:40:49.193321+00:00,200,26326.98,
2026-09-20T23:40:49.294313+00:00,200,26240.92,
2026-09-20T23:40:49.360386+00:00,200,26246.47,
2026-09-20T23:40:49.237578+00:00,200,26382.29,
2026-09-20T23:40:49.305121+00:00,200,26326.22,
2026-09-20T23:40:49.326908+00:00,200,26350.44,
2026-09-20T23:40:49.249975+00:00,200,26483.29,
2026-09-20T23:40:49.282220+00:00,200,26520.19,
2026-09-20T23:40:49.393876+00:00,200,26409.17,
2026-09-20T23:40:49.271873+00:00,200,26537.24,
2026-09-20T23:40:49.317107+00:00,200,26503.27,
2026-09-20T23:40:49.382917+00:00,200,26460.34,
2026-09-20T23:40:49.338256+00:00,200,26535.76,
2026-09-20T23:40:49.438315+00:00,200,26435.53,
2026-09-20T23:40:49.416770+00:00,200,26459.23,
2026-09-20T23:40:49.350198+00:00,200,26577.65,
2026-09-20T23:40:49.471408+00:00,200,26462.16,
2026-09-20T23:40:49.370867+00:00,200,26566.45,
2026-09-20T23:40:49.404901+00:00,200,26550.19,
2026-09-20T23:40:49.493166+00:00,200,26481.21,
2026-09-20T23:40:49.427464+00:00,200,26552.14,
2026-09-20T23:40:49.483125+00:00,200,26518.87,
2026-09-20T23:40:49.572176+00:00,200,26505.08,
2026-09-20T23:40:49.461012+00:00,200,26620.48,
2026-09-20T23:40:49.537557+00:00,200,26549.38,
2026-09-20T23:40:49.582672+00:00,200,26573.29,
2026-09-20T23:40:49.448821+00:00,200,26755.41,
2026-09-20T23:40:49.504963+00:00,200,26741.38,
2026-09-20T23:40:49.604177+00:00,200,26654.35,
2026-09-20T23:40:49.516652+00:00,200,26747.43,
2026-09-20T23:40:49.527763+00:00,200,26738.03,
2026-09-20T23:40:49.627630+00:00,200,26699.69,
2026-09-20T23:40:49.659557+00:00,200,26672.88,
2026-09-20T23:40:49.549875+00:00,200,26793.05,
2026-09-20T23:40:49.704336+00:00,200,26654.28,
2026-09-20T23:40:49.649110+00:00,200,26725.45,
2026-09-20T23:40:49.593341+00:00,200,26799.95,
2026-09-20T23:40:49.560076+00:00,200,26856.03,
2026-09-20T23:40:49.616520+00:00,200,26803.14,
2026-09-20T23:40:49.694658+00:00,200,26729.53,
2026-09-20T23:40:49.639105+00:00,200,26787.77,
2026-09-20T23:40:49.749495+00:00,200,26689.55,
2026-09-20T23:40:49.672348+00:00,200,26848.25,
2026-09-20T23:40:49.726993+00:00,200,26823.57,
2026-09-20T23:40:49.782523+00:00,200,26783.19,
2026-09-20T23:40:49.793098+00:00,200,26830.28,
2026-09-20T23:40:49.682558+00:00,200,26953.94,
2026-09-20T23:40:49.827360+00:00,200,26888.25,
2026-09-20T23:40:49.760836+00:00,200,26955.8,
2026-09-20T23:40:49.737956+00:00,200,26995.84,
2026-09-20T23:40:49.716635+00:00,200,27024.52,
2026-09-20T23:40:49.837807+00:00,200,26937.53,
2026-09-20T23:40:49.860304+00:00,200,26944.59,
2026-09-20T23:40:49.771659+00:00,200,27034.34,
2026-09-20T23:40:49.893203+00:00,200,26921.11,
2026-09-20T23:40:49.916142+00:00,200,26914.98,
2026-09-20T23:40:49.848626+00:00,200,27019.33,
2026-09-20T23:40:49.816750+00:00,200,27053.27,
2026-09-20T23:40:49.938346+00:00,200,26937.94,
2026-09-20T23:40:49.871542+00:00,200,27006.58,
2026-09-20T23:40:49.961383+00:00,200,26916.58,
2026-09-20T23:40:49.805001+00:00,200,27082.26,
2026-09-20T23:40:49.883125+00:00,200,27076.02,
2026-09-20T23:40:49.982036+00:00,200,27042.33,
2026-09-20T23:40:49.971620+00:00,200,27054.39,
2026-09-20T23:40:50.027090+00:00,200,27062.25,
2026-09-20T23:40:49.904121+00:00,200,27192.78,
2026-09-20T23:40:50.038054+00:00,200,27137.11,
2026-09-20T23:40:49.926439+00:00,200,27281.12,
2026-09-20T23:40:49.948791+00:00,200,27259.57,
2026-09-20T23:40:49.992999+00:00,200,27220.58,
2026-09-20T23:40:50.060139+00:00,200,27181.27,
2026-09-20T23:40:50.004568+00:00,200,27265.03,
2026-09-20T23:40:50.104972+00:00,200,27176.92,
2026-09-20T23:40:50.082571+00:00,200,27202.48,
2026-09-20T23:40:50.137786+00:00,200,27149.25,
2026-09-20T23:40:50.160954+00:00,200,27159.57,
2026-09-20T23:40:50.016290+00:00,200,27311.44,
2026-09-20T23:40:50.049004+00:00,200,27282.23,
2026-09-20T23:40:50.170997+00:00,200,27179.88,
2026-09-20T23:40:50.071211+00:00,200,27298.61,
2026-09-20T23:40:50.093561+00:00,200,27284.21,
2026-09-20T23:40:50.115492+00:00,200,27319.63,
2026-09-20T23:40:50.227166+00:00,200,27219.91,
2026-09-20T23:40:50.194310+00:00,200,27295.08,
2026-09-20T23:40:50.237193+00:00,200,27307.3,
2026-09-20T23:40:50.125628+00:00,200,27432.54,
2026-09-20T23:40:50.148655+00:00,200,27503.09,
2026-09-20T23:40:50.182562+00:00,200,27482.2,
2026-09-20T23:40:50.260946+00:00,200,27415.41,
2026-09-20T23:40:50.215363+00:00,200,27468.71,
2026-09-20T23:40:50.294195+00:00,200,27395.97,
2026-09-20T23:40:50.205222+00:00,200,27505.91,
2026-09-20T23:40:50.305527+00:00,200,27418.51,
2026-09-20T23:40:50.326734+00:00,200,27403.69,
2026-09-20T23:40:50.338552+00:00,200,27397.34,
2026-09-20T23:40:50.249794+00:00,200,27532.2,
2026-09-20T23:40:50.270987+00:00,200,27515.02,
2026-09-20T23:40:50.394148+00:00,200,27396.81,
2026-09-20T23:40:50.382961+00:00,200,27438.42,
2026-09-20T23:40:50.315648+00:00,200,27534.21,
2026-09-20T23:40:50.282857+00:00,200,27586.96,
2026-09-20T23:40:50.426562+00:00,200,27475.79,
2026-09-20T23:40:50.349106+00:00,200,27556.13,
2026-09-20T23:40:50.448827+00:00,200,27517.7,
2026-09-20T23:40:50.460017+00:00,200,27562.33,
2026-09-20T23:40:50.359773+00:00,200,27682.55,
2026-09-20T23:40:50.493068+00:00,200,27604.55,
2026-09-20T23:40:50.372381+00:00,200,27750.91,
2026-09-20T23:40:50.415653+00:00,200,27710.24,
2026-09-20T23:40:50.404885+00:00,200,27725.89,
2026-09-20T23:40:50.504681+00:00,200,27630.76,
2026-09-20T23:40:50.438514+00:00,200,27700.54,
2026-09-20T23:40:50.528430+00:00,200,27654.48,
2026-09-20T23:40:50.548647+00:00,200,27634.15,
2026-09-20T23:40:50.583333+00:00,200,27605.38,
2026-09-20T23:40:50.472212+00:00,200,27749.04,
2026-09-20T23:40:50.482359+00:00,200,27759.69,
2026-09-20T23:40:50.594552+00:00,200,27649.53,
2026-09-20T23:40:50.628252+00:00,200,27677.23,
2026-09-20T23:40:50.537702+00:00,200,27793.7,
2026-09-20T23:40:50.515851+00:00,200,27818.08,
2026-09-20T23:40:50.571210+00:00,200,27791.1,
2026-09-20T23:40:50.638674+00:00,200,27726.24,
2026-09-20T23:40:50.681755+00:00,200,27756.46,
2026-09-20T23:40:50.671257+00:00,200,27793.64,
2026-09-20T23:40:50.560034+00:00,200,27941.79,
2026-09-20T23:40:50.715878+00:00,200,27850.75,
2026-09-20T23:40:50.650123+00:00,200,27929.4,
2026-09-20T23:40:50.605385+00:00,200,27987.22,
2026-09-20T23:40:50.726472+00:00,200,27870.88,
2026-09-20T23:40:50.615923+00:00,200,27986.6,
2026-09-20T23:40:50.661109+00:00,200,27948.39,
2026-09-20T23:40:50.760514+00:00,200,27858.59,
2026-09-20T23:40:50.793263+00:00,200,27845.58,
2026-09-20T23:40:50.815244+00:00,200,27850.14,
2026-09-20T23:40:50.770859+00:00,200,27916.96,
2026-09-20T23:40:50.693944+00:00,200,28018.43,
2026-09-20T23:40:50.704448+00:00,200,28014.71,
2026-09-20T23:40:50.827219+00:00,200,27922.27,
2026-09-20T23:40:50.748755+00:00,200,28043.66,
2026-09-20T23:40:50.882172+00:00,200,27937.8,
2026-09-20T23:40:50.738455+00:00,200,28085.52,
2026-09-20T23:40:50.782117+00:00,200,28054.09,
2026-09-20T23:40:50.860534+00:00,200,28016.6,
2026-09-20T23:40:50.915504+00:00,200,28031.41,
2026-09-20T23:40:50.804377+00:00,200,28173.98,
2026-09-20T23:40:50.960158+00:00,200,28069.35,
2026-09-20T23:40:50.838015+00:00,200,28195.69,
2026-09-20T23:40:50.938787+00:00,200,28096.89,
2026-09-20T23:40:50.849286+00:00,200,28213.31,
2026-09-20T23:40:50.904994+00:00,200,28160.03,
2026-09-20T23:40:50.982830+00:00,200,28092.84,
2026-09-20T23:40:50.871459+00:00,200,28224.73,
2026-09-20T23:40:51.005767+00:00,200,28099.95,
2026-09-20T23:40:51.038383+00:00,200,28080.92,
2026-09-20T23:40:51.027273+00:00,200,28124.37,
2026-09-20T23:40:50.893327+00:00,200,28262.24,
2026-09-20T23:40:50.926981+00:00,200,28242.05,
2026-09-20T23:40:51.071787+00:00,200,28146.39,
2026-09-20T23:40:50.949177+00:00,200,28308.22,
2026-09-20T23:40:50.971794+00:00,200,28304.95,
2026-09-20T23:40:50.994155+00:00,200,28283.48,
2026-09-20T23:40:51.082133+00:00,200,28236.44,
2026-09-20T23:40:51.093315+00:00,200,28241.84,
2026-09-20T23:40:51.138304+00:00,200,28267.54,
2026-09-20T23:40:51.015404+00:00,200,28401.1,
2026-09-20T23:40:51.149695+00:00,200,28316.73,
2026-09-20T23:40:51.060621+00:00,200,28442.13,
2026-09-20T23:40:51.171171+00:00,200,28336.77,
2026-09-20T23:40:51.115370+00:00,200,28427.0,
2026-09-20T23:40:51.104494+00:00,200,28441.16,
2026-09-20T23:40:51.050140+00:00,200,28497.87,
2026-09-20T23:40:51.248872+00:00,200,28310.2,
2026-09-20T23:40:51.215758+00:00,200,28344.8,
2026-09-20T23:40:51.183584+00:00,200,28386.35,
2026-09-20T23:40:51.127565+00:00,200,28457.8,
2026-09-20T23:40:51.160713+00:00,200,28450.06,
2026-09-20T23:40:51.272492+00:00,200,28364.54,
2026-09-20T23:40:51.282617+00:00,200,28424.45,
2026-09-20T23:40:51.194113+00:00,200,28538.94,
2026-09-20T23:40:51.226753+00:00,200,28519.18,
2026-09-20T23:40:51.204283+00:00,200,28566.67,
2026-09-20T23:40:51.337576+00:00,200,28447.6,
2026-09-20T23:40:51.305681+00:00,200,28500.44,
2026-09-20T23:40:51.349884+00:00,200,28522.02,
2026-09-20T23:40:51.382929+00:00,200,28522.48,
2026-09-20T23:40:51.238374+00:00,200,28671.79,
2026-09-20T23:40:51.327037+00:00,200,28609.61,
2026-09-20T23:40:51.404381+00:00,200,28538.98,
2026-09-20T23:40:51.260860+00:00,200,28714.72,
2026-09-20T23:40:51.448499+00:00,200,28550.61,
2026-09-20T23:40:51.315921+00:00,200,28685.64,
2026-09-20T23:40:51.294313+00:00,200,28710.45,
2026-09-20T23:40:51.459841+00:00,200,28557.86,
2026-09-20T23:40:51.360262+00:00,200,28661.46,
2026-09-20T23:40:51.427151+00:00,200,28601.08,
2026-09-20T23:40:51.372418+00:00,200,28686.89,
2026-09-20T23:40:51.494137+00:00,200,28587.75,
2026-09-20T23:40:51.504419+00:00,200,28662.93,
2026-09-20T23:40:51.393923+00:00,200,28793.71,
2026-09-20T23:40:51.438806+00:00,200,28780.24,
2026-09-20T23:40:51.415491+00:00,200,28807.09,
2026-09-20T23:40:51.526630+00:00,200,28722.58,
2026-09-20T23:40:51.549513+00:00,200,28700.91,
2026-09-20T23:40:51.593875+00:00,200,28759.99,
2026-09-20T23:40:51.483425+00:00,200,28874.5,
2026-09-20T23:40:51.604697+00:00,200,28778.08,
2026-09-20T23:40:51.615441+00:00,200,28776.28,
2026-09-20T23:40:51.471423+00:00,200,28938.57,
2026-09-20T23:40:51.537857+00:00,200,28892.65,
2026-09-20T23:40:51.516556+00:00,200,28949.06,
2026-09-20T23:40:51.561721+00:00,200,28906.32,
2026-09-20T23:40:51.627162+00:00,200,28850.04,
2026-09-20T23:40:51.672008+00:00,200,28804.6,
2026-09-20T23:40:51.693022+00:00,200,28796.87,
2026-09-20T23:40:51.571210+00:00,200,28920.47,
2026-09-20T23:40:51.582031+00:00,200,28930.63,
2026-09-20T23:40:51.715602+00:00,200,28860.08,
2026-09-20T23:40:51.726338+00:00,200,28898.23,
2026-09-20T23:40:51.638683+00:00,200,29009.2,
2026-09-20T23:40:51.660180+00:00,200,29009.88,
2026-09-20T23:40:51.649568+00:00,200,29034.86,
2026-09-20T23:40:51.781870+00:00,200,28931.28,
2026-09-20T23:40:51.771755+00:00,200,28941.85,
2026-09-20T23:40:51.815800+00:00,200,28991.26,
2026-09-20T23:40:51.682009+00:00,200,29143.73,
2026-09-20T23:40:51.794982+00:00,200,29033.05,
2026-09-20T23:40:51.893135+00:00,200,28946.9,
2026-09-20T23:40:51.704357+00:00,200,29189.76,
2026-09-20T23:40:51.871773+00:00,200,29039.43,
2026-09-20T23:40:51.748794+00:00,200,29171.5,
2026-09-20T23:40:51.848654+00:00,200,29076.38,
2026-09-20T23:40:51.738439+00:00,200,29186.95,
2026-09-20T23:40:51.927467+00:00,200,29024.14,
2026-09-20T23:40:51.805775+00:00,200,29146.03,
2026-09-20T23:40:51.761168+00:00,200,29198.8,
2026-09-20T23:40:51.837267+00:00,200,29130.28,
2026-09-20T23:40:51.882889+00:00,200,29159.83,
2026-09-20T23:40:52.031511+00:00,200,29040.31,
2026-09-20T23:40:51.827740+00:00,200,29285.27,
2026-09-20T23:40:51.860288+00:00,200,29266.52,
2026-09-20T23:40:51.916578+00:00,200,29253.58,
2026-09-20T23:40:52.048645+00:00,200,29118.54,
2026-09-20T23:40:52.064941+00:00,200,29124.92,
2026-09-20T23:40:52.048645+00:00,200,29223.76,
2026-09-20T23:40:51.904980+00:00,200,29380.48,
2026-09-20T23:40:52.082577+00:00,200,29211.76,
2026-09-20T23:40:52.098538+00:00,200,29206.56,
2026-09-20T23:40:51.937630+00:00,200,29453.03,
2026-09-20T23:40:52.116070+00:00,200,29278.0,
2026-09-20T23:40:52.048645+00:00,200,29345.37,
2026-09-20T23:40:52.047260+00:00,200,29357.13,
2026-09-20T23:40:52.042476+00:00,200,29367.64,
2026-09-20T23:40:52.082577+00:00,200,29330.96,
2026-09-20T23:40:52.127425+00:00,200,29292.24,
2026-09-20T23:40:52.071710+00:00,200,29349.4,
2026-09-20T23:40:52.078380+00:00,200,29359.84,
2026-09-20T23:40:52.159607+00:00,200,29357.94,
2026-09-20T23:40:52.082577+00:00,200,29449.82,
2026-09-20T23:40:52.182583+00:00,200,29387.72,
2026-09-20T23:40:52.074409+00:00,200,29512.07,
2026-09-20T23:40:52.104387+00:00,200,29501.84,
2026-09-20T23:40:52.215983+00:00,200,29427.53,
2026-09-20T23:40:52.193854+00:00,200,29451.99,
2026-09-20T23:40:52.226874+00:00,200,29520.19,
2026-09-20T23:40:52.138096+00:00,200,29616.08,
2026-09-20T23:40:52.260370+00:00,200,29500.66,
2026-09-20T23:40:52.283457+00:00,200,29517.8,
2026-09-20T23:40:52.304841+00:00,200,29517.05,
2026-09-20T23:40:52.171671+00:00,200,29678.29,
2026-09-20T23:40:52.149409+00:00,200,29709.04,
2026-09-20T23:40:52.249793+00:00,200,29622.26,
2026-09-20T23:40:52.204509+00:00,200,29673.37,
2026-09-20T23:40:52.236470+00:00,200,29650.51,
2026-09-20T23:40:52.338992+00:00,200,29569.7,
2026-09-20T23:40:52.327324+00:00,200,29581.03,
2026-09-20T23:40:52.271384+00:00,200,29661.21,
2026-09-20T23:40:52.371108+00:00,200,29618.41,
2026-09-20T23:40:52.294500+00:00,200,29707.08,
2026-09-20T23:40:52.348724+00:00,200,29849.06,
2026-09-20T23:40:52.315425+00:00,200,29884.96,
2026-09-20T23:40:52.448946+00:00,200,29751.06,
2026-09-20T23:40:52.418540+00:00,200,29784.24,
2026-09-20T23:40:52.404085+00:00,200,29799.76,
2026-09-20T23:40:52.460270+00:00,200,29784.18,
2026-09-20T23:40:52.498468+00:00,200,29752.59,
2026-09-20T23:40:52.360086+00:00,200,29892.77,
2026-09-20T23:40:52.526716+00:00,200,29742.86,
2026-09-20T23:40:52.515563+00:00,200,29777.2,
2026-09-20T23:40:52.383094+00:00,200,29929.74,
2026-09-20T23:40:52.470761+00:00,200,29848.35,
2026-09-20T23:40:52.393491+00:00,200,29939.69,
2026-09-20T23:40:52.438291+00:00,200,29906.82,
2026-09-20T23:40:52.582202+00:00,200,29771.32,
2026-09-20T23:40:52.426471+00:00,200,29928.67,
2026-09-20T23:40:52.559674+00:00,200,29814.29,
2026-09-20T23:40:52.483379+00:00,200,29931.5,
2026-09-20T23:40:52.505368+00:00,200,29931.26,
2026-09-20T23:40:52.593506+00:00,200,29864.23,
2026-09-20T23:40:52.548612+00:00,200,29949.69,
2026-09-20T23:40:52.627868+00:00,200,29895.62,
2026-09-20T23:40:52.638005+00:00,200,29892.1,
2026-09-20T23:40:52.671489+00:00,200,29865.36,
2026-09-20T23:40:52.537775+00:00,200,30003.11,
2026-09-20T23:40:52.571786+00:00,0,30087.52,"HTTPConnectionPool(host='cheapest-alb-1599766835.us-east-1.elb.amazonaws.com', port=80): Read timed out. (read timeout=30)"
2026-09-20T23:40:52.683322+00:00,200,29990.32,
2026-09-20T23:40:52.604610+00:00,0,30085.98,"HTTPConnectionPool(host='cheapest-alb-1599766835.us-east-1.elb.amazonaws.com', port=80): Read timed out. (read timeout=30)"
2026-09-20T23:40:52.616478+00:00,0,30081.29,"HTTPConnectionPool(host='cheapest-alb-1599766835.us-east-1.elb.amazonaws.com', port=80): Read timed out. (read timeout=30)"
2026-09-20T23:40:52.693098+00:00,200,30023.11,
2026-09-20T23:40:52.649009+00:00,0,30081.35,"HTTPConnectionPool(host='cheapest-alb-1599766835.us-east-1.elb.amazonaws.com', port=80): Read timed out. (read timeout=30)"
2026-09-20T23:40:52.660715+00:00,0,30085.42,"HTTPConnectionPool(host='cheapest-alb-1599766835.us-east-1.elb.amazonaws.com', port=80): Read timed out. (read timeout=30)"
2026-09-20T23:40:52.761161+00:00,200,30000.54,
2026-09-20T23:40:52.704580+00:00,200,30060.76,
2026-09-20T23:40:52.738503+00:00,200,30031.62,
2026-09-20T23:40:52.716434+00:00,0,30078.79,"HTTPConnectionPool(host='cheapest-alb-1599766835.us-east-1.elb.amazonaws.com', port=80): Read timed out. (read timeout=30)"
2026-09-20T23:40:52.728261+00:00,0,30097.29,"HTTPConnectionPool(host='cheapest-alb-1599766835.us-east-1.elb.amazonaws.com', port=80): Read timed out. (read timeout=30)"
2026-09-20T23:40:52.781983+00:00,200,30047.4,
2026-09-20T23:40:52.750091+00:00,0,30106.86,"HTTPConnectionPool(host='cheapest-alb-1599766835.us-east-1.elb.amazonaws.com', port=80): Read timed out. (read timeout=30)"
2026-09-20T23:40:52.771698+00:00,0,30092.12,"HTTPConnectionPool(host='cheapest-alb-1599766835.us-east-1.elb.amazonaws.com', port=80): Read timed out. (read timeout=30)"
2026-09-20T23:40:52.793338+00:00,0,30088.63,"HTTPConnectionPool(host='cheapest-alb-1599766835.us-east-1.elb.amazonaws.com', port=80): Read timed out. (read timeout=30)"
2026-09-20T23:40:52.806774+00:00,0,30091.45,"HTTPConnectionPool(host='cheapest-alb-1599766835.us-east-1.elb.amazonaws.com', port=80): Read timed out. (read timeout=30)"
2026-09-20T23:40:52.815283+00:00,200,30087.4,
2026-09-20T23:40:52.827101+00:00,0,30085.67,"HTTPConnectionPool(host='cheapest-alb-1599766835.us-east-1.elb.amazonaws.com', port=80): Read timed out. (read timeout=30)"
2026-09-20T23:40:52.838724+00:00,0,30091.06,"HTTPConnectionPool(host='cheapest-alb-1599766835.us-east-1.elb.amazonaws.com', port=80): Read timed out. (read timeout=30)"
2026-09-20T23:40:52.848798+00:00,0,30080.64,"HTTPConnectionPool(host='cheapest-alb-1599766835.us-east-1.elb.amazonaws.com', port=80): Read timed out. (read timeout=30)"
2026-09-20T23:40:52.859889+00:00,0,30084.44,"HTTPConnectionPool(host='cheapest-alb-1599766835.us-east-1.elb.amazonaws.com', port=80): Read timed out. (read timeout=30)"
2026-09-20T23:40:52.882999+00:00,0,30079.33,"HTTPConnectionPool(host='cheapest-alb-1599766835.us-east-1.elb.amazonaws.com', port=80): Read timed out. (read timeout=30)"
2026-09-20T23:40:52.872389+00:00,0,30088.0,"HTTPConnectionPool(host='cheapest-alb-1599766835.us-east-1.elb.amazonaws.com', port=80): Read timed out. (read timeout=30)"
2026-09-20T23:40:52.916629+00:00,0,30076.25,"HTTPConnectionPool(host='cheapest-alb-1599766835.us-east-1.elb.amazonaws.com', port=80): Read timed out. (read timeout=30)"
2026-09-20T23:40:52.904652+00:00,0,30087.91,"HTTPConnectionPool(host='cheapest-alb-1599766835.us-east-1.elb.amazonaws.com', port=80): Read timed out. (read timeout=30)"
2026-09-20T23:40:52.894109+00:00,0,30099.1,"HTTPConnectionPool(host='cheapest-alb-1599766835.us-east-1.elb.amazonaws.com', port=80): Read timed out. (read timeout=30)"
2026-09-20T23:40:52.926368+00:00,0,30083.11,"HTTPConnectionPool(host='cheapest-alb-1599766835.us-east-1.elb.amazonaws.com', port=80): Read timed out. (read timeout=30)"
2026-09-20T23:40:52.938386+00:00,0,30085.52,"HTTPConnectionPool(host='cheapest-alb-1599766835.us-east-1.elb.amazonaws.com', port=80): Read timed out. (read timeout=30)"
2026-09-20T23:40:52.949739+00:00,0,30082.63,"HTTPConnectionPool(host='cheapest-alb-1599766835.us-east-1.elb.amazonaws.com', port=80): Read timed out. (read timeout=30)"
2026-09-20T23:40:52.960964+00:00,0,30086.58,"HTTPConnectionPool(host='cheapest-alb-1599766835.us-east-1.elb.amazonaws.com', port=80): Read timed out. (read timeout=30)"
2026-09-20T23:40:52.982175+00:00,0,30082.89,"HTTPConnectionPool(host='cheapest-alb-1599766835.us-east-1.elb.amazonaws.com', port=80): Read timed out. (read timeout=30)"
2026-09-20T23:40:52.971944+00:00,0,30108.05,"HTTPConnectionPool(host='cheapest-alb-1599766835.us-east-1.elb.amazonaws.com', port=80): Read timed out. (read timeout=30)"
2026-09-20T23:40:52.993378+00:00,0,30086.66,"HTTPConnectionPool(host='cheapest-alb-1599766835.us-east-1.elb.amazonaws.com', port=80): Read timed out. (read timeout=30)"
2026-09-20T23:40:53.005142+00:00,0,30091.23,"HTTPConnectionPool(host='cheapest-alb-1599766835.us-east-1.elb.amazonaws.com', port=80): Read timed out. (read timeout=30)"
2026-09-20T23:40:53.015373+00:00,0,30081.31,"HTTPConnectionPool(host='cheapest-alb-1599766835.us-east-1.elb.amazonaws.com', port=80): Read timed out. (read timeout=30)"
2026-09-20T23:40:53.038482+00:00,0,30090.37,"HTTPConnectionPool(host='cheapest-alb-1599766835.us-east-1.elb.amazonaws.com', port=80): Read timed out. (read timeout=30)"
2026-09-20T23:40:53.027397+00:00,0,30101.82,"HTTPConnectionPool(host='cheapest-alb-1599766835.us-east-1.elb.amazonaws.com', port=80): Read timed out. (read timeout=30)"
2026-09-20T23:40:53.049921+00:00,0,30093.04,"HTTPConnectionPool(host='cheapest-alb-1599766835.us-east-1.elb.amazonaws.com', port=80): Read timed out. (read timeout=30)"
2026-09-20T23:40:53.082664+00:00,0,30075.69,"HTTPConnectionPool(host='cheapest-alb-1599766835.us-east-1.elb.amazonaws.com', port=80): Read timed out. (read timeout=30)"
2026-09-20T23:40:53.059919+00:00,0,30106.96,"HTTPConnectionPool(host='cheapest-alb-1599766835.us-east-1.elb.amazonaws.com', port=80): Read timed out. (read timeout=30)"
2026-09-20T23:40:53.071776+00:00,0,30095.34,"HTTPConnectionPool(host='cheapest-alb-1599766835.us-east-1.elb.amazonaws.com', port=80): Read timed out. (read timeout=30)"
2026-09-20T23:40:53.104961+00:00,0,30077.96,"HTTPConnectionPool(host='cheapest-alb-1599766835.us-east-1.elb.amazonaws.com', port=80): Read timed out. (read timeout=30)"
2026-09-20T23:40:53.094572+00:00,0,30088.92,"HTTPConnectionPool(host='cheapest-alb-1599766835.us-east-1.elb.amazonaws.com', port=80): Read timed out. (read timeout=30)"
2026-09-20T23:40:53.137435+00:00,0,30075.05,"HTTPConnectionPool(host='cheapest-alb-1599766835.us-east-1.elb.amazonaws.com', port=80): Read timed out. (read timeout=30)"
2026-09-20T23:40:53.115597+00:00,0,30097.27,"HTTPConnectionPool(host='cheapest-alb-1599766835.us-east-1.elb.amazonaws.com', port=80): Read timed out. (read timeout=30)"
2026-09-20T23:40:53.127589+00:00,0,30086.0,"HTTPConnectionPool(host='cheapest-alb-1599766835.us-east-1.elb.amazonaws.com', port=80): Read timed out. (read timeout=30)"
2026-09-20T23:40:53.149042+00:00,0,30095.95,"HTTPConnectionPool(host='cheapest-alb-1599766835.us-east-1.elb.amazonaws.com', port=80): Read timed out. (read timeout=30)"
2026-09-20T23:40:53.171543+00:00,0,30081.32,"HTTPConnectionPool(host='cheapest-alb-1599766835.us-east-1.elb.amazonaws.com', port=80): Read timed out. (read timeout=30)"
2026-09-20T23:40:53.160181+00:00,0,30110.12,"HTTPConnectionPool(host='cheapest-alb-1599766835.us-east-1.elb.amazonaws.com', port=80): Read timed out. (read timeout=30)"
2026-09-20T23:40:53.182820+00:00,0,30096.86,"HTTPConnectionPool(host='cheapest-alb-1599766835.us-east-1.elb.amazonaws.com', port=80): Read timed out. (read timeout=30)"
2026-09-20T23:40:53.192954+00:00,0,30086.92,"HTTPConnectionPool(host='cheapest-alb-1599766835.us-east-1.elb.amazonaws.com', port=80): Read timed out. (read timeout=30)"
2026-09-20T23:40:53.206920+00:00,0,30090.61,"HTTPConnectionPool(host='cheapest-alb-1599766835.us-east-1.elb.amazonaws.com', port=80): Read timed out. (read timeout=30)"
2026-09-20T23:40:53.215611+00:00,0,30096.39,"HTTPConnectionPool(host='cheapest-alb-1599766835.us-east-1.elb.amazonaws.com', port=80): Read timed out. (read timeout=30)"
2026-09-20T23:40:53.238203+00:00,0,30090.81,"HTTPConnectionPool(host='cheapest-alb-1599766835.us-east-1.elb.amazonaws.com', port=80): Read timed out. (read timeout=30)"
2026-09-20T23:40:53.261204+00:00,0,30081.68,"HTTPConnectionPool(host='cheapest-alb-1599766835.us-east-1.elb.amazonaws.com', port=80): Read timed out. (read timeout=30)"
2026-09-20T23:40:53.249468+00:00,0,30094.83,"HTTPConnectionPool(host='cheapest-alb-1599766835.us-east-1.elb.amazonaws.com', port=80): Read timed out. (read timeout=30)"
2026-09-20T23:40:53.226714+00:00,0,30116.88,"HTTPConnectionPool(host='cheapest-alb-1599766835.us-east-1.elb.amazonaws.com', port=80): Read timed out. (read timeout=30)"
2026-09-20T23:40:53.271845+00:00,0,30087.62,"HTTPConnectionPool(host='cheapest-alb-1599766835.us-east-1.elb.amazonaws.com', port=80): Read timed out. (read timeout=30)"
2026-09-20T23:40:53.304061+00:00,0,30086.13,"HTTPConnectionPool(host='cheapest-alb-1599766835.us-east-1.elb.amazonaws.com', port=80): Read timed out. (read timeout=30)"
2026-09-20T23:40:53.293931+00:00,0,30096.7,"HTTPConnectionPool(host='cheapest-alb-1599766835.us-east-1.elb.amazonaws.com', port=80): Read timed out. (read timeout=30)"
2026-09-20T23:40:53.283208+00:00,0,30108.65,"HTTPConnectionPool(host='cheapest-alb-1599766835.us-east-1.elb.amazonaws.com', port=80): Read timed out. (read timeout=30)"
2026-09-20T23:40:53.315435+00:00,0,30092.03,"HTTPConnectionPool(host='cheapest-alb-1599766835.us-east-1.elb.amazonaws.com', port=80): Read timed out. (read timeout=30)"
2026-09-20T23:40:53.327805+00:00,0,30080.52,"HTTPConnectionPool(host='cheapest-alb-1599766835.us-east-1.elb.amazonaws.com', port=80): Read timed out. (read timeout=30)"
2026-09-20T23:40:53.338620+00:00,0,30083.57,"HTTPConnectionPool(host='cheapest-alb-1599766835.us-east-1.elb.amazonaws.com', port=80): Read timed out. (read timeout=30)"
2026-09-20T23:40:53.348604+00:00,0,30093.53,"HTTPConnectionPool(host='cheapest-alb-1599766835.us-east-1.elb.amazonaws.com', port=80): Read timed out. (read timeout=30)"
2026-09-20T23:40:53.371257+00:00,0,30084.69,"HTTPConnectionPool(host='cheapest-alb-1599766835.us-east-1.elb.amazonaws.com', port=80): Read timed out. (read timeout=30)"
2026-09-20T23:40:53.360756+00:00,0,30095.01,"HTTPConnectionPool(host='cheapest-alb-1599766835.us-east-1.elb.amazonaws.com', port=80): Read timed out. (read timeout=30)"
2026-09-20T23:40:53.382562+00:00,0,30082.58,"HTTPConnectionPool(host='cheapest-alb-1599766835.us-east-1.elb.amazonaws.com', port=80): Read timed out. (read timeout=30)"
2026-09-20T23:40:53.394238+00:00,0,30102.57,"HTTPConnectionPool(host='cheapest-alb-1599766835.us-east-1.elb.amazonaws.com', port=80): Read timed out. (read timeout=30)"
2026-09-20T23:40:53.404075+00:00,0,30091.84,"HTTPConnectionPool(host='cheapest-alb-1599766835.us-east-1.elb.amazonaws.com', port=80): Read timed out. (read timeout=30)"
2026-09-20T23:40:53.437860+00:00,0,30074.49,"HTTPConnectionPool(host='cheapest-alb-1599766835.us-east-1.elb.amazonaws.com', port=80): Read timed out. (read timeout=30)"
2026-09-20T23:40:53.426352+00:00,0,30084.96,"HTTPConnectionPool(host='cheapest-alb-1599766835.us-east-1.elb.amazonaws.com', port=80): Read timed out. (read timeout=30)"
2026-09-20T23:40:53.448843+00:00,0,30081.36,"HTTPConnectionPool(host='cheapest-alb-1599766835.us-east-1.elb.amazonaws.com', port=80): Read timed out. (read timeout=30)"
2026-09-20T23:40:53.415788+00:00,0,30113.8,"HTTPConnectionPool(host='cheapest-alb-1599766835.us-east-1.elb.amazonaws.com', port=80): Read timed out. (read timeout=30)"
2026-09-20T23:40:53.473147+00:00,0,30089.53,"HTTPConnectionPool(host='cheapest-alb-1599766835.us-east-1.elb.amazonaws.com', port=80): Read timed out. (read timeout=30)"
2026-09-20T23:40:53.460640+00:00,0,30102.81,"HTTPConnectionPool(host='cheapest-alb-1599766835.us-east-1.elb.amazonaws.com', port=80): Read timed out. (read timeout=30)"
2026-09-20T23:40:53.483283+00:00,0,30093.98,"HTTPConnectionPool(host='cheapest-alb-1599766835.us-east-1.elb.amazonaws.com', port=80): Read timed out. (read timeout=30)"
2026-09-20T23:40:53.493243+00:00,0,30084.49,"HTTPConnectionPool(host='cheapest-alb-1599766835.us-east-1.elb.amazonaws.com', port=80): Read timed out. (read timeout=30)"
2026-09-20T23:40:53.504789+00:00,0,30089.73,"HTTPConnectionPool(host='cheapest-alb-1599766835.us-east-1.elb.amazonaws.com', port=80): Read timed out. (read timeout=30)"
2026-09-20T23:40:53.516870+00:00,0,30079.43,"HTTPConnectionPool(host='cheapest-alb-1599766835.us-east-1.elb.amazonaws.com', port=80): Read timed out. (read timeout=30)"
2026-09-20T23:40:53.528279+00:00,0,30097.83,"HTTPConnectionPool(host='cheapest-alb-1599766835.us-east-1.elb.amazonaws.com', port=80): Read timed out. (read timeout=30)"
2026-09-20T23:40:53.537629+00:00,0,30088.66,"HTTPConnectionPool(host='cheapest-alb-1599766835.us-east-1.elb.amazonaws.com', port=80): Read timed out. (read timeout=30)"
2026-09-20T23:40:53.549771+00:00,0,30103.91,"HTTPConnectionPool(host='cheapest-alb-1599766835.us-east-1.elb.amazonaws.com', port=80): Read timed out. (read timeout=30)"
2026-09-20T23:40:53.560274+00:00,0,30105.04,"HTTPConnectionPool(host='cheapest-alb-1599766835.us-east-1.elb.amazonaws.com', port=80): Read timed out. (read timeout=30)"
2026-09-20T23:40:53.571995+00:00,0,30092.46,"HTTPConnectionPool(host='cheapest-alb-1599766835.us-east-1.elb.amazonaws.com', port=80): Read timed out. (read timeout=30)"
2026-09-20T23:40:53.583227+00:00,0,30096.65,"HTTPConnectionPool(host='cheapest-alb-1599766835.us-east-1.elb.amazonaws.com', port=80): Read timed out. (read timeout=30)"
2026-09-20T23:40:53.606241+00:00,0,30091.02,"HTTPConnectionPool(host='cheapest-alb-1599766835.us-east-1.elb.amazonaws.com', port=80): Read timed out. (read timeout=30)"
2026-09-20T23:40:53.594390+00:00,0,30104.2,"HTTPConnectionPool(host='cheapest-alb-1599766835.us-east-1.elb.amazonaws.com', port=80): Read timed out. (read timeout=30)"
2026-09-20T23:40:53.638502+00:00,0,30089.2,"HTTPConnectionPool(host='cheapest-alb-1599766835.us-east-1.elb.amazonaws.com', port=80): Read timed out. (read timeout=30)"
2026-09-20T23:40:53.627188+00:00,0,30103.91,"HTTPConnectionPool(host='cheapest-alb-1599766835.us-east-1.elb.amazonaws.com', port=80): Read timed out. (read timeout=30)"
2026-09-20T23:40:53.648787+00:00,0,30094.38,"HTTPConnectionPool(host='cheapest-alb-1599766835.us-east-1.elb.amazonaws.com', port=80): Read timed out. (read timeout=30)"
2026-09-20T23:40:53.682272+00:00,0,30078.72,"HTTPConnectionPool(host='cheapest-alb-1599766835.us-east-1.elb.amazonaws.com', port=80): Read timed out. (read timeout=30)"
2026-09-20T23:40:53.659969+00:00,0,30101.68,"HTTPConnectionPool(host='cheapest-alb-1599766835.us-east-1.elb.amazonaws.com', port=80): Read timed out. (read timeout=30)"
2026-09-20T23:40:53.671563+00:00,0,30088.23,"HTTPConnectionPool(host='cheapest-alb-1599766835.us-east-1.elb.amazonaws.com', port=80): Read timed out. (read timeout=30)"
2026-09-20T23:40:53.694006+00:00,0,30082.41,"HTTPConnectionPool(host='cheapest-alb-1599766835.us-east-1.elb.amazonaws.com', port=80): Read timed out. (read timeout=30)"
2026-09-20T23:40:53.715427+00:00,0,30077.31,"HTTPConnectionPool(host='cheapest-alb-1599766835.us-east-1.elb.amazonaws.com', port=80): Read timed out. (read timeout=30)"
2026-09-20T23:40:53.704931+00:00,0,30086.64,"HTTPConnectionPool(host='cheapest-alb-1599766835.us-east-1.elb.amazonaws.com', port=80): Read timed out. (read timeout=30)"
2026-09-20T23:40:53.742580+00:00,0,30080.85,"HTTPConnectionPool(host='cheapest-alb-1599766835.us-east-1.elb.amazonaws.com', port=80): Read timed out. (read timeout=30)"
2026-09-20T23:40:53.726821+00:00,0,30104.18,"HTTPConnectionPool(host='cheapest-alb-1599766835.us-east-1.elb.amazonaws.com', port=80): Read timed out. (read timeout=30)"
2026-09-20T23:40:53.748640+00:00,0,30082.53,"HTTPConnectionPool(host='cheapest-alb-1599766835.us-east-1.elb.amazonaws.com', port=80): Read timed out. (read timeout=30)"
2026-09-20T23:40:53.759870+00:00,0,30087.68,"HTTPConnectionPool(host='cheapest-alb-1599766835.us-east-1.elb.amazonaws.com', port=80): Read timed out. (read timeout=30)"
2026-09-20T23:40:53.772147+00:00,0,30091.5,"HTTPConnectionPool(host='cheapest-alb-1599766835.us-east-1.elb.amazonaws.com', port=80): Read timed out. (read timeout=30)"
2026-09-20T23:40:53.782471+00:00,0,30096.86,"HTTPConnectionPool(host='cheapest-alb-1599766835.us-east-1.elb.amazonaws.com', port=80): Read timed out. (read timeout=30)"
2026-09-20T23:40:53.804713+00:00,0,30089.52,"HTTPConnectionPool(host='cheapest-alb-1599766835.us-east-1.elb.amazonaws.com', port=80): Read timed out. (read timeout=30)"
2026-09-20T23:40:53.793727+00:00,0,30101.3,"HTTPConnectionPool(host='cheapest-alb-1599766835.us-east-1.elb.amazonaws.com', port=80): Read timed out. (read timeout=30)"
2026-09-20T23:40:53.815200+00:00,0,30094.05,"HTTPConnectionPool(host='cheapest-alb-1599766835.us-east-1.elb.amazonaws.com', port=80): Read timed out. (read timeout=30)"
2026-09-20T23:40:53.826659+00:00,0,30084.01,"HTTPConnectionPool(host='cheapest-alb-1599766835.us-east-1.elb.amazonaws.com', port=80): Read timed out. (read timeout=30)"
2026-09-20T23:40:53.838278+00:00,0,30087.52,"HTTPConnectionPool(host='cheapest-alb-1599766835.us-east-1.elb.amazonaws.com', port=80): Read timed out. (read timeout=30)"
2026-09-20T23:40:53.848640+00:00,0,30101.77,"HTTPConnectionPool(host='cheapest-alb-1599766835.us-east-1.elb.amazonaws.com', port=80): Read timed out. (read timeout=30)"
2026-09-20T23:40:53.860567+00:00,0,30089.05,"HTTPConnectionPool(host='cheapest-alb-1599766835.us-east-1.elb.amazonaws.com', port=80): Read timed out. (read timeout=30)"
2026-09-20T23:40:53.872332+00:00,0,30091.79,"HTTPConnectionPool(host='cheapest-alb-1599766835.us-east-1.elb.amazonaws.com', port=80): Read timed out. (read timeout=30)"
2026-09-20T23:40:53.893042+00:00,0,30086.36,"HTTPConnectionPool(host='cheapest-alb-1599766835.us-east-1.elb.amazonaws.com', port=80): Read timed out. (read timeout=30)"
2026-09-20T23:40:53.883223+00:00,0,30099.34,"HTTPConnectionPool(host='cheapest-alb-1599766835.us-east-1.elb.amazonaws.com', port=80): Read timed out. (read timeout=30)"
2026-09-20T23:40:53.915788+00:00,0,30097.19,"HTTPConnectionPool(host='cheapest-alb-1599766835.us-east-1.elb.amazonaws.com', port=80): Read timed out. (read timeout=30)"
2026-09-20T23:40:53.927098+00:00,0,30086.02,"HTTPConnectionPool(host='cheapest-alb-1599766835.us-east-1.elb.amazonaws.com', port=80): Read timed out. (read timeout=30)"
2026-09-20T23:40:53.906143+00:00,0,30107.28,"HTTPConnectionPool(host='cheapest-alb-1599766835.us-east-1.elb.amazonaws.com', port=80): Read timed out. (read timeout=30)"
2026-09-20T23:40:53.960091+00:00,0,30084.55,"HTTPConnectionPool(host='cheapest-alb-1599766835.us-east-1.elb.amazonaws.com', port=80): Read timed out. (read timeout=30)"
2026-09-20T23:40:53.948811+00:00,0,30094.99,"HTTPConnectionPool(host='cheapest-alb-1599766835.us-east-1.elb.amazonaws.com', port=80): Read timed out. (read timeout=30)"
2026-09-20T23:40:53.936497+00:00,0,30107.15,"HTTPConnectionPool(host='cheapest-alb-1599766835.us-east-1.elb.amazonaws.com', port=80): Read timed out. (read timeout=30)"
2026-09-20T23:40:53.982184+00:00,0,30078.33,"HTTPConnectionPool(host='cheapest-alb-1599766835.us-east-1.elb.amazonaws.com', port=80): Read timed out. (read timeout=30)"
2026-09-20T23:40:53.971199+00:00,0,30104.99,"HTTPConnectionPool(host='cheapest-alb-1599766835.us-east-1.elb.amazonaws.com', port=80): Read timed out. (read timeout=30)"
2026-09-20T23:40:53.994240+00:00,0,30081.82,"HTTPConnectionPool(host='cheapest-alb-1599766835.us-east-1.elb.amazonaws.com', port=80): Read timed out. (read timeout=30)"
2026-09-20T23:40:54.004551+00:00,0,30102.25,"HTTPConnectionPool(host='cheapest-alb-1599766835.us-east-1.elb.amazonaws.com', port=80): Read timed out. (read timeout=30)"
2026-09-20T23:40:54.026616+00:00,0,30081.52,"HTTPConnectionPool(host='cheapest-alb-1599766835.us-east-1.elb.amazonaws.com', port=80): Read timed out. (read timeout=30)"
2026-09-20T23:40:54.015279+00:00,0,30100.1,"HTTPConnectionPool(host='cheapest-alb-1599766835.us-east-1.elb.amazonaws.com', port=80): Read timed out. (read timeout=30)"
2026-09-20T23:40:54.037446+00:00,0,30109.26,"HTTPConnectionPool(host='cheapest-alb-1599766835.us-east-1.elb.amazonaws.com', port=80): Read timed out. (read timeout=30)"
2026-09-20T23:40:54.059975+00:00,0,30086.58,"HTTPConnectionPool(host='cheapest-alb-1599766835.us-east-1.elb.amazonaws.com', port=80): Read timed out. (read timeout=30)"
2026-09-20T23:40:54.071695+00:00,0,30090.47,"HTTPConnectionPool(host='cheapest-alb-1599766835.us-east-1.elb.amazonaws.com', port=80): Read timed out. (read timeout=30)"
2026-09-20T23:40:54.049661+00:00,0,30114.69,"HTTPConnectionPool(host='cheapest-alb-1599766835.us-east-1.elb.amazonaws.com', port=80): Read timed out. (read timeout=30)"
2026-09-20T23:40:54.083148+00:00,0,30081.15,"HTTPConnectionPool(host='cheapest-alb-1599766835.us-east-1.elb.amazonaws.com', port=80): Read timed out. (read timeout=30)"
2026-09-20T23:40:54.093712+00:00,0,30085.1,"HTTPConnectionPool(host='cheapest-alb-1599766835.us-east-1.elb.amazonaws.com', port=80): Read timed out. (read timeout=30)"
2026-09-20T23:40:54.117189+00:00,0,30077.4,"HTTPConnectionPool(host='cheapest-alb-1599766835.us-east-1.elb.amazonaws.com', port=80): Read timed out. (read timeout=30)"
2026-09-20T23:40:54.126341+00:00,0,30085.8,"HTTPConnectionPool(host='cheapest-alb-1599766835.us-east-1.elb.amazonaws.com', port=80): Read timed out. (read timeout=30)"
2026-09-20T23:40:54.105337+00:00,0,30106.5,"HTTPConnectionPool(host='cheapest-alb-1599766835.us-east-1.elb.amazonaws.com', port=80): Read timed out. (read timeout=30)"
2026-09-20T23:40:54.137696+00:00,0,30087.64,"HTTPConnectionPool(host='cheapest-alb-1599766835.us-east-1.elb.amazonaws.com', port=80): Read timed out. (read timeout=30)"
2026-09-20T23:40:54.149475+00:00,0,30076.75,"HTTPConnectionPool(host='cheapest-alb-1599766835.us-east-1.elb.amazonaws.com', port=80): Read timed out. (read timeout=30)"
2026-09-20T23:40:54.172354+00:00,0,30084.75,"HTTPConnectionPool(host='cheapest-alb-1599766835.us-east-1.elb.amazonaws.com', port=80): Read timed out. (read timeout=30)"
2026-09-20T23:40:54.160958+00:00,0,30096.69,"HTTPConnectionPool(host='cheapest-alb-1599766835.us-east-1.elb.amazonaws.com', port=80): Read timed out. (read timeout=30)"
2026-09-20T23:40:54.195213+00:00,0,30093.31,"HTTPConnectionPool(host='cheapest-alb-1599766835.us-east-1.elb.amazonaws.com', port=80): Read timed out. (read timeout=30)"
2026-09-20T23:40:54.182140+00:00,0,30106.78,"HTTPConnectionPool(host='cheapest-alb-1599766835.us-east-1.elb.amazonaws.com', port=80): Read timed out. (read timeout=30)"
2026-09-20T23:40:54.204157+00:00,0,30084.07,"HTTPConnectionPool(host='cheapest-alb-1599766835.us-east-1.elb.amazonaws.com', port=80): Read timed out. (read timeout=30)"
2026-09-20T23:40:54.215598+00:00,0,30096.34,"HTTPConnectionPool(host='cheapest-alb-1599766835.us-east-1.elb.amazonaws.com', port=80): Read timed out. (read timeout=30)"
2026-09-20T23:40:54.226876+00:00,0,30102.42,"HTTPConnectionPool(host='cheapest-alb-1599766835.us-east-1.elb.amazonaws.com', port=80): Read timed out. (read timeout=30)"
2026-09-20T23:40:54.238552+00:00,0,30089.85,"HTTPConnectionPool(host='cheapest-alb-1599766835.us-east-1.elb.amazonaws.com', port=80): Read timed out. (read timeout=30)"
2026-09-20T23:40:54.249375+00:00,0,30093.61,"HTTPConnectionPool(host='cheapest-alb-1599766835.us-east-1.elb.amazonaws.com', port=80): Read timed out. (read timeout=30)"
2026-09-20T23:40:54.259845+00:00,0,30083.25,"HTTPConnectionPool(host='cheapest-alb-1599766835.us-east-1.elb.amazonaws.com', port=80): Read timed out. (read timeout=30)"
2026-09-20T23:40:54.271709+00:00,0,30089.44,"HTTPConnectionPool(host='cheapest-alb-1599766835.us-east-1.elb.amazonaws.com', port=80): Read timed out. (read timeout=30)"
2026-09-20T23:40:54.282315+00:00,0,30108.5,"HTTPConnectionPool(host='cheapest-alb-1599766835.us-east-1.elb.amazonaws.com', port=80): Read timed out. (read timeout=30)"
2026-09-20T23:40:54.293850+00:00,0,30099.21,"HTTPConnectionPool(host='cheapest-alb-1599766835.us-east-1.elb.amazonaws.com', port=80): Read timed out. (read timeout=30)"
2026-09-20T23:40:54.305795+00:00,0,30087.42,"HTTPConnectionPool(host='cheapest-alb-1599766835.us-east-1.elb.amazonaws.com', port=80): Read timed out. (read timeout=30)"
2026-09-20T23:40:54.316150+00:00,0,30090.8,"HTTPConnectionPool(host='cheapest-alb-1599766835.us-east-1.elb.amazonaws.com', port=80): Read timed out. (read timeout=30)"
2026-09-20T23:40:54.327711+00:00,0,30078.92,"HTTPConnectionPool(host='cheapest-alb-1599766835.us-east-1.elb.amazonaws.com', port=80): Read timed out. (read timeout=30)"
2026-09-20T23:40:54.349963+00:00,0,30089.42,"HTTPConnectionPool(host='cheapest-alb-1599766835.us-east-1.elb.amazonaws.com', port=80): Read timed out. (read timeout=30)"
2026-09-20T23:40:54.360163+00:00,0,30087.5,"HTTPConnectionPool(host='cheapest-alb-1599766835.us-east-1.elb.amazonaws.com', port=80): Read timed out. (read timeout=30)"
2026-09-20T23:40:54.337660+00:00,0,30110.46,"HTTPConnectionPool(host='cheapest-alb-1599766835.us-east-1.elb.amazonaws.com', port=80): Read timed out. (read timeout=30)"
2026-09-20T23:40:54.371594+00:00,0,30093.91,"HTTPConnectionPool(host='cheapest-alb-1599766835.us-east-1.elb.amazonaws.com', port=80): Read timed out. (read timeout=30)"
2026-09-20T23:40:54.382671+00:00,0,30083.11,"HTTPConnectionPool(host='cheapest-alb-1599766835.us-east-1.elb.amazonaws.com', port=80): Read timed out. (read timeout=30)"
2026-09-20T23:40:54.394183+00:00,0,30086.93,"HTTPConnectionPool(host='cheapest-alb-1599766835.us-east-1.elb.amazonaws.com', port=80): Read timed out. (read timeout=30)"
2026-09-20T23:40:54.427244+00:00,0,30085.03,"HTTPConnectionPool(host='cheapest-alb-1599766835.us-east-1.elb.amazonaws.com', port=80): Read timed out. (read timeout=30)"
2026-09-20T23:40:54.405682+00:00,0,30107.07,"HTTPConnectionPool(host='cheapest-alb-1599766835.us-east-1.elb.amazonaws.com', port=80): Read timed out. (read timeout=30)"
2026-09-20T23:40:54.416525+00:00,0,30111.73,"HTTPConnectionPool(host='cheapest-alb-1599766835.us-east-1.elb.amazonaws.com', port=80): Read timed out. (read timeout=30)"
2026-09-20T23:40:54.449721+00:00,0,30094.31,"HTTPConnectionPool(host='cheapest-alb-1599766835.us-east-1.elb.amazonaws.com', port=80): Read timed out. (read timeout=30)"
2026-09-20T23:40:54.437620+00:00,0,30106.61,"HTTPConnectionPool(host='cheapest-alb-1599766835.us-east-1.elb.amazonaws.com', port=80): Read timed out. (read timeout=30)"
2026-09-20T23:40:54.459987+00:00,0,30099.24,"HTTPConnectionPool(host='cheapest-alb-1599766835.us-east-1.elb.amazonaws.com', port=80): Read timed out. (read timeout=30)"
2026-09-20T23:40:54.471991+00:00,0,30105.98,"HTTPConnectionPool(host='cheapest-alb-1599766835.us-east-1.elb.amazonaws.com', port=80): Read timed out. (read timeout=30)"
2026-09-20T23:40:54.493152+00:00,0,30085.77,"HTTPConnectionPool(host='cheapest-alb-1599766835.us-east-1.elb.amazonaws.com', port=80): Read timed out. (read timeout=30)"
2026-09-20T23:40:54.482289+00:00,0,30102.07,"HTTPConnectionPool(host='cheapest-alb-1599766835.us-east-1.elb.amazonaws.com', port=80): Read timed out. (read timeout=30)"
2026-09-20T23:40:54.504939+00:00,0,30095.05,"HTTPConnectionPool(host='cheapest-alb-1599766835.us-east-1.elb.amazonaws.com', port=80): Read timed out. (read timeout=30)"
2026-09-20T23:40:54.526438+00:00,0,30086.93,"HTTPConnectionPool(host='cheapest-alb-1599766835.us-east-1.elb.amazonaws.com', port=80): Read timed out. (read timeout=30)"
2026-09-20T23:40:54.515612+00:00,0,30099.43,"HTTPConnectionPool(host='cheapest-alb-1599766835.us-east-1.elb.amazonaws.com', port=80): Read timed out. (read timeout=30)"
2026-09-20T23:40:54.549855+00:00,0,30080.99,"HTTPConnectionPool(host='cheapest-alb-1599766835.us-east-1.elb.amazonaws.com', port=80): Read timed out. (read timeout=30)"
2026-09-20T23:40:54.537970+00:00,0,30093.64,"HTTPConnectionPool(host='cheapest-alb-1599766835.us-east-1.elb.amazonaws.com', port=80): Read timed out. (read timeout=30)"
2026-09-20T23:40:54.560813+00:00,0,30085.06,"HTTPConnectionPool(host='cheapest-alb-1599766835.us-east-1.elb.amazonaws.com', port=80): Read timed out. (read timeout=30)"
2026-09-20T23:40:54.594484+00:00,0,30083.37,"HTTPConnectionPool(host='cheapest-alb-1599766835.us-east-1.elb.amazonaws.com', port=80): Read timed out. (read timeout=30)"
2026-09-20T23:40:54.571283+00:00,0,30106.87,"HTTPConnectionPool(host='cheapest-alb-1599766835.us-east-1.elb.amazonaws.com', port=80): Read timed out. (read timeout=30)"
2026-09-20T23:40:54.604298+00:00,0,30088.94,"HTTPConnectionPool(host='cheapest-alb-1599766835.us-east-1.elb.amazonaws.com', port=80): Read timed out. (read timeout=30)"
2026-09-20T23:40:54.583422+00:00,0,30112.2,"HTTPConnectionPool(host='cheapest-alb-1599766835.us-east-1.elb.amazonaws.com', port=80): Read timed out. (read timeout=30)"
2026-09-20T23:40:54.626221+00:00,0,30081.44,"HTTPConnectionPool(host='cheapest-alb-1599766835.us-east-1.elb.amazonaws.com', port=80): Read timed out. (read timeout=30)"
2026-09-20T23:40:54.637416+00:00,0,30087.79,"HTTPConnectionPool(host='cheapest-alb-1599766835.us-east-1.elb.amazonaws.com', port=80): Read timed out. (read timeout=30)"
2026-09-20T23:40:54.616715+00:00,0,30107.63,"HTTPConnectionPool(host='cheapest-alb-1599766835.us-east-1.elb.amazonaws.com', port=80): Read timed out. (read timeout=30)"
2026-09-20T23:40:53.615608+00:00,0,31108.78,"HTTPConnectionPool(host='cheapest-alb-1599766835.us-east-1.elb.amazonaws.com', port=80): Read timed out. (read timeout=30)"
2026-09-20T23:40:54.661208+00:00,0,30080.56,"HTTPConnectionPool(host='cheapest-alb-1599766835.us-east-1.elb.amazonaws.com', port=80): Read timed out. (read timeout=30)"
2026-09-20T23:40:54.649439+00:00,0,30099.88,"HTTPConnectionPool(host='cheapest-alb-1599766835.us-east-1.elb.amazonaws.com', port=80): Read timed out. (read timeout=30)"
2026-09-20T23:40:54.671871+00:00,0,30076.06,"HTTPConnectionPool(host='cheapest-alb-1599766835.us-east-1.elb.amazonaws.com', port=80): Read timed out. (read timeout=30)"
2026-09-20T23:40:54.683409+00:00,0,30080.27,"HTTPConnectionPool(host='cheapest-alb-1599766835.us-east-1.elb.amazonaws.com', port=80): Read timed out. (read timeout=30)"
2026-09-20T23:40:54.693799+00:00,0,30086.86,"HTTPConnectionPool(host='cheapest-alb-1599766835.us-east-1.elb.amazonaws.com', port=80): Read timed out. (read timeout=30)"
2026-09-20T23:40:54.716529+00:00,0,30079.58,"HTTPConnectionPool(host='cheapest-alb-1599766835.us-east-1.elb.amazonaws.com', port=80): Read timed out. (read timeout=30)"
2026-09-20T23:40:54.704962+00:00,0,30105.69,"HTTPConnectionPool(host='cheapest-alb-1599766835.us-east-1.elb.amazonaws.com', port=80): Read timed out. (read timeout=30)"
2026-09-20T23:40:54.738138+00:00,0,30088.38,"HTTPConnectionPool(host='cheapest-alb-1599766835.us-east-1.elb.amazonaws.com', port=80): Read timed out. (read timeout=30)"
2026-09-20T23:40:54.727598+00:00,0,30101.19,"HTTPConnectionPool(host='cheapest-alb-1599766835.us-east-1.elb.amazonaws.com', port=80): Read timed out. (read timeout=30)"
2026-09-20T23:40:54.750065+00:00,0,30091.61,"HTTPConnectionPool(host='cheapest-alb-1599766835.us-east-1.elb.amazonaws.com', port=80): Read timed out. (read timeout=30)"
2026-09-20T23:40:54.760993+00:00,0,30080.62,"HTTPConnectionPool(host='cheapest-alb-1599766835.us-east-1.elb.amazonaws.com', port=80): Read timed out. (read timeout=30)"
2026-09-20T23:40:54.771899+00:00,0,30086.45,"HTTPConnectionPool(host='cheapest-alb-1599766835.us-east-1.elb.amazonaws.com', port=80): Read timed out. (read timeout=30)"
2026-09-20T23:40:54.794321+00:00,0,30081.43,"HTTPConnectionPool(host='cheapest-alb-1599766835.us-east-1.elb.amazonaws.com', port=80): Read timed out. (read timeout=30)"
2026-09-20T23:40:54.782908+00:00,0,30106.92,"HTTPConnectionPool(host='cheapest-alb-1599766835.us-east-1.elb.amazonaws.com', port=80): Read timed out. (read timeout=30)"
2026-09-20T23:40:54.804352+00:00,0,30096.19,"HTTPConnectionPool(host='cheapest-alb-1599766835.us-east-1.elb.amazonaws.com', port=80): Read timed out. (read timeout=30)"
2026-09-20T23:40:54.816651+00:00,0,30098.52,"HTTPConnectionPool(host='cheapest-alb-1599766835.us-east-1.elb.amazonaws.com', port=80): Read timed out. (read timeout=30)"
2026-09-20T23:40:54.837860+00:00,0,30093.16,"HTTPConnectionPool(host='cheapest-alb-1599766835.us-east-1.elb.amazonaws.com', port=80): Read timed out. (read timeout=30)"
2026-09-20T23:40:54.827960+00:00,0,30103.27,"HTTPConnectionPool(host='cheapest-alb-1599766835.us-east-1.elb.amazonaws.com', port=80): Read timed out. (read timeout=30)"
2026-09-20T23:40:54.849898+00:00,0,30096.19,"HTTPConnectionPool(host='cheapest-alb-1599766835.us-east-1.elb.amazonaws.com', port=80): Read timed out. (read timeout=30)"
2026-09-20T23:40:54.861137+00:00,0,30100.91,"HTTPConnectionPool(host='cheapest-alb-1599766835.us-east-1.elb.amazonaws.com', port=80): Read timed out. (read timeout=30)"
2026-09-20T23:40:54.871350+00:00,0,30091.42,"HTTPConnectionPool(host='cheapest-alb-1599766835.us-east-1.elb.amazonaws.com', port=80): Read timed out. (read timeout=30)"
2026-09-20T23:40:54.882732+00:00,0,30094.77,"HTTPConnectionPool(host='cheapest-alb-1599766835.us-east-1.elb.amazonaws.com', port=80): Read timed out. (read timeout=30)"
2026-09-20T23:40:54.915604+00:00,0,30079.07,"HTTPConnectionPool(host='cheapest-alb-1599766835.us-east-1.elb.amazonaws.com', port=80): Read timed out. (read timeout=30)"
2026-09-20T23:40:54.905001+00:00,0,30089.8,"HTTPConnectionPool(host='cheapest-alb-1599766835.us-east-1.elb.amazonaws.com', port=80): Read timed out. (read timeout=30)"
2026-09-20T23:40:54.893241+00:00,0,30102.01,"HTTPConnectionPool(host='cheapest-alb-1599766835.us-east-1.elb.amazonaws.com', port=80): Read timed out. (read timeout=30)"
2026-09-20T23:40:54.927102+00:00,0,30083.31,"HTTPConnectionPool(host='cheapest-alb-1599766835.us-east-1.elb.amazonaws.com', port=80): Read timed out. (read timeout=30)"
2026-09-20T23:40:54.938459+00:00,0,30103.86,"HTTPConnectionPool(host='cheapest-alb-1599766835.us-east-1.elb.amazonaws.com', port=80): Read timed out. (read timeout=30)"
2026-09-20T23:40:54.959813+00:00,0,30093.28,"HTTPConnectionPool(host='cheapest-alb-1599766835.us-east-1.elb.amazonaws.com', port=80): Read timed out. (read timeout=30)"
2026-09-20T23:40:54.948687+00:00,0,30104.51,"HTTPConnectionPool(host='cheapest-alb-1599766835.us-east-1.elb.amazonaws.com', port=80): Read timed out. (read timeout=30)"
2026-09-20T23:40:54.971762+00:00,0,30091.97,"HTTPConnectionPool(host='cheapest-alb-1599766835.us-east-1.elb.amazonaws.com', port=80): Read timed out. (read timeout=30)"
2026-09-20T23:40:54.993460+00:00,0,30087.32,"HTTPConnectionPool(host='cheapest-alb-1599766835.us-east-1.elb.amazonaws.com', port=80): Read timed out. (read timeout=30)"
2026-09-20T23:40:54.982250+00:00,0,30098.76,"HTTPConnectionPool(host='cheapest-alb-1599766835.us-east-1.elb.amazonaws.com', port=80): Read timed out. (read timeout=30)"
2026-09-20T23:40:55.004910+00:00,0,30091.16,"HTTPConnectionPool(host='cheapest-alb-1599766835.us-east-1.elb.amazonaws.com', port=80): Read timed out. (read timeout=30)"
2026-09-20T23:40:55.016200+00:00,0,30095.73,"HTTPConnectionPool(host='cheapest-alb-1599766835.us-east-1.elb.amazonaws.com', port=80): Read timed out. (read timeout=30)"
2026-09-20T23:40:55.037601+00:00,0,30091.17,"HTTPConnectionPool(host='cheapest-alb-1599766835.us-east-1.elb.amazonaws.com', port=80): Read timed out. (read timeout=30)"
2026-09-20T23:40:55.026339+00:00,0,30102.99,"HTTPConnectionPool(host='cheapest-alb-1599766835.us-east-1.elb.amazonaws.com', port=80): Read timed out. (read timeout=30)"
2026-09-20T23:40:55.049724+00:00,0,30079.74,"HTTPConnectionPool(host='cheapest-alb-1599766835.us-east-1.elb.amazonaws.com', port=80): Read timed out. (read timeout=30)"
2026-09-20T23:40:55.059705+00:00,0,30084.54,"HTTPConnectionPool(host='cheapest-alb-1599766835.us-east-1.elb.amazonaws.com', port=80): Read timed out. (read timeout=30)"
2026-09-20T23:40:55.072437+00:00,0,30089.02,"HTTPConnectionPool(host='cheapest-alb-1599766835.us-east-1.elb.amazonaws.com', port=80): Read timed out. (read timeout=30)"
2026-09-20T23:40:55.083411+00:00,0,30080.79,"HTTPConnectionPool(host='cheapest-alb-1599766835.us-east-1.elb.amazonaws.com', port=80): Read timed out. (read timeout=30)"
2026-09-20T23:40:55.093326+00:00,0,30082.37,"HTTPConnectionPool(host='cheapest-alb-1599766835.us-east-1.elb.amazonaws.com', port=80): Read timed out. (read timeout=30)"
2026-09-20T23:40:55.104027+00:00,0,30104.42,"HTTPConnectionPool(host='cheapest-alb-1599766835.us-east-1.elb.amazonaws.com', port=80): Read timed out. (read timeout=30)"
2026-09-20T23:40:55.126534+00:00,0,30083.16,"HTTPConnectionPool(host='cheapest-alb-1599766835.us-east-1.elb.amazonaws.com', port=80): Read timed out. (read timeout=30)"
2026-09-20T23:40:55.115261+00:00,0,30109.47,"HTTPConnectionPool(host='cheapest-alb-1599766835.us-east-1.elb.amazonaws.com', port=80): Read timed out. (read timeout=30)"
2026-09-20T23:40:55.139963+00:00,0,30084.99,"HTTPConnectionPool(host='cheapest-alb-1599766835.us-east-1.elb.amazonaws.com', port=80): Read timed out. (read timeout=30)"
2026-09-20T23:40:55.149583+00:00,0,30100.95,"HTTPConnectionPool(host='cheapest-alb-1599766835.us-east-1.elb.amazonaws.com', port=80): Read timed out. (read timeout=30)"
2026-09-20T23:40:55.170989+00:00,0,30102.04,"HTTPConnectionPool(host='cheapest-alb-1599766835.us-east-1.elb.amazonaws.com', port=80): Read timed out. (read timeout=30)"
2026-09-20T23:40:55.182696+00:00,0,30090.75,"HTTPConnectionPool(host='cheapest-alb-1599766835.us-east-1.elb.amazonaws.com', port=80): Read timed out. (read timeout=30)"
2026-09-20T23:40:55.159785+00:00,0,30114.85,"HTTPConnectionPool(host='cheapest-alb-1599766835.us-east-1.elb.amazonaws.com', port=80): Read timed out. (read timeout=30)"
2026-09-20T23:40:55.205029+00:00,0,30083.49,"HTTPConnectionPool(host='cheapest-alb-1599766835.us-east-1.elb.amazonaws.com', port=80): Read timed out. (read timeout=30)"
2026-09-20T23:40:55.193020+00:00,0,30096.11,"HTTPConnectionPool(host='cheapest-alb-1599766835.us-east-1.elb.amazonaws.com', port=80): Read timed out. (read timeout=30)"
2026-09-20T23:40:55.215439+00:00,0,30095.52,"HTTPConnectionPool(host='cheapest-alb-1599766835.us-east-1.elb.amazonaws.com', port=80): Read timed out. (read timeout=30)"
2026-09-20T23:40:55.226883+00:00,0,30100.23,"HTTPConnectionPool(host='cheapest-alb-1599766835.us-east-1.elb.amazonaws.com', port=80): Read timed out. (read timeout=30)"
2026-09-20T23:40:55.237988+00:00,0,30103.47,"HTTPConnectionPool(host='cheapest-alb-1599766835.us-east-1.elb.amazonaws.com', port=80): Read timed out. (read timeout=30)"
2026-09-20T23:40:55.252508+00:00,0,30089.86,"HTTPConnectionPool(host='cheapest-alb-1599766835.us-east-1.elb.amazonaws.com', port=80): Read timed out. (read timeout=30)"
2026-09-20T23:40:55.260189+00:00,0,30097.39,"HTTPConnectionPool(host='cheapest-alb-1599766835.us-east-1.elb.amazonaws.com', port=80): Read timed out. (read timeout=30)"
2026-09-20T23:40:55.271657+00:00,0,30086.13,"HTTPConnectionPool(host='cheapest-alb-1599766835.us-east-1.elb.amazonaws.com', port=80): Read timed out. (read timeout=30)"
2026-09-20T23:40:55.282339+00:00,0,30090.23,"HTTPConnectionPool(host='cheapest-alb-1599766835.us-east-1.elb.amazonaws.com', port=80): Read timed out. (read timeout=30)"
2026-09-20T23:40:55.296495+00:00,0,30108.27,"HTTPConnectionPool(host='cheapest-alb-1599766835.us-east-1.elb.amazonaws.com', port=80): Read timed out. (read timeout=30)"
2026-09-20T23:40:55.304403+00:00,0,30112.01,"HTTPConnectionPool(host='cheapest-alb-1599766835.us-east-1.elb.amazonaws.com', port=80): Read timed out. (read timeout=30)"
2026-09-20T23:40:55.319674+00:00,0,30100.5,"HTTPConnectionPool(host='cheapest-alb-1599766835.us-east-1.elb.amazonaws.com', port=80): Read timed out. (read timeout=30)"
2026-09-20T23:40:55.343336+00:00,0,30094.49,"HTTPConnectionPool(host='cheapest-alb-1599766835.us-east-1.elb.amazonaws.com', port=80): Read timed out. (read timeout=30)"
2026-09-20T23:40:55.351166+00:00,0,30087.67,"HTTPConnectionPool(host='cheapest-alb-1599766835.us-east-1.elb.amazonaws.com', port=80): Read timed out. (read timeout=30)"
2026-09-20T23:40:55.330338+00:00,0,30117.59,"HTTPConnectionPool(host='cheapest-alb-1599766835.us-east-1.elb.amazonaws.com', port=80): Read timed out. (read timeout=30)"
2026-09-20T23:40:55.370983+00:00,0,30094.07,"HTTPConnectionPool(host='cheapest-alb-1599766835.us-east-1.elb.amazonaws.com', port=80): Read timed out. (read timeout=30)"
2026-09-20T23:40:55.360624+00:00,0,30104.32,"HTTPConnectionPool(host='cheapest-alb-1599766835.us-east-1.elb.amazonaws.com', port=80): Read timed out. (read timeout=30)"
2026-09-20T23:40:55.383031+00:00,0,30096.71,"HTTPConnectionPool(host='cheapest-alb-1599766835.us-east-1.elb.amazonaws.com', port=80): Read timed out. (read timeout=30)"
2026-09-20T23:40:55.404750+00:00,0,30090.86,"HTTPConnectionPool(host='cheapest-alb-1599766835.us-east-1.elb.amazonaws.com', port=80): Read timed out. (read timeout=30)"
2026-09-20T23:40:55.415834+00:00,0,30079.94,"HTTPConnectionPool(host='cheapest-alb-1599766835.us-east-1.elb.amazonaws.com', port=80): Read timed out. (read timeout=30)"
2026-09-20T23:40:55.393885+00:00,0,30116.39,"HTTPConnectionPool(host='cheapest-alb-1599766835.us-east-1.elb.amazonaws.com', port=80): Read timed out. (read timeout=30)"
2026-09-20T23:40:55.427728+00:00,0,30082.87,"HTTPConnectionPool(host='cheapest-alb-1599766835.us-east-1.elb.amazonaws.com', port=80): Read timed out. (read timeout=30)"
2026-09-20T23:40:55.448782+00:00,0,30079.54,"HTTPConnectionPool(host='cheapest-alb-1599766835.us-east-1.elb.amazonaws.com', port=80): Read timed out. (read timeout=30)"
2026-09-20T23:40:55.438069+00:00,0,30104.78,"HTTPConnectionPool(host='cheapest-alb-1599766835.us-east-1.elb.amazonaws.com', port=80): Read timed out. (read timeout=30)"
2026-09-20T23:40:55.460192+00:00,0,30083.03,"HTTPConnectionPool(host='cheapest-alb-1599766835.us-east-1.elb.amazonaws.com', port=80): Read timed out. (read timeout=30)"
2026-09-20T23:40:55.471741+00:00,0,30087.23,"HTTPConnectionPool(host='cheapest-alb-1599766835.us-east-1.elb.amazonaws.com', port=80): Read timed out. (read timeout=30)"
2026-09-20T23:40:55.482897+00:00,0,30097.64,"HTTPConnectionPool(host='cheapest-alb-1599766835.us-east-1.elb.amazonaws.com', port=80): Read timed out. (read timeout=30)"
2026-09-20T23:40:55.493924+00:00,0,30087.57,"HTTPConnectionPool(host='cheapest-alb-1599766835.us-east-1.elb.amazonaws.com', port=80): Read timed out. (read timeout=30)"
2026-09-20T23:40:55.504106+00:00,0,30076.79,"HTTPConnectionPool(host='cheapest-alb-1599766835.us-east-1.elb.amazonaws.com', port=80): Read timed out. (read timeout=30)"
2026-09-20T23:40:55.527249+00:00,0,30085.38,"HTTPConnectionPool(host='cheapest-alb-1599766835.us-east-1.elb.amazonaws.com', port=80): Read timed out. (read timeout=30)"
2026-09-20T23:40:55.537432+00:00,0,30089.43,"HTTPConnectionPool(host='cheapest-alb-1599766835.us-east-1.elb.amazonaws.com', port=80): Read timed out. (read timeout=30)"
2026-09-20T23:40:55.516439+00:00,0,30112.86,"HTTPConnectionPool(host='cheapest-alb-1599766835.us-east-1.elb.amazonaws.com', port=80): Read timed out. (read timeout=30)"
2026-09-20T23:40:55.548743+00:00,0,30094.25,"HTTPConnectionPool(host='cheapest-alb-1599766835.us-east-1.elb.amazonaws.com', port=80): Read timed out. (read timeout=30)"
2026-09-20T23:40:55.561103+00:00,0,30082.08,"HTTPConnectionPool(host='cheapest-alb-1599766835.us-east-1.elb.amazonaws.com', port=80): Read timed out. (read timeout=30)"
2026-09-20T23:40:55.582437+00:00,0,30075.74,"HTTPConnectionPool(host='cheapest-alb-1599766835.us-east-1.elb.amazonaws.com', port=80): Read timed out. (read timeout=30)"
2026-09-20T23:40:55.570878+00:00,0,30087.65,"HTTPConnectionPool(host='cheapest-alb-1599766835.us-east-1.elb.amazonaws.com', port=80): Read timed out. (read timeout=30)"
2026-09-20T23:40:55.604074+00:00,0,30085.97,"HTTPConnectionPool(host='cheapest-alb-1599766835.us-east-1.elb.amazonaws.com', port=80): Read timed out. (read timeout=30)"
2026-09-20T23:40:55.594426+00:00,0,30096.82,"HTTPConnectionPool(host='cheapest-alb-1599766835.us-east-1.elb.amazonaws.com', port=80): Read timed out. (read timeout=30)"
2026-09-20T23:40:55.615682+00:00,0,30099.24,"HTTPConnectionPool(host='cheapest-alb-1599766835.us-east-1.elb.amazonaws.com', port=80): Read timed out. (read timeout=30)"
2026-09-20T23:40:55.626677+00:00,0,30088.48,"HTTPConnectionPool(host='cheapest-alb-1599766835.us-east-1.elb.amazonaws.com', port=80): Read timed out. (read timeout=30)"
2026-09-20T23:40:55.637659+00:00,0,30092.01,"HTTPConnectionPool(host='cheapest-alb-1599766835.us-east-1.elb.amazonaws.com', port=80): Read timed out. (read timeout=30)"
2026-09-20T23:40:55.660600+00:00,0,30087.31,"HTTPConnectionPool(host='cheapest-alb-1599766835.us-east-1.elb.amazonaws.com', port=80): Read timed out. (read timeout=30)"
2026-09-20T23:40:55.650028+00:00,0,30099.17,"HTTPConnectionPool(host='cheapest-alb-1599766835.us-east-1.elb.amazonaws.com', port=80): Read timed out. (read timeout=30)"
2026-09-20T23:40:55.683346+00:00,0,30081.27,"HTTPConnectionPool(host='cheapest-alb-1599766835.us-east-1.elb.amazonaws.com', port=80): Read timed out. (read timeout=30)"
2026-09-20T23:40:55.671080+00:00,0,30093.78,"HTTPConnectionPool(host='cheapest-alb-1599766835.us-east-1.elb.amazonaws.com', port=80): Read timed out. (read timeout=30)"
2026-09-20T23:40:55.694405+00:00,0,30084.98,"HTTPConnectionPool(host='cheapest-alb-1599766835.us-east-1.elb.amazonaws.com', port=80): Read timed out. (read timeout=30)"
2026-09-20T23:40:55.704496+00:00,0,30091.69,"HTTPConnectionPool(host='cheapest-alb-1599766835.us-east-1.elb.amazonaws.com', port=80): Read timed out. (read timeout=30)"
2026-09-20T23:40:55.715718+00:00,0,30094.91,"HTTPConnectionPool(host='cheapest-alb-1599766835.us-east-1.elb.amazonaws.com', port=80): Read timed out. (read timeout=30)"
2026-09-20T23:40:55.726298+00:00,0,30084.99,"HTTPConnectionPool(host='cheapest-alb-1599766835.us-east-1.elb.amazonaws.com', port=80): Read timed out. (read timeout=30)"
2026-09-20T23:40:55.748755+00:00,0,30080.57,"HTTPConnectionPool(host='cheapest-alb-1599766835.us-east-1.elb.amazonaws.com', port=80): Read timed out. (read timeout=30)"
2026-09-20T23:40:55.739033+00:00,0,30104.62,"HTTPConnectionPool(host='cheapest-alb-1599766835.us-east-1.elb.amazonaws.com', port=80): Read timed out. (read timeout=30)"
2026-09-20T23:40:55.760680+00:00,0,30114.01,"HTTPConnectionPool(host='cheapest-alb-1599766835.us-east-1.elb.amazonaws.com', port=80): Read timed out. (read timeout=30)"
2026-09-20T23:40:55.793062+00:00,0,30081.7,"HTTPConnectionPool(host='cheapest-alb-1599766835.us-east-1.elb.amazonaws.com', port=80): Read timed out. (read timeout=30)"
2026-09-20T23:40:55.783043+00:00,0,30107.29,"HTTPConnectionPool(host='cheapest-alb-1599766835.us-east-1.elb.amazonaws.com', port=80): Read timed out. (read timeout=30)"
2026-09-20T23:40:55.771001+00:00,0,30116.93,"HTTPConnectionPool(host='cheapest-alb-1599766835.us-east-1.elb.amazonaws.com', port=80): Read timed out. (read timeout=30)"
2026-09-20T23:40:55.826598+00:00,0,30088.56,"HTTPConnectionPool(host='cheapest-alb-1599766835.us-east-1.elb.amazonaws.com', port=80): Read timed out. (read timeout=30)"
2026-09-20T23:40:55.804751+00:00,0,30110.61,"HTTPConnectionPool(host='cheapest-alb-1599766835.us-east-1.elb.amazonaws.com', port=80): Read timed out. (read timeout=30)"
2026-09-20T23:40:55.817586+00:00,0,30113.74,"HTTPConnectionPool(host='cheapest-alb-1599766835.us-east-1.elb.amazonaws.com', port=80): Read timed out. (read timeout=30)"
2026-09-20T23:40:55.838933+00:00,0,30092.59,"HTTPConnectionPool(host='cheapest-alb-1599766835.us-east-1.elb.amazonaws.com', port=80): Read timed out. (read timeout=30)"
2026-09-20T23:40:55.849099+00:00,0,30096.67,"HTTPConnectionPool(host='cheapest-alb-1599766835.us-east-1.elb.amazonaws.com', port=80): Read timed out. (read timeout=30)"
2026-09-20T23:40:55.871843+00:00,0,30090.02,"HTTPConnectionPool(host='cheapest-alb-1599766835.us-east-1.elb.amazonaws.com', port=80): Read timed out. (read timeout=30)"
2026-09-20T23:40:55.860185+00:00,0,30103.18,"HTTPConnectionPool(host='cheapest-alb-1599766835.us-east-1.elb.amazonaws.com', port=80): Read timed out. (read timeout=30)"
2026-09-20T23:40:55.893677+00:00,0,30083.25,"HTTPConnectionPool(host='cheapest-alb-1599766835.us-east-1.elb.amazonaws.com', port=80): Read timed out. (read timeout=30)"
2026-09-20T23:40:55.883698+00:00,0,30110.34,"HTTPConnectionPool(host='cheapest-alb-1599766835.us-east-1.elb.amazonaws.com', port=80): Read timed out. (read timeout=30)"
2026-09-20T23:40:55.904011+00:00,0,30089.63,"HTTPConnectionPool(host='cheapest-alb-1599766835.us-east-1.elb.amazonaws.com', port=80): Read timed out. (read timeout=30)"
2026-09-20T23:40:55.916648+00:00,0,30091.07,"HTTPConnectionPool(host='cheapest-alb-1599766835.us-east-1.elb.amazonaws.com', port=80): Read timed out. (read timeout=30)"
2026-09-20T23:40:55.938357+00:00,0,30086.31,"HTTPConnectionPool(host='cheapest-alb-1599766835.us-east-1.elb.amazonaws.com', port=80): Read timed out. (read timeout=30)"
2026-09-20T23:40:55.928797+00:00,0,30097.47,"HTTPConnectionPool(host='cheapest-alb-1599766835.us-east-1.elb.amazonaws.com', port=80): Read timed out. (read timeout=30)"
2026-09-20T23:40:55.949830+00:00,0,30090.37,"HTTPConnectionPool(host='cheapest-alb-1599766835.us-east-1.elb.amazonaws.com', port=80): Read timed out. (read timeout=30)"
2026-09-20T23:40:55.959830+00:00,0,30098.19,"HTTPConnectionPool(host='cheapest-alb-1599766835.us-east-1.elb.amazonaws.com', port=80): Read timed out. (read timeout=30)"
2026-09-20T23:40:55.971632+00:00,0,30086.89,"HTTPConnectionPool(host='cheapest-alb-1599766835.us-east-1.elb.amazonaws.com', port=80): Read timed out. (read timeout=30)"
2026-09-20T23:40:55.984202+00:00,0,30091.87,"HTTPConnectionPool(host='cheapest-alb-1599766835.us-east-1.elb.amazonaws.com', port=80): Read timed out. (read timeout=30)"
2026-09-20T23:40:55.994475+00:00,0,30081.65,"HTTPConnectionPool(host='cheapest-alb-1599766835.us-east-1.elb.amazonaws.com', port=80): Read timed out. (read timeout=30)"
2026-09-20T23:40:56.004934+00:00,0,30084.21,"HTTPConnectionPool(host='cheapest-alb-1599766835.us-east-1.elb.amazonaws.com', port=80): Read timed out. (read timeout=30)"
2026-09-20T23:40:56.015970+00:00,0,30081.47,"HTTPConnectionPool(host='cheapest-alb-1599766835.us-east-1.elb.amazonaws.com', port=80): Read timed out. (read timeout=30)"
2026-09-20T23:40:56.026403+00:00,0,30087.19,"HTTPConnectionPool(host='cheapest-alb-1599766835.us-east-1.elb.amazonaws.com', port=80): Read timed out. (read timeout=30)"
2026-09-20T23:40:56.049048+00:00,0,30080.52,"HTTPConnectionPool(host='cheapest-alb-1599766835.us-east-1.elb.amazonaws.com', port=80): Read timed out. (read timeout=30)"
2026-09-20T23:40:56.037934+00:00,0,30092.69,"HTTPConnectionPool(host='cheapest-alb-1599766835.us-east-1.elb.amazonaws.com', port=80): Read timed out. (read timeout=30)"
2026-09-20T23:40:56.059957+00:00,0,30084.63,"HTTPConnectionPool(host='cheapest-alb-1599766835.us-east-1.elb.amazonaws.com', port=80): Read timed out. (read timeout=30)"
2026-09-20T23:40:56.071873+00:00,0,30088.86,"HTTPConnectionPool(host='cheapest-alb-1599766835.us-east-1.elb.amazonaws.com', port=80): Read timed out. (read timeout=30)"
2026-09-20T23:40:56.092952+00:00,0,30084.64,"HTTPConnectionPool(host='cheapest-alb-1599766835.us-east-1.elb.amazonaws.com', port=80): Read timed out. (read timeout=30)"
2026-09-20T23:40:56.082427+00:00,0,30092.49,"HTTPConnectionPool(host='cheapest-alb-1599766835.us-east-1.elb.amazonaws.com', port=80): Read timed out. (read timeout=30)"
2026-09-20T23:40:56.104112+00:00,0,30089.41,"HTTPConnectionPool(host='cheapest-alb-1599766835.us-east-1.elb.amazonaws.com', port=80): Read timed out. (read timeout=30)"
2026-09-20T23:40:56.115400+00:00,0,30092.38,"HTTPConnectionPool(host='cheapest-alb-1599766835.us-east-1.elb.amazonaws.com', port=80): Read timed out. (read timeout=30)"
2026-09-20T23:40:56.126504+00:00,0,30082.71,"HTTPConnectionPool(host='cheapest-alb-1599766835.us-east-1.elb.amazonaws.com', port=80): Read timed out. (read timeout=30)"
2026-09-20T23:40:56.138294+00:00,0,30087.06,"HTTPConnectionPool(host='cheapest-alb-1599766835.us-east-1.elb.amazonaws.com', port=80): Read timed out. (read timeout=30)"
2026-09-20T23:40:56.148613+00:00,0,30083.03,"HTTPConnectionPool(host='cheapest-alb-1599766835.us-east-1.elb.amazonaws.com', port=80): Read timed out. (read timeout=30)"
2026-09-20T23:40:56.171197+00:00,0,30077.77,"HTTPConnectionPool(host='cheapest-alb-1599766835.us-east-1.elb.amazonaws.com', port=80): Read timed out. (read timeout=30)"
2026-09-20T23:40:56.159866+00:00,0,30096.27,"HTTPConnectionPool(host='cheapest-alb-1599766835.us-east-1.elb.amazonaws.com', port=80): Read timed out. (read timeout=30)"
2026-09-20T23:40:56.193735+00:00,0,30087.34,"HTTPConnectionPool(host='cheapest-alb-1599766835.us-east-1.elb.amazonaws.com', port=80): Read timed out. (read timeout=30)"
2026-09-20T23:40:56.204939+00:00,0,30077.18,"HTTPConnectionPool(host='cheapest-alb-1599766835.us-east-1.elb.amazonaws.com', port=80): Read timed out. (read timeout=30)"
2026-09-20T23:40:56.182298+00:00,0,30100.0,"HTTPConnectionPool(host='cheapest-alb-1599766835.us-east-1.elb.amazonaws.com', port=80): Read timed out. (read timeout=30)"
2026-09-20T23:40:56.215278+00:00,0,30099.19,"HTTPConnectionPool(host='cheapest-alb-1599766835.us-east-1.elb.amazonaws.com', port=80): Read timed out. (read timeout=30)"
2026-09-20T23:40:56.228981+00:00,0,30086.7,"HTTPConnectionPool(host='cheapest-alb-1599766835.us-east-1.elb.amazonaws.com', port=80): Read timed out. (read timeout=30)"
2026-09-20T23:40:56.237867+00:00,0,30091.86,"HTTPConnectionPool(host='cheapest-alb-1599766835.us-east-1.elb.amazonaws.com', port=80): Read timed out. (read timeout=30)"
2026-09-20T23:40:56.248677+00:00,0,30097.96,"HTTPConnectionPool(host='cheapest-alb-1599766835.us-east-1.elb.amazonaws.com', port=80): Read timed out. (read timeout=30)"
2026-09-20T23:40:56.259855+00:00,0,30102.26,"HTTPConnectionPool(host='cheapest-alb-1599766835.us-east-1.elb.amazonaws.com', port=80): Read timed out. (read timeout=30)"
2026-09-20T23:40:56.270706+00:00,0,30091.51,"HTTPConnectionPool(host='cheapest-alb-1599766835.us-east-1.elb.amazonaws.com', port=80): Read timed out. (read timeout=30)"
2026-09-20T23:40:56.282985+00:00,0,30095.0,"HTTPConnectionPool(host='cheapest-alb-1599766835.us-east-1.elb.amazonaws.com', port=80): Read timed out. (read timeout=30)"
2026-09-20T23:40:56.294819+00:00,0,30083.67,"HTTPConnectionPool(host='cheapest-alb-1599766835.us-east-1.elb.amazonaws.com', port=80): Read timed out. (read timeout=30)"
2026-09-20T23:40:56.304473+00:00,0,30089.6,"HTTPConnectionPool(host='cheapest-alb-1599766835.us-east-1.elb.amazonaws.com', port=80): Read timed out. (read timeout=30)"
2026-09-20T23:40:56.315212+00:00,0,30094.09,"HTTPConnectionPool(host='cheapest-alb-1599766835.us-east-1.elb.amazonaws.com', port=80): Read timed out. (read timeout=30)"
2026-09-20T23:40:56.338309+00:00,0,30087.76,"HTTPConnectionPool(host='cheapest-alb-1599766835.us-east-1.elb.amazonaws.com', port=80): Read timed out. (read timeout=30)"
2026-09-20T23:40:56.326904+00:00,0,30098.21,"HTTPConnectionPool(host='cheapest-alb-1599766835.us-east-1.elb.amazonaws.com', port=80): Read timed out. (read timeout=30)"
2026-09-20T23:40:56.348742+00:00,0,30092.49,"HTTPConnectionPool(host='cheapest-alb-1599766835.us-east-1.elb.amazonaws.com', port=80): Read timed out. (read timeout=30)"
2026-09-20T23:40:56.360736+00:00,0,30087.94,"HTTPConnectionPool(host='cheapest-alb-1599766835.us-east-1.elb.amazonaws.com', port=80): Read timed out. (read timeout=30)"
2026-09-20T23:40:56.372258+00:00,0,30094.18,"HTTPConnectionPool(host='cheapest-alb-1599766835.us-east-1.elb.amazonaws.com', port=80): Read timed out. (read timeout=30)"
2026-09-20T23:40:56.393890+00:00,0,30086.93,"HTTPConnectionPool(host='cheapest-alb-1599766835.us-east-1.elb.amazonaws.com', port=80): Read timed out. (read timeout=30)"
2026-09-20T23:40:56.381938+00:00,0,30099.35,"HTTPConnectionPool(host='cheapest-alb-1599766835.us-east-1.elb.amazonaws.com', port=80): Read timed out. (read timeout=30)"
2026-09-20T23:40:56.404684+00:00,0,30092.47,"HTTPConnectionPool(host='cheapest-alb-1599766835.us-east-1.elb.amazonaws.com', port=80): Read timed out. (read timeout=30)"
2026-09-20T23:40:56.415910+00:00,0,30097.56,"HTTPConnectionPool(host='cheapest-alb-1599766835.us-east-1.elb.amazonaws.com', port=80): Read timed out. (read timeout=30)"
2026-09-20T23:40:56.426471+00:00,0,30088.27,"HTTPConnectionPool(host='cheapest-alb-1599766835.us-east-1.elb.amazonaws.com', port=80): Read timed out. (read timeout=30)"
2026-09-20T23:40:56.438989+00:00,0,30090.48,"HTTPConnectionPool(host='cheapest-alb-1599766835.us-east-1.elb.amazonaws.com', port=80): Read timed out. (read timeout=30)"
2026-09-20T23:40:56.449514+00:00,0,30096.78,"HTTPConnectionPool(host='cheapest-alb-1599766835.us-east-1.elb.amazonaws.com', port=80): Read timed out. (read timeout=30)"
2026-09-20T23:40:56.471229+00:00,0,30107.67,"HTTPConnectionPool(host='cheapest-alb-1599766835.us-east-1.elb.amazonaws.com', port=80): Read timed out. (read timeout=30)"
2026-09-20T23:40:56.461131+00:00,0,30118.06,"HTTPConnectionPool(host='cheapest-alb-1599766835.us-east-1.elb.amazonaws.com', port=80): Read timed out. (read timeout=30)"
2026-09-20T23:40:56.482796+00:00,0,30096.26,"HTTPConnectionPool(host='cheapest-alb-1599766835.us-east-1.elb.amazonaws.com', port=80): Read timed out. (read timeout=30)"
2026-09-20T23:40:56.496730+00:00,0,30083.88,"HTTPConnectionPool(host='cheapest-alb-1599766835.us-east-1.elb.amazonaws.com', port=80): Read timed out. (read timeout=30)"
2026-09-20T23:40:56.505643+00:00,0,30089.34,"HTTPConnectionPool(host='cheapest-alb-1599766835.us-east-1.elb.amazonaws.com', port=80): Read timed out. (read timeout=30)"
2026-09-20T23:40:56.528178+00:00,0,30081.59,"HTTPConnectionPool(host='cheapest-alb-1599766835.us-east-1.elb.amazonaws.com', port=80): Read timed out. (read timeout=30)"
2026-09-20T23:40:56.516612+00:00,0,30108.71,"HTTPConnectionPool(host='cheapest-alb-1599766835.us-east-1.elb.amazonaws.com', port=80): Read timed out. (read timeout=30)"
2026-09-20T23:40:56.538017+00:00,0,30103.1,"HTTPConnectionPool(host='cheapest-alb-1599766835.us-east-1.elb.amazonaws.com', port=80): Read timed out. (read timeout=30)"
2026-09-20T23:40:56.550785+00:00,0,30098.95,"HTTPConnectionPool(host='cheapest-alb-1599766835.us-east-1.elb.amazonaws.com', port=80): Read timed out. (read timeout=30)"
2026-09-20T23:40:56.560923+00:00,0,30105.24,"HTTPConnectionPool(host='cheapest-alb-1599766835.us-east-1.elb.amazonaws.com', port=80): Read timed out. (read timeout=30)"
2026-09-20T23:40:56.572154+00:00,0,30093.46,"HTTPConnectionPool(host='cheapest-alb-1599766835.us-east-1.elb.amazonaws.com', port=80): Read timed out. (read timeout=30)"
2026-09-20T23:40:56.593274+00:00,0,30081.09,"HTTPConnectionPool(host='cheapest-alb-1599766835.us-east-1.elb.amazonaws.com', port=80): Read timed out. (read timeout=30)"
2026-09-20T23:40:56.582291+00:00,0,30099.73,"HTTPConnectionPool(host='cheapest-alb-1599766835.us-east-1.elb.amazonaws.com', port=80): Read timed out. (read timeout=30)"
2026-09-20T23:40:56.605695+00:00,0,30092.82,"HTTPConnectionPool(host='cheapest-alb-1599766835.us-east-1.elb.amazonaws.com', port=80): Read timed out. (read timeout=30)"
2026-09-20T23:40:56.615573+00:00,0,30098.6,"HTTPConnectionPool(host='cheapest-alb-1599766835.us-east-1.elb.amazonaws.com', port=80): Read timed out. (read timeout=30)"
2026-09-20T23:40:56.649073+00:00,0,30079.98,"HTTPConnectionPool(host='cheapest-alb-1599766835.us-east-1.elb.amazonaws.com', port=80): Read timed out. (read timeout=30)"
2026-09-20T23:40:56.626229+00:00,0,30103.0,"HTTPConnectionPool(host='cheapest-alb-1599766835.us-east-1.elb.amazonaws.com', port=80): Read timed out. (read timeout=30)"
2026-09-20T23:40:56.638099+00:00,0,30091.52,"HTTPConnectionPool(host='cheapest-alb-1599766835.us-east-1.elb.amazonaws.com', port=80): Read timed out. (read timeout=30)"
2026-09-20T23:40:56.659590+00:00,0,30086.16,"HTTPConnectionPool(host='cheapest-alb-1599766835.us-east-1.elb.amazonaws.com', port=80): Read timed out. (read timeout=30)"
2026-09-20T23:40:56.671720+00:00,0,30074.46,"HTTPConnectionPool(host='cheapest-alb-1599766835.us-east-1.elb.amazonaws.com', port=80): Read timed out. (read timeout=30)"
2026-09-20T23:40:56.693765+00:00,0,30100.61,"HTTPConnectionPool(host='cheapest-alb-1599766835.us-east-1.elb.amazonaws.com', port=80): Read timed out. (read timeout=30)"
2026-09-20T23:40:56.683749+00:00,0,30111.27,"HTTPConnectionPool(host='cheapest-alb-1599766835.us-east-1.elb.amazonaws.com', port=80): Read timed out. (read timeout=30)"
2026-09-20T23:40:56.705157+00:00,0,30105.19,"HTTPConnectionPool(host='cheapest-alb-1599766835.us-east-1.elb.amazonaws.com', port=80): Read timed out. (read timeout=30)"
2026-09-20T23:40:56.738104+00:00,0,30088.66,"HTTPConnectionPool(host='cheapest-alb-1599766835.us-east-1.elb.amazonaws.com', port=80): Read timed out. (read timeout=30)"
2026-09-20T23:40:56.716044+00:00,0,30110.98,"HTTPConnectionPool(host='cheapest-alb-1599766835.us-east-1.elb.amazonaws.com', port=80): Read timed out. (read timeout=30)"
2026-09-20T23:40:56.748986+00:00,0,30078.25,"HTTPConnectionPool(host='cheapest-alb-1599766835.us-east-1.elb.amazonaws.com', port=80): Read timed out. (read timeout=30)"
2026-09-20T23:40:56.727413+00:00,0,30100.18,"HTTPConnectionPool(host='cheapest-alb-1599766835.us-east-1.elb.amazonaws.com', port=80): Read timed out. (read timeout=30)"
2026-09-20T23:40:56.771126+00:00,0,30087.45,"HTTPConnectionPool(host='cheapest-alb-1599766835.us-east-1.elb.amazonaws.com', port=80): Read timed out. (read timeout=30)"
2026-09-20T23:40:56.761099+00:00,0,30098.02,"HTTPConnectionPool(host='cheapest-alb-1599766835.us-east-1.elb.amazonaws.com', port=80): Read timed out. (read timeout=30)"
2026-09-20T23:40:56.782601+00:00,0,30076.94,"HTTPConnectionPool(host='cheapest-alb-1599766835.us-east-1.elb.amazonaws.com', port=80): Read timed out. (read timeout=30)"
2026-09-20T23:40:56.793811+00:00,0,30080.33,"HTTPConnectionPool(host='cheapest-alb-1599766835.us-east-1.elb.amazonaws.com', port=80): Read timed out. (read timeout=30)"
2026-09-20T23:40:56.805659+00:00,0,30092.42,"HTTPConnectionPool(host='cheapest-alb-1599766835.us-east-1.elb.amazonaws.com', port=80): Read timed out. (read timeout=30)"
2026-09-20T23:40:56.815513+00:00,0,30081.84,"HTTPConnectionPool(host='cheapest-alb-1599766835.us-east-1.elb.amazonaws.com', port=80): Read timed out. (read timeout=30)"
2026-09-20T23:40:56.827635+00:00,0,30086.45,"HTTPConnectionPool(host='cheapest-alb-1599766835.us-east-1.elb.amazonaws.com', port=80): Read timed out. (read timeout=30)"
2026-09-20T23:40:56.837988+00:00,0,30090.79,"HTTPConnectionPool(host='cheapest-alb-1599766835.us-east-1.elb.amazonaws.com', port=80): Read timed out. (read timeout=30)"
2026-09-20T23:40:56.882528+00:00,0,30078.71,"HTTPConnectionPool(host='cheapest-alb-1599766835.us-east-1.elb.amazonaws.com', port=80): Read timed out. (read timeout=30)"
2026-09-20T23:40:56.871767+00:00,0,30089.02,"HTTPConnectionPool(host='cheapest-alb-1599766835.us-east-1.elb.amazonaws.com', port=80): Read timed out. (read timeout=30)"
2026-09-20T23:40:56.849594+00:00,0,30111.71,"HTTPConnectionPool(host='cheapest-alb-1599766835.us-east-1.elb.amazonaws.com', port=80): Read timed out. (read timeout=30)"
2026-09-20T23:40:56.894075+00:00,0,30082.99,"HTTPConnectionPool(host='cheapest-alb-1599766835.us-east-1.elb.amazonaws.com', port=80): Read timed out. (read timeout=30)"
2026-09-20T23:40:56.859988+00:00,0,30117.89,"HTTPConnectionPool(host='cheapest-alb-1599766835.us-east-1.elb.amazonaws.com', port=80): Read timed out. (read timeout=30)"
2026-09-20T23:40:56.926728+00:00,0,30084.1,"HTTPConnectionPool(host='cheapest-alb-1599766835.us-east-1.elb.amazonaws.com', port=80): Read timed out. (read timeout=30)"
2026-09-20T23:40:56.906806+00:00,0,30103.82,"HTTPConnectionPool(host='cheapest-alb-1599766835.us-east-1.elb.amazonaws.com', port=80): Read timed out. (read timeout=30)"
2026-09-20T23:40:56.915515+00:00,0,30109.4,"HTTPConnectionPool(host='cheapest-alb-1599766835.us-east-1.elb.amazonaws.com', port=80): Read timed out. (read timeout=30)"
2026-09-20T23:40:56.939486+00:00,0,30087.45,"HTTPConnectionPool(host='cheapest-alb-1599766835.us-east-1.elb.amazonaws.com', port=80): Read timed out. (read timeout=30)"
2026-09-20T23:40:56.960351+00:00,0,30083.49,"HTTPConnectionPool(host='cheapest-alb-1599766835.us-east-1.elb.amazonaws.com', port=80): Read timed out. (read timeout=30)"
2026-09-20T23:40:56.972439+00:00,0,30084.73,"HTTPConnectionPool(host='cheapest-alb-1599766835.us-east-1.elb.amazonaws.com', port=80): Read timed out. (read timeout=30)"
2026-09-20T23:40:56.948591+00:00,0,30108.49,"HTTPConnectionPool(host='cheapest-alb-1599766835.us-east-1.elb.amazonaws.com', port=80): Read timed out. (read timeout=30)"
2026-09-20T23:40:56.983144+00:00,0,30099.26,"HTTPConnectionPool(host='cheapest-alb-1599766835.us-east-1.elb.amazonaws.com', port=80): Read timed out. (read timeout=30)"
2026-09-20T23:40:56.994484+00:00,0,30086.85,"HTTPConnectionPool(host='cheapest-alb-1599766835.us-east-1.elb.amazonaws.com', port=80): Read timed out. (read timeout=30)"
2026-09-20T23:40:57.005210+00:00,0,30109.38,"HTTPConnectionPool(host='cheapest-alb-1599766835.us-east-1.elb.amazonaws.com', port=80): Read timed out. (read timeout=30)"
2026-09-20T23:40:57.016166+00:00,0,30097.83,"HTTPConnectionPool(host='cheapest-alb-1599766835.us-east-1.elb.amazonaws.com', port=80): Read timed out. (read timeout=30)"
2026-09-20T23:40:57.038705+00:00,0,30090.98,"HTTPConnectionPool(host='cheapest-alb-1599766835.us-east-1.elb.amazonaws.com', port=80): Read timed out. (read timeout=30)"
2026-09-20T23:40:57.048580+00:00,0,30079.77,"HTTPConnectionPool(host='cheapest-alb-1599766835.us-east-1.elb.amazonaws.com', port=80): Read timed out. (read timeout=30)"
2026-09-20T23:40:57.027649+00:00,0,30101.65,"HTTPConnectionPool(host='cheapest-alb-1599766835.us-east-1.elb.amazonaws.com', port=80): Read timed out. (read timeout=30)"
2026-09-20T23:40:57.060446+00:00,0,30085.06,"HTTPConnectionPool(host='cheapest-alb-1599766835.us-east-1.elb.amazonaws.com', port=80): Read timed out. (read timeout=30)"
2026-09-20T23:40:57.070903+00:00,0,30075.51,"HTTPConnectionPool(host='cheapest-alb-1599766835.us-east-1.elb.amazonaws.com', port=80): Read timed out. (read timeout=30)"
2026-09-20T23:40:57.082160+00:00,0,30080.28,"HTTPConnectionPool(host='cheapest-alb-1599766835.us-east-1.elb.amazonaws.com', port=80): Read timed out. (read timeout=30)"
2026-09-20T23:40:57.094688+00:00,0,30075.52,"HTTPConnectionPool(host='cheapest-alb-1599766835.us-east-1.elb.amazonaws.com', port=80): Read timed out. (read timeout=30)"
2026-09-20T23:40:57.116770+00:00,0,30081.01,"HTTPConnectionPool(host='cheapest-alb-1599766835.us-east-1.elb.amazonaws.com', port=80): Read timed out. (read timeout=30)"
2026-09-20T23:40:57.105102+00:00,0,30093.34,"HTTPConnectionPool(host='cheapest-alb-1599766835.us-east-1.elb.amazonaws.com', port=80): Read timed out. (read timeout=30)"
2026-09-20T23:40:57.126902+00:00,0,30086.31,"HTTPConnectionPool(host='cheapest-alb-1599766835.us-east-1.elb.amazonaws.com', port=80): Read timed out. (read timeout=30)"
2026-09-20T23:40:57.137623+00:00,0,30077.07,"HTTPConnectionPool(host='cheapest-alb-1599766835.us-east-1.elb.amazonaws.com', port=80): Read timed out. (read timeout=30)"
2026-09-20T23:40:57.160588+00:00,0,30086.04,"HTTPConnectionPool(host='cheapest-alb-1599766835.us-east-1.elb.amazonaws.com', port=80): Read timed out. (read timeout=30)"
2026-09-20T23:40:57.149779+00:00,0,30095.83,"HTTPConnectionPool(host='cheapest-alb-1599766835.us-east-1.elb.amazonaws.com', port=80): Read timed out. (read timeout=30)"
2026-09-20T23:40:57.171507+00:00,0,30092.59,"HTTPConnectionPool(host='cheapest-alb-1599766835.us-east-1.elb.amazonaws.com', port=80): Read timed out. (read timeout=30)"
2026-09-20T23:40:57.204067+00:00,0,30077.01,"HTTPConnectionPool(host='cheapest-alb-1599766835.us-east-1.elb.amazonaws.com', port=80): Read timed out. (read timeout=30)"
2026-09-20T23:40:57.183323+00:00,0,30113.55,"HTTPConnectionPool(host='cheapest-alb-1599766835.us-east-1.elb.amazonaws.com', port=80): Read timed out. (read timeout=30)"
2026-09-20T23:40:57.193020+00:00,0,30103.9,"HTTPConnectionPool(host='cheapest-alb-1599766835.us-east-1.elb.amazonaws.com', port=80): Read timed out. (read timeout=30)"
2026-09-20T23:40:57.215579+00:00,0,30097.58,"HTTPConnectionPool(host='cheapest-alb-1599766835.us-east-1.elb.amazonaws.com', port=80): Read timed out. (read timeout=30)"
2026-09-20T23:40:57.249805+00:00,0,30078.34,"HTTPConnectionPool(host='cheapest-alb-1599766835.us-east-1.elb.amazonaws.com', port=80): Read timed out. (read timeout=30)"
2026-09-20T23:40:57.237905+00:00,0,30091.65,"HTTPConnectionPool(host='cheapest-alb-1599766835.us-east-1.elb.amazonaws.com', port=80): Read timed out. (read timeout=30)"
2026-09-20T23:40:57.227255+00:00,0,30102.86,"HTTPConnectionPool(host='cheapest-alb-1599766835.us-east-1.elb.amazonaws.com', port=80): Read timed out. (read timeout=30)"
2026-09-20T23:40:57.260103+00:00,0,30083.8,"HTTPConnectionPool(host='cheapest-alb-1599766835.us-east-1.elb.amazonaws.com', port=80): Read timed out. (read timeout=30)"
2026-09-20T23:40:57.272237+00:00,0,30087.88,"HTTPConnectionPool(host='cheapest-alb-1599766835.us-east-1.elb.amazonaws.com', port=80): Read timed out. (read timeout=30)"
2026-09-20T23:40:57.293884+00:00,0,30083.58,"HTTPConnectionPool(host='cheapest-alb-1599766835.us-east-1.elb.amazonaws.com', port=80): Read timed out. (read timeout=30)"
2026-09-20T23:40:57.282610+00:00,0,30094.56,"HTTPConnectionPool(host='cheapest-alb-1599766835.us-east-1.elb.amazonaws.com', port=80): Read timed out. (read timeout=30)"
2026-09-20T23:40:57.305407+00:00,0,30105.91,"HTTPConnectionPool(host='cheapest-alb-1599766835.us-east-1.elb.amazonaws.com', port=80): Read timed out. (read timeout=30)"
2026-09-20T23:40:57.327263+00:00,0,30083.5,"HTTPConnectionPool(host='cheapest-alb-1599766835.us-east-1.elb.amazonaws.com', port=80): Read timed out. (read timeout=30)"
2026-09-20T23:40:57.315726+00:00,0,30095.11,"HTTPConnectionPool(host='cheapest-alb-1599766835.us-east-1.elb.amazonaws.com', port=80): Read timed out. (read timeout=30)"
2026-09-20T23:40:57.338356+00:00,0,30083.6,"HTTPConnectionPool(host='cheapest-alb-1599766835.us-east-1.elb.amazonaws.com', port=80): Read timed out. (read timeout=30)"
2026-09-20T23:40:57.361243+00:00,0,30102.81,"HTTPConnectionPool(host='cheapest-alb-1599766835.us-east-1.elb.amazonaws.com', port=80): Read timed out. (read timeout=30)"
2026-09-20T23:40:57.349448+00:00,0,30115.42,"HTTPConnectionPool(host='cheapest-alb-1599766835.us-east-1.elb.amazonaws.com', port=80): Read timed out. (read timeout=30)"
2026-09-20T23:40:57.371919+00:00,0,30093.25,"HTTPConnectionPool(host='cheapest-alb-1599766835.us-east-1.elb.amazonaws.com', port=80): Read timed out. (read timeout=30)"
2026-09-20T23:40:57.394505+00:00,0,30087.19,"HTTPConnectionPool(host='cheapest-alb-1599766835.us-east-1.elb.amazonaws.com', port=80): Read timed out. (read timeout=30)"
2026-09-20T23:40:57.382222+00:00,0,30099.07,"HTTPConnectionPool(host='cheapest-alb-1599766835.us-east-1.elb.amazonaws.com', port=80): Read timed out. (read timeout=30)"
2026-09-20T23:40:57.404908+00:00,0,30108.79,"HTTPConnectionPool(host='cheapest-alb-1599766835.us-east-1.elb.amazonaws.com', port=80): Read timed out. (read timeout=30)"
2026-09-20T23:40:57.416600+00:00,0,30096.17,"HTTPConnectionPool(host='cheapest-alb-1599766835.us-east-1.elb.amazonaws.com', port=80): Read timed out. (read timeout=30)"
2026-09-20T23:40:57.437752+00:00,0,30091.01,"HTTPConnectionPool(host='cheapest-alb-1599766835.us-east-1.elb.amazonaws.com', port=80): Read timed out. (read timeout=30)"
2026-09-20T23:40:57.427361+00:00,0,30101.74,"HTTPConnectionPool(host='cheapest-alb-1599766835.us-east-1.elb.amazonaws.com', port=80): Read timed out. (read timeout=30)"
2026-09-20T23:40:57.451526+00:00,0,30094.07,"HTTPConnectionPool(host='cheapest-alb-1599766835.us-east-1.elb.amazonaws.com', port=80): Read timed out. (read timeout=30)"
2026-09-20T23:40:57.459859+00:00,0,30086.81,"HTTPConnectionPool(host='cheapest-alb-1599766835.us-east-1.elb.amazonaws.com', port=80): Read timed out. (read timeout=30)"
2026-09-20T23:40:57.471461+00:00,0,30089.73,"HTTPConnectionPool(host='cheapest-alb-1599766835.us-east-1.elb.amazonaws.com', port=80): Read timed out. (read timeout=30)"
2026-09-20T23:40:57.484543+00:00,0,30092.67,"HTTPConnectionPool(host='cheapest-alb-1599766835.us-east-1.elb.amazonaws.com', port=80): Read timed out. (read timeout=30)"
2026-09-20T23:40:57.494659+00:00,0,30082.61,"HTTPConnectionPool(host='cheapest-alb-1599766835.us-east-1.elb.amazonaws.com', port=80): Read timed out. (read timeout=30)"
2026-09-20T23:40:57.504552+00:00,0,30087.62,"HTTPConnectionPool(host='cheapest-alb-1599766835.us-east-1.elb.amazonaws.com', port=80): Read timed out. (read timeout=30)"
2026-09-20T23:40:57.516298+00:00,0,30075.92,"HTTPConnectionPool(host='cheapest-alb-1599766835.us-east-1.elb.amazonaws.com', port=80): Read timed out. (read timeout=30)"
2026-09-20T23:40:57.527772+00:00,0,30090.25,"HTTPConnectionPool(host='cheapest-alb-1599766835.us-east-1.elb.amazonaws.com', port=80): Read timed out. (read timeout=30)"
2026-09-20T23:40:57.538226+00:00,0,30094.42,"HTTPConnectionPool(host='cheapest-alb-1599766835.us-east-1.elb.amazonaws.com', port=80): Read timed out. (read timeout=30)"
2026-09-20T23:40:57.549626+00:00,0,30082.33,"HTTPConnectionPool(host='cheapest-alb-1599766835.us-east-1.elb.amazonaws.com', port=80): Read timed out. (read timeout=30)"
2026-09-20T23:40:57.560908+00:00,0,30086.58,"HTTPConnectionPool(host='cheapest-alb-1599766835.us-east-1.elb.amazonaws.com', port=80): Read timed out. (read timeout=30)"
2026-09-20T23:40:57.582414+00:00,0,30080.5,"HTTPConnectionPool(host='cheapest-alb-1599766835.us-east-1.elb.amazonaws.com', port=80): Read timed out. (read timeout=30)"
2026-09-20T23:40:57.571666+00:00,0,30108.77,"HTTPConnectionPool(host='cheapest-alb-1599766835.us-east-1.elb.amazonaws.com', port=80): Read timed out. (read timeout=30)"
2026-09-20T23:40:57.593728+00:00,0,30085.74,"HTTPConnectionPool(host='cheapest-alb-1599766835.us-east-1.elb.amazonaws.com', port=80): Read timed out. (read timeout=30)"
2026-09-20T23:40:57.605465+00:00,0,30091.18,"HTTPConnectionPool(host='cheapest-alb-1599766835.us-east-1.elb.amazonaws.com', port=80): Read timed out. (read timeout=30)"
2026-09-20T23:40:57.615195+00:00,0,30097.53,"HTTPConnectionPool(host='cheapest-alb-1599766835.us-east-1.elb.amazonaws.com', port=80): Read timed out. (read timeout=30)"
2026-09-20T23:40:57.649452+00:00,0,30079.34,"HTTPConnectionPool(host='cheapest-alb-1599766835.us-east-1.elb.amazonaws.com', port=80): Read timed out. (read timeout=30)"
2026-09-20T23:40:57.638006+00:00,0,30090.88,"HTTPConnectionPool(host='cheapest-alb-1599766835.us-east-1.elb.amazonaws.com', port=80): Read timed out. (read timeout=30)"
2026-09-20T23:40:57.626996+00:00,0,30102.22,"HTTPConnectionPool(host='cheapest-alb-1599766835.us-east-1.elb.amazonaws.com', port=80): Read timed out. (read timeout=30)"
2026-09-20T23:40:57.659622+00:00,0,30084.94,"HTTPConnectionPool(host='cheapest-alb-1599766835.us-east-1.elb.amazonaws.com', port=80): Read timed out. (read timeout=30)"
2026-09-20T23:40:57.671846+00:00,0,30089.23,"HTTPConnectionPool(host='cheapest-alb-1599766835.us-east-1.elb.amazonaws.com', port=80): Read timed out. (read timeout=30)"
2026-09-20T23:40:57.693992+00:00,0,30084.8,"HTTPConnectionPool(host='cheapest-alb-1599766835.us-east-1.elb.amazonaws.com', port=80): Read timed out. (read timeout=30)"
2026-09-20T23:40:57.682161+00:00,0,30096.9,"HTTPConnectionPool(host='cheapest-alb-1599766835.us-east-1.elb.amazonaws.com', port=80): Read timed out. (read timeout=30)"
2026-09-20T23:40:57.704706+00:00,0,30086.99,"HTTPConnectionPool(host='cheapest-alb-1599766835.us-east-1.elb.amazonaws.com', port=80): Read timed out. (read timeout=30)"
2026-09-20T23:40:57.727850+00:00,0,30096.84,"HTTPConnectionPool(host='cheapest-alb-1599766835.us-east-1.elb.amazonaws.com', port=80): Read timed out. (read timeout=30)"
2026-09-20T23:40:57.715592+00:00,0,30108.2,"HTTPConnectionPool(host='cheapest-alb-1599766835.us-east-1.elb.amazonaws.com', port=80): Read timed out. (read timeout=30)"
2026-09-20T23:40:57.738504+00:00,0,30090.59,"HTTPConnectionPool(host='cheapest-alb-1599766835.us-east-1.elb.amazonaws.com', port=80): Read timed out. (read timeout=30)"
2026-09-20T23:40:57.748855+00:00,0,30100.19,"HTTPConnectionPool(host='cheapest-alb-1599766835.us-east-1.elb.amazonaws.com', port=80): Read timed out. (read timeout=30)"
2026-09-20T23:40:57.760704+00:00,0,30087.59,"HTTPConnectionPool(host='cheapest-alb-1599766835.us-east-1.elb.amazonaws.com', port=80): Read timed out. (read timeout=30)"
2026-09-20T23:40:57.770668+00:00,0,30093.45,"HTTPConnectionPool(host='cheapest-alb-1599766835.us-east-1.elb.amazonaws.com', port=80): Read timed out. (read timeout=30)"
2026-09-20T23:40:57.781991+00:00,0,30099.47,"HTTPConnectionPool(host='cheapest-alb-1599766835.us-east-1.elb.amazonaws.com', port=80): Read timed out. (read timeout=30)"
2026-09-20T23:40:57.804567+00:00,0,30091.63,"HTTPConnectionPool(host='cheapest-alb-1599766835.us-east-1.elb.amazonaws.com', port=80): Read timed out. (read timeout=30)"
2026-09-20T23:40:57.794466+00:00,0,30102.35,"HTTPConnectionPool(host='cheapest-alb-1599766835.us-east-1.elb.amazonaws.com', port=80): Read timed out. (read timeout=30)"
2026-09-20T23:40:57.816261+00:00,0,30096.66,"HTTPConnectionPool(host='cheapest-alb-1599766835.us-east-1.elb.amazonaws.com', port=80): Read timed out. (read timeout=30)"
2026-09-20T23:40:57.827665+00:00,0,30085.79,"HTTPConnectionPool(host='cheapest-alb-1599766835.us-east-1.elb.amazonaws.com', port=80): Read timed out. (read timeout=30)"
2026-09-20T23:40:57.838036+00:00,0,30089.61,"HTTPConnectionPool(host='cheapest-alb-1599766835.us-east-1.elb.amazonaws.com', port=80): Read timed out. (read timeout=30)"
2026-09-20T23:40:57.848139+00:00,0,30094.71,"HTTPConnectionPool(host='cheapest-alb-1599766835.us-east-1.elb.amazonaws.com', port=80): Read timed out. (read timeout=30)"
2026-09-20T23:40:57.870887+00:00,0,30090.14,"HTTPConnectionPool(host='cheapest-alb-1599766835.us-east-1.elb.amazonaws.com', port=80): Read timed out. (read timeout=30)"
2026-09-20T23:40:57.861149+00:00,0,30100.15,"HTTPConnectionPool(host='cheapest-alb-1599766835.us-east-1.elb.amazonaws.com', port=80): Read timed out. (read timeout=30)"
2026-09-20T23:40:57.893873+00:00,0,30082.38,"HTTPConnectionPool(host='cheapest-alb-1599766835.us-east-1.elb.amazonaws.com', port=80): Read timed out. (read timeout=30)"
2026-09-20T23:40:57.882333+00:00,0,30108.38,"HTTPConnectionPool(host='cheapest-alb-1599766835.us-east-1.elb.amazonaws.com', port=80): Read timed out. (read timeout=30)"
2026-09-20T23:40:57.904281+00:00,0,30086.64,"HTTPConnectionPool(host='cheapest-alb-1599766835.us-east-1.elb.amazonaws.com', port=80): Read timed out. (read timeout=30)"
2026-09-20T23:40:57.918102+00:00,0,30074.56,"HTTPConnectionPool(host='cheapest-alb-1599766835.us-east-1.elb.amazonaws.com', port=80): Read timed out. (read timeout=30)"
2026-09-20T23:40:57.939009+00:00,0,30077.85,"HTTPConnectionPool(host='cheapest-alb-1599766835.us-east-1.elb.amazonaws.com', port=80): Read timed out. (read timeout=30)"
2026-09-20T23:40:57.926776+00:00,0,30104.66,"HTTPConnectionPool(host='cheapest-alb-1599766835.us-east-1.elb.amazonaws.com', port=80): Read timed out. (read timeout=30)"
2026-09-20T23:40:57.960138+00:00,0,30085.84,"HTTPConnectionPool(host='cheapest-alb-1599766835.us-east-1.elb.amazonaws.com', port=80): Read timed out. (read timeout=30)"
2026-09-20T23:40:57.948548+00:00,0,30099.57,"HTTPConnectionPool(host='cheapest-alb-1599766835.us-east-1.elb.amazonaws.com', port=80): Read timed out. (read timeout=30)"
2026-09-20T23:40:57.982068+00:00,0,30079.34,"HTTPConnectionPool(host='cheapest-alb-1599766835.us-east-1.elb.amazonaws.com', port=80): Read timed out. (read timeout=30)"
2026-09-20T23:40:57.972102+00:00,0,30107.51,"HTTPConnectionPool(host='cheapest-alb-1599766835.us-east-1.elb.amazonaws.com', port=80): Read timed out. (read timeout=30)"
2026-09-20T23:40:57.994319+00:00,0,30085.57,"HTTPConnectionPool(host='cheapest-alb-1599766835.us-east-1.elb.amazonaws.com', port=80): Read timed out. (read timeout=30)"
2026-09-20T23:40:58.004517+00:00,0,30090.46,"HTTPConnectionPool(host='cheapest-alb-1599766835.us-east-1.elb.amazonaws.com', port=80): Read timed out. (read timeout=30)"
2026-09-20T23:40:58.015245+00:00,0,30080.08,"HTTPConnectionPool(host='cheapest-alb-1599766835.us-east-1.elb.amazonaws.com', port=80): Read timed out. (read timeout=30)"
2026-09-20T23:40:58.026756+00:00,0,30083.84,"HTTPConnectionPool(host='cheapest-alb-1599766835.us-east-1.elb.amazonaws.com', port=80): Read timed out. (read timeout=30)"
2026-09-20T23:40:58.037657+00:00,0,30088.38,"HTTPConnectionPool(host='cheapest-alb-1599766835.us-east-1.elb.amazonaws.com', port=80): Read timed out. (read timeout=30)"
2026-09-20T23:40:58.048542+00:00,0,30079.51,"HTTPConnectionPool(host='cheapest-alb-1599766835.us-east-1.elb.amazonaws.com', port=80): Read timed out. (read timeout=30)"
2026-09-20T23:40:58.060130+00:00,0,30081.31,"HTTPConnectionPool(host='cheapest-alb-1599766835.us-east-1.elb.amazonaws.com', port=80): Read timed out. (read timeout=30)"
2026-09-20T23:40:58.070836+00:00,0,30088.89,"HTTPConnectionPool(host='cheapest-alb-1599766835.us-east-1.elb.amazonaws.com', port=80): Read timed out. (read timeout=30)"
2026-09-20T23:40:58.093038+00:00,0,30082.33,"HTTPConnectionPool(host='cheapest-alb-1599766835.us-east-1.elb.amazonaws.com', port=80): Read timed out. (read timeout=30)"
2026-09-20T23:40:58.082825+00:00,0,30112.13,"HTTPConnectionPool(host='cheapest-alb-1599766835.us-east-1.elb.amazonaws.com', port=80): Read timed out. (read timeout=30)"
2026-09-20T23:40:58.106049+00:00,0,30101.66,"HTTPConnectionPool(host='cheapest-alb-1599766835.us-east-1.elb.amazonaws.com', port=80): Read timed out. (read timeout=30)"
2026-09-20T23:40:58.127654+00:00,0,30080.03,"HTTPConnectionPool(host='cheapest-alb-1599766835.us-east-1.elb.amazonaws.com', port=80): Read timed out. (read timeout=30)"
2026-09-20T23:40:58.115948+00:00,0,30097.97,"HTTPConnectionPool(host='cheapest-alb-1599766835.us-east-1.elb.amazonaws.com', port=80): Read timed out. (read timeout=30)"
2026-09-20T23:40:58.137962+00:00,0,30093.77,"HTTPConnectionPool(host='cheapest-alb-1599766835.us-east-1.elb.amazonaws.com', port=80): Read timed out. (read timeout=30)"
2026-09-20T23:40:58.149175+00:00,0,30098.36,"HTTPConnectionPool(host='cheapest-alb-1599766835.us-east-1.elb.amazonaws.com', port=80): Read timed out. (read timeout=30)"
2026-09-20T23:40:58.160230+00:00,0,30086.47,"HTTPConnectionPool(host='cheapest-alb-1599766835.us-east-1.elb.amazonaws.com', port=80): Read timed out. (read timeout=30)"
2026-09-20T23:40:58.170726+00:00,0,30093.82,"HTTPConnectionPool(host='cheapest-alb-1599766835.us-east-1.elb.amazonaws.com', port=80): Read timed out. (read timeout=30)"
2026-09-20T23:40:58.193901+00:00,0,30085.66,"HTTPConnectionPool(host='cheapest-alb-1599766835.us-east-1.elb.amazonaws.com', port=80): Read timed out. (read timeout=30)"
2026-09-20T23:40:58.205397+00:00,0,30076.13,"HTTPConnectionPool(host='cheapest-alb-1599766835.us-east-1.elb.amazonaws.com', port=80): Read timed out. (read timeout=30)"
2026-09-20T23:40:58.182256+00:00,0,30113.22,"HTTPConnectionPool(host='cheapest-alb-1599766835.us-east-1.elb.amazonaws.com', port=80): Read timed out. (read timeout=30)"
2026-09-20T23:40:58.215713+00:00,0,30082.01,"HTTPConnectionPool(host='cheapest-alb-1599766835.us-east-1.elb.amazonaws.com', port=80): Read timed out. (read timeout=30)"
2026-09-20T23:40:58.227289+00:00,0,30085.9,"HTTPConnectionPool(host='cheapest-alb-1599766835.us-east-1.elb.amazonaws.com', port=80): Read timed out. (read timeout=30)"
2026-09-20T23:40:58.238721+00:00,0,30090.73,"HTTPConnectionPool(host='cheapest-alb-1599766835.us-east-1.elb.amazonaws.com', port=80): Read timed out. (read timeout=30)"
2026-09-20T23:40:58.248964+00:00,0,30079.45,"HTTPConnectionPool(host='cheapest-alb-1599766835.us-east-1.elb.amazonaws.com', port=80): Read timed out. (read timeout=30)"
2026-09-20T23:40:58.260024+00:00,0,30084.77,"HTTPConnectionPool(host='cheapest-alb-1599766835.us-east-1.elb.amazonaws.com', port=80): Read timed out. (read timeout=30)"
2026-09-20T23:40:58.272193+00:00,0,30088.45,"HTTPConnectionPool(host='cheapest-alb-1599766835.us-east-1.elb.amazonaws.com', port=80): Read timed out. (read timeout=30)"
2026-09-20T23:40:58.282447+00:00,0,30078.65,"HTTPConnectionPool(host='cheapest-alb-1599766835.us-east-1.elb.amazonaws.com', port=80): Read timed out. (read timeout=30)"
2026-09-20T23:40:58.293755+00:00,0,30100.44,"HTTPConnectionPool(host='cheapest-alb-1599766835.us-east-1.elb.amazonaws.com', port=80): Read timed out. (read timeout=30)"
2026-09-20T23:40:58.304445+00:00,0,30104.63,"HTTPConnectionPool(host='cheapest-alb-1599766835.us-east-1.elb.amazonaws.com', port=80): Read timed out. (read timeout=30)"
2026-09-20T23:40:58.315810+00:00,0,30093.66,"HTTPConnectionPool(host='cheapest-alb-1599766835.us-east-1.elb.amazonaws.com', port=80): Read timed out. (read timeout=30)"
2026-09-20T23:40:58.327722+00:00,0,30097.42,"HTTPConnectionPool(host='cheapest-alb-1599766835.us-east-1.elb.amazonaws.com', port=80): Read timed out. (read timeout=30)"
2026-09-20T23:40:58.337583+00:00,0,30105.53,"HTTPConnectionPool(host='cheapest-alb-1599766835.us-east-1.elb.amazonaws.com', port=80): Read timed out. (read timeout=30)"
2026-09-20T23:40:58.348479+00:00,0,30093.54,"HTTPConnectionPool(host='cheapest-alb-1599766835.us-east-1.elb.amazonaws.com', port=80): Read timed out. (read timeout=30)"
2026-09-20T23:40:58.361218+00:00,0,30080.96,"HTTPConnectionPool(host='cheapest-alb-1599766835.us-east-1.elb.amazonaws.com', port=80): Read timed out. (read timeout=30)"
2026-09-20T23:40:58.371368+00:00,0,30093.13,"HTTPConnectionPool(host='cheapest-alb-1599766835.us-east-1.elb.amazonaws.com', port=80): Read timed out. (read timeout=30)"
2026-09-20T23:40:58.393819+00:00,0,30087.0,"HTTPConnectionPool(host='cheapest-alb-1599766835.us-east-1.elb.amazonaws.com', port=80): Read timed out. (read timeout=30)"
2026-09-20T23:40:58.382395+00:00,0,30115.53,"HTTPConnectionPool(host='cheapest-alb-1599766835.us-east-1.elb.amazonaws.com', port=80): Read timed out. (read timeout=30)"
2026-09-20T23:40:58.416598+00:00,0,30096.3,"HTTPConnectionPool(host='cheapest-alb-1599766835.us-east-1.elb.amazonaws.com', port=80): Read timed out. (read timeout=30)"
2026-09-20T23:40:58.404171+00:00,0,30110.01,"HTTPConnectionPool(host='cheapest-alb-1599766835.us-east-1.elb.amazonaws.com', port=80): Read timed out. (read timeout=30)"
2026-09-20T23:40:58.426393+00:00,0,30087.34,"HTTPConnectionPool(host='cheapest-alb-1599766835.us-east-1.elb.amazonaws.com', port=80): Read timed out. (read timeout=30)"
2026-09-20T23:40:58.438309+00:00,0,30091.96,"HTTPConnectionPool(host='cheapest-alb-1599766835.us-east-1.elb.amazonaws.com', port=80): Read timed out. (read timeout=30)"
2026-09-20T23:40:58.460759+00:00,0,30084.39,"HTTPConnectionPool(host='cheapest-alb-1599766835.us-east-1.elb.amazonaws.com', port=80): Read timed out. (read timeout=30)"
2026-09-20T23:40:58.448666+00:00,0,30112.24,"HTTPConnectionPool(host='cheapest-alb-1599766835.us-east-1.elb.amazonaws.com', port=80): Read timed out. (read timeout=30)"
2026-09-20T23:40:58.471538+00:00,0,30090.99,"HTTPConnectionPool(host='cheapest-alb-1599766835.us-east-1.elb.amazonaws.com', port=80): Read timed out. (read timeout=30)"
2026-09-20T23:40:58.482075+00:00,0,30080.91,"HTTPConnectionPool(host='cheapest-alb-1599766835.us-east-1.elb.amazonaws.com', port=80): Read timed out. (read timeout=30)"
2026-09-20T23:40:58.493727+00:00,0,30083.47,"HTTPConnectionPool(host='cheapest-alb-1599766835.us-east-1.elb.amazonaws.com', port=80): Read timed out. (read timeout=30)"
2026-09-20T23:40:58.515134+00:00,0,30082.3,"HTTPConnectionPool(host='cheapest-alb-1599766835.us-east-1.elb.amazonaws.com', port=80): Read timed out. (read timeout=30)"
2026-09-20T23:40:58.504542+00:00,0,30093.24,"HTTPConnectionPool(host='cheapest-alb-1599766835.us-east-1.elb.amazonaws.com', port=80): Read timed out. (read timeout=30)"
2026-09-20T23:40:58.526858+00:00,0,30083.35,"HTTPConnectionPool(host='cheapest-alb-1599766835.us-east-1.elb.amazonaws.com', port=80): Read timed out. (read timeout=30)"
2026-09-20T23:40:58.538405+00:00,0,30087.54,"HTTPConnectionPool(host='cheapest-alb-1599766835.us-east-1.elb.amazonaws.com', port=80): Read timed out. (read timeout=30)"
2026-09-20T23:40:58.548638+00:00,0,30092.3,"HTTPConnectionPool(host='cheapest-alb-1599766835.us-east-1.elb.amazonaws.com', port=80): Read timed out. (read timeout=30)"
2026-09-20T23:40:58.560634+00:00,0,30080.34,"HTTPConnectionPool(host='cheapest-alb-1599766835.us-east-1.elb.amazonaws.com', port=80): Read timed out. (read timeout=30)"
2026-09-20T23:40:58.570767+00:00,0,30094.61,"HTTPConnectionPool(host='cheapest-alb-1599766835.us-east-1.elb.amazonaws.com', port=80): Read timed out. (read timeout=30)"
2026-09-20T23:40:58.582281+00:00,0,30099.99,"HTTPConnectionPool(host='cheapest-alb-1599766835.us-east-1.elb.amazonaws.com', port=80): Read timed out. (read timeout=30)"
2026-09-20T23:40:58.593794+00:00,0,30088.88,"HTTPConnectionPool(host='cheapest-alb-1599766835.us-east-1.elb.amazonaws.com', port=80): Read timed out. (read timeout=30)"
2026-09-20T23:40:58.604693+00:00,0,30093.45,"HTTPConnectionPool(host='cheapest-alb-1599766835.us-east-1.elb.amazonaws.com', port=80): Read timed out. (read timeout=30)"
2026-09-20T23:40:58.627159+00:00,0,30086.94,"HTTPConnectionPool(host='cheapest-alb-1599766835.us-east-1.elb.amazonaws.com', port=80): Read timed out. (read timeout=30)"
2026-09-20T23:40:58.617190+00:00,0,30097.07,"HTTPConnectionPool(host='cheapest-alb-1599766835.us-east-1.elb.amazonaws.com', port=80): Read timed out. (read timeout=30)"
2026-09-20T23:40:58.637629+00:00,0,30092.54,"HTTPConnectionPool(host='cheapest-alb-1599766835.us-east-1.elb.amazonaws.com', port=80): Read timed out. (read timeout=30)"
2026-09-20T23:40:58.648867+00:00,0,30081.65,"HTTPConnectionPool(host='cheapest-alb-1599766835.us-east-1.elb.amazonaws.com', port=80): Read timed out. (read timeout=30)"
2026-09-20T23:40:58.660150+00:00,0,30086.28,"HTTPConnectionPool(host='cheapest-alb-1599766835.us-east-1.elb.amazonaws.com', port=80): Read timed out. (read timeout=30)"
2026-09-20T23:40:58.671875+00:00,0,30089.93,"HTTPConnectionPool(host='cheapest-alb-1599766835.us-east-1.elb.amazonaws.com', port=80): Read timed out. (read timeout=30)"
2026-09-20T23:40:58.682944+00:00,0,30094.33,"HTTPConnectionPool(host='cheapest-alb-1599766835.us-east-1.elb.amazonaws.com', port=80): Read timed out. (read timeout=30)"
2026-09-20T23:40:58.694157+00:00,0,30099.24,"HTTPConnectionPool(host='cheapest-alb-1599766835.us-east-1.elb.amazonaws.com', port=80): Read timed out. (read timeout=30)"
2026-09-20T23:40:58.727345+00:00,0,30082.57,"HTTPConnectionPool(host='cheapest-alb-1599766835.us-east-1.elb.amazonaws.com', port=80): Read timed out. (read timeout=30)"
2026-09-20T23:40:58.704330+00:00,0,30104.84,"HTTPConnectionPool(host='cheapest-alb-1599766835.us-east-1.elb.amazonaws.com', port=80): Read timed out. (read timeout=30)"
2026-09-20T23:40:58.716030+00:00,0,30111.46,"HTTPConnectionPool(host='cheapest-alb-1599766835.us-east-1.elb.amazonaws.com', port=80): Read timed out. (read timeout=30)"
2026-09-20T23:40:58.737800+00:00,0,30087.83,"HTTPConnectionPool(host='cheapest-alb-1599766835.us-east-1.elb.amazonaws.com', port=80): Read timed out. (read timeout=30)"
2026-09-20T23:40:58.782413+00:00,0,30075.54,"HTTPConnectionPool(host='cheapest-alb-1599766835.us-east-1.elb.amazonaws.com', port=80): Read timed out. (read timeout=30)"
2026-09-20T23:40:58.749648+00:00,0,30108.77,"HTTPConnectionPool(host='cheapest-alb-1599766835.us-east-1.elb.amazonaws.com', port=80): Read timed out. (read timeout=30)"
2026-09-20T23:40:58.761143+00:00,0,30097.18,"HTTPConnectionPool(host='cheapest-alb-1599766835.us-east-1.elb.amazonaws.com', port=80): Read timed out. (read timeout=30)"
2026-09-20T23:40:58.771600+00:00,0,30104.09,"HTTPConnectionPool(host='cheapest-alb-1599766835.us-east-1.elb.amazonaws.com', port=80): Read timed out. (read timeout=30)"
2026-09-20T23:40:58.805433+00:00,0,30077.27,"HTTPConnectionPool(host='cheapest-alb-1599766835.us-east-1.elb.amazonaws.com', port=80): Read timed out. (read timeout=30)"
2026-09-20T23:40:58.794645+00:00,0,30104.61,"HTTPConnectionPool(host='cheapest-alb-1599766835.us-east-1.elb.amazonaws.com', port=80): Read timed out. (read timeout=30)"
2026-09-20T23:40:58.815850+00:00,0,30098.62,"HTTPConnectionPool(host='cheapest-alb-1599766835.us-east-1.elb.amazonaws.com', port=80): Read timed out. (read timeout=30)"
2026-09-20T23:40:58.827558+00:00,0,30104.01,"HTTPConnectionPool(host='cheapest-alb-1599766835.us-east-1.elb.amazonaws.com', port=80): Read timed out. (read timeout=30)"
2026-09-20T23:40:58.849106+00:00,0,30082.78,"HTTPConnectionPool(host='cheapest-alb-1599766835.us-east-1.elb.amazonaws.com', port=80): Read timed out. (read timeout=30)"
2026-09-20T23:40:58.838422+00:00,0,30092.34,"HTTPConnectionPool(host='cheapest-alb-1599766835.us-east-1.elb.amazonaws.com', port=80): Read timed out. (read timeout=30)"
2026-09-20T23:40:58.860648+00:00,0,30085.69,"HTTPConnectionPool(host='cheapest-alb-1599766835.us-east-1.elb.amazonaws.com', port=80): Read timed out. (read timeout=30)"
2026-09-20T23:40:58.871849+00:00,0,30090.6,"HTTPConnectionPool(host='cheapest-alb-1599766835.us-east-1.elb.amazonaws.com', port=80): Read timed out. (read timeout=30)"
2026-09-20T23:40:58.892900+00:00,0,30101.46,"HTTPConnectionPool(host='cheapest-alb-1599766835.us-east-1.elb.amazonaws.com', port=80): Read timed out. (read timeout=30)"
2026-09-20T23:40:58.882745+00:00,0,30117.53,"HTTPConnectionPool(host='cheapest-alb-1599766835.us-east-1.elb.amazonaws.com', port=80): Read timed out. (read timeout=30)"
2026-09-20T23:40:58.904358+00:00,0,30094.41,"HTTPConnectionPool(host='cheapest-alb-1599766835.us-east-1.elb.amazonaws.com', port=80): Read timed out. (read timeout=30)"
2026-09-20T23:40:58.915195+00:00,0,30096.66,"HTTPConnectionPool(host='cheapest-alb-1599766835.us-east-1.elb.amazonaws.com', port=80): Read timed out. (read timeout=30)"
2026-09-20T23:40:58.927443+00:00,0,30084.73,"HTTPConnectionPool(host='cheapest-alb-1599766835.us-east-1.elb.amazonaws.com', port=80): Read timed out. (read timeout=30)"
2026-09-20T23:40:58.948569+00:00,0,30078.21,"HTTPConnectionPool(host='cheapest-alb-1599766835.us-east-1.elb.amazonaws.com', port=80): Read timed out. (read timeout=30)"
2026-09-20T23:40:58.937451+00:00,0,30090.74,"HTTPConnectionPool(host='cheapest-alb-1599766835.us-east-1.elb.amazonaws.com', port=80): Read timed out. (read timeout=30)"
2026-09-20T23:40:58.959712+00:00,0,30100.32,"HTTPConnectionPool(host='cheapest-alb-1599766835.us-east-1.elb.amazonaws.com', port=80): Read timed out. (read timeout=30)"
2026-09-20T23:40:58.971950+00:00,0,30103.66,"HTTPConnectionPool(host='cheapest-alb-1599766835.us-east-1.elb.amazonaws.com', port=80): Read timed out. (read timeout=30)"
2026-09-20T23:40:58.982369+00:00,0,30109.4,"HTTPConnectionPool(host='cheapest-alb-1599766835.us-east-1.elb.amazonaws.com', port=80): Read timed out. (read timeout=30)"
2026-09-20T23:40:58.994911+00:00,0,30097.44,"HTTPConnectionPool(host='cheapest-alb-1599766835.us-east-1.elb.amazonaws.com', port=80): Read timed out. (read timeout=30)"
2026-09-20T23:40:59.004049+00:00,0,30087.4,"HTTPConnectionPool(host='cheapest-alb-1599766835.us-east-1.elb.amazonaws.com', port=80): Read timed out. (read timeout=30)"
2026-09-20T23:40:59.015323+00:00,0,30092.47,"HTTPConnectionPool(host='cheapest-alb-1599766835.us-east-1.elb.amazonaws.com', port=80): Read timed out. (read timeout=30)"
2026-09-20T23:40:59.026644+00:00,0,30080.49,"HTTPConnectionPool(host='cheapest-alb-1599766835.us-east-1.elb.amazonaws.com', port=80): Read timed out. (read timeout=30)"
2026-09-20T23:40:59.038218+00:00,0,30092.34,"HTTPConnectionPool(host='cheapest-alb-1599766835.us-east-1.elb.amazonaws.com', port=80): Read timed out. (read timeout=30)"
2026-09-20T23:40:59.049702+00:00,0,30112.88,"HTTPConnectionPool(host='cheapest-alb-1599766835.us-east-1.elb.amazonaws.com', port=80): Read timed out. (read timeout=30)"
2026-09-20T23:40:59.061711+00:00,0,30103.58,"HTTPConnectionPool(host='cheapest-alb-1599766835.us-east-1.elb.amazonaws.com', port=80): Read timed out. (read timeout=30)"
2026-09-20T23:40:59.083433+00:00,0,30096.48,"HTTPConnectionPool(host='cheapest-alb-1599766835.us-east-1.elb.amazonaws.com', port=80): Read timed out. (read timeout=30)"
2026-09-20T23:40:59.070874+00:00,0,30108.23,"HTTPConnectionPool(host='cheapest-alb-1599766835.us-east-1.elb.amazonaws.com', port=80): Read timed out. (read timeout=30)"
2026-09-20T23:40:59.094823+00:00,0,30101.43,"HTTPConnectionPool(host='cheapest-alb-1599766835.us-east-1.elb.amazonaws.com', port=80): Read timed out. (read timeout=30)"
2026-09-20T23:40:59.105635+00:00,0,30099.09,"HTTPConnectionPool(host='cheapest-alb-1599766835.us-east-1.elb.amazonaws.com', port=80): Read timed out. (read timeout=30)"
2026-09-20T23:40:59.115908+00:00,0,30089.03,"HTTPConnectionPool(host='cheapest-alb-1599766835.us-east-1.elb.amazonaws.com', port=80): Read timed out. (read timeout=30)"
2026-09-20T23:40:59.126446+00:00,0,30088.42,"HTTPConnectionPool(host='cheapest-alb-1599766835.us-east-1.elb.amazonaws.com', port=80): Read timed out. (read timeout=30)"
2026-09-20T23:40:59.138376+00:00,0,30091.68,"HTTPConnectionPool(host='cheapest-alb-1599766835.us-east-1.elb.amazonaws.com', port=80): Read timed out. (read timeout=30)"
2026-09-20T23:40:59.148922+00:00,0,30083.8,"HTTPConnectionPool(host='cheapest-alb-1599766835.us-east-1.elb.amazonaws.com', port=80): Read timed out. (read timeout=30)"
2026-09-20T23:40:59.170996+00:00,0,30095.35,"HTTPConnectionPool(host='cheapest-alb-1599766835.us-east-1.elb.amazonaws.com', port=80): Read timed out. (read timeout=30)"
2026-09-20T23:40:59.182657+00:00,0,30082.2,"HTTPConnectionPool(host='cheapest-alb-1599766835.us-east-1.elb.amazonaws.com', port=80): Read timed out. (read timeout=30)"
2026-09-20T23:40:59.160069+00:00,0,30105.61,"HTTPConnectionPool(host='cheapest-alb-1599766835.us-east-1.elb.amazonaws.com', port=80): Read timed out. (read timeout=30)"
2026-09-20T23:40:59.205067+00:00,0,30085.9,"HTTPConnectionPool(host='cheapest-alb-1599766835.us-east-1.elb.amazonaws.com', port=80): Read timed out. (read timeout=30)"
2026-09-20T23:40:59.193016+00:00,0,30098.22,"HTTPConnectionPool(host='cheapest-alb-1599766835.us-east-1.elb.amazonaws.com', port=80): Read timed out. (read timeout=30)"
2026-09-20T23:40:59.227409+00:00,0,30088.78,"HTTPConnectionPool(host='cheapest-alb-1599766835.us-east-1.elb.amazonaws.com', port=80): Read timed out. (read timeout=30)"
2026-09-20T23:40:59.238439+00:00,0,30076.7,"HTTPConnectionPool(host='cheapest-alb-1599766835.us-east-1.elb.amazonaws.com', port=80): Read timed out. (read timeout=30)"
2026-09-20T23:40:59.215457+00:00,0,30099.65,"HTTPConnectionPool(host='cheapest-alb-1599766835.us-east-1.elb.amazonaws.com', port=80): Read timed out. (read timeout=30)"
2026-09-20T23:40:59.248934+00:00,0,30098.59,"HTTPConnectionPool(host='cheapest-alb-1599766835.us-east-1.elb.amazonaws.com', port=80): Read timed out. (read timeout=30)"
2026-09-20T23:40:59.271103+00:00,0,30077.56,"HTTPConnectionPool(host='cheapest-alb-1599766835.us-east-1.elb.amazonaws.com', port=80): Read timed out. (read timeout=30)"
2026-09-20T23:40:59.259700+00:00,0,30104.4,"HTTPConnectionPool(host='cheapest-alb-1599766835.us-east-1.elb.amazonaws.com', port=80): Read timed out. (read timeout=30)"
2026-09-20T23:40:59.282423+00:00,0,30097.72,"HTTPConnectionPool(host='cheapest-alb-1599766835.us-east-1.elb.amazonaws.com', port=80): Read timed out. (read timeout=30)"
2026-09-20T23:40:59.294070+00:00,0,30101.47,"HTTPConnectionPool(host='cheapest-alb-1599766835.us-east-1.elb.amazonaws.com', port=80): Read timed out. (read timeout=30)"
2026-09-20T23:40:59.304624+00:00,0,30110.6,"HTTPConnectionPool(host='cheapest-alb-1599766835.us-east-1.elb.amazonaws.com', port=80): Read timed out. (read timeout=30)"
2026-09-20T23:40:59.316563+00:00,0,30100.1,"HTTPConnectionPool(host='cheapest-alb-1599766835.us-east-1.elb.amazonaws.com', port=80): Read timed out. (read timeout=30)"
2026-09-20T23:40:59.327112+00:00,0,30089.88,"HTTPConnectionPool(host='cheapest-alb-1599766835.us-east-1.elb.amazonaws.com', port=80): Read timed out. (read timeout=30)"
2026-09-20T23:40:59.349708+00:00,0,30079.28,"HTTPConnectionPool(host='cheapest-alb-1599766835.us-east-1.elb.amazonaws.com', port=80): Read timed out. (read timeout=30)"
2026-09-20T23:40:59.361980+00:00,0,30083.02,"HTTPConnectionPool(host='cheapest-alb-1599766835.us-east-1.elb.amazonaws.com', port=80): Read timed out. (read timeout=30)"
2026-09-20T23:40:59.338118+00:00,0,30106.81,"HTTPConnectionPool(host='cheapest-alb-1599766835.us-east-1.elb.amazonaws.com', port=80): Read timed out. (read timeout=30)"
2026-09-20T23:40:59.372146+00:00,0,30088.82,"HTTPConnectionPool(host='cheapest-alb-1599766835.us-east-1.elb.amazonaws.com', port=80): Read timed out. (read timeout=30)"
2026-09-20T23:40:59.394142+00:00,0,30082.27,"HTTPConnectionPool(host='cheapest-alb-1599766835.us-east-1.elb.amazonaws.com', port=80): Read timed out. (read timeout=30)"
2026-09-20T23:40:59.383329+00:00,0,30109.04,"HTTPConnectionPool(host='cheapest-alb-1599766835.us-east-1.elb.amazonaws.com', port=80): Read timed out. (read timeout=30)"
2026-09-20T23:40:59.404887+00:00,0,30088.83,"HTTPConnectionPool(host='cheapest-alb-1599766835.us-east-1.elb.amazonaws.com', port=80): Read timed out. (read timeout=30)"
2026-09-20T23:40:59.416576+00:00,0,30077.37,"HTTPConnectionPool(host='cheapest-alb-1599766835.us-east-1.elb.amazonaws.com', port=80): Read timed out. (read timeout=30)"
2026-09-20T23:40:59.427384+00:00,0,30088.62,"HTTPConnectionPool(host='cheapest-alb-1599766835.us-east-1.elb.amazonaws.com', port=80): Read timed out. (read timeout=30)"
2026-09-20T23:40:59.449234+00:00,0,30081.66,"HTTPConnectionPool(host='cheapest-alb-1599766835.us-east-1.elb.amazonaws.com', port=80): Read timed out. (read timeout=30)"
2026-09-20T23:40:59.438886+00:00,0,30094.11,"HTTPConnectionPool(host='cheapest-alb-1599766835.us-east-1.elb.amazonaws.com', port=80): Read timed out. (read timeout=30)"
2026-09-20T23:40:59.460411+00:00,0,30088.79,"HTTPConnectionPool(host='cheapest-alb-1599766835.us-east-1.elb.amazonaws.com', port=80): Read timed out. (read timeout=30)"
2026-09-20T23:40:59.471483+00:00,0,30077.9,"HTTPConnectionPool(host='cheapest-alb-1599766835.us-east-1.elb.amazonaws.com', port=80): Read timed out. (read timeout=30)"
2026-09-20T23:40:59.484142+00:00,0,30096.29,"HTTPConnectionPool(host='cheapest-alb-1599766835.us-east-1.elb.amazonaws.com', port=80): Read timed out. (read timeout=30)"
2026-09-20T23:40:59.493353+00:00,0,30087.54,"HTTPConnectionPool(host='cheapest-alb-1599766835.us-east-1.elb.amazonaws.com', port=80): Read timed out. (read timeout=30)"
2026-09-20T23:40:59.504891+00:00,0,30089.77,"HTTPConnectionPool(host='cheapest-alb-1599766835.us-east-1.elb.amazonaws.com', port=80): Read timed out. (read timeout=30)"
2026-09-20T23:40:59.516546+00:00,0,30094.78,"HTTPConnectionPool(host='cheapest-alb-1599766835.us-east-1.elb.amazonaws.com', port=80): Read timed out. (read timeout=30)"
2026-09-20T23:40:59.526455+00:00,0,30085.89,"HTTPConnectionPool(host='cheapest-alb-1599766835.us-east-1.elb.amazonaws.com', port=80): Read timed out. (read timeout=30)"
2026-09-20T23:40:59.548736+00:00,0,30079.93,"HTTPConnectionPool(host='cheapest-alb-1599766835.us-east-1.elb.amazonaws.com', port=80): Read timed out. (read timeout=30)"
2026-09-20T23:40:59.538065+00:00,0,30090.68,"HTTPConnectionPool(host='cheapest-alb-1599766835.us-east-1.elb.amazonaws.com', port=80): Read timed out. (read timeout=30)"
2026-09-20T23:40:59.560520+00:00,0,30100.39,"HTTPConnectionPool(host='cheapest-alb-1599766835.us-east-1.elb.amazonaws.com', port=80): Read timed out. (read timeout=30)"
2026-09-20T23:40:59.572043+00:00,0,30089.09,"HTTPConnectionPool(host='cheapest-alb-1599766835.us-east-1.elb.amazonaws.com', port=80): Read timed out. (read timeout=30)"
2026-09-20T23:40:59.583236+00:00,0,30091.91,"HTTPConnectionPool(host='cheapest-alb-1599766835.us-east-1.elb.amazonaws.com', port=80): Read timed out. (read timeout=30)"
2026-09-20T23:40:59.593604+00:00,0,30099.7,"HTTPConnectionPool(host='cheapest-alb-1599766835.us-east-1.elb.amazonaws.com', port=80): Read timed out. (read timeout=30)"
2026-09-20T23:40:59.605637+00:00,0,30103.26,"HTTPConnectionPool(host='cheapest-alb-1599766835.us-east-1.elb.amazonaws.com', port=80): Read timed out. (read timeout=30)"
2026-09-20T23:40:59.637423+00:00,0,30087.0,"HTTPConnectionPool(host='cheapest-alb-1599766835.us-east-1.elb.amazonaws.com', port=80): Read timed out. (read timeout=30)"
2026-09-20T23:40:59.615307+00:00,0,30108.69,"HTTPConnectionPool(host='cheapest-alb-1599766835.us-east-1.elb.amazonaws.com', port=80): Read timed out. (read timeout=30)"
2026-09-20T23:40:59.627470+00:00,0,30096.29,"HTTPConnectionPool(host='cheapest-alb-1599766835.us-east-1.elb.amazonaws.com', port=80): Read timed out. (read timeout=30)"
2026-09-20T23:40:59.648829+00:00,0,30098.15,"HTTPConnectionPool(host='cheapest-alb-1599766835.us-east-1.elb.amazonaws.com', port=80): Read timed out. (read timeout=30)"
2026-09-20T23:40:59.672051+00:00,0,30076.01,"HTTPConnectionPool(host='cheapest-alb-1599766835.us-east-1.elb.amazonaws.com', port=80): Read timed out. (read timeout=30)"
2026-09-20T23:40:59.660439+00:00,0,30104.67,"HTTPConnectionPool(host='cheapest-alb-1599766835.us-east-1.elb.amazonaws.com', port=80): Read timed out. (read timeout=30)"
2026-09-20T23:40:59.682152+00:00,0,30081.83,"HTTPConnectionPool(host='cheapest-alb-1599766835.us-east-1.elb.amazonaws.com', port=80): Read timed out. (read timeout=30)"
2026-09-20T23:40:59.695413+00:00,0,30085.3,"HTTPConnectionPool(host='cheapest-alb-1599766835.us-east-1.elb.amazonaws.com', port=80): Read timed out. (read timeout=30)"
2026-09-20T23:40:59.727495+00:00,0,30084.56,"HTTPConnectionPool(host='cheapest-alb-1599766835.us-east-1.elb.amazonaws.com', port=80): Read timed out. (read timeout=30)"
2026-09-20T23:40:59.704837+00:00,0,30111.34,"HTTPConnectionPool(host='cheapest-alb-1599766835.us-east-1.elb.amazonaws.com', port=80): Read timed out. (read timeout=30)"
2026-09-20T23:40:59.715870+00:00,0,30100.56,"HTTPConnectionPool(host='cheapest-alb-1599766835.us-east-1.elb.amazonaws.com', port=80): Read timed out. (read timeout=30)"
2026-09-20T23:40:59.737766+00:00,0,30090.63,"HTTPConnectionPool(host='cheapest-alb-1599766835.us-east-1.elb.amazonaws.com', port=80): Read timed out. (read timeout=30)"
2026-09-20T23:40:59.749842+00:00,0,30078.26,"HTTPConnectionPool(host='cheapest-alb-1599766835.us-east-1.elb.amazonaws.com', port=80): Read timed out. (read timeout=30)"
2026-09-20T23:40:59.772147+00:00,0,30073.19,"HTTPConnectionPool(host='cheapest-alb-1599766835.us-east-1.elb.amazonaws.com', port=80): Read timed out. (read timeout=30)"
2026-09-20T23:40:59.794048+00:00,0,30083.54,"HTTPConnectionPool(host='cheapest-alb-1599766835.us-east-1.elb.amazonaws.com', port=80): Read timed out. (read timeout=30)"
2026-09-20T23:40:59.760944+00:00,0,30115.99,"HTTPConnectionPool(host='cheapest-alb-1599766835.us-east-1.elb.amazonaws.com', port=80): Read timed out. (read timeout=30)"
2026-09-20T23:40:59.783075+00:00,0,30110.2,"HTTPConnectionPool(host='cheapest-alb-1599766835.us-east-1.elb.amazonaws.com', port=80): Read timed out. (read timeout=30)"
2026-09-20T23:40:59.804368+00:00,0,30088.42,"HTTPConnectionPool(host='cheapest-alb-1599766835.us-east-1.elb.amazonaws.com', port=80): Read timed out. (read timeout=30)"
2026-09-20T23:40:59.837849+00:00,0,30087.65,"HTTPConnectionPool(host='cheapest-alb-1599766835.us-east-1.elb.amazonaws.com', port=80): Read timed out. (read timeout=30)"
2026-09-20T23:40:59.815698+00:00,0,30109.31,"HTTPConnectionPool(host='cheapest-alb-1599766835.us-east-1.elb.amazonaws.com', port=80): Read timed out. (read timeout=30)"
2026-09-20T23:40:59.827422+00:00,0,30097.96,"HTTPConnectionPool(host='cheapest-alb-1599766835.us-east-1.elb.amazonaws.com', port=80): Read timed out. (read timeout=30)"
2026-09-20T23:40:59.862391+00:00,0,30079.4,"HTTPConnectionPool(host='cheapest-alb-1599766835.us-east-1.elb.amazonaws.com', port=80): Read timed out. (read timeout=30)"
2026-09-20T23:40:59.849280+00:00,0,30092.9,"HTTPConnectionPool(host='cheapest-alb-1599766835.us-east-1.elb.amazonaws.com', port=80): Read timed out. (read timeout=30)"
2026-09-20T23:40:59.872058+00:00,0,30078.32,"HTTPConnectionPool(host='cheapest-alb-1599766835.us-east-1.elb.amazonaws.com', port=80): Read timed out. (read timeout=30)"
2026-09-20T23:40:59.881878+00:00,0,30083.81,"HTTPConnectionPool(host='cheapest-alb-1599766835.us-east-1.elb.amazonaws.com', port=80): Read timed out. (read timeout=30)"
2026-09-20T23:40:59.893727+00:00,0,30088.4,"HTTPConnectionPool(host='cheapest-alb-1599766835.us-east-1.elb.amazonaws.com', port=80): Read timed out. (read timeout=30)"
2026-09-20T23:40:59.915549+00:00,0,30081.41,"HTTPConnectionPool(host='cheapest-alb-1599766835.us-east-1.elb.amazonaws.com', port=80): Read timed out. (read timeout=30)"
2026-09-20T23:40:59.904072+00:00,0,30093.0,"HTTPConnectionPool(host='cheapest-alb-1599766835.us-east-1.elb.amazonaws.com', port=80): Read timed out. (read timeout=30)"
2026-09-20T23:40:59.927586+00:00,0,30083.91,"HTTPConnectionPool(host='cheapest-alb-1599766835.us-east-1.elb.amazonaws.com', port=80): Read timed out. (read timeout=30)"
2026-09-20T23:40:59.937978+00:00,0,30090.95,"HTTPConnectionPool(host='cheapest-alb-1599766835.us-east-1.elb.amazonaws.com', port=80): Read timed out. (read timeout=30)"
2026-09-20T23:40:59.948913+00:00,0,30081.21,"HTTPConnectionPool(host='cheapest-alb-1599766835.us-east-1.elb.amazonaws.com', port=80): Read timed out. (read timeout=30)"
2026-09-20T23:40:59.982086+00:00,0,30080.39,"HTTPConnectionPool(host='cheapest-alb-1599766835.us-east-1.elb.amazonaws.com', port=80): Read timed out. (read timeout=30)"
2026-09-20T23:40:59.960769+00:00,0,30102.23,"HTTPConnectionPool(host='cheapest-alb-1599766835.us-east-1.elb.amazonaws.com', port=80): Read timed out. (read timeout=30)"
2026-09-20T23:40:59.972283+00:00,0,30090.73,"HTTPConnectionPool(host='cheapest-alb-1599766835.us-east-1.elb.amazonaws.com', port=80): Read timed out. (read timeout=30)"
2026-09-20T23:40:59.993912+00:00,0,30099.08,"HTTPConnectionPool(host='cheapest-alb-1599766835.us-east-1.elb.amazonaws.com', port=80): Read timed out. (read timeout=30)"
2026-09-20T23:41:00.026712+00:00,0,30083.96,"HTTPConnectionPool(host='cheapest-alb-1599766835.us-east-1.elb.amazonaws.com', port=80): Read timed out. (read timeout=30)"
2026-09-20T23:41:00.005729+00:00,0,30104.95,"HTTPConnectionPool(host='cheapest-alb-1599766835.us-east-1.elb.amazonaws.com', port=80): Read timed out. (read timeout=30)"
2026-09-20T23:41:00.037705+00:00,0,30087.11,"HTTPConnectionPool(host='cheapest-alb-1599766835.us-east-1.elb.amazonaws.com', port=80): Read timed out. (read timeout=30)"
2026-09-20T23:41:00.015444+00:00,0,30107.88,"HTTPConnectionPool(host='cheapest-alb-1599766835.us-east-1.elb.amazonaws.com', port=80): Read timed out. (read timeout=30)"
2026-09-20T23:41:00.048761+00:00,0,30092.76,"HTTPConnectionPool(host='cheapest-alb-1599766835.us-east-1.elb.amazonaws.com', port=80): Read timed out. (read timeout=30)"
2026-09-20T23:41:00.059987+00:00,0,30098.81,"HTTPConnectionPool(host='cheapest-alb-1599766835.us-east-1.elb.amazonaws.com', port=80): Read timed out. (read timeout=30)"
2026-09-20T23:41:00.070722+00:00,0,30096.61,"HTTPConnectionPool(host='cheapest-alb-1599766835.us-east-1.elb.amazonaws.com', port=80): Read timed out. (read timeout=30)"
2026-09-20T23:41:00.082324+00:00,0,30084.04,"HTTPConnectionPool(host='cheapest-alb-1599766835.us-east-1.elb.amazonaws.com', port=80): Read timed out. (read timeout=30)"
2026-09-20T23:41:00.093469+00:00,0,30088.85,"HTTPConnectionPool(host='cheapest-alb-1599766835.us-east-1.elb.amazonaws.com', port=80): Read timed out. (read timeout=30)"
2026-09-20T23:41:00.104219+00:00,0,30109.45,"HTTPConnectionPool(host='cheapest-alb-1599766835.us-east-1.elb.amazonaws.com', port=80): Read timed out. (read timeout=30)"
2026-09-20T23:41:00.115314+00:00,0,30097.43,"HTTPConnectionPool(host='cheapest-alb-1599766835.us-east-1.elb.amazonaws.com', port=80): Read timed out. (read timeout=30)"
2026-09-20T23:41:00.138025+00:00,0,30094.72,"HTTPConnectionPool(host='cheapest-alb-1599766835.us-east-1.elb.amazonaws.com', port=80): Read timed out. (read timeout=30)"
2026-09-20T23:41:00.149922+00:00,0,30082.07,"HTTPConnectionPool(host='cheapest-alb-1599766835.us-east-1.elb.amazonaws.com', port=80): Read timed out. (read timeout=30)"
2026-09-20T23:41:00.126447+00:00,0,30105.65,"HTTPConnectionPool(host='cheapest-alb-1599766835.us-east-1.elb.amazonaws.com', port=80): Read timed out. (read timeout=30)"
2026-09-20T23:41:00.159825+00:00,0,30084.13,"HTTPConnectionPool(host='cheapest-alb-1599766835.us-east-1.elb.amazonaws.com', port=80): Read timed out. (read timeout=30)"
2026-09-20T23:41:00.171130+00:00,0,30080.21,"HTTPConnectionPool(host='cheapest-alb-1599766835.us-east-1.elb.amazonaws.com', port=80): Read timed out. (read timeout=30)"
2026-09-20T23:41:00.193214+00:00,0,30100.21,"HTTPConnectionPool(host='cheapest-alb-1599766835.us-east-1.elb.amazonaws.com', port=80): Read timed out. (read timeout=30)"
2026-09-20T23:41:00.216558+00:00,0,30075.57,"HTTPConnectionPool(host='cheapest-alb-1599766835.us-east-1.elb.amazonaws.com', port=80): Read timed out. (read timeout=30)"
2026-09-20T23:41:00.182772+00:00,0,30110.11,"HTTPConnectionPool(host='cheapest-alb-1599766835.us-east-1.elb.amazonaws.com', port=80): Read timed out. (read timeout=30)"
2026-09-20T23:41:00.204242+00:00,0,30089.25,"HTTPConnectionPool(host='cheapest-alb-1599766835.us-east-1.elb.amazonaws.com', port=80): Read timed out. (read timeout=30)"
2026-09-20T23:41:00.227311+00:00,0,30080.95,"HTTPConnectionPool(host='cheapest-alb-1599766835.us-east-1.elb.amazonaws.com', port=80): Read timed out. (read timeout=30)"
2026-09-20T23:41:00.238406+00:00,0,30101.24,"HTTPConnectionPool(host='cheapest-alb-1599766835.us-east-1.elb.amazonaws.com', port=80): Read timed out. (read timeout=30)"
2026-09-20T23:41:00.250138+00:00,0,30105.86,"HTTPConnectionPool(host='cheapest-alb-1599766835.us-east-1.elb.amazonaws.com', port=80): Read timed out. (read timeout=30)"
2026-09-20T23:41:00.271573+00:00,0,30085.05,"HTTPConnectionPool(host='cheapest-alb-1599766835.us-east-1.elb.amazonaws.com', port=80): Read timed out. (read timeout=30)"
2026-09-20T23:41:00.260076+00:00,0,30097.8,"HTTPConnectionPool(host='cheapest-alb-1599766835.us-east-1.elb.amazonaws.com', port=80): Read timed out. (read timeout=30)"
2026-09-20T23:41:00.283969+00:00,0,30081.69,"HTTPConnectionPool(host='cheapest-alb-1599766835.us-east-1.elb.amazonaws.com', port=80): Read timed out. (read timeout=30)"
2026-09-20T23:41:00.293437+00:00,0,30104.5,"HTTPConnectionPool(host='cheapest-alb-1599766835.us-east-1.elb.amazonaws.com', port=80): Read timed out. (read timeout=30)"
2026-09-20T23:41:00.304832+00:00,0,30109.08,"HTTPConnectionPool(host='cheapest-alb-1599766835.us-east-1.elb.amazonaws.com', port=80): Read timed out. (read timeout=30)"
2026-09-20T23:41:00.316758+00:00,0,30097.22,"HTTPConnectionPool(host='cheapest-alb-1599766835.us-east-1.elb.amazonaws.com', port=80): Read timed out. (read timeout=30)"
2026-09-20T23:41:00.327001+00:00,0,30086.21,"HTTPConnectionPool(host='cheapest-alb-1599766835.us-east-1.elb.amazonaws.com', port=80): Read timed out. (read timeout=30)"
2026-09-20T23:41:00.338876+00:00,0,30075.72,"HTTPConnectionPool(host='cheapest-alb-1599766835.us-east-1.elb.amazonaws.com', port=80): Read timed out. (read timeout=30)"
2026-09-20T23:41:00.360161+00:00,0,30083.87,"HTTPConnectionPool(host='cheapest-alb-1599766835.us-east-1.elb.amazonaws.com', port=80): Read timed out. (read timeout=30)"
2026-09-20T23:41:00.349886+00:00,0,30111.81,"HTTPConnectionPool(host='cheapest-alb-1599766835.us-east-1.elb.amazonaws.com', port=80): Read timed out. (read timeout=30)"
2026-09-20T23:41:00.371453+00:00,0,30105.22,"HTTPConnectionPool(host='cheapest-alb-1599766835.us-east-1.elb.amazonaws.com', port=80): Read timed out. (read timeout=30)"
2026-09-20T23:41:00.394611+00:00,0,30099.28,"HTTPConnectionPool(host='cheapest-alb-1599766835.us-east-1.elb.amazonaws.com', port=80): Read timed out. (read timeout=30)"
2026-09-20T23:41:00.382474+00:00,0,30110.71,"HTTPConnectionPool(host='cheapest-alb-1599766835.us-east-1.elb.amazonaws.com', port=80): Read timed out. (read timeout=30)"
2026-09-20T23:41:00.415887+00:00,0,30093.79,"HTTPConnectionPool(host='cheapest-alb-1599766835.us-east-1.elb.amazonaws.com', port=80): Read timed out. (read timeout=30)"
2026-09-20T23:41:00.405216+00:00,0,30105.4,"HTTPConnectionPool(host='cheapest-alb-1599766835.us-east-1.elb.amazonaws.com', port=80): Read timed out. (read timeout=30)"
2026-09-20T23:41:00.426177+00:00,0,30084.44,"HTTPConnectionPool(host='cheapest-alb-1599766835.us-east-1.elb.amazonaws.com', port=80): Read timed out. (read timeout=30)"
2026-09-20T23:41:00.438874+00:00,0,30079.43,"HTTPConnectionPool(host='cheapest-alb-1599766835.us-east-1.elb.amazonaws.com', port=80): Read timed out. (read timeout=30)"
2026-09-20T23:41:00.450133+00:00,0,30081.64,"HTTPConnectionPool(host='cheapest-alb-1599766835.us-east-1.elb.amazonaws.com', port=80): Read timed out. (read timeout=30)"
2026-09-20T23:41:00.461041+00:00,0,30088.1,"HTTPConnectionPool(host='cheapest-alb-1599766835.us-east-1.elb.amazonaws.com', port=80): Read timed out. (read timeout=30)"
2026-09-20T23:41:00.471564+00:00,0,30091.6,"HTTPConnectionPool(host='cheapest-alb-1599766835.us-east-1.elb.amazonaws.com', port=80): Read timed out. (read timeout=30)"
2026-09-20T23:41:00.493012+00:00,0,30103.0,"HTTPConnectionPool(host='cheapest-alb-1599766835.us-east-1.elb.amazonaws.com', port=80): Read timed out. (read timeout=30)"
2026-09-20T23:41:00.482579+00:00,0,30114.64,"HTTPConnectionPool(host='cheapest-alb-1599766835.us-east-1.elb.amazonaws.com', port=80): Read timed out. (read timeout=30)"
2026-09-20T23:41:00.505107+00:00,0,30091.39,"HTTPConnectionPool(host='cheapest-alb-1599766835.us-east-1.elb.amazonaws.com', port=80): Read timed out. (read timeout=30)"
2026-09-20T23:41:00.516251+00:00,0,30111.0,"HTTPConnectionPool(host='cheapest-alb-1599766835.us-east-1.elb.amazonaws.com', port=80): Read timed out. (read timeout=30)"
2026-09-20T23:41:00.526949+00:00,0,30101.88,"HTTPConnectionPool(host='cheapest-alb-1599766835.us-east-1.elb.amazonaws.com', port=80): Read timed out. (read timeout=30)"
2026-09-20T23:41:00.538444+00:00,0,30109.14,"HTTPConnectionPool(host='cheapest-alb-1599766835.us-east-1.elb.amazonaws.com', port=80): Read timed out. (read timeout=30)"
2026-09-20T23:41:00.559925+00:00,0,30086.78,"HTTPConnectionPool(host='cheapest-alb-1599766835.us-east-1.elb.amazonaws.com', port=80): Read timed out. (read timeout=30)"
2026-09-20T23:41:00.549380+00:00,0,30110.68,"HTTPConnectionPool(host='cheapest-alb-1599766835.us-east-1.elb.amazonaws.com', port=80): Read timed out. (read timeout=30)"
2026-09-20T23:41:00.570924+00:00,0,30089.32,"HTTPConnectionPool(host='cheapest-alb-1599766835.us-east-1.elb.amazonaws.com', port=80): Read timed out. (read timeout=30)"
2026-09-20T23:41:00.582731+00:00,0,30092.86,"HTTPConnectionPool(host='cheapest-alb-1599766835.us-east-1.elb.amazonaws.com', port=80): Read timed out. (read timeout=30)"
2026-09-20T23:41:00.593669+00:00,0,30095.83,"HTTPConnectionPool(host='cheapest-alb-1599766835.us-east-1.elb.amazonaws.com', port=80): Read timed out. (read timeout=30)"
2026-09-20T23:41:00.605120+00:00,0,30085.38,"HTTPConnectionPool(host='cheapest-alb-1599766835.us-east-1.elb.amazonaws.com', port=80): Read timed out. (read timeout=30)"
2026-09-20T23:41:00.628566+00:00,0,30086.45,"HTTPConnectionPool(host='cheapest-alb-1599766835.us-east-1.elb.amazonaws.com', port=80): Read timed out. (read timeout=30)"
2026-09-20T23:41:00.639054+00:00,0,30077.27,"HTTPConnectionPool(host='cheapest-alb-1599766835.us-east-1.elb.amazonaws.com', port=80): Read timed out. (read timeout=30)"
2026-09-20T23:41:00.615791+00:00,0,30114.76,"HTTPConnectionPool(host='cheapest-alb-1599766835.us-east-1.elb.amazonaws.com', port=80): Read timed out. (read timeout=30)"
2026-09-20T23:41:00.649017+00:00,0,30098.09,"HTTPConnectionPool(host='cheapest-alb-1599766835.us-east-1.elb.amazonaws.com', port=80): Read timed out. (read timeout=30)"
2026-09-20T23:41:00.660071+00:00,0,30087.07,"HTTPConnectionPool(host='cheapest-alb-1599766835.us-east-1.elb.amazonaws.com', port=80): Read timed out. (read timeout=30)"
2026-09-20T23:41:00.670625+00:00,0,30091.4,"HTTPConnectionPool(host='cheapest-alb-1599766835.us-east-1.elb.amazonaws.com', port=80): Read timed out. (read timeout=30)"
2026-09-20T23:41:00.682964+00:00,0,30096.3,"HTTPConnectionPool(host='cheapest-alb-1599766835.us-east-1.elb.amazonaws.com', port=80): Read timed out. (read timeout=30)"
2026-09-20T23:41:00.715608+00:00,0,30096.79,"HTTPConnectionPool(host='cheapest-alb-1599766835.us-east-1.elb.amazonaws.com', port=80): Read timed out. (read timeout=30)"
2026-09-20T23:41:00.726645+00:00,0,30085.29,"HTTPConnectionPool(host='cheapest-alb-1599766835.us-east-1.elb.amazonaws.com', port=80): Read timed out. (read timeout=30)"
2026-09-20T23:41:00.694216+00:00,0,30118.62,"HTTPConnectionPool(host='cheapest-alb-1599766835.us-east-1.elb.amazonaws.com', port=80): Read timed out. (read timeout=30)"
2026-09-20T23:41:00.704287+00:00,0,30107.12,"HTTPConnectionPool(host='cheapest-alb-1599766835.us-east-1.elb.amazonaws.com', port=80): Read timed out. (read timeout=30)"
2026-09-20T23:41:00.739338+00:00,0,30087.69,"HTTPConnectionPool(host='cheapest-alb-1599766835.us-east-1.elb.amazonaws.com', port=80): Read timed out. (read timeout=30)"
2026-09-20T23:41:00.749877+00:00,0,30093.92,"HTTPConnectionPool(host='cheapest-alb-1599766835.us-east-1.elb.amazonaws.com', port=80): Read timed out. (read timeout=30)"
2026-09-20T23:41:00.761156+00:00,0,30082.92,"HTTPConnectionPool(host='cheapest-alb-1599766835.us-east-1.elb.amazonaws.com', port=80): Read timed out. (read timeout=30)"
2026-09-20T23:41:00.771736+00:00,0,30088.2,"HTTPConnectionPool(host='cheapest-alb-1599766835.us-east-1.elb.amazonaws.com', port=80): Read timed out. (read timeout=30)"
2026-09-20T23:41:00.804570+00:00,0,30079.06,"HTTPConnectionPool(host='cheapest-alb-1599766835.us-east-1.elb.amazonaws.com', port=80): Read timed out. (read timeout=30)"
2026-09-20T23:41:00.782977+00:00,0,30100.99,"HTTPConnectionPool(host='cheapest-alb-1599766835.us-east-1.elb.amazonaws.com', port=80): Read timed out. (read timeout=30)"
2026-09-20T23:41:00.794181+00:00,0,30089.35,"HTTPConnectionPool(host='cheapest-alb-1599766835.us-east-1.elb.amazonaws.com', port=80): Read timed out. (read timeout=30)"
2026-09-20T23:41:00.815292+00:00,0,30099.35,"HTTPConnectionPool(host='cheapest-alb-1599766835.us-east-1.elb.amazonaws.com', port=80): Read timed out. (read timeout=30)"
2026-09-20T23:41:00.827220+00:00,0,30087.92,"HTTPConnectionPool(host='cheapest-alb-1599766835.us-east-1.elb.amazonaws.com', port=80): Read timed out. (read timeout=30)"
2026-09-20T23:41:00.838082+00:00,0,30094.21,"HTTPConnectionPool(host='cheapest-alb-1599766835.us-east-1.elb.amazonaws.com', port=80): Read timed out. (read timeout=30)"
2026-09-20T23:41:00.859996+00:00,0,30087.2,"HTTPConnectionPool(host='cheapest-alb-1599766835.us-east-1.elb.amazonaws.com', port=80): Read timed out. (read timeout=30)"
2026-09-20T23:41:00.849644+00:00,0,30099.15,"HTTPConnectionPool(host='cheapest-alb-1599766835.us-east-1.elb.amazonaws.com', port=80): Read timed out. (read timeout=30)"
2026-09-20T23:41:00.872230+00:00,0,30091.87,"HTTPConnectionPool(host='cheapest-alb-1599766835.us-east-1.elb.amazonaws.com', port=80): Read timed out. (read timeout=30)"
2026-09-20T23:41:00.882587+00:00,0,30095.63,"HTTPConnectionPool(host='cheapest-alb-1599766835.us-east-1.elb.amazonaws.com', port=80): Read timed out. (read timeout=30)"
2026-09-20T23:41:00.894374+00:00,0,30084.7,"HTTPConnectionPool(host='cheapest-alb-1599766835.us-east-1.elb.amazonaws.com', port=80): Read timed out. (read timeout=30)"
2026-09-20T23:41:00.904199+00:00,0,30090.49,"HTTPConnectionPool(host='cheapest-alb-1599766835.us-east-1.elb.amazonaws.com', port=80): Read timed out. (read timeout=30)"
2026-09-20T23:41:00.916484+00:00,0,30079.78,"HTTPConnectionPool(host='cheapest-alb-1599766835.us-east-1.elb.amazonaws.com', port=80): Read timed out. (read timeout=30)"
2026-09-20T23:41:00.926307+00:00,0,30084.74,"HTTPConnectionPool(host='cheapest-alb-1599766835.us-east-1.elb.amazonaws.com', port=80): Read timed out. (read timeout=30)"
2026-09-20T23:41:00.940019+00:00,0,30088.5,"HTTPConnectionPool(host='cheapest-alb-1599766835.us-east-1.elb.amazonaws.com', port=80): Read timed out. (read timeout=30)"
2026-09-20T23:41:00.949511+00:00,0,30098.62,"HTTPConnectionPool(host='cheapest-alb-1599766835.us-east-1.elb.amazonaws.com', port=80): Read timed out. (read timeout=30)"
2026-09-20T23:41:00.959661+00:00,0,30088.48,"HTTPConnectionPool(host='cheapest-alb-1599766835.us-east-1.elb.amazonaws.com', port=80): Read timed out. (read timeout=30)"
2026-09-20T23:41:00.971129+00:00,0,30089.39,"HTTPConnectionPool(host='cheapest-alb-1599766835.us-east-1.elb.amazonaws.com', port=80): Read timed out. (read timeout=30)"
2026-09-20T23:41:00.982224+00:00,0,30089.81,"HTTPConnectionPool(host='cheapest-alb-1599766835.us-east-1.elb.amazonaws.com', port=80): Read timed out. (read timeout=30)"
2026-09-20T23:41:00.994566+00:00,0,30098.46,"HTTPConnectionPool(host='cheapest-alb-1599766835.us-east-1.elb.amazonaws.com', port=80): Read timed out. (read timeout=30)"
2026-09-20T23:41:01.006931+00:00,0,30085.54,"HTTPConnectionPool(host='cheapest-alb-1599766835.us-east-1.elb.amazonaws.com', port=80): Read timed out. (read timeout=30)"
2026-09-20T23:41:01.016626+00:00,0,30093.11,"HTTPConnectionPool(host='cheapest-alb-1599766835.us-east-1.elb.amazonaws.com', port=80): Read timed out. (read timeout=30)"
2026-09-20T23:41:01.027075+00:00,0,30082.99,"HTTPConnectionPool(host='cheapest-alb-1599766835.us-east-1.elb.amazonaws.com', port=80): Read timed out. (read timeout=30)"
2026-09-20T23:41:01.048680+00:00,0,30085.18,"HTTPConnectionPool(host='cheapest-alb-1599766835.us-east-1.elb.amazonaws.com', port=80): Read timed out. (read timeout=30)"
2026-09-20T23:41:01.038538+00:00,0,30095.69,"HTTPConnectionPool(host='cheapest-alb-1599766835.us-east-1.elb.amazonaws.com', port=80): Read timed out. (read timeout=30)"
2026-09-20T23:41:01.071997+00:00,0,30076.44,"HTTPConnectionPool(host='cheapest-alb-1599766835.us-east-1.elb.amazonaws.com', port=80): Read timed out. (read timeout=30)"
2026-09-20T23:41:01.061343+00:00,0,30088.77,"HTTPConnectionPool(host='cheapest-alb-1599766835.us-east-1.elb.amazonaws.com', port=80): Read timed out. (read timeout=30)"
2026-09-20T23:41:01.093430+00:00,0,30087.54,"HTTPConnectionPool(host='cheapest-alb-1599766835.us-east-1.elb.amazonaws.com', port=80): Read timed out. (read timeout=30)"
2026-09-20T23:41:01.084450+00:00,0,30097.77,"HTTPConnectionPool(host='cheapest-alb-1599766835.us-east-1.elb.amazonaws.com', port=80): Read timed out. (read timeout=30)"
2026-09-20T23:41:01.105704+00:00,0,30090.84,"HTTPConnectionPool(host='cheapest-alb-1599766835.us-east-1.elb.amazonaws.com', port=80): Read timed out. (read timeout=30)"
2026-09-20T23:41:01.116263+00:00,0,30081.19,"HTTPConnectionPool(host='cheapest-alb-1599766835.us-east-1.elb.amazonaws.com', port=80): Read timed out. (read timeout=30)"
2026-09-20T23:41:01.149894+00:00,0,30094.89,"HTTPConnectionPool(host='cheapest-alb-1599766835.us-east-1.elb.amazonaws.com', port=80): Read timed out. (read timeout=30)"
2026-09-20T23:41:01.138081+00:00,0,30106.99,"HTTPConnectionPool(host='cheapest-alb-1599766835.us-east-1.elb.amazonaws.com', port=80): Read timed out. (read timeout=30)"
2026-09-20T23:41:01.127763+00:00,0,30117.6,"HTTPConnectionPool(host='cheapest-alb-1599766835.us-east-1.elb.amazonaws.com', port=80): Read timed out. (read timeout=30)"
2026-09-20T23:41:01.172335+00:00,0,30084.33,"HTTPConnectionPool(host='cheapest-alb-1599766835.us-east-1.elb.amazonaws.com', port=80): Read timed out. (read timeout=30)"
2026-09-20T23:41:01.181881+00:00,0,30075.91,"HTTPConnectionPool(host='cheapest-alb-1599766835.us-east-1.elb.amazonaws.com', port=80): Read timed out. (read timeout=30)"
2026-09-20T23:41:01.159856+00:00,0,30098.22,"HTTPConnectionPool(host='cheapest-alb-1599766835.us-east-1.elb.amazonaws.com', port=80): Read timed out. (read timeout=30)"
2026-09-20T23:41:01.194112+00:00,0,30104.44,"HTTPConnectionPool(host='cheapest-alb-1599766835.us-east-1.elb.amazonaws.com', port=80): Read timed out. (read timeout=30)"
2026-09-20T23:41:01.204526+00:00,0,30092.86,"HTTPConnectionPool(host='cheapest-alb-1599766835.us-east-1.elb.amazonaws.com', port=80): Read timed out. (read timeout=30)"
2026-09-20T23:41:01.215929+00:00,0,30098.62,"HTTPConnectionPool(host='cheapest-alb-1599766835.us-east-1.elb.amazonaws.com', port=80): Read timed out. (read timeout=30)"
2026-09-20T23:41:01.227751+00:00,0,30101.66,"HTTPConnectionPool(host='cheapest-alb-1599766835.us-east-1.elb.amazonaws.com', port=80): Read timed out. (read timeout=30)"
2026-09-20T23:41:01.238937+00:00,0,30091.88,"HTTPConnectionPool(host='cheapest-alb-1599766835.us-east-1.elb.amazonaws.com', port=80): Read timed out. (read timeout=30)"
2026-09-20T23:41:01.261581+00:00,0,30085.27,"HTTPConnectionPool(host='cheapest-alb-1599766835.us-east-1.elb.amazonaws.com', port=80): Read timed out. (read timeout=30)"
2026-09-20T23:41:01.249457+00:00,0,30097.56,"HTTPConnectionPool(host='cheapest-alb-1599766835.us-east-1.elb.amazonaws.com', port=80): Read timed out. (read timeout=30)"
2026-09-20T23:41:01.271769+00:00,0,30089.45,"HTTPConnectionPool(host='cheapest-alb-1599766835.us-east-1.elb.amazonaws.com', port=80): Read timed out. (read timeout=30)"
2026-09-20T23:41:01.282408+00:00,0,30095.53,"HTTPConnectionPool(host='cheapest-alb-1599766835.us-east-1.elb.amazonaws.com', port=80): Read timed out. (read timeout=30)"
2026-09-20T23:41:01.292989+00:00,0,30101.88,"HTTPConnectionPool(host='cheapest-alb-1599766835.us-east-1.elb.amazonaws.com', port=80): Read timed out. (read timeout=30)"
2026-09-20T23:41:01.315800+00:00,0,30078.18,"HTTPConnectionPool(host='cheapest-alb-1599766835.us-east-1.elb.amazonaws.com', port=80): Read timed out. (read timeout=30)"
2026-09-20T23:41:01.304148+00:00,0,30106.61,"HTTPConnectionPool(host='cheapest-alb-1599766835.us-east-1.elb.amazonaws.com', port=80): Read timed out. (read timeout=30)"
2026-09-20T23:41:01.338642+00:00,0,30087.34,"HTTPConnectionPool(host='cheapest-alb-1599766835.us-east-1.elb.amazonaws.com', port=80): Read timed out. (read timeout=30)"
2026-09-20T23:41:01.326855+00:00,0,30100.78,"HTTPConnectionPool(host='cheapest-alb-1599766835.us-east-1.elb.amazonaws.com', port=80): Read timed out. (read timeout=30)"
2026-09-20T23:41:01.361581+00:00,0,30080.36,"HTTPConnectionPool(host='cheapest-alb-1599766835.us-east-1.elb.amazonaws.com', port=80): Read timed out. (read timeout=30)"
2026-09-20T23:41:01.351232+00:00,0,30123.31,"HTTPConnectionPool(host='cheapest-alb-1599766835.us-east-1.elb.amazonaws.com', port=80): Read timed out. (read timeout=30)"
2026-09-20T23:41:01.382639+00:00,0,30091.4,"HTTPConnectionPool(host='cheapest-alb-1599766835.us-east-1.elb.amazonaws.com', port=80): Read timed out. (read timeout=30)"
2026-09-20T23:41:01.372107+00:00,0,30102.06,"HTTPConnectionPool(host='cheapest-alb-1599766835.us-east-1.elb.amazonaws.com', port=80): Read timed out. (read timeout=30)"
2026-09-20T23:41:01.393838+00:00,0,30087.31,"HTTPConnectionPool(host='cheapest-alb-1599766835.us-east-1.elb.amazonaws.com', port=80): Read timed out. (read timeout=30)"
2026-09-20T23:41:01.405626+00:00,0,30090.51,"HTTPConnectionPool(host='cheapest-alb-1599766835.us-east-1.elb.amazonaws.com', port=80): Read timed out. (read timeout=30)"
2026-09-20T23:41:01.415775+00:00,0,30096.38,"HTTPConnectionPool(host='cheapest-alb-1599766835.us-east-1.elb.amazonaws.com', port=80): Read timed out. (read timeout=30)"
2026-09-20T23:41:01.426206+00:00,0,30086.26,"HTTPConnectionPool(host='cheapest-alb-1599766835.us-east-1.elb.amazonaws.com', port=80): Read timed out. (read timeout=30)"
2026-09-20T23:41:01.449686+00:00,0,30079.61,"HTTPConnectionPool(host='cheapest-alb-1599766835.us-east-1.elb.amazonaws.com', port=80): Read timed out. (read timeout=30)"
2026-09-20T23:41:01.437454+00:00,0,30092.21,"HTTPConnectionPool(host='cheapest-alb-1599766835.us-east-1.elb.amazonaws.com', port=80): Read timed out. (read timeout=30)"
2026-09-20T23:41:01.460034+00:00,0,30100.5,"HTTPConnectionPool(host='cheapest-alb-1599766835.us-east-1.elb.amazonaws.com', port=80): Read timed out. (read timeout=30)"
2026-09-20T23:41:01.471047+00:00,0,30089.74,"HTTPConnectionPool(host='cheapest-alb-1599766835.us-east-1.elb.amazonaws.com', port=80): Read timed out. (read timeout=30)"
2026-09-20T23:41:01.482135+00:00,0,30109.27,"HTTPConnectionPool(host='cheapest-alb-1599766835.us-east-1.elb.amazonaws.com', port=80): Read timed out. (read timeout=30)"
2026-09-20T23:41:01.493885+00:00,0,30097.59,"HTTPConnectionPool(host='cheapest-alb-1599766835.us-east-1.elb.amazonaws.com', port=80): Read timed out. (read timeout=30)"
2026-09-20T23:41:01.504914+00:00,0,30102.62,"HTTPConnectionPool(host='cheapest-alb-1599766835.us-east-1.elb.amazonaws.com', port=80): Read timed out. (read timeout=30)"
2026-09-20T23:41:01.527693+00:00,0,30079.64,"HTTPConnectionPool(host='cheapest-alb-1599766835.us-east-1.elb.amazonaws.com', port=80): Read timed out. (read timeout=30)"
2026-09-20T23:41:01.515741+00:00,0,30100.07,"HTTPConnectionPool(host='cheapest-alb-1599766835.us-east-1.elb.amazonaws.com', port=80): Read timed out. (read timeout=30)"
2026-09-20T23:41:01.537943+00:00,0,30092.94,"HTTPConnectionPool(host='cheapest-alb-1599766835.us-east-1.elb.amazonaws.com', port=80): Read timed out. (read timeout=30)"
2026-09-20T23:41:01.550415+00:00,0,30080.39,"HTTPConnectionPool(host='cheapest-alb-1599766835.us-east-1.elb.amazonaws.com', port=80): Read timed out. (read timeout=30)"
2026-09-20T23:41:01.560069+00:00,0,30087.61,"HTTPConnectionPool(host='cheapest-alb-1599766835.us-east-1.elb.amazonaws.com', port=80): Read timed out. (read timeout=30)"
2026-09-20T23:41:01.572395+00:00,0,30090.1,"HTTPConnectionPool(host='cheapest-alb-1599766835.us-east-1.elb.amazonaws.com', port=80): Read timed out. (read timeout=30)"
2026-09-20T23:41:01.583337+00:00,0,30079.9,"HTTPConnectionPool(host='cheapest-alb-1599766835.us-east-1.elb.amazonaws.com', port=80): Read timed out. (read timeout=30)"
2026-09-20T23:41:01.594479+00:00,0,30083.91,"HTTPConnectionPool(host='cheapest-alb-1599766835.us-east-1.elb.amazonaws.com', port=80): Read timed out. (read timeout=30)"
2026-09-20T23:41:01.606042+00:00,0,30089.71,"HTTPConnectionPool(host='cheapest-alb-1599766835.us-east-1.elb.amazonaws.com', port=80): Read timed out. (read timeout=30)"
2026-09-20T23:41:01.616639+00:00,0,30079.29,"HTTPConnectionPool(host='cheapest-alb-1599766835.us-east-1.elb.amazonaws.com', port=80): Read timed out. (read timeout=30)"
2026-09-20T23:41:01.627216+00:00,0,30083.12,"HTTPConnectionPool(host='cheapest-alb-1599766835.us-east-1.elb.amazonaws.com', port=80): Read timed out. (read timeout=30)"
2026-09-20T23:41:01.649947+00:00,0,30077.15,"HTTPConnectionPool(host='cheapest-alb-1599766835.us-east-1.elb.amazonaws.com', port=80): Read timed out. (read timeout=30)"
2026-09-20T23:41:01.638402+00:00,0,30088.81,"HTTPConnectionPool(host='cheapest-alb-1599766835.us-east-1.elb.amazonaws.com', port=80): Read timed out. (read timeout=30)"
2026-09-20T23:41:01.660487+00:00,0,30082.79,"HTTPConnectionPool(host='cheapest-alb-1599766835.us-east-1.elb.amazonaws.com', port=80): Read timed out. (read timeout=30)"
2026-09-20T23:41:01.671477+00:00,0,30088.96,"HTTPConnectionPool(host='cheapest-alb-1599766835.us-east-1.elb.amazonaws.com', port=80): Read timed out. (read timeout=30)"
2026-09-20T23:41:01.705011+00:00,0,30085.5,"HTTPConnectionPool(host='cheapest-alb-1599766835.us-east-1.elb.amazonaws.com', port=80): Read timed out. (read timeout=30)"
2026-09-20T23:41:01.682320+00:00,0,30109.75,"HTTPConnectionPool(host='cheapest-alb-1599766835.us-east-1.elb.amazonaws.com', port=80): Read timed out. (read timeout=30)"
2026-09-20T23:41:01.692893+00:00,0,30099.46,"HTTPConnectionPool(host='cheapest-alb-1599766835.us-east-1.elb.amazonaws.com', port=80): Read timed out. (read timeout=30)"
2026-09-20T23:41:01.716455+00:00,0,30076.13,"HTTPConnectionPool(host='cheapest-alb-1599766835.us-east-1.elb.amazonaws.com', port=80): Read timed out. (read timeout=30)"
2026-09-20T23:41:01.738712+00:00,0,30078.26,"HTTPConnectionPool(host='cheapest-alb-1599766835.us-east-1.elb.amazonaws.com', port=80): Read timed out. (read timeout=30)"
2026-09-20T23:41:01.727814+00:00,0,30104.19,"HTTPConnectionPool(host='cheapest-alb-1599766835.us-east-1.elb.amazonaws.com', port=80): Read timed out. (read timeout=30)"
2026-09-20T23:41:01.749099+00:00,0,30081.94,"HTTPConnectionPool(host='cheapest-alb-1599766835.us-east-1.elb.amazonaws.com', port=80): Read timed out. (read timeout=30)"
2026-09-20T23:41:01.759910+00:00,0,30087.42,"HTTPConnectionPool(host='cheapest-alb-1599766835.us-east-1.elb.amazonaws.com', port=80): Read timed out. (read timeout=30)"
2026-09-20T23:41:01.772219+00:00,0,30093.87,"HTTPConnectionPool(host='cheapest-alb-1599766835.us-east-1.elb.amazonaws.com', port=80): Read timed out. (read timeout=30)"
2026-09-20T23:41:01.783123+00:00,0,30097.35,"HTTPConnectionPool(host='cheapest-alb-1599766835.us-east-1.elb.amazonaws.com', port=80): Read timed out. (read timeout=30)"
2026-09-20T23:41:01.816730+00:00,0,30079.19,"HTTPConnectionPool(host='cheapest-alb-1599766835.us-east-1.elb.amazonaws.com', port=80): Read timed out. (read timeout=30)"
2026-09-20T23:41:01.793378+00:00,0,30102.82,"HTTPConnectionPool(host='cheapest-alb-1599766835.us-east-1.elb.amazonaws.com', port=80): Read timed out. (read timeout=30)"
2026-09-20T23:41:01.804852+00:00,0,30090.2,"HTTPConnectionPool(host='cheapest-alb-1599766835.us-east-1.elb.amazonaws.com', port=80): Read timed out. (read timeout=30)"
2026-09-20T23:41:01.894429+00:00,0,30135.0,"HTTPConnectionPool(host='cheapest-alb-1599766835.us-east-1.elb.amazonaws.com', port=80): Read timed out. (read timeout=30)"
2026-09-20T23:41:01.837529+00:00,0,30209.72,"HTTPConnectionPool(host='cheapest-alb-1599766835.us-east-1.elb.amazonaws.com', port=80): Read timed out. (read timeout=30)"
2026-09-20T23:41:01.882228+00:00,0,30164.94,"HTTPConnectionPool(host='cheapest-alb-1599766835.us-east-1.elb.amazonaws.com', port=80): Read timed out. (read timeout=30)"
2026-09-20T23:41:01.826530+00:00,0,30222.28,"HTTPConnectionPool(host='cheapest-alb-1599766835.us-east-1.elb.amazonaws.com', port=80): Read timed out. (read timeout=30)"
2026-09-20T23:41:01.871314+00:00,0,30176.22,"HTTPConnectionPool(host='cheapest-alb-1599766835.us-east-1.elb.amazonaws.com', port=80): Read timed out. (read timeout=30)"
2026-09-20T23:41:01.859658+00:00,0,30188.34,"HTTPConnectionPool(host='cheapest-alb-1599766835.us-east-1.elb.amazonaws.com', port=80): Read timed out. (read timeout=30)"
2026-09-20T23:41:01.849088+00:00,0,30198.36,"HTTPConnectionPool(host='cheapest-alb-1599766835.us-east-1.elb.amazonaws.com', port=80): Read timed out. (read timeout=30)"
2026-09-20T23:41:01.904374+00:00,0,30221.16,"HTTPConnectionPool(host='cheapest-alb-1599766835.us-east-1.elb.amazonaws.com', port=80): Read timed out. (read timeout=30)"
2026-09-20T23:41:02.033329+00:00,0,30093.07,"HTTPConnectionPool(host='cheapest-alb-1599766835.us-east-1.elb.amazonaws.com', port=80): Read timed out. (read timeout=30)"
2026-09-20T23:41:02.042833+00:00,0,30098.71,"HTTPConnectionPool(host='cheapest-alb-1599766835.us-east-1.elb.amazonaws.com', port=80): Read timed out. (read timeout=30)"
2026-09-20T23:41:02.038301+00:00,0,30103.94,"HTTPConnectionPool(host='cheapest-alb-1599766835.us-east-1.elb.amazonaws.com', port=80): Read timed out. (read timeout=30)"
2026-09-20T23:41:02.048888+00:00,0,30089.01,"HTTPConnectionPool(host='cheapest-alb-1599766835.us-east-1.elb.amazonaws.com', port=80): Read timed out. (read timeout=30)"
2026-09-20T23:41:02.042833+00:00,0,30099.75,"HTTPConnectionPool(host='cheapest-alb-1599766835.us-east-1.elb.amazonaws.com', port=80): Read timed out. (read timeout=30)"
2026-09-20T23:41:02.048888+00:00,0,30098.02,"HTTPConnectionPool(host='cheapest-alb-1599766835.us-east-1.elb.amazonaws.com', port=80): Read timed out. (read timeout=30)"
2026-09-20T23:41:02.048888+00:00,0,30109.76,"HTTPConnectionPool(host='cheapest-alb-1599766835.us-east-1.elb.amazonaws.com', port=80): Read timed out. (read timeout=30)"
2026-09-20T23:41:02.065135+00:00,0,30093.77,"HTTPConnectionPool(host='cheapest-alb-1599766835.us-east-1.elb.amazonaws.com', port=80): Read timed out. (read timeout=30)"
2026-09-20T23:41:02.065135+00:00,0,30089.34,"HTTPConnectionPool(host='cheapest-alb-1599766835.us-east-1.elb.amazonaws.com', port=80): Read timed out. (read timeout=30)"
2026-09-20T23:41:02.076514+00:00,0,30096.54,"HTTPConnectionPool(host='cheapest-alb-1599766835.us-east-1.elb.amazonaws.com', port=80): Read timed out. (read timeout=30)"
2026-09-20T23:41:02.076514+00:00,0,30097.66,"HTTPConnectionPool(host='cheapest-alb-1599766835.us-east-1.elb.amazonaws.com', port=80): Read timed out. (read timeout=30)"
2026-09-20T23:41:02.048888+00:00,0,30125.17,"HTTPConnectionPool(host='cheapest-alb-1599766835.us-east-1.elb.amazonaws.com', port=80): Read timed out. (read timeout=30)"
2026-09-20T23:41:02.081927+00:00,0,30095.69,"HTTPConnectionPool(host='cheapest-alb-1599766835.us-east-1.elb.amazonaws.com', port=80): Read timed out. (read timeout=30)"
2026-09-20T23:41:02.081927+00:00,0,30097.82,"HTTPConnectionPool(host='cheapest-alb-1599766835.us-east-1.elb.amazonaws.com', port=80): Read timed out. (read timeout=30)"
2026-09-20T23:41:02.081927+00:00,0,30091.28,"HTTPConnectionPool(host='cheapest-alb-1599766835.us-east-1.elb.amazonaws.com', port=80): Read timed out. (read timeout=30)"
2026-09-20T23:41:02.095277+00:00,0,30104.09,"HTTPConnectionPool(host='cheapest-alb-1599766835.us-east-1.elb.amazonaws.com', port=80): Read timed out. (read timeout=30)"
2026-09-20T23:41:02.101089+00:00,0,30094.89,"HTTPConnectionPool(host='cheapest-alb-1599766835.us-east-1.elb.amazonaws.com', port=80): Read timed out. (read timeout=30)"
2026-09-20T23:41:02.097603+00:00,0,30102.44,"HTTPConnectionPool(host='cheapest-alb-1599766835.us-east-1.elb.amazonaws.com', port=80): Read timed out. (read timeout=30)"
2026-09-20T23:41:02.115939+00:00,0,30084.31,"HTTPConnectionPool(host='cheapest-alb-1599766835.us-east-1.elb.amazonaws.com', port=80): Read timed out. (read timeout=30)"
2026-09-20T23:41:02.127923+00:00,0,30087.15,"HTTPConnectionPool(host='cheapest-alb-1599766835.us-east-1.elb.amazonaws.com', port=80): Read timed out. (read timeout=30)"
2026-09-20T23:41:02.138594+00:00,0,30091.47,"HTTPConnectionPool(host='cheapest-alb-1599766835.us-east-1.elb.amazonaws.com', port=80): Read timed out. (read timeout=30)"
2026-09-20T23:41:02.149275+00:00,0,30096.75,"HTTPConnectionPool(host='cheapest-alb-1599766835.us-east-1.elb.amazonaws.com', port=80): Read timed out. (read timeout=30)"
2026-09-20T23:41:02.159850+00:00,0,30103.67,"HTTPConnectionPool(host='cheapest-alb-1599766835.us-east-1.elb.amazonaws.com', port=80): Read timed out. (read timeout=30)"
2026-09-20T23:41:02.170887+00:00,0,30092.23,"HTTPConnectionPool(host='cheapest-alb-1599766835.us-east-1.elb.amazonaws.com', port=80): Read timed out. (read timeout=30)"
2026-09-20T23:41:02.183872+00:00,0,30100.41,"HTTPConnectionPool(host='cheapest-alb-1599766835.us-east-1.elb.amazonaws.com', port=80): Read timed out. (read timeout=30)"
2026-09-20T23:41:02.193951+00:00,0,30090.66,"HTTPConnectionPool(host='cheapest-alb-1599766835.us-east-1.elb.amazonaws.com', port=80): Read timed out. (read timeout=30)"
2026-09-20T23:41:02.205189+00:00,0,30090.7,"HTTPConnectionPool(host='cheapest-alb-1599766835.us-east-1.elb.amazonaws.com', port=80): Read timed out. (read timeout=30)"
2026-09-20T23:41:02.226393+00:00,0,30083.61,"HTTPConnectionPool(host='cheapest-alb-1599766835.us-east-1.elb.amazonaws.com', port=80): Read timed out. (read timeout=30)"
2026-09-20T23:41:02.216601+00:00,0,30095.72,"HTTPConnectionPool(host='cheapest-alb-1599766835.us-east-1.elb.amazonaws.com', port=80): Read timed out. (read timeout=30)"
2026-09-20T23:41:02.238864+00:00,0,30087.86,"HTTPConnectionPool(host='cheapest-alb-1599766835.us-east-1.elb.amazonaws.com', port=80): Read timed out. (read timeout=30)"
2026-09-20T23:41:02.248817+00:00,0,30079.6,"HTTPConnectionPool(host='cheapest-alb-1599766835.us-east-1.elb.amazonaws.com', port=80): Read timed out. (read timeout=30)"
2026-09-20T23:41:02.260088+00:00,0,30098.6,"HTTPConnectionPool(host='cheapest-alb-1599766835.us-east-1.elb.amazonaws.com', port=80): Read timed out. (read timeout=30)"
2026-09-20T23:41:02.281928+00:00,0,30094.64,"HTTPConnectionPool(host='cheapest-alb-1599766835.us-east-1.elb.amazonaws.com', port=80): Read timed out. (read timeout=30)"
2026-09-20T23:41:02.271260+00:00,0,30103.03,"HTTPConnectionPool(host='cheapest-alb-1599766835.us-east-1.elb.amazonaws.com', port=80): Read timed out. (read timeout=30)"
2026-09-20T23:41:02.305447+00:00,0,30086.17,"HTTPConnectionPool(host='cheapest-alb-1599766835.us-east-1.elb.amazonaws.com', port=80): Read timed out. (read timeout=30)"
2026-09-20T23:41:02.293779+00:00,0,30097.97,"HTTPConnectionPool(host='cheapest-alb-1599766835.us-east-1.elb.amazonaws.com', port=80): Read timed out. (read timeout=30)"
2026-09-20T23:41:02.327199+00:00,0,30081.77,"HTTPConnectionPool(host='cheapest-alb-1599766835.us-east-1.elb.amazonaws.com', port=80): Read timed out. (read timeout=30)"
2026-09-20T23:41:02.315805+00:00,0,30093.33,"HTTPConnectionPool(host='cheapest-alb-1599766835.us-east-1.elb.amazonaws.com', port=80): Read timed out. (read timeout=30)"
2026-09-20T23:41:02.338109+00:00,0,30085.97,"HTTPConnectionPool(host='cheapest-alb-1599766835.us-east-1.elb.amazonaws.com', port=80): Read timed out. (read timeout=30)"
2026-09-20T23:41:02.349261+00:00,0,30090.87,"HTTPConnectionPool(host='cheapest-alb-1599766835.us-east-1.elb.amazonaws.com', port=80): Read timed out. (read timeout=30)"
2026-09-20T23:41:02.360633+00:00,0,30103.41,"HTTPConnectionPool(host='cheapest-alb-1599766835.us-east-1.elb.amazonaws.com', port=80): Read timed out. (read timeout=30)"
2026-09-20T23:41:02.392975+00:00,0,30088.55,"HTTPConnectionPool(host='cheapest-alb-1599766835.us-east-1.elb.amazonaws.com', port=80): Read timed out. (read timeout=30)"
2026-09-20T23:41:02.372079+00:00,0,30108.93,"HTTPConnectionPool(host='cheapest-alb-1599766835.us-east-1.elb.amazonaws.com', port=80): Read timed out. (read timeout=30)"
2026-09-20T23:41:02.382607+00:00,0,30114.25,"HTTPConnectionPool(host='cheapest-alb-1599766835.us-east-1.elb.amazonaws.com', port=80): Read timed out. (read timeout=30)"
2026-09-20T23:41:02.405706+00:00,0,30091.1,"HTTPConnectionPool(host='cheapest-alb-1599766835.us-east-1.elb.amazonaws.com', port=80): Read timed out. (read timeout=30)"
2026-09-20T23:41:02.415289+00:00,0,30082.13,"HTTPConnectionPool(host='cheapest-alb-1599766835.us-east-1.elb.amazonaws.com', port=80): Read timed out. (read timeout=30)"
2026-09-20T23:41:02.426523+00:00,0,30086.84,"HTTPConnectionPool(host='cheapest-alb-1599766835.us-east-1.elb.amazonaws.com', port=80): Read timed out. (read timeout=30)"
2026-09-20T23:41:02.438381+00:00,0,30090.98,"HTTPConnectionPool(host='cheapest-alb-1599766835.us-east-1.elb.amazonaws.com', port=80): Read timed out. (read timeout=30)"
2026-09-20T23:41:02.448914+00:00,0,30096.51,"HTTPConnectionPool(host='cheapest-alb-1599766835.us-east-1.elb.amazonaws.com', port=80): Read timed out. (read timeout=30)"
2026-09-20T23:41:02.460980+00:00,0,30101.03,"HTTPConnectionPool(host='cheapest-alb-1599766835.us-east-1.elb.amazonaws.com', port=80): Read timed out. (read timeout=30)"
2026-09-20T23:41:02.471764+00:00,0,30090.32,"HTTPConnectionPool(host='cheapest-alb-1599766835.us-east-1.elb.amazonaws.com', port=80): Read timed out. (read timeout=30)"
2026-09-20T23:41:02.494408+00:00,0,30083.31,"HTTPConnectionPool(host='cheapest-alb-1599766835.us-east-1.elb.amazonaws.com', port=80): Read timed out. (read timeout=30)"
2026-09-20T23:41:02.482167+00:00,0,30093.96,"HTTPConnectionPool(host='cheapest-alb-1599766835.us-east-1.elb.amazonaws.com', port=80): Read timed out. (read timeout=30)"
2026-09-20T23:41:02.528737+00:00,0,30080.9,"HTTPConnectionPool(host='cheapest-alb-1599766835.us-east-1.elb.amazonaws.com', port=80): Read timed out. (read timeout=30)"
2026-09-20T23:41:02.504897+00:00,0,30104.92,"HTTPConnectionPool(host='cheapest-alb-1599766835.us-east-1.elb.amazonaws.com', port=80): Read timed out. (read timeout=30)"
2026-09-20T23:41:02.517057+00:00,0,30109.31,"HTTPConnectionPool(host='cheapest-alb-1599766835.us-east-1.elb.amazonaws.com', port=80): Read timed out. (read timeout=30)"
2026-09-20T23:41:02.537719+00:00,0,30087.88,"HTTPConnectionPool(host='cheapest-alb-1599766835.us-east-1.elb.amazonaws.com', port=80): Read timed out. (read timeout=30)"
2026-09-20T23:41:02.549301+00:00,0,30077.16,"HTTPConnectionPool(host='cheapest-alb-1599766835.us-east-1.elb.amazonaws.com', port=80): Read timed out. (read timeout=30)"
2026-09-20T23:41:02.560290+00:00,0,30096.96,"HTTPConnectionPool(host='cheapest-alb-1599766835.us-east-1.elb.amazonaws.com', port=80): Read timed out. (read timeout=30)"
2026-09-20T23:41:02.593196+00:00,0,30087.92,"HTTPConnectionPool(host='cheapest-alb-1599766835.us-east-1.elb.amazonaws.com', port=80): Read timed out. (read timeout=30)"
2026-09-20T23:41:02.582391+00:00,0,30100.53,"HTTPConnectionPool(host='cheapest-alb-1599766835.us-east-1.elb.amazonaws.com', port=80): Read timed out. (read timeout=30)"
2026-09-20T23:41:02.572377+00:00,0,30109.95,"HTTPConnectionPool(host='cheapest-alb-1599766835.us-east-1.elb.amazonaws.com', port=80): Read timed out. (read timeout=30)"
2026-09-20T23:41:02.615742+00:00,0,30081.33,"HTTPConnectionPool(host='cheapest-alb-1599766835.us-east-1.elb.amazonaws.com', port=80): Read timed out. (read timeout=30)"
2026-09-20T23:41:02.605264+00:00,0,30096.71,"HTTPConnectionPool(host='cheapest-alb-1599766835.us-east-1.elb.amazonaws.com', port=80): Read timed out. (read timeout=30)"
2026-09-20T23:41:02.626828+00:00,0,30087.47,"HTTPConnectionPool(host='cheapest-alb-1599766835.us-east-1.elb.amazonaws.com', port=80): Read timed out. (read timeout=30)"
2026-09-20T23:41:02.649567+00:00,0,30081.12,"HTTPConnectionPool(host='cheapest-alb-1599766835.us-east-1.elb.amazonaws.com', port=80): Read timed out. (read timeout=30)"
2026-09-20T23:41:02.637961+00:00,0,30092.91,"HTTPConnectionPool(host='cheapest-alb-1599766835.us-east-1.elb.amazonaws.com', port=80): Read timed out. (read timeout=30)"
2026-09-20T23:41:02.660266+00:00,0,30100.92,"HTTPConnectionPool(host='cheapest-alb-1599766835.us-east-1.elb.amazonaws.com', port=80): Read timed out. (read timeout=30)"
2026-09-20T23:41:02.670828+00:00,0,30090.96,"HTTPConnectionPool(host='cheapest-alb-1599766835.us-east-1.elb.amazonaws.com', port=80): Read timed out. (read timeout=30)"
2026-09-20T23:41:02.683242+00:00,0,30095.2,"HTTPConnectionPool(host='cheapest-alb-1599766835.us-east-1.elb.amazonaws.com', port=80): Read timed out. (read timeout=30)"
2026-09-20T23:41:02.693861+00:00,0,30098.69,"HTTPConnectionPool(host='cheapest-alb-1599766835.us-east-1.elb.amazonaws.com', port=80): Read timed out. (read timeout=30)"
2026-09-20T23:41:02.704359+00:00,0,30086.97,"HTTPConnectionPool(host='cheapest-alb-1599766835.us-east-1.elb.amazonaws.com', port=80): Read timed out. (read timeout=30)"
2026-09-20T23:41:02.727303+00:00,0,30082.76,"HTTPConnectionPool(host='cheapest-alb-1599766835.us-east-1.elb.amazonaws.com', port=80): Read timed out. (read timeout=30)"
2026-09-20T23:41:02.715287+00:00,0,30094.88,"HTTPConnectionPool(host='cheapest-alb-1599766835.us-east-1.elb.amazonaws.com', port=80): Read timed out. (read timeout=30)"
2026-09-20T23:41:02.749860+00:00,0,30090.41,"HTTPConnectionPool(host='cheapest-alb-1599766835.us-east-1.elb.amazonaws.com', port=80): Read timed out. (read timeout=30)"
2026-09-20T23:41:02.738096+00:00,0,30103.58,"HTTPConnectionPool(host='cheapest-alb-1599766835.us-east-1.elb.amazonaws.com', port=80): Read timed out. (read timeout=30)"
2026-09-20T23:41:02.760234+00:00,0,30087.11,"HTTPConnectionPool(host='cheapest-alb-1599766835.us-east-1.elb.amazonaws.com', port=80): Read timed out. (read timeout=30)"
2026-09-20T23:41:02.770900+00:00,0,30077.09,"HTTPConnectionPool(host='cheapest-alb-1599766835.us-east-1.elb.amazonaws.com', port=80): Read timed out. (read timeout=30)"
2026-09-20T23:41:02.782164+00:00,0,30081.88,"HTTPConnectionPool(host='cheapest-alb-1599766835.us-east-1.elb.amazonaws.com', port=80): Read timed out. (read timeout=30)"
2026-09-20T23:41:02.794309+00:00,0,30086.48,"HTTPConnectionPool(host='cheapest-alb-1599766835.us-east-1.elb.amazonaws.com', port=80): Read timed out. (read timeout=30)"
2026-09-20T23:41:02.804808+00:00,0,30089.04,"HTTPConnectionPool(host='cheapest-alb-1599766835.us-east-1.elb.amazonaws.com', port=80): Read timed out. (read timeout=30)"
2026-09-20T23:41:02.816745+00:00,0,30096.43,"HTTPConnectionPool(host='cheapest-alb-1599766835.us-east-1.elb.amazonaws.com', port=80): Read timed out. (read timeout=30)"
2026-09-20T23:41:02.827364+00:00,0,30086.39,"HTTPConnectionPool(host='cheapest-alb-1599766835.us-east-1.elb.amazonaws.com', port=80): Read timed out. (read timeout=30)"
2026-09-20T23:41:02.837302+00:00,0,30090.86,"HTTPConnectionPool(host='cheapest-alb-1599766835.us-east-1.elb.amazonaws.com', port=80): Read timed out. (read timeout=30)"
2026-09-20T23:41:02.848865+00:00,0,30080.85,"HTTPConnectionPool(host='cheapest-alb-1599766835.us-east-1.elb.amazonaws.com', port=80): Read timed out. (read timeout=30)"
2026-09-20T23:41:02.860252+00:00,0,30100.62,"HTTPConnectionPool(host='cheapest-alb-1599766835.us-east-1.elb.amazonaws.com', port=80): Read timed out. (read timeout=30)"
2026-09-20T23:41:02.871480+00:00,0,30090.52,"HTTPConnectionPool(host='cheapest-alb-1599766835.us-east-1.elb.amazonaws.com', port=80): Read timed out. (read timeout=30)"
2026-09-20T23:41:02.882478+00:00,0,30093.84,"HTTPConnectionPool(host='cheapest-alb-1599766835.us-east-1.elb.amazonaws.com', port=80): Read timed out. (read timeout=30)"
2026-09-20T23:41:02.904852+00:00,0,30086.88,"HTTPConnectionPool(host='cheapest-alb-1599766835.us-east-1.elb.amazonaws.com', port=80): Read timed out. (read timeout=30)"
2026-09-20T23:41:02.916501+00:00,0,30077.27,"HTTPConnectionPool(host='cheapest-alb-1599766835.us-east-1.elb.amazonaws.com', port=80): Read timed out. (read timeout=30)"
2026-09-20T23:41:02.894088+00:00,0,30105.79,"HTTPConnectionPool(host='cheapest-alb-1599766835.us-east-1.elb.amazonaws.com', port=80): Read timed out. (read timeout=30)"
2026-09-20T23:41:02.927962+00:00,0,30088.33,"HTTPConnectionPool(host='cheapest-alb-1599766835.us-east-1.elb.amazonaws.com', port=80): Read timed out. (read timeout=30)"
2026-09-20T23:41:02.938016+00:00,0,30094.02,"HTTPConnectionPool(host='cheapest-alb-1599766835.us-east-1.elb.amazonaws.com', port=80): Read timed out. (read timeout=30)"
2026-09-20T23:41:02.949224+00:00,0,30083.05,"HTTPConnectionPool(host='cheapest-alb-1599766835.us-east-1.elb.amazonaws.com', port=80): Read timed out. (read timeout=30)"
2026-09-20T23:41:02.959829+00:00,0,30088.16,"HTTPConnectionPool(host='cheapest-alb-1599766835.us-east-1.elb.amazonaws.com', port=80): Read timed out. (read timeout=30)"
2026-09-20T23:41:02.971447+00:00,0,30092.43,"HTTPConnectionPool(host='cheapest-alb-1599766835.us-east-1.elb.amazonaws.com', port=80): Read timed out. (read timeout=30)"
2026-09-20T23:41:02.982227+00:00,0,30095.02,"HTTPConnectionPool(host='cheapest-alb-1599766835.us-east-1.elb.amazonaws.com', port=80): Read timed out. (read timeout=30)"
2026-09-20T23:41:02.993555+00:00,0,30086.57,"HTTPConnectionPool(host='cheapest-alb-1599766835.us-east-1.elb.amazonaws.com', port=80): Read timed out. (read timeout=30)"
2026-09-20T23:41:03.005603+00:00,0,30089.11,"HTTPConnectionPool(host='cheapest-alb-1599766835.us-east-1.elb.amazonaws.com', port=80): Read timed out. (read timeout=30)"
2026-09-20T23:41:03.016366+00:00,0,30078.79,"HTTPConnectionPool(host='cheapest-alb-1599766835.us-east-1.elb.amazonaws.com', port=80): Read timed out. (read timeout=30)"
2026-09-20T23:41:03.026379+00:00,0,30085.28,"HTTPConnectionPool(host='cheapest-alb-1599766835.us-east-1.elb.amazonaws.com', port=80): Read timed out. (read timeout=30)"
2026-09-20T23:41:03.038266+00:00,0,30088.17,"HTTPConnectionPool(host='cheapest-alb-1599766835.us-east-1.elb.amazonaws.com', port=80): Read timed out. (read timeout=30)"
2026-09-20T23:41:03.070895+00:00,0,30093.47,"HTTPConnectionPool(host='cheapest-alb-1599766835.us-east-1.elb.amazonaws.com', port=80): Read timed out. (read timeout=30)"
2026-09-20T23:41:03.059517+00:00,0,30103.9,"HTTPConnectionPool(host='cheapest-alb-1599766835.us-east-1.elb.amazonaws.com', port=80): Read timed out. (read timeout=30)"
2026-09-20T23:41:03.048484+00:00,0,30114.93,"HTTPConnectionPool(host='cheapest-alb-1599766835.us-east-1.elb.amazonaws.com', port=80): Read timed out. (read timeout=30)"
2026-09-20T23:41:03.082430+00:00,0,30092.06,"HTTPConnectionPool(host='cheapest-alb-1599766835.us-east-1.elb.amazonaws.com', port=80): Read timed out. (read timeout=30)"
2026-09-20T23:41:03.095011+00:00,0,30081.2,"HTTPConnectionPool(host='cheapest-alb-1599766835.us-east-1.elb.amazonaws.com', port=80): Read timed out. (read timeout=30)"
2026-09-20T23:41:03.104599+00:00,0,30088.28,"HTTPConnectionPool(host='cheapest-alb-1599766835.us-east-1.elb.amazonaws.com', port=80): Read timed out. (read timeout=30)"
2026-09-20T23:41:03.116222+00:00,0,30076.86,"HTTPConnectionPool(host='cheapest-alb-1599766835.us-east-1.elb.amazonaws.com', port=80): Read timed out. (read timeout=30)"
2026-09-20T23:41:03.126707+00:00,0,30080.43,"HTTPConnectionPool(host='cheapest-alb-1599766835.us-east-1.elb.amazonaws.com', port=80): Read timed out. (read timeout=30)"
2026-09-20T23:41:03.137717+00:00,0,30093.41,"HTTPConnectionPool(host='cheapest-alb-1599766835.us-east-1.elb.amazonaws.com', port=80): Read timed out. (read timeout=30)"
2026-09-20T23:41:03.149082+00:00,0,30099.96,"HTTPConnectionPool(host='cheapest-alb-1599766835.us-east-1.elb.amazonaws.com', port=80): Read timed out. (read timeout=30)"
2026-09-20T23:41:03.160539+00:00,0,30088.83,"HTTPConnectionPool(host='cheapest-alb-1599766835.us-east-1.elb.amazonaws.com', port=80): Read timed out. (read timeout=30)"
2026-09-20T23:41:03.173249+00:00,0,30082.92,"HTTPConnectionPool(host='cheapest-alb-1599766835.us-east-1.elb.amazonaws.com', port=80): Read timed out. (read timeout=30)"
2026-09-20T23:41:03.182098+00:00,0,30097.79,"HTTPConnectionPool(host='cheapest-alb-1599766835.us-east-1.elb.amazonaws.com', port=80): Read timed out. (read timeout=30)"
2026-09-20T23:41:03.194360+00:00,0,30087.15,"HTTPConnectionPool(host='cheapest-alb-1599766835.us-east-1.elb.amazonaws.com', port=80): Read timed out. (read timeout=30)"
2026-09-20T23:41:03.205201+00:00,0,30090.56,"HTTPConnectionPool(host='cheapest-alb-1599766835.us-east-1.elb.amazonaws.com', port=80): Read timed out. (read timeout=30)"
2026-09-20T23:41:03.216103+00:00,0,30082.43,"HTTPConnectionPool(host='cheapest-alb-1599766835.us-east-1.elb.amazonaws.com', port=80): Read timed out. (read timeout=30)"
2026-09-20T23:41:03.237865+00:00,0,30091.21,"HTTPConnectionPool(host='cheapest-alb-1599766835.us-east-1.elb.amazonaws.com', port=80): Read timed out. (read timeout=30)"
2026-09-20T23:41:03.226662+00:00,0,30103.49,"HTTPConnectionPool(host='cheapest-alb-1599766835.us-east-1.elb.amazonaws.com', port=80): Read timed out. (read timeout=30)"
2026-09-20T23:41:03.249175+00:00,0,30095.27,"HTTPConnectionPool(host='cheapest-alb-1599766835.us-east-1.elb.amazonaws.com', port=80): Read timed out. (read timeout=30)"
2026-09-20T23:41:03.261239+00:00,0,30083.13,"HTTPConnectionPool(host='cheapest-alb-1599766835.us-east-1.elb.amazonaws.com', port=80): Read timed out. (read timeout=30)"
2026-09-20T23:41:03.272207+00:00,0,30087.54,"HTTPConnectionPool(host='cheapest-alb-1599766835.us-east-1.elb.amazonaws.com', port=80): Read timed out. (read timeout=30)"
2026-09-20T23:41:03.293672+00:00,0,30082.25,"HTTPConnectionPool(host='cheapest-alb-1599766835.us-east-1.elb.amazonaws.com', port=80): Read timed out. (read timeout=30)"
2026-09-20T23:41:03.283161+00:00,0,30094.6,"HTTPConnectionPool(host='cheapest-alb-1599766835.us-east-1.elb.amazonaws.com', port=80): Read timed out. (read timeout=30)"
2026-09-20T23:41:03.315777+00:00,0,30077.99,"HTTPConnectionPool(host='cheapest-alb-1599766835.us-east-1.elb.amazonaws.com', port=80): Read timed out. (read timeout=30)"
2026-09-20T23:41:03.304452+00:00,0,30089.71,"HTTPConnectionPool(host='cheapest-alb-1599766835.us-east-1.elb.amazonaws.com', port=80): Read timed out. (read timeout=30)"
2026-09-20T23:41:03.326578+00:00,0,30098.32,"HTTPConnectionPool(host='cheapest-alb-1599766835.us-east-1.elb.amazonaws.com', port=80): Read timed out. (read timeout=30)"
2026-09-20T23:41:03.339232+00:00,0,30103.19,"HTTPConnectionPool(host='cheapest-alb-1599766835.us-east-1.elb.amazonaws.com', port=80): Read timed out. (read timeout=30)"
2026-09-20T23:41:03.349724+00:00,0,30092.81,"HTTPConnectionPool(host='cheapest-alb-1599766835.us-east-1.elb.amazonaws.com', port=80): Read timed out. (read timeout=30)"
2026-09-20T23:41:03.371713+00:00,0,30092.15,"HTTPConnectionPool(host='cheapest-alb-1599766835.us-east-1.elb.amazonaws.com', port=80): Read timed out. (read timeout=30)"
2026-09-20T23:41:03.359642+00:00,0,30105.42,"HTTPConnectionPool(host='cheapest-alb-1599766835.us-east-1.elb.amazonaws.com', port=80): Read timed out. (read timeout=30)"
2026-09-20T23:41:03.393802+00:00,0,30088.38,"HTTPConnectionPool(host='cheapest-alb-1599766835.us-east-1.elb.amazonaws.com', port=80): Read timed out. (read timeout=30)"
2026-09-20T23:41:03.382712+00:00,0,30099.79,"HTTPConnectionPool(host='cheapest-alb-1599766835.us-east-1.elb.amazonaws.com', port=80): Read timed out. (read timeout=30)"
2026-09-20T23:41:03.405305+00:00,0,30092.86,"HTTPConnectionPool(host='cheapest-alb-1599766835.us-east-1.elb.amazonaws.com', port=80): Read timed out. (read timeout=30)"
2026-09-20T23:41:03.415688+00:00,0,30098.3,"HTTPConnectionPool(host='cheapest-alb-1599766835.us-east-1.elb.amazonaws.com', port=80): Read timed out. (read timeout=30)"
2026-09-20T23:41:03.426754+00:00,0,30086.13,"HTTPConnectionPool(host='cheapest-alb-1599766835.us-east-1.elb.amazonaws.com', port=80): Read timed out. (read timeout=30)"
2026-09-20T23:41:03.438691+00:00,0,30091.39,"HTTPConnectionPool(host='cheapest-alb-1599766835.us-east-1.elb.amazonaws.com', port=80): Read timed out. (read timeout=30)"
2026-09-20T23:41:03.460701+00:00,0,30084.42,"HTTPConnectionPool(host='cheapest-alb-1599766835.us-east-1.elb.amazonaws.com', port=80): Read timed out. (read timeout=30)"
2026-09-20T23:41:03.448953+00:00,0,30097.15,"HTTPConnectionPool(host='cheapest-alb-1599766835.us-east-1.elb.amazonaws.com', port=80): Read timed out. (read timeout=30)"
2026-09-20T23:41:03.482056+00:00,0,30081.94,"HTTPConnectionPool(host='cheapest-alb-1599766835.us-east-1.elb.amazonaws.com', port=80): Read timed out. (read timeout=30)"
2026-09-20T23:41:03.471805+00:00,0,30091.68,"HTTPConnectionPool(host='cheapest-alb-1599766835.us-east-1.elb.amazonaws.com', port=80): Read timed out. (read timeout=30)"
2026-09-20T23:41:03.493361+00:00,0,30084.8,"HTTPConnectionPool(host='cheapest-alb-1599766835.us-east-1.elb.amazonaws.com', port=80): Read timed out. (read timeout=30)"
2026-09-20T23:41:03.504893+00:00,0,30104.08,"HTTPConnectionPool(host='cheapest-alb-1599766835.us-east-1.elb.amazonaws.com', port=80): Read timed out. (read timeout=30)"
2026-09-20T23:41:03.517002+00:00,0,30093.04,"HTTPConnectionPool(host='cheapest-alb-1599766835.us-east-1.elb.amazonaws.com', port=80): Read timed out. (read timeout=30)"
2026-09-20T23:41:03.528483+00:00,0,30096.71,"HTTPConnectionPool(host='cheapest-alb-1599766835.us-east-1.elb.amazonaws.com', port=80): Read timed out. (read timeout=30)"
2026-09-20T23:41:03.560344+00:00,0,30081.77,"HTTPConnectionPool(host='cheapest-alb-1599766835.us-east-1.elb.amazonaws.com', port=80): Read timed out. (read timeout=30)"
2026-09-20T23:41:03.538142+00:00,0,30118.96,"HTTPConnectionPool(host='cheapest-alb-1599766835.us-east-1.elb.amazonaws.com', port=80): Read timed out. (read timeout=30)"
2026-09-20T23:41:03.548837+00:00,0,30108.68,"HTTPConnectionPool(host='cheapest-alb-1599766835.us-east-1.elb.amazonaws.com', port=80): Read timed out. (read timeout=30)"
2026-09-20T23:41:03.571104+00:00,0,30087.28,"HTTPConnectionPool(host='cheapest-alb-1599766835.us-east-1.elb.amazonaws.com', port=80): Read timed out. (read timeout=30)"
2026-09-20T23:41:03.582881+00:00,0,30081.83,"HTTPConnectionPool(host='cheapest-alb-1599766835.us-east-1.elb.amazonaws.com', port=80): Read timed out. (read timeout=30)"
2026-09-20T23:41:03.594598+00:00,0,30086.77,"HTTPConnectionPool(host='cheapest-alb-1599766835.us-east-1.elb.amazonaws.com', port=80): Read timed out. (read timeout=30)"
2026-09-20T23:41:03.604594+00:00,0,30093.46,"HTTPConnectionPool(host='cheapest-alb-1599766835.us-east-1.elb.amazonaws.com', port=80): Read timed out. (read timeout=30)"
2026-09-20T23:41:03.616089+00:00,0,30096.35,"HTTPConnectionPool(host='cheapest-alb-1599766835.us-east-1.elb.amazonaws.com', port=80): Read timed out. (read timeout=30)"
2026-09-20T23:41:03.650136+00:00,0,30079.59,"HTTPConnectionPool(host='cheapest-alb-1599766835.us-east-1.elb.amazonaws.com', port=80): Read timed out. (read timeout=30)"
2026-09-20T23:41:03.638983+00:00,0,30090.97,"HTTPConnectionPool(host='cheapest-alb-1599766835.us-east-1.elb.amazonaws.com', port=80): Read timed out. (read timeout=30)"
2026-09-20T23:41:03.626952+00:00,0,30117.27,"HTTPConnectionPool(host='cheapest-alb-1599766835.us-east-1.elb.amazonaws.com', port=80): Read timed out. (read timeout=30)"
2026-09-20T23:41:03.660578+00:00,0,30085.52,"HTTPConnectionPool(host='cheapest-alb-1599766835.us-east-1.elb.amazonaws.com', port=80): Read timed out. (read timeout=30)"
2026-09-20T23:41:03.672297+00:00,0,30088.42,"HTTPConnectionPool(host='cheapest-alb-1599766835.us-east-1.elb.amazonaws.com', port=80): Read timed out. (read timeout=30)"
2026-09-20T23:41:03.693928+00:00,0,30084.61,"HTTPConnectionPool(host='cheapest-alb-1599766835.us-east-1.elb.amazonaws.com', port=80): Read timed out. (read timeout=30)"
2026-09-20T23:41:03.682181+00:00,0,30095.62,"HTTPConnectionPool(host='cheapest-alb-1599766835.us-east-1.elb.amazonaws.com', port=80): Read timed out. (read timeout=30)"
2026-09-20T23:41:03.705710+00:00,0,30087.48,"HTTPConnectionPool(host='cheapest-alb-1599766835.us-east-1.elb.amazonaws.com', port=80): Read timed out. (read timeout=30)"
2026-09-20T23:41:03.727729+00:00,0,30082.25,"HTTPConnectionPool(host='cheapest-alb-1599766835.us-east-1.elb.amazonaws.com', port=80): Read timed out. (read timeout=30)"
2026-09-20T23:41:03.717100+00:00,0,30108.86,"HTTPConnectionPool(host='cheapest-alb-1599766835.us-east-1.elb.amazonaws.com', port=80): Read timed out. (read timeout=30)"
2026-09-20T23:41:03.737465+00:00,0,30084.87,"HTTPConnectionPool(host='cheapest-alb-1599766835.us-east-1.elb.amazonaws.com', port=80): Read timed out. (read timeout=30)"
2026-09-20T23:41:03.759397+00:00,0,30097.04,"HTTPConnectionPool(host='cheapest-alb-1599766835.us-east-1.elb.amazonaws.com', port=80): Read timed out. (read timeout=30)"
2026-09-20T23:41:03.782514+00:00,0,30075.66,"HTTPConnectionPool(host='cheapest-alb-1599766835.us-east-1.elb.amazonaws.com', port=80): Read timed out. (read timeout=30)"
2026-09-20T23:41:03.748874+00:00,0,30108.08,"HTTPConnectionPool(host='cheapest-alb-1599766835.us-east-1.elb.amazonaws.com', port=80): Read timed out. (read timeout=30)"
2026-09-20T23:41:03.771164+00:00,0,30094.18,"HTTPConnectionPool(host='cheapest-alb-1599766835.us-east-1.elb.amazonaws.com', port=80): Read timed out. (read timeout=30)"
2026-09-20T23:41:03.794027+00:00,0,30087.43,"HTTPConnectionPool(host='cheapest-alb-1599766835.us-east-1.elb.amazonaws.com', port=80): Read timed out. (read timeout=30)"
2026-09-20T23:41:03.805013+00:00,0,30092.11,"HTTPConnectionPool(host='cheapest-alb-1599766835.us-east-1.elb.amazonaws.com', port=80): Read timed out. (read timeout=30)"
2026-09-20T23:41:03.827921+00:00,0,30084.42,"HTTPConnectionPool(host='cheapest-alb-1599766835.us-east-1.elb.amazonaws.com', port=80): Read timed out. (read timeout=30)"
2026-09-20T23:41:03.815754+00:00,0,30096.56,"HTTPConnectionPool(host='cheapest-alb-1599766835.us-east-1.elb.amazonaws.com', port=80): Read timed out. (read timeout=30)"
2026-09-20T23:41:03.848547+00:00,0,30079.35,"HTTPConnectionPool(host='cheapest-alb-1599766835.us-east-1.elb.amazonaws.com', port=80): Read timed out. (read timeout=30)"
2026-09-20T23:41:03.837410+00:00,0,30090.96,"HTTPConnectionPool(host='cheapest-alb-1599766835.us-east-1.elb.amazonaws.com', port=80): Read timed out. (read timeout=30)"
2026-09-20T23:41:03.861763+00:00,0,30082.44,"HTTPConnectionPool(host='cheapest-alb-1599766835.us-east-1.elb.amazonaws.com', port=80): Read timed out. (read timeout=30)"
2026-09-20T23:41:03.870936+00:00,0,30089.61,"HTTPConnectionPool(host='cheapest-alb-1599766835.us-east-1.elb.amazonaws.com', port=80): Read timed out. (read timeout=30)"
2026-09-20T23:41:03.904839+00:00,0,30090.76,"HTTPConnectionPool(host='cheapest-alb-1599766835.us-east-1.elb.amazonaws.com', port=80): Read timed out. (read timeout=30)"
2026-09-20T23:41:03.894257+00:00,0,30101.7,"HTTPConnectionPool(host='cheapest-alb-1599766835.us-east-1.elb.amazonaws.com', port=80): Read timed out. (read timeout=30)"
2026-09-20T23:41:03.882321+00:00,0,30113.59,"HTTPConnectionPool(host='cheapest-alb-1599766835.us-east-1.elb.amazonaws.com', port=80): Read timed out. (read timeout=30)"
2026-09-20T23:41:03.916780+00:00,0,30091.64,"HTTPConnectionPool(host='cheapest-alb-1599766835.us-east-1.elb.amazonaws.com', port=80): Read timed out. (read timeout=30)"
2026-09-20T23:41:03.937491+00:00,0,30094.43,"HTTPConnectionPool(host='cheapest-alb-1599766835.us-east-1.elb.amazonaws.com', port=80): Read timed out. (read timeout=30)"
2026-09-20T23:41:03.926536+00:00,0,30104.05,"HTTPConnectionPool(host='cheapest-alb-1599766835.us-east-1.elb.amazonaws.com', port=80): Read timed out. (read timeout=30)"
2026-09-20T23:41:03.949520+00:00,0,30098.75,"HTTPConnectionPool(host='cheapest-alb-1599766835.us-east-1.elb.amazonaws.com', port=80): Read timed out. (read timeout=30)"
2026-09-20T23:41:03.959731+00:00,0,30087.17,"HTTPConnectionPool(host='cheapest-alb-1599766835.us-east-1.elb.amazonaws.com', port=80): Read timed out. (read timeout=30)"
2026-09-20T23:41:03.971228+00:00,0,30091.34,"HTTPConnectionPool(host='cheapest-alb-1599766835.us-east-1.elb.amazonaws.com', port=80): Read timed out. (read timeout=30)"
2026-09-20T23:41:03.982915+00:00,0,30080.11,"HTTPConnectionPool(host='cheapest-alb-1599766835.us-east-1.elb.amazonaws.com', port=80): Read timed out. (read timeout=30)"
2026-09-20T23:41:03.993684+00:00,0,30101.35,"HTTPConnectionPool(host='cheapest-alb-1599766835.us-east-1.elb.amazonaws.com', port=80): Read timed out. (read timeout=30)"
2026-09-20T23:41:04.015831+00:00,0,30080.59,"HTTPConnectionPool(host='cheapest-alb-1599766835.us-east-1.elb.amazonaws.com', port=80): Read timed out. (read timeout=30)"
2026-09-20T23:41:04.005423+00:00,0,30090.17,"HTTPConnectionPool(host='cheapest-alb-1599766835.us-east-1.elb.amazonaws.com', port=80): Read timed out. (read timeout=30)"
2026-09-20T23:41:04.027998+00:00,0,30083.28,"HTTPConnectionPool(host='cheapest-alb-1599766835.us-east-1.elb.amazonaws.com', port=80): Read timed out. (read timeout=30)"
2026-09-20T23:41:04.038327+00:00,0,30088.47,"HTTPConnectionPool(host='cheapest-alb-1599766835.us-east-1.elb.amazonaws.com', port=80): Read timed out. (read timeout=30)"
2026-09-20T23:41:04.050087+00:00,0,30092.58,"HTTPConnectionPool(host='cheapest-alb-1599766835.us-east-1.elb.amazonaws.com', port=80): Read timed out. (read timeout=30)"
2026-09-20T23:41:04.061305+00:00,0,30098.77,"HTTPConnectionPool(host='cheapest-alb-1599766835.us-east-1.elb.amazonaws.com', port=80): Read timed out. (read timeout=30)"
2026-09-20T23:41:04.071175+00:00,0,30088.4,"HTTPConnectionPool(host='cheapest-alb-1599766835.us-east-1.elb.amazonaws.com', port=80): Read timed out. (read timeout=30)"
2026-09-20T23:41:04.093111+00:00,0,30081.62,"HTTPConnectionPool(host='cheapest-alb-1599766835.us-east-1.elb.amazonaws.com', port=80): Read timed out. (read timeout=30)"
2026-09-20T23:41:04.104998+00:00,0,30086.77,"HTTPConnectionPool(host='cheapest-alb-1599766835.us-east-1.elb.amazonaws.com', port=80): Read timed out. (read timeout=30)"
2026-09-20T23:41:04.082079+00:00,0,30109.89,"HTTPConnectionPool(host='cheapest-alb-1599766835.us-east-1.elb.amazonaws.com', port=80): Read timed out. (read timeout=30)"
2026-09-20T23:41:04.115421+00:00,0,30090.58,"HTTPConnectionPool(host='cheapest-alb-1599766835.us-east-1.elb.amazonaws.com', port=80): Read timed out. (read timeout=30)"
2026-09-20T23:41:04.149516+00:00,0,30081.84,"HTTPConnectionPool(host='cheapest-alb-1599766835.us-east-1.elb.amazonaws.com', port=80): Read timed out. (read timeout=30)"
2026-09-20T23:41:04.137878+00:00,0,30093.71,"HTTPConnectionPool(host='cheapest-alb-1599766835.us-east-1.elb.amazonaws.com', port=80): Read timed out. (read timeout=30)"
2026-09-20T23:41:04.127812+00:00,0,30102.82,"HTTPConnectionPool(host='cheapest-alb-1599766835.us-east-1.elb.amazonaws.com', port=80): Read timed out. (read timeout=30)"
2026-09-20T23:41:04.172132+00:00,0,30084.28,"HTTPConnectionPool(host='cheapest-alb-1599766835.us-east-1.elb.amazonaws.com', port=80): Read timed out. (read timeout=30)"
2026-09-20T23:41:04.159971+00:00,0,30104.06,"HTTPConnectionPool(host='cheapest-alb-1599766835.us-east-1.elb.amazonaws.com', port=80): Read timed out. (read timeout=30)"
2026-09-20T23:41:04.182198+00:00,0,30099.77,"HTTPConnectionPool(host='cheapest-alb-1599766835.us-east-1.elb.amazonaws.com', port=80): Read timed out. (read timeout=30)"
2026-09-20T23:41:04.216260+00:00,0,30082.6,"HTTPConnectionPool(host='cheapest-alb-1599766835.us-east-1.elb.amazonaws.com', port=80): Read timed out. (read timeout=30)"
2026-09-20T23:41:04.205573+00:00,0,30092.14,"HTTPConnectionPool(host='cheapest-alb-1599766835.us-east-1.elb.amazonaws.com', port=80): Read timed out. (read timeout=30)"
2026-09-20T23:41:04.194657+00:00,0,30104.83,"HTTPConnectionPool(host='cheapest-alb-1599766835.us-east-1.elb.amazonaws.com', port=80): Read timed out. (read timeout=30)"
2026-09-20T23:41:04.226593+00:00,0,30100.09,"HTTPConnectionPool(host='cheapest-alb-1599766835.us-east-1.elb.amazonaws.com', port=80): Read timed out. (read timeout=30)"
2026-09-20T23:41:04.250165+00:00,0,30095.43,"HTTPConnectionPool(host='cheapest-alb-1599766835.us-east-1.elb.amazonaws.com', port=80): Read timed out. (read timeout=30)"
2026-09-20T23:41:04.238329+00:00,0,30107.32,"HTTPConnectionPool(host='cheapest-alb-1599766835.us-east-1.elb.amazonaws.com', port=80): Read timed out. (read timeout=30)"
2026-09-20T23:41:04.282479+00:00,0,30078.14,"HTTPConnectionPool(host='cheapest-alb-1599766835.us-east-1.elb.amazonaws.com', port=80): Read timed out. (read timeout=30)"
2026-09-20T23:41:04.261078+00:00,0,30101.18,"HTTPConnectionPool(host='cheapest-alb-1599766835.us-east-1.elb.amazonaws.com', port=80): Read timed out. (read timeout=30)"
2026-09-20T23:41:04.271016+00:00,0,30090.39,"HTTPConnectionPool(host='cheapest-alb-1599766835.us-east-1.elb.amazonaws.com', port=80): Read timed out. (read timeout=30)"
2026-09-20T23:41:04.293581+00:00,0,30083.3,"HTTPConnectionPool(host='cheapest-alb-1599766835.us-east-1.elb.amazonaws.com', port=80): Read timed out. (read timeout=30)"
2026-09-20T23:41:04.314662+00:00,0,30076.87,"HTTPConnectionPool(host='cheapest-alb-1599766835.us-east-1.elb.amazonaws.com', port=80): Read timed out. (read timeout=30)"
2026-09-20T23:41:04.306073+00:00,0,30088.19,"HTTPConnectionPool(host='cheapest-alb-1599766835.us-east-1.elb.amazonaws.com', port=80): Read timed out. (read timeout=30)"
2026-09-20T23:41:04.327697+00:00,0,30081.46,"HTTPConnectionPool(host='cheapest-alb-1599766835.us-east-1.elb.amazonaws.com', port=80): Read timed out. (read timeout=30)"
2026-09-20T23:41:04.337786+00:00,0,30090.74,"HTTPConnectionPool(host='cheapest-alb-1599766835.us-east-1.elb.amazonaws.com', port=80): Read timed out. (read timeout=30)"
2026-09-20T23:41:04.360898+00:00,0,30080.69,"HTTPConnectionPool(host='cheapest-alb-1599766835.us-east-1.elb.amazonaws.com', port=80): Read timed out. (read timeout=30)"
2026-09-20T23:41:04.371642+00:00,0,30077.92,"HTTPConnectionPool(host='cheapest-alb-1599766835.us-east-1.elb.amazonaws.com', port=80): Read timed out. (read timeout=30)"
2026-09-20T23:41:04.349051+00:00,0,30100.8,"HTTPConnectionPool(host='cheapest-alb-1599766835.us-east-1.elb.amazonaws.com', port=80): Read timed out. (read timeout=30)"
2026-09-20T23:41:04.382155+00:00,0,30099.87,"HTTPConnectionPool(host='cheapest-alb-1599766835.us-east-1.elb.amazonaws.com', port=80): Read timed out. (read timeout=30)"
2026-09-20T23:41:04.398113+00:00,0,30083.98,"HTTPConnectionPool(host='cheapest-alb-1599766835.us-east-1.elb.amazonaws.com', port=80): Read timed out. (read timeout=30)"
2026-09-20T23:41:04.404261+00:00,0,30094.23,"HTTPConnectionPool(host='cheapest-alb-1599766835.us-east-1.elb.amazonaws.com', port=80): Read timed out. (read timeout=30)"
2026-09-20T23:41:04.416110+00:00,0,30082.58,"HTTPConnectionPool(host='cheapest-alb-1599766835.us-east-1.elb.amazonaws.com', port=80): Read timed out. (read timeout=30)"
2026-09-20T23:41:04.427696+00:00,0,30085.32,"HTTPConnectionPool(host='cheapest-alb-1599766835.us-east-1.elb.amazonaws.com', port=80): Read timed out. (read timeout=30)"
2026-09-20T23:41:04.439205+00:00,0,30089.88,"HTTPConnectionPool(host='cheapest-alb-1599766835.us-east-1.elb.amazonaws.com', port=80): Read timed out. (read timeout=30)"
2026-09-20T23:41:04.449521+00:00,0,30095.17,"HTTPConnectionPool(host='cheapest-alb-1599766835.us-east-1.elb.amazonaws.com', port=80): Read timed out. (read timeout=30)"
2026-09-20T23:41:04.459762+00:00,0,30100.89,"HTTPConnectionPool(host='cheapest-alb-1599766835.us-east-1.elb.amazonaws.com', port=80): Read timed out. (read timeout=30)"
2026-09-20T23:41:04.481877+00:00,0,30078.67,"HTTPConnectionPool(host='cheapest-alb-1599766835.us-east-1.elb.amazonaws.com', port=80): Read timed out. (read timeout=30)"
2026-09-20T23:41:04.470739+00:00,0,30090.59,"HTTPConnectionPool(host='cheapest-alb-1599766835.us-east-1.elb.amazonaws.com', port=80): Read timed out. (read timeout=30)"
2026-09-20T23:41:04.493311+00:00,0,30083.82,"HTTPConnectionPool(host='cheapest-alb-1599766835.us-east-1.elb.amazonaws.com', port=80): Read timed out. (read timeout=30)"
2026-09-20T23:41:04.527070+00:00,0,30083.04,"HTTPConnectionPool(host='cheapest-alb-1599766835.us-east-1.elb.amazonaws.com', port=80): Read timed out. (read timeout=30)"
2026-09-20T23:41:04.505146+00:00,0,30105.07,"HTTPConnectionPool(host='cheapest-alb-1599766835.us-east-1.elb.amazonaws.com', port=80): Read timed out. (read timeout=30)"
2026-09-20T23:41:04.515333+00:00,0,30110.71,"HTTPConnectionPool(host='cheapest-alb-1599766835.us-east-1.elb.amazonaws.com', port=80): Read timed out. (read timeout=30)"
2026-09-20T23:41:04.538255+00:00,0,30086.33,"HTTPConnectionPool(host='cheapest-alb-1599766835.us-east-1.elb.amazonaws.com', port=80): Read timed out. (read timeout=30)"
2026-09-20T23:41:04.550331+00:00,0,30092.07,"HTTPConnectionPool(host='cheapest-alb-1599766835.us-east-1.elb.amazonaws.com', port=80): Read timed out. (read timeout=30)"
2026-09-20T23:41:04.572147+00:00,0,30085.97,"HTTPConnectionPool(host='cheapest-alb-1599766835.us-east-1.elb.amazonaws.com', port=80): Read timed out. (read timeout=30)"
2026-09-20T23:41:04.558890+00:00,0,30113.7,"HTTPConnectionPool(host='cheapest-alb-1599766835.us-east-1.elb.amazonaws.com', port=80): Read timed out. (read timeout=30)"
2026-09-20T23:41:04.582171+00:00,0,30090.72,"HTTPConnectionPool(host='cheapest-alb-1599766835.us-east-1.elb.amazonaws.com', port=80): Read timed out. (read timeout=30)"
2026-09-20T23:41:04.593827+00:00,0,30087.3,"HTTPConnectionPool(host='cheapest-alb-1599766835.us-east-1.elb.amazonaws.com', port=80): Read timed out. (read timeout=30)"
2026-09-20T23:41:04.604839+00:00,0,30093.92,"HTTPConnectionPool(host='cheapest-alb-1599766835.us-east-1.elb.amazonaws.com', port=80): Read timed out. (read timeout=30)"
2026-09-20T23:41:04.615715+00:00,0,30098.74,"HTTPConnectionPool(host='cheapest-alb-1599766835.us-east-1.elb.amazonaws.com', port=80): Read timed out. (read timeout=30)"
2026-09-20T23:41:04.626527+00:00,0,30087.05,"HTTPConnectionPool(host='cheapest-alb-1599766835.us-east-1.elb.amazonaws.com', port=80): Read timed out. (read timeout=30)"
2026-09-20T23:41:04.648883+00:00,0,30080.29,"HTTPConnectionPool(host='cheapest-alb-1599766835.us-east-1.elb.amazonaws.com', port=80): Read timed out. (read timeout=30)"
2026-09-20T23:41:04.638446+00:00,0,30092.48,"HTTPConnectionPool(host='cheapest-alb-1599766835.us-east-1.elb.amazonaws.com', port=80): Read timed out. (read timeout=30)"
2026-09-20T23:41:04.660161+00:00,0,30085.37,"HTTPConnectionPool(host='cheapest-alb-1599766835.us-east-1.elb.amazonaws.com', port=80): Read timed out. (read timeout=30)"
2026-09-20T23:41:04.671035+00:00,0,30106.13,"HTTPConnectionPool(host='cheapest-alb-1599766835.us-east-1.elb.amazonaws.com', port=80): Read timed out. (read timeout=30)"
2026-09-20T23:41:04.694194+00:00,0,30100.72,"HTTPConnectionPool(host='cheapest-alb-1599766835.us-east-1.elb.amazonaws.com', port=80): Read timed out. (read timeout=30)"
2026-09-20T23:41:04.682379+00:00,0,30112.63,"HTTPConnectionPool(host='cheapest-alb-1599766835.us-east-1.elb.amazonaws.com', port=80): Read timed out. (read timeout=30)"
2026-09-20T23:41:04.715559+00:00,0,30079.55,"HTTPConnectionPool(host='cheapest-alb-1599766835.us-east-1.elb.amazonaws.com', port=80): Read timed out. (read timeout=30)"
2026-09-20T23:41:04.726962+00:00,0,30083.51,"HTTPConnectionPool(host='cheapest-alb-1599766835.us-east-1.elb.amazonaws.com', port=80): Read timed out. (read timeout=30)"
2026-09-20T23:41:04.705209+00:00,0,30121.6,"HTTPConnectionPool(host='cheapest-alb-1599766835.us-east-1.elb.amazonaws.com', port=80): Read timed out. (read timeout=30)"
2026-09-20T23:41:04.738232+00:00,0,30087.16,"HTTPConnectionPool(host='cheapest-alb-1599766835.us-east-1.elb.amazonaws.com', port=80): Read timed out. (read timeout=30)"
2026-09-20T23:41:04.749291+00:00,0,30092.83,"HTTPConnectionPool(host='cheapest-alb-1599766835.us-east-1.elb.amazonaws.com', port=80): Read timed out. (read timeout=30)"
2026-09-20T23:41:04.760200+00:00,0,30099.52,"HTTPConnectionPool(host='cheapest-alb-1599766835.us-east-1.elb.amazonaws.com', port=80): Read timed out. (read timeout=30)"
2026-09-20T23:41:04.770930+00:00,0,30089.22,"HTTPConnectionPool(host='cheapest-alb-1599766835.us-east-1.elb.amazonaws.com', port=80): Read timed out. (read timeout=30)"
2026-09-20T23:41:04.784309+00:00,0,30089.65,"HTTPConnectionPool(host='cheapest-alb-1599766835.us-east-1.elb.amazonaws.com', port=80): Read timed out. (read timeout=30)"
2026-09-20T23:41:04.792983+00:00,0,30089.49,"HTTPConnectionPool(host='cheapest-alb-1599766835.us-east-1.elb.amazonaws.com', port=80): Read timed out. (read timeout=30)"
2026-09-20T23:41:04.805127+00:00,0,30077.53,"HTTPConnectionPool(host='cheapest-alb-1599766835.us-east-1.elb.amazonaws.com', port=80): Read timed out. (read timeout=30)"
2026-09-20T23:41:04.815735+00:00,0,30097.31,"HTTPConnectionPool(host='cheapest-alb-1599766835.us-east-1.elb.amazonaws.com', port=80): Read timed out. (read timeout=30)"
2026-09-20T23:41:04.827422+00:00,0,30086.24,"HTTPConnectionPool(host='cheapest-alb-1599766835.us-east-1.elb.amazonaws.com', port=80): Read timed out. (read timeout=30)"
2026-09-20T23:41:04.838562+00:00,0,30089.96,"HTTPConnectionPool(host='cheapest-alb-1599766835.us-east-1.elb.amazonaws.com', port=80): Read timed out. (read timeout=30)"
2026-09-20T23:41:04.861062+00:00,0,30085.38,"HTTPConnectionPool(host='cheapest-alb-1599766835.us-east-1.elb.amazonaws.com', port=80): Read timed out. (read timeout=30)"
2026-09-20T23:41:04.849550+00:00,0,30096.99,"HTTPConnectionPool(host='cheapest-alb-1599766835.us-east-1.elb.amazonaws.com', port=80): Read timed out. (read timeout=30)"
2026-09-20T23:41:04.870744+00:00,0,30091.38,"HTTPConnectionPool(host='cheapest-alb-1599766835.us-east-1.elb.amazonaws.com', port=80): Read timed out. (read timeout=30)"
2026-09-20T23:41:04.882495+00:00,0,30080.08,"HTTPConnectionPool(host='cheapest-alb-1599766835.us-east-1.elb.amazonaws.com', port=80): Read timed out. (read timeout=30)"
2026-09-20T23:41:04.893456+00:00,0,30100.74,"HTTPConnectionPool(host='cheapest-alb-1599766835.us-east-1.elb.amazonaws.com', port=80): Read timed out. (read timeout=30)"
2026-09-20T23:41:04.915477+00:00,0,30094.03,"HTTPConnectionPool(host='cheapest-alb-1599766835.us-east-1.elb.amazonaws.com', port=80): Read timed out. (read timeout=30)"
2026-09-20T23:41:04.929181+00:00,0,30081.33,"HTTPConnectionPool(host='cheapest-alb-1599766835.us-east-1.elb.amazonaws.com', port=80): Read timed out. (read timeout=30)"
2026-09-20T23:41:04.904960+00:00,0,30105.75,"HTTPConnectionPool(host='cheapest-alb-1599766835.us-east-1.elb.amazonaws.com', port=80): Read timed out. (read timeout=30)"
2026-09-20T23:41:04.949976+00:00,0,30092.01,"HTTPConnectionPool(host='cheapest-alb-1599766835.us-east-1.elb.amazonaws.com', port=80): Read timed out. (read timeout=30)"
2026-09-20T23:41:04.938652+00:00,0,30103.89,"HTTPConnectionPool(host='cheapest-alb-1599766835.us-east-1.elb.amazonaws.com', port=80): Read timed out. (read timeout=30)"
2026-09-20T23:41:04.959742+00:00,0,30081.75,"HTTPConnectionPool(host='cheapest-alb-1599766835.us-east-1.elb.amazonaws.com', port=80): Read timed out. (read timeout=30)"
2026-09-20T23:41:04.972468+00:00,0,30084.37,"HTTPConnectionPool(host='cheapest-alb-1599766835.us-east-1.elb.amazonaws.com', port=80): Read timed out. (read timeout=30)"
2026-09-20T23:41:04.984650+00:00,0,30096.36,"HTTPConnectionPool(host='cheapest-alb-1599766835.us-east-1.elb.amazonaws.com', port=80): Read timed out. (read timeout=30)"
2026-09-20T23:41:04.994366+00:00,0,30087.3,"HTTPConnectionPool(host='cheapest-alb-1599766835.us-east-1.elb.amazonaws.com', port=80): Read timed out. (read timeout=30)"
2026-09-20T23:41:05.007232+00:00,0,30089.31,"HTTPConnectionPool(host='cheapest-alb-1599766835.us-east-1.elb.amazonaws.com', port=80): Read timed out. (read timeout=30)"
2026-09-20T23:41:05.016254+00:00,0,30095.73,"HTTPConnectionPool(host='cheapest-alb-1599766835.us-east-1.elb.amazonaws.com', port=80): Read timed out. (read timeout=30)"
2026-09-20T23:41:05.038530+00:00,0,30089.53,"HTTPConnectionPool(host='cheapest-alb-1599766835.us-east-1.elb.amazonaws.com', port=80): Read timed out. (read timeout=30)"
2026-09-20T23:41:05.027855+00:00,0,30100.29,"HTTPConnectionPool(host='cheapest-alb-1599766835.us-east-1.elb.amazonaws.com', port=80): Read timed out. (read timeout=30)"
2026-09-20T23:41:05.049975+00:00,0,30094.1,"HTTPConnectionPool(host='cheapest-alb-1599766835.us-east-1.elb.amazonaws.com', port=80): Read timed out. (read timeout=30)"
2026-09-20T23:41:05.062664+00:00,0,30081.74,"HTTPConnectionPool(host='cheapest-alb-1599766835.us-east-1.elb.amazonaws.com', port=80): Read timed out. (read timeout=30)"
2026-09-20T23:41:05.072118+00:00,0,30104.85,"HTTPConnectionPool(host='cheapest-alb-1599766835.us-east-1.elb.amazonaws.com', port=80): Read timed out. (read timeout=30)"
2026-09-20T23:41:05.082925+00:00,0,30109.94,"HTTPConnectionPool(host='cheapest-alb-1599766835.us-east-1.elb.amazonaws.com', port=80): Read timed out. (read timeout=30)"
2026-09-20T23:41:05.105181+00:00,0,30102.43,"HTTPConnectionPool(host='cheapest-alb-1599766835.us-east-1.elb.amazonaws.com', port=80): Read timed out. (read timeout=30)"
2026-09-20T23:41:05.093582+00:00,0,30113.48,"HTTPConnectionPool(host='cheapest-alb-1599766835.us-east-1.elb.amazonaws.com', port=80): Read timed out. (read timeout=30)"
2026-09-20T23:41:05.137974+00:00,0,30085.64,"HTTPConnectionPool(host='cheapest-alb-1599766835.us-east-1.elb.amazonaws.com', port=80): Read timed out. (read timeout=30)"
2026-09-20T23:41:05.115536+00:00,0,30108.6,"HTTPConnectionPool(host='cheapest-alb-1599766835.us-east-1.elb.amazonaws.com', port=80): Read timed out. (read timeout=30)"
2026-09-20T23:41:05.127703+00:00,0,30105.89,"HTTPConnectionPool(host='cheapest-alb-1599766835.us-east-1.elb.amazonaws.com', port=80): Read timed out. (read timeout=30)"
2026-09-20T23:41:05.150018+00:00,0,30098.23,"HTTPConnectionPool(host='cheapest-alb-1599766835.us-east-1.elb.amazonaws.com', port=80): Read timed out. (read timeout=30)"
2026-09-20T23:41:05.161056+00:00,0,30095.65,"HTTPConnectionPool(host='cheapest-alb-1599766835.us-east-1.elb.amazonaws.com', port=80): Read timed out. (read timeout=30)"
2026-09-20T23:41:05.181814+00:00,0,30083.88,"HTTPConnectionPool(host='cheapest-alb-1599766835.us-east-1.elb.amazonaws.com', port=80): Read timed out. (read timeout=30)"
2026-09-20T23:41:05.172186+00:00,0,30093.89,"HTTPConnectionPool(host='cheapest-alb-1599766835.us-east-1.elb.amazonaws.com', port=80): Read timed out. (read timeout=30)"
2026-09-20T23:41:05.194768+00:00,0,30091.07,"HTTPConnectionPool(host='cheapest-alb-1599766835.us-east-1.elb.amazonaws.com', port=80): Read timed out. (read timeout=30)"
2026-09-20T23:41:05.204192+00:00,0,30081.15,"HTTPConnectionPool(host='cheapest-alb-1599766835.us-east-1.elb.amazonaws.com', port=80): Read timed out. (read timeout=30)"
2026-09-20T23:41:05.215886+00:00,0,30082.05,"HTTPConnectionPool(host='cheapest-alb-1599766835.us-east-1.elb.amazonaws.com', port=80): Read timed out. (read timeout=30)"
2026-09-20T23:41:05.227895+00:00,0,30084.51,"HTTPConnectionPool(host='cheapest-alb-1599766835.us-east-1.elb.amazonaws.com', port=80): Read timed out. (read timeout=30)"
2026-09-20T23:41:05.238389+00:00,0,30089.57,"HTTPConnectionPool(host='cheapest-alb-1599766835.us-east-1.elb.amazonaws.com', port=80): Read timed out. (read timeout=30)"
2026-09-20T23:41:05.250029+00:00,0,30094.37,"HTTPConnectionPool(host='cheapest-alb-1599766835.us-east-1.elb.amazonaws.com', port=80): Read timed out. (read timeout=30)"
2026-09-20T23:41:05.271348+00:00,0,30090.49,"HTTPConnectionPool(host='cheapest-alb-1599766835.us-east-1.elb.amazonaws.com', port=80): Read timed out. (read timeout=30)"
2026-09-20T23:41:05.261637+00:00,0,30114.89,"HTTPConnectionPool(host='cheapest-alb-1599766835.us-east-1.elb.amazonaws.com', port=80): Read timed out. (read timeout=30)"
2026-09-20T23:41:05.283491+00:00,0,30094.52,"HTTPConnectionPool(host='cheapest-alb-1599766835.us-east-1.elb.amazonaws.com', port=80): Read timed out. (read timeout=30)"
2026-09-20T23:41:05.305338+00:00,0,30088.65,"HTTPConnectionPool(host='cheapest-alb-1599766835.us-east-1.elb.amazonaws.com', port=80): Read timed out. (read timeout=30)"
2026-09-20T23:41:05.294984+00:00,0,30099.24,"HTTPConnectionPool(host='cheapest-alb-1599766835.us-east-1.elb.amazonaws.com', port=80): Read timed out. (read timeout=30)"
2026-09-20T23:41:05.315388+00:00,0,30094.3,"HTTPConnectionPool(host='cheapest-alb-1599766835.us-east-1.elb.amazonaws.com', port=80): Read timed out. (read timeout=30)"
2026-09-20T23:41:05.349068+00:00,0,30076.42,"HTTPConnectionPool(host='cheapest-alb-1599766835.us-east-1.elb.amazonaws.com', port=80): Read timed out. (read timeout=30)"
2026-09-20T23:41:05.338303+00:00,0,30085.23,"HTTPConnectionPool(host='cheapest-alb-1599766835.us-east-1.elb.amazonaws.com', port=80): Read timed out. (read timeout=30)"
2026-09-20T23:41:05.327668+00:00,0,30113.08,"HTTPConnectionPool(host='cheapest-alb-1599766835.us-east-1.elb.amazonaws.com', port=80): Read timed out. (read timeout=30)"
2026-09-20T23:41:05.361164+00:00,0,30102.05,"HTTPConnectionPool(host='cheapest-alb-1599766835.us-east-1.elb.amazonaws.com', port=80): Read timed out. (read timeout=30)"
2026-09-20T23:41:05.369842+00:00,0,30091.53,"HTTPConnectionPool(host='cheapest-alb-1599766835.us-east-1.elb.amazonaws.com', port=80): Read timed out. (read timeout=30)"
2026-09-20T23:41:05.394259+00:00,0,30087.17,"HTTPConnectionPool(host='cheapest-alb-1599766835.us-east-1.elb.amazonaws.com', port=80): Read timed out. (read timeout=30)"
2026-09-20T23:41:05.382887+00:00,0,30098.79,"HTTPConnectionPool(host='cheapest-alb-1599766835.us-east-1.elb.amazonaws.com', port=80): Read timed out. (read timeout=30)"
2026-09-20T23:41:05.405605+00:00,0,30091.95,"HTTPConnectionPool(host='cheapest-alb-1599766835.us-east-1.elb.amazonaws.com', port=80): Read timed out. (read timeout=30)"
2026-09-20T23:41:05.416045+00:00,0,30095.49,"HTTPConnectionPool(host='cheapest-alb-1599766835.us-east-1.elb.amazonaws.com', port=80): Read timed out. (read timeout=30)"
2026-09-20T23:41:05.426923+00:00,0,30086.28,"HTTPConnectionPool(host='cheapest-alb-1599766835.us-east-1.elb.amazonaws.com', port=80): Read timed out. (read timeout=30)"
2026-09-20T23:41:05.437317+00:00,0,30090.31,"HTTPConnectionPool(host='cheapest-alb-1599766835.us-east-1.elb.amazonaws.com', port=80): Read timed out. (read timeout=30)"
2026-09-20T23:41:05.449555+00:00,0,30079.84,"HTTPConnectionPool(host='cheapest-alb-1599766835.us-east-1.elb.amazonaws.com', port=80): Read timed out. (read timeout=30)"
2026-09-20T23:41:05.461237+00:00,0,30083.58,"HTTPConnectionPool(host='cheapest-alb-1599766835.us-east-1.elb.amazonaws.com', port=80): Read timed out. (read timeout=30)"
2026-09-20T23:41:05.470953+00:00,0,30089.91,"HTTPConnectionPool(host='cheapest-alb-1599766835.us-east-1.elb.amazonaws.com', port=80): Read timed out. (read timeout=30)"
2026-09-20T23:41:05.482511+00:00,0,30077.48,"HTTPConnectionPool(host='cheapest-alb-1599766835.us-east-1.elb.amazonaws.com', port=80): Read timed out. (read timeout=30)"
2026-09-20T23:41:05.494436+00:00,0,30098.22,"HTTPConnectionPool(host='cheapest-alb-1599766835.us-east-1.elb.amazonaws.com', port=80): Read timed out. (read timeout=30)"
2026-09-20T23:41:05.517079+00:00,0,30089.87,"HTTPConnectionPool(host='cheapest-alb-1599766835.us-east-1.elb.amazonaws.com', port=80): Read timed out. (read timeout=30)"
2026-09-20T23:41:05.504947+00:00,0,30102.18,"HTTPConnectionPool(host='cheapest-alb-1599766835.us-east-1.elb.amazonaws.com', port=80): Read timed out. (read timeout=30)"
2026-09-20T23:41:05.527037+00:00,0,30086.4,"HTTPConnectionPool(host='cheapest-alb-1599766835.us-east-1.elb.amazonaws.com', port=80): Read timed out. (read timeout=30)"
2026-09-20T23:41:05.539146+00:00,0,30091.06,"HTTPConnectionPool(host='cheapest-alb-1599766835.us-east-1.elb.amazonaws.com', port=80): Read timed out. (read timeout=30)"
2026-09-20T23:41:05.549129+00:00,0,30098.29,"HTTPConnectionPool(host='cheapest-alb-1599766835.us-east-1.elb.amazonaws.com', port=80): Read timed out. (read timeout=30)"
2026-09-20T23:41:05.560768+00:00,0,30087.05,"HTTPConnectionPool(host='cheapest-alb-1599766835.us-east-1.elb.amazonaws.com', port=80): Read timed out. (read timeout=30)"
2026-09-20T23:41:05.593263+00:00,0,30084.9,"HTTPConnectionPool(host='cheapest-alb-1599766835.us-east-1.elb.amazonaws.com', port=80): Read timed out. (read timeout=30)"
2026-09-20T23:41:05.582284+00:00,0,30095.53,"HTTPConnectionPool(host='cheapest-alb-1599766835.us-east-1.elb.amazonaws.com', port=80): Read timed out. (read timeout=30)"
2026-09-20T23:41:05.570796+00:00,0,30108.94,"HTTPConnectionPool(host='cheapest-alb-1599766835.us-east-1.elb.amazonaws.com', port=80): Read timed out. (read timeout=30)"
2026-09-20T23:41:05.605031+00:00,0,30088.65,"HTTPConnectionPool(host='cheapest-alb-1599766835.us-east-1.elb.amazonaws.com', port=80): Read timed out. (read timeout=30)"
2026-09-20T23:41:05.616732+00:00,0,30077.42,"HTTPConnectionPool(host='cheapest-alb-1599766835.us-east-1.elb.amazonaws.com', port=80): Read timed out. (read timeout=30)"
2026-09-20T23:41:05.627123+00:00,0,30083.03,"HTTPConnectionPool(host='cheapest-alb-1599766835.us-east-1.elb.amazonaws.com', port=80): Read timed out. (read timeout=30)"
2026-09-20T23:41:05.637443+00:00,0,30093.26,"HTTPConnectionPool(host='cheapest-alb-1599766835.us-east-1.elb.amazonaws.com', port=80): Read timed out. (read timeout=30)"
2026-09-20T23:41:05.650529+00:00,0,30080.49,"HTTPConnectionPool(host='cheapest-alb-1599766835.us-east-1.elb.amazonaws.com', port=80): Read timed out. (read timeout=30)"
2026-09-20T23:41:05.660578+00:00,0,30098.52,"HTTPConnectionPool(host='cheapest-alb-1599766835.us-east-1.elb.amazonaws.com', port=80): Read timed out. (read timeout=30)"
2026-09-20T23:41:05.670979+00:00,0,30103.82,"HTTPConnectionPool(host='cheapest-alb-1599766835.us-east-1.elb.amazonaws.com', port=80): Read timed out. (read timeout=30)"
2026-09-20T23:41:05.682875+00:00,0,30107.81,"HTTPConnectionPool(host='cheapest-alb-1599766835.us-east-1.elb.amazonaws.com', port=80): Read timed out. (read timeout=30)"
2026-09-20T23:41:05.703974+00:00,0,30093.37,"HTTPConnectionPool(host='cheapest-alb-1599766835.us-east-1.elb.amazonaws.com', port=80): Read timed out. (read timeout=30)"
2026-09-20T23:41:05.716181+00:00,0,30081.78,"HTTPConnectionPool(host='cheapest-alb-1599766835.us-east-1.elb.amazonaws.com', port=80): Read timed out. (read timeout=30)"
2026-09-20T23:41:05.693054+00:00,0,30104.89,"HTTPConnectionPool(host='cheapest-alb-1599766835.us-east-1.elb.amazonaws.com', port=80): Read timed out. (read timeout=30)"
2026-09-20T23:41:05.737790+00:00,0,30077.01,"HTTPConnectionPool(host='cheapest-alb-1599766835.us-east-1.elb.amazonaws.com', port=80): Read timed out. (read timeout=30)"
2026-09-20T23:41:05.726206+00:00,0,30103.02,"HTTPConnectionPool(host='cheapest-alb-1599766835.us-east-1.elb.amazonaws.com', port=80): Read timed out. (read timeout=30)"
2026-09-20T23:41:05.749853+00:00,0,30081.04,"HTTPConnectionPool(host='cheapest-alb-1599766835.us-east-1.elb.amazonaws.com', port=80): Read timed out. (read timeout=30)"
2026-09-20T23:41:05.760074+00:00,0,30086.5,"HTTPConnectionPool(host='cheapest-alb-1599766835.us-east-1.elb.amazonaws.com', port=80): Read timed out. (read timeout=30)"
2026-09-20T23:41:05.771058+00:00,0,30092.19,"HTTPConnectionPool(host='cheapest-alb-1599766835.us-east-1.elb.amazonaws.com', port=80): Read timed out. (read timeout=30)"
2026-09-20T23:41:05.793443+00:00,0,30083.28,"HTTPConnectionPool(host='cheapest-alb-1599766835.us-east-1.elb.amazonaws.com', port=80): Read timed out. (read timeout=30)"
2026-09-20T23:41:05.783232+00:00,0,30110.36,"HTTPConnectionPool(host='cheapest-alb-1599766835.us-east-1.elb.amazonaws.com', port=80): Read timed out. (read timeout=30)"
2026-09-20T23:41:05.805907+00:00,0,30086.46,"HTTPConnectionPool(host='cheapest-alb-1599766835.us-east-1.elb.amazonaws.com', port=80): Read timed out. (read timeout=30)"
2026-09-20T23:41:05.825615+00:00,0,30081.4,"HTTPConnectionPool(host='cheapest-alb-1599766835.us-east-1.elb.amazonaws.com', port=80): Read timed out. (read timeout=30)"
2026-09-20T23:41:05.815348+00:00,0,30109.49,"HTTPConnectionPool(host='cheapest-alb-1599766835.us-east-1.elb.amazonaws.com', port=80): Read timed out. (read timeout=30)"
2026-09-20T23:41:05.860065+00:00,0,30081.75,"HTTPConnectionPool(host='cheapest-alb-1599766835.us-east-1.elb.amazonaws.com', port=80): Read timed out. (read timeout=30)"
2026-09-20T23:41:05.837596+00:00,0,30104.44,"HTTPConnectionPool(host='cheapest-alb-1599766835.us-east-1.elb.amazonaws.com', port=80): Read timed out. (read timeout=30)"
2026-09-20T23:41:05.849230+00:00,0,30108.69,"HTTPConnectionPool(host='cheapest-alb-1599766835.us-east-1.elb.amazonaws.com', port=80): Read timed out. (read timeout=30)"
2026-09-20T23:41:05.881937+00:00,0,30082.61,"HTTPConnectionPool(host='cheapest-alb-1599766835.us-east-1.elb.amazonaws.com', port=80): Read timed out. (read timeout=30)"
2026-09-20T23:41:05.871137+00:00,0,30095.28,"HTTPConnectionPool(host='cheapest-alb-1599766835.us-east-1.elb.amazonaws.com', port=80): Read timed out. (read timeout=30)"
2026-09-20T23:41:05.905199+00:00,0,30091.47,"HTTPConnectionPool(host='cheapest-alb-1599766835.us-east-1.elb.amazonaws.com', port=80): Read timed out. (read timeout=30)"
2026-09-20T23:41:05.894293+00:00,0,30101.4,"HTTPConnectionPool(host='cheapest-alb-1599766835.us-east-1.elb.amazonaws.com', port=80): Read timed out. (read timeout=30)"
2026-09-20T23:41:05.916570+00:00,0,30080.73,"HTTPConnectionPool(host='cheapest-alb-1599766835.us-east-1.elb.amazonaws.com', port=80): Read timed out. (read timeout=30)"
2026-09-20T23:41:05.927677+00:00,0,30084.61,"HTTPConnectionPool(host='cheapest-alb-1599766835.us-east-1.elb.amazonaws.com', port=80): Read timed out. (read timeout=30)"
2026-09-20T23:41:05.938532+00:00,0,30089.24,"HTTPConnectionPool(host='cheapest-alb-1599766835.us-east-1.elb.amazonaws.com', port=80): Read timed out. (read timeout=30)"
2026-09-20T23:41:05.950408+00:00,0,30095.23,"HTTPConnectionPool(host='cheapest-alb-1599766835.us-east-1.elb.amazonaws.com', port=80): Read timed out. (read timeout=30)"
2026-09-20T23:41:05.959879+00:00,0,30086.0,"HTTPConnectionPool(host='cheapest-alb-1599766835.us-east-1.elb.amazonaws.com', port=80): Read timed out. (read timeout=30)"
2026-09-20T23:41:05.970970+00:00,0,30074.75,"HTTPConnectionPool(host='cheapest-alb-1599766835.us-east-1.elb.amazonaws.com', port=80): Read timed out. (read timeout=30)"
2026-09-20T23:41:05.982661+00:00,0,30077.27,"HTTPConnectionPool(host='cheapest-alb-1599766835.us-east-1.elb.amazonaws.com', port=80): Read timed out. (read timeout=30)"
2026-09-20T23:41:06.015510+00:00,0,30077.9,"HTTPConnectionPool(host='cheapest-alb-1599766835.us-east-1.elb.amazonaws.com', port=80): Read timed out. (read timeout=30)"
2026-09-20T23:41:06.004461+00:00,0,30105.35,"HTTPConnectionPool(host='cheapest-alb-1599766835.us-east-1.elb.amazonaws.com', port=80): Read timed out. (read timeout=30)"
2026-09-20T23:41:05.994550+00:00,0,30114.93,"HTTPConnectionPool(host='cheapest-alb-1599766835.us-east-1.elb.amazonaws.com', port=80): Read timed out. (read timeout=30)"
2026-09-20T23:41:06.026355+00:00,0,30082.05,"HTTPConnectionPool(host='cheapest-alb-1599766835.us-east-1.elb.amazonaws.com', port=80): Read timed out. (read timeout=30)"
2026-09-20T23:41:06.037697+00:00,0,30087.58,"HTTPConnectionPool(host='cheapest-alb-1599766835.us-east-1.elb.amazonaws.com', port=80): Read timed out. (read timeout=30)"
2026-09-20T23:41:06.050166+00:00,0,30089.88,"HTTPConnectionPool(host='cheapest-alb-1599766835.us-east-1.elb.amazonaws.com', port=80): Read timed out. (read timeout=30)"
2026-09-20T23:41:06.060914+00:00,0,30079.81,"HTTPConnectionPool(host='cheapest-alb-1599766835.us-east-1.elb.amazonaws.com', port=80): Read timed out. (read timeout=30)"
2026-09-20T23:41:06.071093+00:00,0,30081.92,"HTTPConnectionPool(host='cheapest-alb-1599766835.us-east-1.elb.amazonaws.com', port=80): Read timed out. (read timeout=30)"
2026-09-20T23:41:06.083035+00:00,0,30080.17,"HTTPConnectionPool(host='cheapest-alb-1599766835.us-east-1.elb.amazonaws.com', port=80): Read timed out. (read timeout=30)"
2026-09-20T23:41:06.094205+00:00,0,30085.77,"HTTPConnectionPool(host='cheapest-alb-1599766835.us-east-1.elb.amazonaws.com', port=80): Read timed out. (read timeout=30)"
2026-09-20T23:41:06.104055+00:00,0,30091.09,"HTTPConnectionPool(host='cheapest-alb-1599766835.us-east-1.elb.amazonaws.com', port=80): Read timed out. (read timeout=30)"
2026-09-20T23:41:06.126485+00:00,0,30086.57,"HTTPConnectionPool(host='cheapest-alb-1599766835.us-east-1.elb.amazonaws.com', port=80): Read timed out. (read timeout=30)"
2026-09-20T23:41:06.115584+00:00,0,30096.59,"HTTPConnectionPool(host='cheapest-alb-1599766835.us-east-1.elb.amazonaws.com', port=80): Read timed out. (read timeout=30)"
2026-09-20T23:41:06.139155+00:00,0,30089.9,"HTTPConnectionPool(host='cheapest-alb-1599766835.us-east-1.elb.amazonaws.com', port=80): Read timed out. (read timeout=30)"
2026-09-20T23:41:06.148654+00:00,0,30078.11,"HTTPConnectionPool(host='cheapest-alb-1599766835.us-east-1.elb.amazonaws.com', port=80): Read timed out. (read timeout=30)"
2026-09-20T23:41:06.170813+00:00,0,30080.16,"HTTPConnectionPool(host='cheapest-alb-1599766835.us-east-1.elb.amazonaws.com', port=80): Read timed out. (read timeout=30)"
2026-09-20T23:41:06.161303+00:00,0,30100.56,"HTTPConnectionPool(host='cheapest-alb-1599766835.us-east-1.elb.amazonaws.com', port=80): Read timed out. (read timeout=30)"
2026-09-20T23:41:06.182270+00:00,0,30079.63,"HTTPConnectionPool(host='cheapest-alb-1599766835.us-east-1.elb.amazonaws.com', port=80): Read timed out. (read timeout=30)"
2026-09-20T23:41:06.193679+00:00,0,30083.77,"HTTPConnectionPool(host='cheapest-alb-1599766835.us-east-1.elb.amazonaws.com', port=80): Read timed out. (read timeout=30)"
2026-09-20T23:41:06.215560+00:00,0,30078.41,"HTTPConnectionPool(host='cheapest-alb-1599766835.us-east-1.elb.amazonaws.com', port=80): Read timed out. (read timeout=30)"
2026-09-20T23:41:06.204215+00:00,0,30106.09,"HTTPConnectionPool(host='cheapest-alb-1599766835.us-east-1.elb.amazonaws.com', port=80): Read timed out. (read timeout=30)"
2026-09-20T23:41:06.227407+00:00,0,30082.51,"HTTPConnectionPool(host='cheapest-alb-1599766835.us-east-1.elb.amazonaws.com', port=80): Read timed out. (read timeout=30)"
2026-09-20T23:41:06.239074+00:00,0,30086.93,"HTTPConnectionPool(host='cheapest-alb-1599766835.us-east-1.elb.amazonaws.com', port=80): Read timed out. (read timeout=30)"
2026-09-20T23:41:06.261085+00:00,0,30079.93,"HTTPConnectionPool(host='cheapest-alb-1599766835.us-east-1.elb.amazonaws.com', port=80): Read timed out. (read timeout=30)"
2026-09-20T23:41:06.248786+00:00,0,30093.73,"HTTPConnectionPool(host='cheapest-alb-1599766835.us-east-1.elb.amazonaws.com', port=80): Read timed out. (read timeout=30)"
2026-09-20T23:41:06.270608+00:00,0,30086.51,"HTTPConnectionPool(host='cheapest-alb-1599766835.us-east-1.elb.amazonaws.com', port=80): Read timed out. (read timeout=30)"
2026-09-20T23:41:06.282220+00:00,0,30075.25,"HTTPConnectionPool(host='cheapest-alb-1599766835.us-east-1.elb.amazonaws.com', port=80): Read timed out. (read timeout=30)"
2026-09-20T23:41:06.294675+00:00,0,30079.69,"HTTPConnectionPool(host='cheapest-alb-1599766835.us-east-1.elb.amazonaws.com', port=80): Read timed out. (read timeout=30)"
2026-09-20T23:41:06.304730+00:00,0,30084.3,"HTTPConnectionPool(host='cheapest-alb-1599766835.us-east-1.elb.amazonaws.com', port=80): Read timed out. (read timeout=30)"
2026-09-20T23:41:06.315769+00:00,0,30105.28,"HTTPConnectionPool(host='cheapest-alb-1599766835.us-east-1.elb.amazonaws.com', port=80): Read timed out. (read timeout=30)"
2026-09-20T23:41:06.327665+00:00,0,30093.59,"HTTPConnectionPool(host='cheapest-alb-1599766835.us-east-1.elb.amazonaws.com', port=80): Read timed out. (read timeout=30)"
2026-09-20T23:41:06.337607+00:00,0,30084.66,"HTTPConnectionPool(host='cheapest-alb-1599766835.us-east-1.elb.amazonaws.com', port=80): Read timed out. (read timeout=30)"
2026-09-20T23:41:06.349705+00:00,0,30088.72,"HTTPConnectionPool(host='cheapest-alb-1599766835.us-east-1.elb.amazonaws.com', port=80): Read timed out. (read timeout=30)"
2026-09-20T23:41:06.360493+00:00,0,30088.33,"HTTPConnectionPool(host='cheapest-alb-1599766835.us-east-1.elb.amazonaws.com', port=80): Read timed out. (read timeout=30)"
2026-09-20T23:41:06.371641+00:00,0,30077.26,"HTTPConnectionPool(host='cheapest-alb-1599766835.us-east-1.elb.amazonaws.com', port=80): Read timed out. (read timeout=30)"
2026-09-20T23:41:06.382559+00:00,0,30097.77,"HTTPConnectionPool(host='cheapest-alb-1599766835.us-east-1.elb.amazonaws.com', port=80): Read timed out. (read timeout=30)"
2026-09-20T23:41:06.393468+00:00,0,30086.22,"HTTPConnectionPool(host='cheapest-alb-1599766835.us-east-1.elb.amazonaws.com', port=80): Read timed out. (read timeout=30)"
2026-09-20T23:41:06.404278+00:00,0,30090.75,"HTTPConnectionPool(host='cheapest-alb-1599766835.us-east-1.elb.amazonaws.com', port=80): Read timed out. (read timeout=30)"
2026-09-20T23:41:06.415647+00:00,0,30094.92,"HTTPConnectionPool(host='cheapest-alb-1599766835.us-east-1.elb.amazonaws.com', port=80): Read timed out. (read timeout=30)"
2026-09-20T23:41:06.428015+00:00,0,30081.6,"HTTPConnectionPool(host='cheapest-alb-1599766835.us-east-1.elb.amazonaws.com', port=80): Read timed out. (read timeout=30)"
2026-09-20T23:41:06.437858+00:00,0,30074.42,"HTTPConnectionPool(host='cheapest-alb-1599766835.us-east-1.elb.amazonaws.com', port=80): Read timed out. (read timeout=30)"
2026-09-20T23:41:06.459559+00:00,0,30100.31,"HTTPConnectionPool(host='cheapest-alb-1599766835.us-east-1.elb.amazonaws.com', port=80): Read timed out. (read timeout=30)"
2026-09-20T23:41:06.449672+00:00,0,30110.56,"HTTPConnectionPool(host='cheapest-alb-1599766835.us-east-1.elb.amazonaws.com', port=80): Read timed out. (read timeout=30)"
2026-09-20T23:41:06.494028+00:00,0,30080.34,"HTTPConnectionPool(host='cheapest-alb-1599766835.us-east-1.elb.amazonaws.com', port=80): Read timed out. (read timeout=30)"
2026-09-20T23:41:06.472729+00:00,0,30103.84,"HTTPConnectionPool(host='cheapest-alb-1599766835.us-east-1.elb.amazonaws.com', port=80): Read timed out. (read timeout=30)"
2026-09-20T23:41:06.482071+00:00,0,30114.02,"HTTPConnectionPool(host='cheapest-alb-1599766835.us-east-1.elb.amazonaws.com', port=80): Read timed out. (read timeout=30)"
2026-09-20T23:41:06.504652+00:00,0,30090.47,"HTTPConnectionPool(host='cheapest-alb-1599766835.us-east-1.elb.amazonaws.com', port=80): Read timed out. (read timeout=30)"
2026-09-20T23:41:06.527948+00:00,0,30078.74,"HTTPConnectionPool(host='cheapest-alb-1599766835.us-east-1.elb.amazonaws.com', port=80): Read timed out. (read timeout=30)"
2026-09-20T23:41:06.517027+00:00,0,30090.75,"HTTPConnectionPool(host='cheapest-alb-1599766835.us-east-1.elb.amazonaws.com', port=80): Read timed out. (read timeout=30)"
2026-09-20T23:41:06.538528+00:00,0,30092.26,"HTTPConnectionPool(host='cheapest-alb-1599766835.us-east-1.elb.amazonaws.com', port=80): Read timed out. (read timeout=30)"
2026-09-20T23:41:06.548660+00:00,0,30082.54,"HTTPConnectionPool(host='cheapest-alb-1599766835.us-east-1.elb.amazonaws.com', port=80): Read timed out. (read timeout=30)"
2026-09-20T23:41:06.561145+00:00,0,30084.95,"HTTPConnectionPool(host='cheapest-alb-1599766835.us-east-1.elb.amazonaws.com', port=80): Read timed out. (read timeout=30)"
2026-09-20T23:41:06.569778+00:00,0,30091.63,"HTTPConnectionPool(host='cheapest-alb-1599766835.us-east-1.elb.amazonaws.com', port=80): Read timed out. (read timeout=30)"
2026-09-20T23:41:06.582680+00:00,0,30097.13,"HTTPConnectionPool(host='cheapest-alb-1599766835.us-east-1.elb.amazonaws.com', port=80): Read timed out. (read timeout=30)"
2026-09-20T23:41:06.593219+00:00,0,30085.5,"HTTPConnectionPool(host='cheapest-alb-1599766835.us-east-1.elb.amazonaws.com', port=80): Read timed out. (read timeout=30)"
2026-09-20T23:41:06.604299+00:00,0,30090.08,"HTTPConnectionPool(host='cheapest-alb-1599766835.us-east-1.elb.amazonaws.com', port=80): Read timed out. (read timeout=30)"
2026-09-20T23:41:06.616109+00:00,0,30094.68,"HTTPConnectionPool(host='cheapest-alb-1599766835.us-east-1.elb.amazonaws.com', port=80): Read timed out. (read timeout=30)"
2026-09-20T23:41:06.627315+00:00,0,30100.8,"HTTPConnectionPool(host='cheapest-alb-1599766835.us-east-1.elb.amazonaws.com', port=80): Read timed out. (read timeout=30)"
2026-09-20T23:41:06.638229+00:00,0,30089.9,"HTTPConnectionPool(host='cheapest-alb-1599766835.us-east-1.elb.amazonaws.com', port=80): Read timed out. (read timeout=30)"
2026-09-20T23:41:06.649579+00:00,0,30111.06,"HTTPConnectionPool(host='cheapest-alb-1599766835.us-east-1.elb.amazonaws.com', port=80): Read timed out. (read timeout=30)"
2026-09-20T23:41:06.671166+00:00,0,30088.15,"HTTPConnectionPool(host='cheapest-alb-1599766835.us-east-1.elb.amazonaws.com', port=80): Read timed out. (read timeout=30)"
2026-09-20T23:41:06.660306+00:00,0,30100.98,"HTTPConnectionPool(host='cheapest-alb-1599766835.us-east-1.elb.amazonaws.com', port=80): Read timed out. (read timeout=30)"
2026-09-20T23:41:06.694501+00:00,0,30082.43,"HTTPConnectionPool(host='cheapest-alb-1599766835.us-east-1.elb.amazonaws.com', port=80): Read timed out. (read timeout=30)"
2026-09-20T23:41:06.682858+00:00,0,30109.11,"HTTPConnectionPool(host='cheapest-alb-1599766835.us-east-1.elb.amazonaws.com', port=80): Read timed out. (read timeout=30)"
2026-09-20T23:41:06.716050+00:00,0,30077.56,"HTTPConnectionPool(host='cheapest-alb-1599766835.us-east-1.elb.amazonaws.com', port=80): Read timed out. (read timeout=30)"
2026-09-20T23:41:06.727567+00:00,0,30081.38,"HTTPConnectionPool(host='cheapest-alb-1599766835.us-east-1.elb.amazonaws.com', port=80): Read timed out. (read timeout=30)"
2026-09-20T23:41:06.704536+00:00,0,30118.95,"HTTPConnectionPool(host='cheapest-alb-1599766835.us-east-1.elb.amazonaws.com', port=80): Read timed out. (read timeout=30)"
2026-09-20T23:41:06.738889+00:00,0,30093.79,"HTTPConnectionPool(host='cheapest-alb-1599766835.us-east-1.elb.amazonaws.com', port=80): Read timed out. (read timeout=30)"
2026-09-20T23:41:06.760151+00:00,0,30087.23,"HTTPConnectionPool(host='cheapest-alb-1599766835.us-east-1.elb.amazonaws.com', port=80): Read timed out. (read timeout=30)"
2026-09-20T23:41:06.749533+00:00,0,30098.09,"HTTPConnectionPool(host='cheapest-alb-1599766835.us-east-1.elb.amazonaws.com', port=80): Read timed out. (read timeout=30)"
2026-09-20T23:41:06.783328+00:00,0,30080.78,"HTTPConnectionPool(host='cheapest-alb-1599766835.us-east-1.elb.amazonaws.com', port=80): Read timed out. (read timeout=30)"
2026-09-20T23:41:06.771505+00:00,0,30092.04,"HTTPConnectionPool(host='cheapest-alb-1599766835.us-east-1.elb.amazonaws.com', port=80): Read timed out. (read timeout=30)"
2026-09-20T23:41:06.794397+00:00,0,30083.77,"HTTPConnectionPool(host='cheapest-alb-1599766835.us-east-1.elb.amazonaws.com', port=80): Read timed out. (read timeout=30)"
2026-09-20T23:41:06.827638+00:00,0,30083.31,"HTTPConnectionPool(host='cheapest-alb-1599766835.us-east-1.elb.amazonaws.com', port=80): Read timed out. (read timeout=30)"
2026-09-20T23:41:06.816502+00:00,0,30094.4,"HTTPConnectionPool(host='cheapest-alb-1599766835.us-east-1.elb.amazonaws.com', port=80): Read timed out. (read timeout=30)"
2026-09-20T23:41:06.837676+00:00,0,30089.46,"HTTPConnectionPool(host='cheapest-alb-1599766835.us-east-1.elb.amazonaws.com', port=80): Read timed out. (read timeout=30)"
2026-09-20T23:41:06.859792+00:00,0,30083.41,"HTTPConnectionPool(host='cheapest-alb-1599766835.us-east-1.elb.amazonaws.com', port=80): Read timed out. (read timeout=30)"
2026-09-20T23:41:06.848655+00:00,0,30110.53,"HTTPConnectionPool(host='cheapest-alb-1599766835.us-east-1.elb.amazonaws.com', port=80): Read timed out. (read timeout=30)"
2026-09-20T23:41:06.870779+00:00,0,30104.13,"HTTPConnectionPool(host='cheapest-alb-1599766835.us-east-1.elb.amazonaws.com', port=80): Read timed out. (read timeout=30)"
2026-09-20T23:41:06.882502+00:00,0,30100.52,"HTTPConnectionPool(host='cheapest-alb-1599766835.us-east-1.elb.amazonaws.com', port=80): Read timed out. (read timeout=30)"
2026-09-20T23:41:06.904020+00:00,0,30077.93,"HTTPConnectionPool(host='cheapest-alb-1599766835.us-east-1.elb.amazonaws.com', port=80): Read timed out. (read timeout=30)"
2026-09-20T23:41:06.893184+00:00,0,30104.25,"HTTPConnectionPool(host='cheapest-alb-1599766835.us-east-1.elb.amazonaws.com', port=80): Read timed out. (read timeout=30)"
2026-09-20T23:41:06.916712+00:00,0,30097.88,"HTTPConnectionPool(host='cheapest-alb-1599766835.us-east-1.elb.amazonaws.com', port=80): Read timed out. (read timeout=30)"
2026-09-20T23:41:06.926448+00:00,0,30103.82,"HTTPConnectionPool(host='cheapest-alb-1599766835.us-east-1.elb.amazonaws.com', port=80): Read timed out. (read timeout=30)"
2026-09-20T23:41:06.937616+00:00,0,30111.38,"HTTPConnectionPool(host='cheapest-alb-1599766835.us-east-1.elb.amazonaws.com', port=80): Read timed out. (read timeout=30)"
2026-09-20T23:41:06.961634+00:00,0,30087.88,"HTTPConnectionPool(host='cheapest-alb-1599766835.us-east-1.elb.amazonaws.com', port=80): Read timed out. (read timeout=30)"
2026-09-20T23:41:06.949100+00:00,0,30112.85,"HTTPConnectionPool(host='cheapest-alb-1599766835.us-east-1.elb.amazonaws.com', port=80): Read timed out. (read timeout=30)"
2026-09-20T23:41:06.971282+00:00,0,30089.71,"HTTPConnectionPool(host='cheapest-alb-1599766835.us-east-1.elb.amazonaws.com', port=80): Read timed out. (read timeout=30)"
2026-09-20T23:41:06.993314+00:00,0,30082.68,"HTTPConnectionPool(host='cheapest-alb-1599766835.us-east-1.elb.amazonaws.com', port=80): Read timed out. (read timeout=30)"
2026-09-20T23:41:06.982469+00:00,0,30110.37,"HTTPConnectionPool(host='cheapest-alb-1599766835.us-east-1.elb.amazonaws.com', port=80): Read timed out. (read timeout=30)"
2026-09-20T23:41:07.004413+00:00,0,30088.53,"HTTPConnectionPool(host='cheapest-alb-1599766835.us-east-1.elb.amazonaws.com', port=80): Read timed out. (read timeout=30)"
2026-09-20T23:41:07.015886+00:00,0,30077.49,"HTTPConnectionPool(host='cheapest-alb-1599766835.us-east-1.elb.amazonaws.com', port=80): Read timed out. (read timeout=30)"
2026-09-20T23:41:07.037585+00:00,0,30087.26,"HTTPConnectionPool(host='cheapest-alb-1599766835.us-east-1.elb.amazonaws.com', port=80): Read timed out. (read timeout=30)"
2026-09-20T23:41:07.026468+00:00,0,30098.98,"HTTPConnectionPool(host='cheapest-alb-1599766835.us-east-1.elb.amazonaws.com', port=80): Read timed out. (read timeout=30)"
2026-09-20T23:41:07.048700+00:00,0,30077.83,"HTTPConnectionPool(host='cheapest-alb-1599766835.us-east-1.elb.amazonaws.com', port=80): Read timed out. (read timeout=30)"
2026-09-20T23:41:07.061041+00:00,0,30079.7,"HTTPConnectionPool(host='cheapest-alb-1599766835.us-east-1.elb.amazonaws.com', port=80): Read timed out. (read timeout=30)"
2026-09-20T23:41:07.071677+00:00,0,30101.23,"HTTPConnectionPool(host='cheapest-alb-1599766835.us-east-1.elb.amazonaws.com', port=80): Read timed out. (read timeout=30)"
2026-09-20T23:41:07.082428+00:00,0,30090.21,"HTTPConnectionPool(host='cheapest-alb-1599766835.us-east-1.elb.amazonaws.com', port=80): Read timed out. (read timeout=30)"
2026-09-20T23:41:07.094103+00:00,0,30088.21,"HTTPConnectionPool(host='cheapest-alb-1599766835.us-east-1.elb.amazonaws.com', port=80): Read timed out. (read timeout=30)"
2026-09-20T23:41:07.105248+00:00,0,30092.75,"HTTPConnectionPool(host='cheapest-alb-1599766835.us-east-1.elb.amazonaws.com', port=80): Read timed out. (read timeout=30)"
2026-09-20T23:41:07.117024+00:00,0,30081.24,"HTTPConnectionPool(host='cheapest-alb-1599766835.us-east-1.elb.amazonaws.com', port=80): Read timed out. (read timeout=30)"
2026-09-20T23:41:07.137591+00:00,0,30090.96,"HTTPConnectionPool(host='cheapest-alb-1599766835.us-east-1.elb.amazonaws.com', port=80): Read timed out. (read timeout=30)"
2026-09-20T23:41:07.127013+00:00,0,30103.13,"HTTPConnectionPool(host='cheapest-alb-1599766835.us-east-1.elb.amazonaws.com', port=80): Read timed out. (read timeout=30)"
2026-09-20T23:41:07.149259+00:00,0,30094.99,"HTTPConnectionPool(host='cheapest-alb-1599766835.us-east-1.elb.amazonaws.com', port=80): Read timed out. (read timeout=30)"
2026-09-20T23:41:07.170896+00:00,0,30090.58,"HTTPConnectionPool(host='cheapest-alb-1599766835.us-east-1.elb.amazonaws.com', port=80): Read timed out. (read timeout=30)"
2026-09-20T23:41:07.159812+00:00,0,30101.95,"HTTPConnectionPool(host='cheapest-alb-1599766835.us-east-1.elb.amazonaws.com', port=80): Read timed out. (read timeout=30)"
2026-09-20T23:41:07.183089+00:00,0,30079.42,"HTTPConnectionPool(host='cheapest-alb-1599766835.us-east-1.elb.amazonaws.com', port=80): Read timed out. (read timeout=30)"
2026-09-20T23:41:07.194346+00:00,0,30076.45,"HTTPConnectionPool(host='cheapest-alb-1599766835.us-east-1.elb.amazonaws.com', port=80): Read timed out. (read timeout=30)"
2026-09-20T23:41:07.205400+00:00,0,30089.59,"HTTPConnectionPool(host='cheapest-alb-1599766835.us-east-1.elb.amazonaws.com', port=80): Read timed out. (read timeout=30)"
2026-09-20T23:41:07.216340+00:00,0,30078.92,"HTTPConnectionPool(host='cheapest-alb-1599766835.us-east-1.elb.amazonaws.com', port=80): Read timed out. (read timeout=30)"
2026-09-20T23:41:07.238891+00:00,0,30088.24,"HTTPConnectionPool(host='cheapest-alb-1599766835.us-east-1.elb.amazonaws.com', port=80): Read timed out. (read timeout=30)"
2026-09-20T23:41:07.248707+00:00,0,30077.41,"HTTPConnectionPool(host='cheapest-alb-1599766835.us-east-1.elb.amazonaws.com', port=80): Read timed out. (read timeout=30)"
2026-09-20T23:41:07.227624+00:00,0,30099.87,"HTTPConnectionPool(host='cheapest-alb-1599766835.us-east-1.elb.amazonaws.com', port=80): Read timed out. (read timeout=30)"
2026-09-20T23:41:07.261200+00:00,0,30081.15,"HTTPConnectionPool(host='cheapest-alb-1599766835.us-east-1.elb.amazonaws.com', port=80): Read timed out. (read timeout=30)"
2026-09-20T23:41:07.283969+00:00,0,30089.88,"HTTPConnectionPool(host='cheapest-alb-1599766835.us-east-1.elb.amazonaws.com', port=80): Read timed out. (read timeout=30)"
2026-09-20T23:41:07.271511+00:00,0,30102.84,"HTTPConnectionPool(host='cheapest-alb-1599766835.us-east-1.elb.amazonaws.com', port=80): Read timed out. (read timeout=30)"
2026-09-20T23:41:07.293984+00:00,0,30097.07,"HTTPConnectionPool(host='cheapest-alb-1599766835.us-east-1.elb.amazonaws.com', port=80): Read timed out. (read timeout=30)"
2026-09-20T23:41:07.327660+00:00,0,30079.29,"HTTPConnectionPool(host='cheapest-alb-1599766835.us-east-1.elb.amazonaws.com', port=80): Read timed out. (read timeout=30)"
2026-09-20T23:41:07.304482+00:00,0,30099.98,"HTTPConnectionPool(host='cheapest-alb-1599766835.us-east-1.elb.amazonaws.com', port=80): Read timed out. (read timeout=30)"
2026-09-20T23:41:07.315290+00:00,0,30091.93,"HTTPConnectionPool(host='cheapest-alb-1599766835.us-east-1.elb.amazonaws.com', port=80): Read timed out. (read timeout=30)"
2026-09-20T23:41:07.349629+00:00,0,30088.55,"HTTPConnectionPool(host='cheapest-alb-1599766835.us-east-1.elb.amazonaws.com', port=80): Read timed out. (read timeout=30)"
2026-09-20T23:41:07.337943+00:00,0,30100.56,"HTTPConnectionPool(host='cheapest-alb-1599766835.us-east-1.elb.amazonaws.com', port=80): Read timed out. (read timeout=30)"
2026-09-20T23:41:07.361420+00:00,0,30085.39,"HTTPConnectionPool(host='cheapest-alb-1599766835.us-east-1.elb.amazonaws.com', port=80): Read timed out. (read timeout=30)"
2026-09-20T23:41:07.371500+00:00,0,30106.97,"HTTPConnectionPool(host='cheapest-alb-1599766835.us-east-1.elb.amazonaws.com', port=80): Read timed out. (read timeout=30)"
2026-09-20T23:41:07.394576+00:00,0,30105.34,"HTTPConnectionPool(host='cheapest-alb-1599766835.us-east-1.elb.amazonaws.com', port=80): Read timed out. (read timeout=30)"
2026-09-20T23:41:07.383058+00:00,0,30117.01,"HTTPConnectionPool(host='cheapest-alb-1599766835.us-east-1.elb.amazonaws.com', port=80): Read timed out. (read timeout=30)"
2026-09-20T23:41:07.404572+00:00,0,30095.61,"HTTPConnectionPool(host='cheapest-alb-1599766835.us-east-1.elb.amazonaws.com', port=80): Read timed out. (read timeout=30)"
2026-09-20T23:41:07.426358+00:00,0,30085.07,"HTTPConnectionPool(host='cheapest-alb-1599766835.us-east-1.elb.amazonaws.com', port=80): Read timed out. (read timeout=30)"
2026-09-20T23:41:07.416715+00:00,0,30094.98,"HTTPConnectionPool(host='cheapest-alb-1599766835.us-east-1.elb.amazonaws.com', port=80): Read timed out. (read timeout=30)"
2026-09-20T23:41:07.460801+00:00,0,30095.64,"HTTPConnectionPool(host='cheapest-alb-1599766835.us-east-1.elb.amazonaws.com', port=80): Read timed out. (read timeout=30)"
2026-09-20T23:41:07.472107+00:00,0,30084.67,"HTTPConnectionPool(host='cheapest-alb-1599766835.us-east-1.elb.amazonaws.com', port=80): Read timed out. (read timeout=30)"
2026-09-20T23:41:07.448621+00:00,0,30107.92,"HTTPConnectionPool(host='cheapest-alb-1599766835.us-east-1.elb.amazonaws.com', port=80): Read timed out. (read timeout=30)"
2026-09-20T23:41:07.438013+00:00,0,30125.75,"HTTPConnectionPool(host='cheapest-alb-1599766835.us-east-1.elb.amazonaws.com', port=80): Read timed out. (read timeout=30)"
2026-09-20T23:41:07.493299+00:00,0,30086.83,"HTTPConnectionPool(host='cheapest-alb-1599766835.us-east-1.elb.amazonaws.com', port=80): Read timed out. (read timeout=30)"
2026-09-20T23:41:07.482508+00:00,0,30097.38,"HTTPConnectionPool(host='cheapest-alb-1599766835.us-east-1.elb.amazonaws.com', port=80): Read timed out. (read timeout=30)"
2026-09-20T23:41:07.517582+00:00,0,30079.53,"HTTPConnectionPool(host='cheapest-alb-1599766835.us-east-1.elb.amazonaws.com', port=80): Read timed out. (read timeout=30)"
2026-09-20T23:41:07.504747+00:00,0,30107.3,"HTTPConnectionPool(host='cheapest-alb-1599766835.us-east-1.elb.amazonaws.com', port=80): Read timed out. (read timeout=30)"
2026-09-20T23:41:07.526062+00:00,0,30086.84,"HTTPConnectionPool(host='cheapest-alb-1599766835.us-east-1.elb.amazonaws.com', port=80): Read timed out. (read timeout=30)"
2026-09-20T23:41:07.549875+00:00,0,30079.0,"HTTPConnectionPool(host='cheapest-alb-1599766835.us-east-1.elb.amazonaws.com', port=80): Read timed out. (read timeout=30)"
2026-09-20T23:41:07.538931+00:00,0,30089.05,"HTTPConnectionPool(host='cheapest-alb-1599766835.us-east-1.elb.amazonaws.com', port=80): Read timed out. (read timeout=30)"
2026-09-20T23:41:07.571171+00:00,0,30105.67,"HTTPConnectionPool(host='cheapest-alb-1599766835.us-east-1.elb.amazonaws.com', port=80): Read timed out. (read timeout=30)"
2026-09-20T23:41:07.559694+00:00,0,30116.29,"HTTPConnectionPool(host='cheapest-alb-1599766835.us-east-1.elb.amazonaws.com', port=80): Read timed out. (read timeout=30)"
2026-09-20T23:41:07.583355+00:00,0,30110.18,"HTTPConnectionPool(host='cheapest-alb-1599766835.us-east-1.elb.amazonaws.com', port=80): Read timed out. (read timeout=30)"
2026-09-20T23:41:07.603982+00:00,0,30088.55,"HTTPConnectionPool(host='cheapest-alb-1599766835.us-east-1.elb.amazonaws.com', port=80): Read timed out. (read timeout=30)"
2026-09-20T23:41:07.616366+00:00,0,30091.13,"HTTPConnectionPool(host='cheapest-alb-1599766835.us-east-1.elb.amazonaws.com', port=80): Read timed out. (read timeout=30)"
2026-09-20T23:41:07.593292+00:00,0,30115.83,"HTTPConnectionPool(host='cheapest-alb-1599766835.us-east-1.elb.amazonaws.com', port=80): Read timed out. (read timeout=30)"
2026-09-20T23:41:07.627036+00:00,0,30097.24,"HTTPConnectionPool(host='cheapest-alb-1599766835.us-east-1.elb.amazonaws.com', port=80): Read timed out. (read timeout=30)"
2026-09-20T23:41:07.661096+00:00,0,30079.82,"HTTPConnectionPool(host='cheapest-alb-1599766835.us-east-1.elb.amazonaws.com', port=80): Read timed out. (read timeout=30)"
2026-09-20T23:41:07.649070+00:00,0,30090.2,"HTTPConnectionPool(host='cheapest-alb-1599766835.us-east-1.elb.amazonaws.com', port=80): Read timed out. (read timeout=30)"
2026-09-20T23:41:07.638180+00:00,0,30111.13,"HTTPConnectionPool(host='cheapest-alb-1599766835.us-east-1.elb.amazonaws.com', port=80): Read timed out. (read timeout=30)"
2026-09-20T23:41:07.670812+00:00,0,30078.61,"HTTPConnectionPool(host='cheapest-alb-1599766835.us-east-1.elb.amazonaws.com', port=80): Read timed out. (read timeout=30)"
2026-09-20T23:41:07.693877+00:00,0,30102.32,"HTTPConnectionPool(host='cheapest-alb-1599766835.us-east-1.elb.amazonaws.com', port=80): Read timed out. (read timeout=30)"
2026-09-20T23:41:07.704935+00:00,0,30091.56,"HTTPConnectionPool(host='cheapest-alb-1599766835.us-east-1.elb.amazonaws.com', port=80): Read timed out. (read timeout=30)"
2026-09-20T23:41:07.716379+00:00,0,30079.27,"HTTPConnectionPool(host='cheapest-alb-1599766835.us-east-1.elb.amazonaws.com', port=80): Read timed out. (read timeout=30)"
2026-09-20T23:41:07.682272+00:00,0,30114.53,"HTTPConnectionPool(host='cheapest-alb-1599766835.us-east-1.elb.amazonaws.com', port=80): Read timed out. (read timeout=30)"
2026-09-20T23:41:07.726618+00:00,0,30100.06,"HTTPConnectionPool(host='cheapest-alb-1599766835.us-east-1.elb.amazonaws.com', port=80): Read timed out. (read timeout=30)"
2026-09-20T23:41:07.748948+00:00,0,30079.01,"HTTPConnectionPool(host='cheapest-alb-1599766835.us-east-1.elb.amazonaws.com', port=80): Read timed out. (read timeout=30)"
2026-09-20T23:41:07.737584+00:00,0,30104.7,"HTTPConnectionPool(host='cheapest-alb-1599766835.us-east-1.elb.amazonaws.com', port=80): Read timed out. (read timeout=30)"
2026-09-20T23:41:07.759634+00:00,0,30115.4,"HTTPConnectionPool(host='cheapest-alb-1599766835.us-east-1.elb.amazonaws.com', port=80): Read timed out. (read timeout=30)"
2026-09-20T23:41:07.771198+00:00,0,30103.99,"HTTPConnectionPool(host='cheapest-alb-1599766835.us-east-1.elb.amazonaws.com', port=80): Read timed out. (read timeout=30)"
2026-09-20T23:41:07.794417+00:00,0,30080.1,"HTTPConnectionPool(host='cheapest-alb-1599766835.us-east-1.elb.amazonaws.com', port=80): Read timed out. (read timeout=30)"
2026-09-20T23:41:07.782584+00:00,0,30091.95,"HTTPConnectionPool(host='cheapest-alb-1599766835.us-east-1.elb.amazonaws.com', port=80): Read timed out. (read timeout=30)"
2026-09-20T23:41:07.805583+00:00,0,30085.55,"HTTPConnectionPool(host='cheapest-alb-1599766835.us-east-1.elb.amazonaws.com', port=80): Read timed out. (read timeout=30)"
2026-09-20T23:41:06.804879+00:00,0,31085.4,"HTTPConnectionPool(host='cheapest-alb-1599766835.us-east-1.elb.amazonaws.com', port=80): Read timed out. (read timeout=30)"
2026-09-20T23:41:07.816072+00:00,0,30082.48,"HTTPConnectionPool(host='cheapest-alb-1599766835.us-east-1.elb.amazonaws.com', port=80): Read timed out. (read timeout=30)"
2026-09-20T23:41:07.825936+00:00,0,30090.12,"HTTPConnectionPool(host='cheapest-alb-1599766835.us-east-1.elb.amazonaws.com', port=80): Read timed out. (read timeout=30)"
2026-09-20T23:41:07.837558+00:00,0,30080.76,"HTTPConnectionPool(host='cheapest-alb-1599766835.us-east-1.elb.amazonaws.com', port=80): Read timed out. (read timeout=30)"
2026-09-20T23:41:07.848968+00:00,0,30081.95,"HTTPConnectionPool(host='cheapest-alb-1599766835.us-east-1.elb.amazonaws.com', port=80): Read timed out. (read timeout=30)"
2026-09-20T23:41:07.860755+00:00,0,30100.38,"HTTPConnectionPool(host='cheapest-alb-1599766835.us-east-1.elb.amazonaws.com', port=80): Read timed out. (read timeout=30)"
2026-09-20T23:41:07.870837+00:00,0,30107.88,"HTTPConnectionPool(host='cheapest-alb-1599766835.us-east-1.elb.amazonaws.com', port=80): Read timed out. (read timeout=30)"
2026-09-20T23:41:07.882270+00:00,0,30096.66,"HTTPConnectionPool(host='cheapest-alb-1599766835.us-east-1.elb.amazonaws.com', port=80): Read timed out. (read timeout=30)"
2026-09-20T23:41:07.893310+00:00,0,30084.56,"HTTPConnectionPool(host='cheapest-alb-1599766835.us-east-1.elb.amazonaws.com', port=80): Read timed out. (read timeout=30)"
2026-09-20T23:41:07.904210+00:00,0,30090.39,"HTTPConnectionPool(host='cheapest-alb-1599766835.us-east-1.elb.amazonaws.com', port=80): Read timed out. (read timeout=30)"
2026-09-20T23:41:07.915186+00:00,0,30093.68,"HTTPConnectionPool(host='cheapest-alb-1599766835.us-east-1.elb.amazonaws.com', port=80): Read timed out. (read timeout=30)"
2026-09-20T23:41:07.927897+00:00,0,30081.88,"HTTPConnectionPool(host='cheapest-alb-1599766835.us-east-1.elb.amazonaws.com', port=80): Read timed out. (read timeout=30)"
2026-09-20T23:41:07.938066+00:00,0,30086.96,"HTTPConnectionPool(host='cheapest-alb-1599766835.us-east-1.elb.amazonaws.com', port=80): Read timed out. (read timeout=30)"
2026-09-20T23:41:07.959584+00:00,0,30082.02,"HTTPConnectionPool(host='cheapest-alb-1599766835.us-east-1.elb.amazonaws.com', port=80): Read timed out. (read timeout=30)"
2026-09-20T23:41:07.949777+00:00,0,30107.63,"HTTPConnectionPool(host='cheapest-alb-1599766835.us-east-1.elb.amazonaws.com', port=80): Read timed out. (read timeout=30)"
2026-09-20T23:41:07.970892+00:00,0,30086.87,"HTTPConnectionPool(host='cheapest-alb-1599766835.us-east-1.elb.amazonaws.com', port=80): Read timed out. (read timeout=30)"
2026-09-20T23:41:07.993174+00:00,0,30087.5,"HTTPConnectionPool(host='cheapest-alb-1599766835.us-east-1.elb.amazonaws.com', port=80): Read timed out. (read timeout=30)"
2026-09-20T23:41:08.005191+00:00,0,30077.06,"HTTPConnectionPool(host='cheapest-alb-1599766835.us-east-1.elb.amazonaws.com', port=80): Read timed out. (read timeout=30)"
2026-09-20T23:41:07.982356+00:00,0,30098.98,"HTTPConnectionPool(host='cheapest-alb-1599766835.us-east-1.elb.amazonaws.com', port=80): Read timed out. (read timeout=30)"
2026-09-20T23:41:08.037628+00:00,0,30075.42,"HTTPConnectionPool(host='cheapest-alb-1599766835.us-east-1.elb.amazonaws.com', port=80): Read timed out. (read timeout=30)"
2026-09-20T23:41:08.026495+00:00,0,30086.64,"HTTPConnectionPool(host='cheapest-alb-1599766835.us-east-1.elb.amazonaws.com', port=80): Read timed out. (read timeout=30)"
2026-09-20T23:41:08.016002+00:00,0,30098.27,"HTTPConnectionPool(host='cheapest-alb-1599766835.us-east-1.elb.amazonaws.com', port=80): Read timed out. (read timeout=30)"
2026-09-20T23:41:08.061337+00:00,0,30084.4,"HTTPConnectionPool(host='cheapest-alb-1599766835.us-east-1.elb.amazonaws.com', port=80): Read timed out. (read timeout=30)"
2026-09-20T23:41:08.049705+00:00,0,30094.97,"HTTPConnectionPool(host='cheapest-alb-1599766835.us-east-1.elb.amazonaws.com', port=80): Read timed out. (read timeout=30)"
2026-09-20T23:41:08.071282+00:00,0,30090.62,"HTTPConnectionPool(host='cheapest-alb-1599766835.us-east-1.elb.amazonaws.com', port=80): Read timed out. (read timeout=30)"
2026-09-20T23:41:08.084359+00:00,0,30092.74,"HTTPConnectionPool(host='cheapest-alb-1599766835.us-east-1.elb.amazonaws.com', port=80): Read timed out. (read timeout=30)"
2026-09-20T23:41:08.094353+00:00,0,30083.47,"HTTPConnectionPool(host='cheapest-alb-1599766835.us-east-1.elb.amazonaws.com', port=80): Read timed out. (read timeout=30)"
2026-09-20T23:41:08.104914+00:00,0,30087.48,"HTTPConnectionPool(host='cheapest-alb-1599766835.us-east-1.elb.amazonaws.com', port=80): Read timed out. (read timeout=30)"
2026-09-20T23:41:08.128236+00:00,0,30081.32,"HTTPConnectionPool(host='cheapest-alb-1599766835.us-east-1.elb.amazonaws.com', port=80): Read timed out. (read timeout=30)"
2026-09-20T23:41:08.137639+00:00,0,30085.87,"HTTPConnectionPool(host='cheapest-alb-1599766835.us-east-1.elb.amazonaws.com', port=80): Read timed out. (read timeout=30)"
2026-09-20T23:41:08.116325+00:00,0,30109.51,"HTTPConnectionPool(host='cheapest-alb-1599766835.us-east-1.elb.amazonaws.com', port=80): Read timed out. (read timeout=30)"
2026-09-20T23:41:08.160066+00:00,0,30081.59,"HTTPConnectionPool(host='cheapest-alb-1599766835.us-east-1.elb.amazonaws.com', port=80): Read timed out. (read timeout=30)"
2026-09-20T23:41:08.149727+00:00,0,30107.41,"HTTPConnectionPool(host='cheapest-alb-1599766835.us-east-1.elb.amazonaws.com', port=80): Read timed out. (read timeout=30)"
2026-09-20T23:41:08.183662+00:00,0,30090.18,"HTTPConnectionPool(host='cheapest-alb-1599766835.us-east-1.elb.amazonaws.com', port=80): Read timed out. (read timeout=30)"
2026-09-20T23:41:08.171750+00:00,0,30102.16,"HTTPConnectionPool(host='cheapest-alb-1599766835.us-east-1.elb.amazonaws.com', port=80): Read timed out. (read timeout=30)"
2026-09-20T23:41:08.198530+00:00,0,30091.13,"HTTPConnectionPool(host='cheapest-alb-1599766835.us-east-1.elb.amazonaws.com', port=80): Read timed out. (read timeout=30)"
2026-09-20T23:41:08.204075+00:00,0,30084.49,"HTTPConnectionPool(host='cheapest-alb-1599766835.us-east-1.elb.amazonaws.com', port=80): Read timed out. (read timeout=30)"
2026-09-20T23:41:08.227282+00:00,0,30088.24,"HTTPConnectionPool(host='cheapest-alb-1599766835.us-east-1.elb.amazonaws.com', port=80): Read timed out. (read timeout=30)"
2026-09-20T23:41:08.217464+00:00,0,30098.0,"HTTPConnectionPool(host='cheapest-alb-1599766835.us-east-1.elb.amazonaws.com', port=80): Read timed out. (read timeout=30)"
2026-09-20T23:41:08.249372+00:00,0,30073.33,"HTTPConnectionPool(host='cheapest-alb-1599766835.us-east-1.elb.amazonaws.com', port=80): Read timed out. (read timeout=30)"
2026-09-20T23:41:08.238317+00:00,0,30102.31,"HTTPConnectionPool(host='cheapest-alb-1599766835.us-east-1.elb.amazonaws.com', port=80): Read timed out. (read timeout=30)"
2026-09-20T23:41:08.260260+00:00,0,30080.52,"HTTPConnectionPool(host='cheapest-alb-1599766835.us-east-1.elb.amazonaws.com', port=80): Read timed out. (read timeout=30)"
2026-09-20T23:41:08.271705+00:00,0,30103.4,"HTTPConnectionPool(host='cheapest-alb-1599766835.us-east-1.elb.amazonaws.com', port=80): Read timed out. (read timeout=30)"
2026-09-20T23:41:08.282672+00:00,0,30092.67,"HTTPConnectionPool(host='cheapest-alb-1599766835.us-east-1.elb.amazonaws.com', port=80): Read timed out. (read timeout=30)"
2026-09-20T23:41:08.293698+00:00,0,30081.7,"HTTPConnectionPool(host='cheapest-alb-1599766835.us-east-1.elb.amazonaws.com', port=80): Read timed out. (read timeout=30)"
2026-09-20T23:41:08.304205+00:00,0,30082.79,"HTTPConnectionPool(host='cheapest-alb-1599766835.us-east-1.elb.amazonaws.com', port=80): Read timed out. (read timeout=30)"
2026-09-20T23:41:08.338212+00:00,0,30082.16,"HTTPConnectionPool(host='cheapest-alb-1599766835.us-east-1.elb.amazonaws.com', port=80): Read timed out. (read timeout=30)"
2026-09-20T23:41:08.315377+00:00,0,30104.36,"HTTPConnectionPool(host='cheapest-alb-1599766835.us-east-1.elb.amazonaws.com', port=80): Read timed out. (read timeout=30)"
2026-09-20T23:41:08.348761+00:00,0,30087.29,"HTTPConnectionPool(host='cheapest-alb-1599766835.us-east-1.elb.amazonaws.com', port=80): Read timed out. (read timeout=30)"
2026-09-20T23:41:08.327947+00:00,0,30107.81,"HTTPConnectionPool(host='cheapest-alb-1599766835.us-east-1.elb.amazonaws.com', port=80): Read timed out. (read timeout=30)"
2026-09-20T23:41:08.360002+00:00,0,30087.54,"HTTPConnectionPool(host='cheapest-alb-1599766835.us-east-1.elb.amazonaws.com', port=80): Read timed out. (read timeout=30)"
2026-09-20T23:41:08.371126+00:00,0,30078.28,"HTTPConnectionPool(host='cheapest-alb-1599766835.us-east-1.elb.amazonaws.com', port=80): Read timed out. (read timeout=30)"
2026-09-20T23:41:08.383557+00:00,0,30079.64,"HTTPConnectionPool(host='cheapest-alb-1599766835.us-east-1.elb.amazonaws.com', port=80): Read timed out. (read timeout=30)"
2026-09-20T23:41:08.393126+00:00,0,30086.97,"HTTPConnectionPool(host='cheapest-alb-1599766835.us-east-1.elb.amazonaws.com', port=80): Read timed out. (read timeout=30)"
2026-09-20T23:41:08.416082+00:00,0,30079.7,"HTTPConnectionPool(host='cheapest-alb-1599766835.us-east-1.elb.amazonaws.com', port=80): Read timed out. (read timeout=30)"
2026-09-20T23:41:08.426884+00:00,0,30084.79,"HTTPConnectionPool(host='cheapest-alb-1599766835.us-east-1.elb.amazonaws.com', port=80): Read timed out. (read timeout=30)"
2026-09-20T23:41:08.405141+00:00,0,30106.96,"HTTPConnectionPool(host='cheapest-alb-1599766835.us-east-1.elb.amazonaws.com', port=80): Read timed out. (read timeout=30)"
2026-09-20T23:41:08.437797+00:00,0,30089.93,"HTTPConnectionPool(host='cheapest-alb-1599766835.us-east-1.elb.amazonaws.com', port=80): Read timed out. (read timeout=30)"
2026-09-20T23:41:08.449215+00:00,0,30078.89,"HTTPConnectionPool(host='cheapest-alb-1599766835.us-east-1.elb.amazonaws.com', port=80): Read timed out. (read timeout=30)"
2026-09-20T23:41:08.460605+00:00,0,30082.91,"HTTPConnectionPool(host='cheapest-alb-1599766835.us-east-1.elb.amazonaws.com', port=80): Read timed out. (read timeout=30)"
2026-09-20T23:41:08.471245+00:00,0,30073.85,"HTTPConnectionPool(host='cheapest-alb-1599766835.us-east-1.elb.amazonaws.com', port=80): Read timed out. (read timeout=30)"
2026-09-20T23:41:08.482663+00:00,0,30093.21,"HTTPConnectionPool(host='cheapest-alb-1599766835.us-east-1.elb.amazonaws.com', port=80): Read timed out. (read timeout=30)"
2026-09-20T23:41:08.493059+00:00,0,30098.37,"HTTPConnectionPool(host='cheapest-alb-1599766835.us-east-1.elb.amazonaws.com', port=80): Read timed out. (read timeout=30)"
2026-09-20T23:41:08.505697+00:00,0,30086.03,"HTTPConnectionPool(host='cheapest-alb-1599766835.us-east-1.elb.amazonaws.com', port=80): Read timed out. (read timeout=30)"
2026-09-20T23:41:08.526412+00:00,0,30080.27,"HTTPConnectionPool(host='cheapest-alb-1599766835.us-east-1.elb.amazonaws.com', port=80): Read timed out. (read timeout=30)"
2026-09-20T23:41:08.516798+00:00,0,30091.6,"HTTPConnectionPool(host='cheapest-alb-1599766835.us-east-1.elb.amazonaws.com', port=80): Read timed out. (read timeout=30)"
2026-09-20T23:41:08.554928+00:00,0,30076.43,"HTTPConnectionPool(host='cheapest-alb-1599766835.us-east-1.elb.amazonaws.com', port=80): Read timed out. (read timeout=30)"
2026-09-20T23:41:08.537756+00:00,0,30095.02,"HTTPConnectionPool(host='cheapest-alb-1599766835.us-east-1.elb.amazonaws.com', port=80): Read timed out. (read timeout=30)"
2026-09-20T23:41:08.571027+00:00,0,30077.12,"HTTPConnectionPool(host='cheapest-alb-1599766835.us-east-1.elb.amazonaws.com', port=80): Read timed out. (read timeout=30)"
2026-09-20T23:41:08.559772+00:00,0,30102.63,"HTTPConnectionPool(host='cheapest-alb-1599766835.us-east-1.elb.amazonaws.com', port=80): Read timed out. (read timeout=30)"
2026-09-20T23:41:08.594492+00:00,0,30084.8,"HTTPConnectionPool(host='cheapest-alb-1599766835.us-east-1.elb.amazonaws.com', port=80): Read timed out. (read timeout=30)"
2026-09-20T23:41:08.582090+00:00,0,30097.32,"HTTPConnectionPool(host='cheapest-alb-1599766835.us-east-1.elb.amazonaws.com', port=80): Read timed out. (read timeout=30)"
2026-09-20T23:41:08.604650+00:00,0,30090.01,"HTTPConnectionPool(host='cheapest-alb-1599766835.us-east-1.elb.amazonaws.com', port=80): Read timed out. (read timeout=30)"
2026-09-20T23:41:08.616497+00:00,0,30095.19,"HTTPConnectionPool(host='cheapest-alb-1599766835.us-east-1.elb.amazonaws.com', port=80): Read timed out. (read timeout=30)"
2026-09-20T23:41:08.628089+00:00,0,30099.41,"HTTPConnectionPool(host='cheapest-alb-1599766835.us-east-1.elb.amazonaws.com', port=80): Read timed out. (read timeout=30)"
2026-09-20T23:41:08.659828+00:00,0,30083.53,"HTTPConnectionPool(host='cheapest-alb-1599766835.us-east-1.elb.amazonaws.com', port=80): Read timed out. (read timeout=30)"
2026-09-20T23:41:08.671268+00:00,0,30088.28,"HTTPConnectionPool(host='cheapest-alb-1599766835.us-east-1.elb.amazonaws.com', port=80): Read timed out. (read timeout=30)"
2026-09-20T23:41:08.638204+00:00,0,30120.11,"HTTPConnectionPool(host='cheapest-alb-1599766835.us-east-1.elb.amazonaws.com', port=80): Read timed out. (read timeout=30)"
2026-09-20T23:41:08.648819+00:00,0,30111.08,"HTTPConnectionPool(host='cheapest-alb-1599766835.us-east-1.elb.amazonaws.com', port=80): Read timed out. (read timeout=30)"
2026-09-20T23:41:08.682688+00:00,0,30092.75,"HTTPConnectionPool(host='cheapest-alb-1599766835.us-east-1.elb.amazonaws.com', port=80): Read timed out. (read timeout=30)"
2026-09-20T23:41:08.693580+00:00,0,30082.06,"HTTPConnectionPool(host='cheapest-alb-1599766835.us-east-1.elb.amazonaws.com', port=80): Read timed out. (read timeout=30)"
2026-09-20T23:41:08.705106+00:00,0,30085.0,"HTTPConnectionPool(host='cheapest-alb-1599766835.us-east-1.elb.amazonaws.com', port=80): Read timed out. (read timeout=30)"
2026-09-20T23:41:08.715516+00:00,0,30097.41,"HTTPConnectionPool(host='cheapest-alb-1599766835.us-east-1.elb.amazonaws.com', port=80): Read timed out. (read timeout=30)"
2026-09-20T23:41:08.749272+00:00,0,30085.19,"HTTPConnectionPool(host='cheapest-alb-1599766835.us-east-1.elb.amazonaws.com', port=80): Read timed out. (read timeout=30)"
2026-09-20T23:41:08.738230+00:00,0,30096.87,"HTTPConnectionPool(host='cheapest-alb-1599766835.us-east-1.elb.amazonaws.com', port=80): Read timed out. (read timeout=30)"
2026-09-20T23:41:08.727913+00:00,0,30107.37,"HTTPConnectionPool(host='cheapest-alb-1599766835.us-east-1.elb.amazonaws.com', port=80): Read timed out. (read timeout=30)"
2026-09-20T23:41:08.761102+00:00,0,30086.15,"HTTPConnectionPool(host='cheapest-alb-1599766835.us-east-1.elb.amazonaws.com', port=80): Read timed out. (read timeout=30)"
2026-09-20T23:41:08.773661+00:00,0,30089.8,"HTTPConnectionPool(host='cheapest-alb-1599766835.us-east-1.elb.amazonaws.com', port=80): Read timed out. (read timeout=30)"
2026-09-20T23:41:08.782390+00:00,0,30081.38,"HTTPConnectionPool(host='cheapest-alb-1599766835.us-east-1.elb.amazonaws.com', port=80): Read timed out. (read timeout=30)"
2026-09-20T23:41:08.792819+00:00,0,30085.15,"HTTPConnectionPool(host='cheapest-alb-1599766835.us-east-1.elb.amazonaws.com', port=80): Read timed out. (read timeout=30)"
2026-09-20T23:41:08.804767+00:00,0,30089.28,"HTTPConnectionPool(host='cheapest-alb-1599766835.us-east-1.elb.amazonaws.com', port=80): Read timed out. (read timeout=30)"
2026-09-20T23:41:08.815295+00:00,0,30080.36,"HTTPConnectionPool(host='cheapest-alb-1599766835.us-east-1.elb.amazonaws.com', port=80): Read timed out. (read timeout=30)"
2026-09-20T23:41:08.831191+00:00,0,30096.25,"HTTPConnectionPool(host='cheapest-alb-1599766835.us-east-1.elb.amazonaws.com', port=80): Read timed out. (read timeout=30)"
2026-09-20T23:41:08.838790+00:00,0,30088.05,"HTTPConnectionPool(host='cheapest-alb-1599766835.us-east-1.elb.amazonaws.com', port=80): Read timed out. (read timeout=30)"
2026-09-20T23:41:08.849643+00:00,0,30078.06,"HTTPConnectionPool(host='cheapest-alb-1599766835.us-east-1.elb.amazonaws.com', port=80): Read timed out. (read timeout=30)"
2026-09-20T23:41:08.871477+00:00,0,30103.39,"HTTPConnectionPool(host='cheapest-alb-1599766835.us-east-1.elb.amazonaws.com', port=80): Read timed out. (read timeout=30)"
2026-09-20T23:41:08.860939+00:00,0,30114.21,"HTTPConnectionPool(host='cheapest-alb-1599766835.us-east-1.elb.amazonaws.com', port=80): Read timed out. (read timeout=30)"
2026-09-20T23:41:08.882536+00:00,0,30107.56,"HTTPConnectionPool(host='cheapest-alb-1599766835.us-east-1.elb.amazonaws.com', port=80): Read timed out. (read timeout=30)"
2026-09-20T23:41:08.904789+00:00,0,30101.4,"HTTPConnectionPool(host='cheapest-alb-1599766835.us-east-1.elb.amazonaws.com', port=80): Read timed out. (read timeout=30)"
2026-09-20T23:41:08.893061+00:00,0,30113.55,"HTTPConnectionPool(host='cheapest-alb-1599766835.us-east-1.elb.amazonaws.com', port=80): Read timed out. (read timeout=30)"
2026-09-20T23:41:08.916247+00:00,0,30097.61,"HTTPConnectionPool(host='cheapest-alb-1599766835.us-east-1.elb.amazonaws.com', port=80): Read timed out. (read timeout=30)"
2026-09-20T23:41:08.949680+00:00,0,30082.02,"HTTPConnectionPool(host='cheapest-alb-1599766835.us-east-1.elb.amazonaws.com', port=80): Read timed out. (read timeout=30)"
2026-09-20T23:41:08.926414+00:00,0,30105.54,"HTTPConnectionPool(host='cheapest-alb-1599766835.us-east-1.elb.amazonaws.com', port=80): Read timed out. (read timeout=30)"
2026-09-20T23:41:08.937893+00:00,0,30108.12,"HTTPConnectionPool(host='cheapest-alb-1599766835.us-east-1.elb.amazonaws.com', port=80): Read timed out. (read timeout=30)"
2026-09-20T23:41:08.960961+00:00,0,30086.14,"HTTPConnectionPool(host='cheapest-alb-1599766835.us-east-1.elb.amazonaws.com', port=80): Read timed out. (read timeout=30)"
2026-09-20T23:41:08.971147+00:00,0,30106.78,"HTTPConnectionPool(host='cheapest-alb-1599766835.us-east-1.elb.amazonaws.com', port=80): Read timed out. (read timeout=30)"
2026-09-20T23:41:08.994467+00:00,0,30083.4,"HTTPConnectionPool(host='cheapest-alb-1599766835.us-east-1.elb.amazonaws.com', port=80): Read timed out. (read timeout=30)"
2026-09-20T23:41:08.982268+00:00,0,30112.94,"HTTPConnectionPool(host='cheapest-alb-1599766835.us-east-1.elb.amazonaws.com', port=80): Read timed out. (read timeout=30)"
2026-09-20T23:41:09.005537+00:00,0,30089.01,"HTTPConnectionPool(host='cheapest-alb-1599766835.us-east-1.elb.amazonaws.com', port=80): Read timed out. (read timeout=30)"
2026-09-20T23:41:09.026554+00:00,0,30085.09,"HTTPConnectionPool(host='cheapest-alb-1599766835.us-east-1.elb.amazonaws.com', port=80): Read timed out. (read timeout=30)"
2026-09-20T23:41:09.016262+00:00,0,30094.52,"HTTPConnectionPool(host='cheapest-alb-1599766835.us-east-1.elb.amazonaws.com', port=80): Read timed out. (read timeout=30)"
2026-09-20T23:41:09.049278+00:00,0,30076.93,"HTTPConnectionPool(host='cheapest-alb-1599766835.us-east-1.elb.amazonaws.com', port=80): Read timed out. (read timeout=30)"
2026-09-20T23:41:09.038572+00:00,0,30089.2,"HTTPConnectionPool(host='cheapest-alb-1599766835.us-east-1.elb.amazonaws.com', port=80): Read timed out. (read timeout=30)"
2026-09-20T23:41:09.061040+00:00,0,30098.49,"HTTPConnectionPool(host='cheapest-alb-1599766835.us-east-1.elb.amazonaws.com', port=80): Read timed out. (read timeout=30)"
2026-09-20T23:41:09.082635+00:00,0,30091.65,"HTTPConnectionPool(host='cheapest-alb-1599766835.us-east-1.elb.amazonaws.com', port=80): Read timed out. (read timeout=30)"
2026-09-20T23:41:09.070815+00:00,0,30103.55,"HTTPConnectionPool(host='cheapest-alb-1599766835.us-east-1.elb.amazonaws.com', port=80): Read timed out. (read timeout=30)"
2026-09-20T23:41:09.093462+00:00,0,30097.39,"HTTPConnectionPool(host='cheapest-alb-1599766835.us-east-1.elb.amazonaws.com', port=80): Read timed out. (read timeout=30)"
2026-09-20T23:41:09.105107+00:00,0,30087.02,"HTTPConnectionPool(host='cheapest-alb-1599766835.us-east-1.elb.amazonaws.com', port=80): Read timed out. (read timeout=30)"
2026-09-20T23:41:09.126530+00:00,0,30088.87,"HTTPConnectionPool(host='cheapest-alb-1599766835.us-east-1.elb.amazonaws.com', port=80): Read timed out. (read timeout=30)"
2026-09-20T23:41:09.115560+00:00,0,30100.08,"HTTPConnectionPool(host='cheapest-alb-1599766835.us-east-1.elb.amazonaws.com', port=80): Read timed out. (read timeout=30)"
2026-09-20T23:41:09.150126+00:00,0,30081.12,"HTTPConnectionPool(host='cheapest-alb-1599766835.us-east-1.elb.amazonaws.com', port=80): Read timed out. (read timeout=30)"
2026-09-20T23:41:09.137544+00:00,0,30094.06,"HTTPConnectionPool(host='cheapest-alb-1599766835.us-east-1.elb.amazonaws.com', port=80): Read timed out. (read timeout=30)"
2026-09-20T23:41:09.160758+00:00,0,30086.39,"HTTPConnectionPool(host='cheapest-alb-1599766835.us-east-1.elb.amazonaws.com', port=80): Read timed out. (read timeout=30)"
2026-09-20T23:41:09.170886+00:00,0,30082.45,"HTTPConnectionPool(host='cheapest-alb-1599766835.us-east-1.elb.amazonaws.com', port=80): Read timed out. (read timeout=30)"
2026-09-20T23:41:09.194073+00:00,0,30089.95,"HTTPConnectionPool(host='cheapest-alb-1599766835.us-east-1.elb.amazonaws.com', port=80): Read timed out. (read timeout=30)"
2026-09-20T23:41:09.181877+00:00,0,30102.12,"HTTPConnectionPool(host='cheapest-alb-1599766835.us-east-1.elb.amazonaws.com', port=80): Read timed out. (read timeout=30)"
2026-09-20T23:41:09.215556+00:00,0,30095.84,"HTTPConnectionPool(host='cheapest-alb-1599766835.us-east-1.elb.amazonaws.com', port=80): Read timed out. (read timeout=30)"
2026-09-20T23:41:09.205281+00:00,0,30107.61,"HTTPConnectionPool(host='cheapest-alb-1599766835.us-east-1.elb.amazonaws.com', port=80): Read timed out. (read timeout=30)"
2026-09-20T23:41:09.226288+00:00,0,30101.95,"HTTPConnectionPool(host='cheapest-alb-1599766835.us-east-1.elb.amazonaws.com', port=80): Read timed out. (read timeout=30)"
2026-09-20T23:41:09.250038+00:00,0,30094.12,"HTTPConnectionPool(host='cheapest-alb-1599766835.us-east-1.elb.amazonaws.com', port=80): Read timed out. (read timeout=30)"
2026-09-20T23:41:09.237573+00:00,0,30106.83,"HTTPConnectionPool(host='cheapest-alb-1599766835.us-east-1.elb.amazonaws.com', port=80): Read timed out. (read timeout=30)"
2026-09-20T23:41:09.259867+00:00,0,30099.96,"HTTPConnectionPool(host='cheapest-alb-1599766835.us-east-1.elb.amazonaws.com', port=80): Read timed out. (read timeout=30)"
2026-09-20T23:41:09.272006+00:00,0,30088.57,"HTTPConnectionPool(host='cheapest-alb-1599766835.us-east-1.elb.amazonaws.com', port=80): Read timed out. (read timeout=30)"
2026-09-20T23:41:09.283378+00:00,0,30091.3,"HTTPConnectionPool(host='cheapest-alb-1599766835.us-east-1.elb.amazonaws.com', port=80): Read timed out. (read timeout=30)"
2026-09-20T23:41:09.293643+00:00,0,30081.04,"HTTPConnectionPool(host='cheapest-alb-1599766835.us-east-1.elb.amazonaws.com', port=80): Read timed out. (read timeout=30)"
2026-09-20T23:41:09.305490+00:00,0,30078.67,"HTTPConnectionPool(host='cheapest-alb-1599766835.us-east-1.elb.amazonaws.com', port=80): Read timed out. (read timeout=30)"
2026-09-20T23:41:09.315499+00:00,0,30076.56,"HTTPConnectionPool(host='cheapest-alb-1599766835.us-east-1.elb.amazonaws.com', port=80): Read timed out. (read timeout=30)"
2026-09-20T23:41:09.327064+00:00,0,30080.47,"HTTPConnectionPool(host='cheapest-alb-1599766835.us-east-1.elb.amazonaws.com', port=80): Read timed out. (read timeout=30)"
2026-09-20T23:41:09.337958+00:00,0,30085.27,"HTTPConnectionPool(host='cheapest-alb-1599766835.us-east-1.elb.amazonaws.com', port=80): Read timed out. (read timeout=30)"
2026-09-20T23:41:09.349384+00:00,0,30089.86,"HTTPConnectionPool(host='cheapest-alb-1599766835.us-east-1.elb.amazonaws.com', port=80): Read timed out. (read timeout=30)"
2026-09-20T23:41:09.382271+00:00,0,30082.1,"HTTPConnectionPool(host='cheapest-alb-1599766835.us-east-1.elb.amazonaws.com', port=80): Read timed out. (read timeout=30)"
2026-09-20T23:41:09.361488+00:00,0,30103.45,"HTTPConnectionPool(host='cheapest-alb-1599766835.us-east-1.elb.amazonaws.com', port=80): Read timed out. (read timeout=30)"
2026-09-20T23:41:09.371908+00:00,0,30108.87,"HTTPConnectionPool(host='cheapest-alb-1599766835.us-east-1.elb.amazonaws.com', port=80): Read timed out. (read timeout=30)"
2026-09-20T23:41:09.404473+00:00,0,30076.3,"HTTPConnectionPool(host='cheapest-alb-1599766835.us-east-1.elb.amazonaws.com', port=80): Read timed out. (read timeout=30)"
2026-09-20T23:41:09.393122+00:00,0,30103.26,"HTTPConnectionPool(host='cheapest-alb-1599766835.us-east-1.elb.amazonaws.com', port=80): Read timed out. (read timeout=30)"
2026-09-20T23:41:09.427877+00:00,0,30085.51,"HTTPConnectionPool(host='cheapest-alb-1599766835.us-east-1.elb.amazonaws.com', port=80): Read timed out. (read timeout=30)"
2026-09-20T23:41:09.416211+00:00,0,30097.04,"HTTPConnectionPool(host='cheapest-alb-1599766835.us-east-1.elb.amazonaws.com', port=80): Read timed out. (read timeout=30)"
2026-09-20T23:41:09.438192+00:00,0,30089.84,"HTTPConnectionPool(host='cheapest-alb-1599766835.us-east-1.elb.amazonaws.com', port=80): Read timed out. (read timeout=30)"
2026-09-20T23:41:09.450981+00:00,0,30078.57,"HTTPConnectionPool(host='cheapest-alb-1599766835.us-east-1.elb.amazonaws.com', port=80): Read timed out. (read timeout=30)"
2026-09-20T23:41:09.460999+00:00,0,30084.07,"HTTPConnectionPool(host='cheapest-alb-1599766835.us-east-1.elb.amazonaws.com', port=80): Read timed out. (read timeout=30)"
2026-09-20T23:41:09.472155+00:00,0,30087.65,"HTTPConnectionPool(host='cheapest-alb-1599766835.us-east-1.elb.amazonaws.com', port=80): Read timed out. (read timeout=30)"
2026-09-20T23:41:09.483348+00:00,0,30077.65,"HTTPConnectionPool(host='cheapest-alb-1599766835.us-east-1.elb.amazonaws.com', port=80): Read timed out. (read timeout=30)"
2026-09-20T23:41:09.493793+00:00,0,30080.96,"HTTPConnectionPool(host='cheapest-alb-1599766835.us-east-1.elb.amazonaws.com', port=80): Read timed out. (read timeout=30)"
2026-09-20T23:41:09.505577+00:00,0,30086.16,"HTTPConnectionPool(host='cheapest-alb-1599766835.us-east-1.elb.amazonaws.com', port=80): Read timed out. (read timeout=30)"
2026-09-20T23:41:09.517109+00:00,0,30091.03,"HTTPConnectionPool(host='cheapest-alb-1599766835.us-east-1.elb.amazonaws.com', port=80): Read timed out. (read timeout=30)"
2026-09-20T23:41:09.527204+00:00,0,30081.48,"HTTPConnectionPool(host='cheapest-alb-1599766835.us-east-1.elb.amazonaws.com', port=80): Read timed out. (read timeout=30)"
2026-09-20T23:41:09.538594+00:00,0,30094.56,"HTTPConnectionPool(host='cheapest-alb-1599766835.us-east-1.elb.amazonaws.com', port=80): Read timed out. (read timeout=30)"
2026-09-20T23:41:09.550050+00:00,0,30082.36,"HTTPConnectionPool(host='cheapest-alb-1599766835.us-east-1.elb.amazonaws.com', port=80): Read timed out. (read timeout=30)"
2026-09-20T23:41:09.559662+00:00,0,30088.63,"HTTPConnectionPool(host='cheapest-alb-1599766835.us-east-1.elb.amazonaws.com', port=80): Read timed out. (read timeout=30)"
2026-09-20T23:41:09.583379+00:00,0,30079.75,"HTTPConnectionPool(host='cheapest-alb-1599766835.us-east-1.elb.amazonaws.com', port=80): Read timed out. (read timeout=30)"
2026-09-20T23:41:09.571970+00:00,0,30092.28,"HTTPConnectionPool(host='cheapest-alb-1599766835.us-east-1.elb.amazonaws.com', port=80): Read timed out. (read timeout=30)"
2026-09-20T23:41:09.604321+00:00,0,30076.06,"HTTPConnectionPool(host='cheapest-alb-1599766835.us-east-1.elb.amazonaws.com', port=80): Read timed out. (read timeout=30)"
2026-09-20T23:41:09.593886+00:00,0,30084.71,"HTTPConnectionPool(host='cheapest-alb-1599766835.us-east-1.elb.amazonaws.com', port=80): Read timed out. (read timeout=30)"
2026-09-20T23:41:09.616360+00:00,0,30095.66,"HTTPConnectionPool(host='cheapest-alb-1599766835.us-east-1.elb.amazonaws.com', port=80): Read timed out. (read timeout=30)"
2026-09-20T23:41:09.637845+00:00,0,30074.37,"HTTPConnectionPool(host='cheapest-alb-1599766835.us-east-1.elb.amazonaws.com', port=80): Read timed out. (read timeout=30)"
2026-09-20T23:41:09.626428+00:00,0,30101.32,"HTTPConnectionPool(host='cheapest-alb-1599766835.us-east-1.elb.amazonaws.com', port=80): Read timed out. (read timeout=30)"
2026-09-20T23:41:09.649485+00:00,0,30095.79,"HTTPConnectionPool(host='cheapest-alb-1599766835.us-east-1.elb.amazonaws.com', port=80): Read timed out. (read timeout=30)"
2026-09-20T23:41:09.659955+00:00,0,30099.95,"HTTPConnectionPool(host='cheapest-alb-1599766835.us-east-1.elb.amazonaws.com', port=80): Read timed out. (read timeout=30)"
2026-09-20T23:41:09.670864+00:00,0,30089.03,"HTTPConnectionPool(host='cheapest-alb-1599766835.us-east-1.elb.amazonaws.com', port=80): Read timed out. (read timeout=30)"
2026-09-20T23:41:09.681798+00:00,0,30092.37,"HTTPConnectionPool(host='cheapest-alb-1599766835.us-east-1.elb.amazonaws.com', port=80): Read timed out. (read timeout=30)"
2026-09-20T23:41:09.693403+00:00,0,30082.8,"HTTPConnectionPool(host='cheapest-alb-1599766835.us-east-1.elb.amazonaws.com', port=80): Read timed out. (read timeout=30)"
2026-09-20T23:41:09.704005+00:00,0,30085.2,"HTTPConnectionPool(host='cheapest-alb-1599766835.us-east-1.elb.amazonaws.com', port=80): Read timed out. (read timeout=30)"
2026-09-20T23:41:09.715459+00:00,0,30090.66,"HTTPConnectionPool(host='cheapest-alb-1599766835.us-east-1.elb.amazonaws.com', port=80): Read timed out. (read timeout=30)"
2026-09-20T23:41:09.737316+00:00,0,30077.9,"HTTPConnectionPool(host='cheapest-alb-1599766835.us-east-1.elb.amazonaws.com', port=80): Read timed out. (read timeout=30)"
2026-09-20T23:41:09.726656+00:00,0,30105.15,"HTTPConnectionPool(host='cheapest-alb-1599766835.us-east-1.elb.amazonaws.com', port=80): Read timed out. (read timeout=30)"
2026-09-20T23:41:09.748970+00:00,0,30083.13,"HTTPConnectionPool(host='cheapest-alb-1599766835.us-east-1.elb.amazonaws.com', port=80): Read timed out. (read timeout=30)"
2026-09-20T23:41:09.762363+00:00,0,30084.8,"HTTPConnectionPool(host='cheapest-alb-1599766835.us-east-1.elb.amazonaws.com', port=80): Read timed out. (read timeout=30)"
2026-09-20T23:41:09.770743+00:00,0,30092.07,"HTTPConnectionPool(host='cheapest-alb-1599766835.us-east-1.elb.amazonaws.com', port=80): Read timed out. (read timeout=30)"
2026-09-20T23:41:09.782428+00:00,0,30079.82,"HTTPConnectionPool(host='cheapest-alb-1599766835.us-east-1.elb.amazonaws.com', port=80): Read timed out. (read timeout=30)"
2026-09-20T23:41:09.793589+00:00,0,30085.0,"HTTPConnectionPool(host='cheapest-alb-1599766835.us-east-1.elb.amazonaws.com', port=80): Read timed out. (read timeout=30)"
2026-09-20T23:41:09.826459+00:00,0,30083.52,"HTTPConnectionPool(host='cheapest-alb-1599766835.us-east-1.elb.amazonaws.com', port=80): Read timed out. (read timeout=30)"
2026-09-20T23:41:09.815842+00:00,0,30094.4,"HTTPConnectionPool(host='cheapest-alb-1599766835.us-east-1.elb.amazonaws.com', port=80): Read timed out. (read timeout=30)"
2026-09-20T23:41:09.804477+00:00,0,30107.38,"HTTPConnectionPool(host='cheapest-alb-1599766835.us-east-1.elb.amazonaws.com', port=80): Read timed out. (read timeout=30)"
2026-09-20T23:41:09.837363+00:00,0,30088.86,"HTTPConnectionPool(host='cheapest-alb-1599766835.us-east-1.elb.amazonaws.com', port=80): Read timed out. (read timeout=30)"
2026-09-20T23:41:09.848849+00:00,0,30093.13,"HTTPConnectionPool(host='cheapest-alb-1599766835.us-east-1.elb.amazonaws.com', port=80): Read timed out. (read timeout=30)"
2026-09-20T23:41:09.870802+00:00,0,30087.14,"HTTPConnectionPool(host='cheapest-alb-1599766835.us-east-1.elb.amazonaws.com', port=80): Read timed out. (read timeout=30)"
2026-09-20T23:41:09.884343+00:00,0,30082.98,"HTTPConnectionPool(host='cheapest-alb-1599766835.us-east-1.elb.amazonaws.com', port=80): Read timed out. (read timeout=30)"
2026-09-20T23:41:09.859966+00:00,0,30108.27,"HTTPConnectionPool(host='cheapest-alb-1599766835.us-east-1.elb.amazonaws.com', port=80): Read timed out. (read timeout=30)"
2026-09-20T23:41:09.894232+00:00,0,30087.84,"HTTPConnectionPool(host='cheapest-alb-1599766835.us-east-1.elb.amazonaws.com', port=80): Read timed out. (read timeout=30)"
2026-09-20T23:41:09.916478+00:00,0,30082.1,"HTTPConnectionPool(host='cheapest-alb-1599766835.us-east-1.elb.amazonaws.com', port=80): Read timed out. (read timeout=30)"
2026-09-20T23:41:09.905521+00:00,0,30106.67,"HTTPConnectionPool(host='cheapest-alb-1599766835.us-east-1.elb.amazonaws.com', port=80): Read timed out. (read timeout=30)"
2026-09-20T23:41:09.927408+00:00,0,30102.39,"HTTPConnectionPool(host='cheapest-alb-1599766835.us-east-1.elb.amazonaws.com', port=80): Read timed out. (read timeout=30)"
2026-09-20T23:41:09.939040+00:00,0,30089.77,"HTTPConnectionPool(host='cheapest-alb-1599766835.us-east-1.elb.amazonaws.com', port=80): Read timed out. (read timeout=30)"
2026-09-20T23:41:09.960690+00:00,0,30084.33,"HTTPConnectionPool(host='cheapest-alb-1599766835.us-east-1.elb.amazonaws.com', port=80): Read timed out. (read timeout=30)"
2026-09-20T23:41:09.948853+00:00,0,30111.3,"HTTPConnectionPool(host='cheapest-alb-1599766835.us-east-1.elb.amazonaws.com', port=80): Read timed out. (read timeout=30)"
2026-09-20T23:41:09.971561+00:00,0,30089.25,"HTTPConnectionPool(host='cheapest-alb-1599766835.us-east-1.elb.amazonaws.com', port=80): Read timed out. (read timeout=30)"
2026-09-20T23:41:09.982642+00:00,0,30094.62,"HTTPConnectionPool(host='cheapest-alb-1599766835.us-east-1.elb.amazonaws.com', port=80): Read timed out. (read timeout=30)"
2026-09-20T23:41:09.993783+00:00,0,30083.68,"HTTPConnectionPool(host='cheapest-alb-1599766835.us-east-1.elb.amazonaws.com', port=80): Read timed out. (read timeout=30)"
2026-09-20T23:41:10.004981+00:00,0,30104.0,"HTTPConnectionPool(host='cheapest-alb-1599766835.us-east-1.elb.amazonaws.com', port=80): Read timed out. (read timeout=30)"
2026-09-20T23:41:10.027691+00:00,0,30081.22,"HTTPConnectionPool(host='cheapest-alb-1599766835.us-east-1.elb.amazonaws.com', port=80): Read timed out. (read timeout=30)"
2026-09-20T23:41:10.037528+00:00,0,30086.47,"HTTPConnectionPool(host='cheapest-alb-1599766835.us-east-1.elb.amazonaws.com', port=80): Read timed out. (read timeout=30)"
2026-09-20T23:41:10.015771+00:00,0,30109.18,"HTTPConnectionPool(host='cheapest-alb-1599766835.us-east-1.elb.amazonaws.com', port=80): Read timed out. (read timeout=30)"
2026-09-20T23:41:10.049442+00:00,0,30090.09,"HTTPConnectionPool(host='cheapest-alb-1599766835.us-east-1.elb.amazonaws.com', port=80): Read timed out. (read timeout=30)"
2026-09-20T23:41:10.071128+00:00,0,30076.3,"HTTPConnectionPool(host='cheapest-alb-1599766835.us-east-1.elb.amazonaws.com', port=80): Read timed out. (read timeout=30)"
2026-09-20T23:41:10.059553+00:00,0,30088.04,"HTTPConnectionPool(host='cheapest-alb-1599766835.us-east-1.elb.amazonaws.com', port=80): Read timed out. (read timeout=30)"
2026-09-20T23:41:10.081893+00:00,0,30081.42,"HTTPConnectionPool(host='cheapest-alb-1599766835.us-east-1.elb.amazonaws.com', port=80): Read timed out. (read timeout=30)"
2026-09-20T23:41:10.093406+00:00,0,30085.6,"HTTPConnectionPool(host='cheapest-alb-1599766835.us-east-1.elb.amazonaws.com', port=80): Read timed out. (read timeout=30)"
2026-09-20T23:41:10.105288+00:00,0,30094.08,"HTTPConnectionPool(host='cheapest-alb-1599766835.us-east-1.elb.amazonaws.com', port=80): Read timed out. (read timeout=30)"
2026-09-20T23:41:10.115689+00:00,0,30096.74,"HTTPConnectionPool(host='cheapest-alb-1599766835.us-east-1.elb.amazonaws.com', port=80): Read timed out. (read timeout=30)"
2026-09-20T23:41:10.127193+00:00,0,30084.73,"HTTPConnectionPool(host='cheapest-alb-1599766835.us-east-1.elb.amazonaws.com', port=80): Read timed out. (read timeout=30)"
2026-09-20T23:41:10.138903+00:00,0,30089.38,"HTTPConnectionPool(host='cheapest-alb-1599766835.us-east-1.elb.amazonaws.com', port=80): Read timed out. (read timeout=30)"
2026-09-20T23:41:10.148901+00:00,0,30079.99,"HTTPConnectionPool(host='cheapest-alb-1599766835.us-east-1.elb.amazonaws.com', port=80): Read timed out. (read timeout=30)"
2026-09-20T23:41:10.159994+00:00,0,30081.97,"HTTPConnectionPool(host='cheapest-alb-1599766835.us-east-1.elb.amazonaws.com', port=80): Read timed out. (read timeout=30)"
2026-09-20T23:41:10.172451+00:00,0,30095.41,"HTTPConnectionPool(host='cheapest-alb-1599766835.us-east-1.elb.amazonaws.com', port=80): Read timed out. (read timeout=30)"
2026-09-20T23:41:10.182781+00:00,0,30083.76,"HTTPConnectionPool(host='cheapest-alb-1599766835.us-east-1.elb.amazonaws.com', port=80): Read timed out. (read timeout=30)"
2026-09-20T23:41:10.195557+00:00,0,30080.69,"HTTPConnectionPool(host='cheapest-alb-1599766835.us-east-1.elb.amazonaws.com', port=80): Read timed out. (read timeout=30)"
2026-09-20T23:41:10.204355+00:00,0,30087.57,"HTTPConnectionPool(host='cheapest-alb-1599766835.us-east-1.elb.amazonaws.com', port=80): Read timed out. (read timeout=30)"
2026-09-20T23:41:10.218621+00:00,0,30089.71,"HTTPConnectionPool(host='cheapest-alb-1599766835.us-east-1.elb.amazonaws.com', port=80): Read timed out. (read timeout=30)"
2026-09-20T23:41:10.227529+00:00,0,30081.06,"HTTPConnectionPool(host='cheapest-alb-1599766835.us-east-1.elb.amazonaws.com', port=80): Read timed out. (read timeout=30)"
2026-09-20T23:41:10.237581+00:00,0,30086.62,"HTTPConnectionPool(host='cheapest-alb-1599766835.us-east-1.elb.amazonaws.com', port=80): Read timed out. (read timeout=30)"
2026-09-20T23:41:10.248860+00:00,0,30091.34,"HTTPConnectionPool(host='cheapest-alb-1599766835.us-east-1.elb.amazonaws.com', port=80): Read timed out. (read timeout=30)"
2026-09-20T23:41:10.283294+00:00,0,30072.88,"HTTPConnectionPool(host='cheapest-alb-1599766835.us-east-1.elb.amazonaws.com', port=80): Read timed out. (read timeout=30)"
2026-09-20T23:41:10.271714+00:00,0,30084.74,"HTTPConnectionPool(host='cheapest-alb-1599766835.us-east-1.elb.amazonaws.com', port=80): Read timed out. (read timeout=30)"
2026-09-20T23:41:10.259715+00:00,0,30096.31,"HTTPConnectionPool(host='cheapest-alb-1599766835.us-east-1.elb.amazonaws.com', port=80): Read timed out. (read timeout=30)"
2026-09-20T23:41:10.293040+00:00,0,30093.42,"HTTPConnectionPool(host='cheapest-alb-1599766835.us-east-1.elb.amazonaws.com', port=80): Read timed out. (read timeout=30)"
2026-09-20T23:41:10.305611+00:00,0,30082.69,"HTTPConnectionPool(host='cheapest-alb-1599766835.us-east-1.elb.amazonaws.com', port=80): Read timed out. (read timeout=30)"
2026-09-20T23:41:10.326869+00:00,0,30075.98,"HTTPConnectionPool(host='cheapest-alb-1599766835.us-east-1.elb.amazonaws.com', port=80): Read timed out. (read timeout=30)"
2026-09-20T23:41:10.317060+00:00,0,30086.81,"HTTPConnectionPool(host='cheapest-alb-1599766835.us-east-1.elb.amazonaws.com', port=80): Read timed out. (read timeout=30)"
2026-09-20T23:41:10.337499+00:00,0,30080.55,"HTTPConnectionPool(host='cheapest-alb-1599766835.us-east-1.elb.amazonaws.com', port=80): Read timed out. (read timeout=30)"
2026-09-20T23:41:10.349623+00:00,0,30086.0,"HTTPConnectionPool(host='cheapest-alb-1599766835.us-east-1.elb.amazonaws.com', port=80): Read timed out. (read timeout=30)"
2026-09-20T23:41:10.360793+00:00,0,30086.73,"HTTPConnectionPool(host='cheapest-alb-1599766835.us-east-1.elb.amazonaws.com', port=80): Read timed out. (read timeout=30)"
2026-09-20T23:41:10.372263+00:00,0,30091.46,"HTTPConnectionPool(host='cheapest-alb-1599766835.us-east-1.elb.amazonaws.com', port=80): Read timed out. (read timeout=30)"
2026-09-20T23:41:10.382956+00:00,0,30081.38,"HTTPConnectionPool(host='cheapest-alb-1599766835.us-east-1.elb.amazonaws.com', port=80): Read timed out. (read timeout=30)"
2026-09-20T23:41:10.394392+00:00,0,30085.4,"HTTPConnectionPool(host='cheapest-alb-1599766835.us-east-1.elb.amazonaws.com', port=80): Read timed out. (read timeout=30)"
2026-09-20T23:41:10.415343+00:00,0,30081.2,"HTTPConnectionPool(host='cheapest-alb-1599766835.us-east-1.elb.amazonaws.com', port=80): Read timed out. (read timeout=30)"
2026-09-20T23:41:10.405731+00:00,0,30105.86,"HTTPConnectionPool(host='cheapest-alb-1599766835.us-east-1.elb.amazonaws.com', port=80): Read timed out. (read timeout=30)"
2026-09-20T23:41:10.427366+00:00,0,30101.36,"HTTPConnectionPool(host='cheapest-alb-1599766835.us-east-1.elb.amazonaws.com', port=80): Read timed out. (read timeout=30)"
2026-09-20T23:41:10.437838+00:00,0,30089.84,"HTTPConnectionPool(host='cheapest-alb-1599766835.us-east-1.elb.amazonaws.com', port=80): Read timed out. (read timeout=30)"
2026-09-20T23:41:10.449743+00:00,0,30093.75,"HTTPConnectionPool(host='cheapest-alb-1599766835.us-east-1.elb.amazonaws.com', port=80): Read timed out. (read timeout=30)"
2026-09-20T23:41:10.461291+00:00,0,30098.8,"HTTPConnectionPool(host='cheapest-alb-1599766835.us-east-1.elb.amazonaws.com', port=80): Read timed out. (read timeout=30)"
2026-09-20T23:41:10.471695+00:00,0,30086.8,"HTTPConnectionPool(host='cheapest-alb-1599766835.us-east-1.elb.amazonaws.com', port=80): Read timed out. (read timeout=30)"
2026-09-20T23:41:10.481822+00:00,0,30076.44,"HTTPConnectionPool(host='cheapest-alb-1599766835.us-east-1.elb.amazonaws.com', port=80): Read timed out. (read timeout=30)"
2026-09-20T23:41:10.493238+00:00,0,30099.09,"HTTPConnectionPool(host='cheapest-alb-1599766835.us-east-1.elb.amazonaws.com', port=80): Read timed out. (read timeout=30)"
2026-09-20T23:41:10.505274+00:00,0,30086.19,"HTTPConnectionPool(host='cheapest-alb-1599766835.us-east-1.elb.amazonaws.com', port=80): Read timed out. (read timeout=30)"
2026-09-20T23:41:10.526507+00:00,0,30087.22,"HTTPConnectionPool(host='cheapest-alb-1599766835.us-east-1.elb.amazonaws.com', port=80): Read timed out. (read timeout=30)"
2026-09-20T23:41:10.516678+00:00,0,30099.21,"HTTPConnectionPool(host='cheapest-alb-1599766835.us-east-1.elb.amazonaws.com', port=80): Read timed out. (read timeout=30)"
2026-09-20T23:41:10.537858+00:00,0,30093.25,"HTTPConnectionPool(host='cheapest-alb-1599766835.us-east-1.elb.amazonaws.com', port=80): Read timed out. (read timeout=30)"
2026-09-20T23:41:10.548898+00:00,0,30083.45,"HTTPConnectionPool(host='cheapest-alb-1599766835.us-east-1.elb.amazonaws.com', port=80): Read timed out. (read timeout=30)"
2026-09-20T23:41:10.559801+00:00,0,30090.43,"HTTPConnectionPool(host='cheapest-alb-1599766835.us-east-1.elb.amazonaws.com', port=80): Read timed out. (read timeout=30)"
2026-09-20T23:41:10.571907+00:00,0,30091.86,"HTTPConnectionPool(host='cheapest-alb-1599766835.us-east-1.elb.amazonaws.com', port=80): Read timed out. (read timeout=30)"
2026-09-20T23:41:10.581915+00:00,0,30082.22,"HTTPConnectionPool(host='cheapest-alb-1599766835.us-east-1.elb.amazonaws.com', port=80): Read timed out. (read timeout=30)"
2026-09-20T23:41:10.594344+00:00,0,30085.83,"HTTPConnectionPool(host='cheapest-alb-1599766835.us-east-1.elb.amazonaws.com', port=80): Read timed out. (read timeout=30)"
2026-09-20T23:41:10.605265+00:00,0,30089.32,"HTTPConnectionPool(host='cheapest-alb-1599766835.us-east-1.elb.amazonaws.com', port=80): Read timed out. (read timeout=30)"
2026-09-20T23:41:10.615879+00:00,0,30080.28,"HTTPConnectionPool(host='cheapest-alb-1599766835.us-east-1.elb.amazonaws.com', port=80): Read timed out. (read timeout=30)"
2026-09-20T23:41:10.627669+00:00,0,30082.11,"HTTPConnectionPool(host='cheapest-alb-1599766835.us-east-1.elb.amazonaws.com', port=80): Read timed out. (read timeout=30)"
2026-09-20T23:41:10.649242+00:00,0,30077.43,"HTTPConnectionPool(host='cheapest-alb-1599766835.us-east-1.elb.amazonaws.com', port=80): Read timed out. (read timeout=30)"
2026-09-20T23:41:10.660985+00:00,0,30082.91,"HTTPConnectionPool(host='cheapest-alb-1599766835.us-east-1.elb.amazonaws.com', port=80): Read timed out. (read timeout=30)"
2026-09-20T23:41:10.638246+00:00,0,30104.52,"HTTPConnectionPool(host='cheapest-alb-1599766835.us-east-1.elb.amazonaws.com', port=80): Read timed out. (read timeout=30)"
2026-09-20T23:41:10.693215+00:00,0,30082.78,"HTTPConnectionPool(host='cheapest-alb-1599766835.us-east-1.elb.amazonaws.com', port=80): Read timed out. (read timeout=30)"
2026-09-20T23:41:10.671724+00:00,0,30102.93,"HTTPConnectionPool(host='cheapest-alb-1599766835.us-east-1.elb.amazonaws.com', port=80): Read timed out. (read timeout=30)"
2026-09-20T23:41:10.715077+00:00,0,30075.85,"HTTPConnectionPool(host='cheapest-alb-1599766835.us-east-1.elb.amazonaws.com', port=80): Read timed out. (read timeout=30)"
2026-09-20T23:41:10.683139+00:00,0,30109.89,"HTTPConnectionPool(host='cheapest-alb-1599766835.us-east-1.elb.amazonaws.com', port=80): Read timed out. (read timeout=30)"
2026-09-20T23:41:10.704252+00:00,0,30103.61,"HTTPConnectionPool(host='cheapest-alb-1599766835.us-east-1.elb.amazonaws.com', port=80): Read timed out. (read timeout=30)"
2026-09-20T23:41:10.727763+00:00,0,30087.14,"HTTPConnectionPool(host='cheapest-alb-1599766835.us-east-1.elb.amazonaws.com', port=80): Read timed out. (read timeout=30)"
2026-09-20T23:41:10.737957+00:00,0,30094.67,"HTTPConnectionPool(host='cheapest-alb-1599766835.us-east-1.elb.amazonaws.com', port=80): Read timed out. (read timeout=30)"
2026-09-20T23:41:10.749300+00:00,0,30083.74,"HTTPConnectionPool(host='cheapest-alb-1599766835.us-east-1.elb.amazonaws.com', port=80): Read timed out. (read timeout=30)"
2026-09-20T23:41:10.761886+00:00,0,30085.04,"HTTPConnectionPool(host='cheapest-alb-1599766835.us-east-1.elb.amazonaws.com', port=80): Read timed out. (read timeout=30)"
2026-09-20T23:41:10.782267+00:00,0,30080.63,"HTTPConnectionPool(host='cheapest-alb-1599766835.us-east-1.elb.amazonaws.com', port=80): Read timed out. (read timeout=30)"
2026-09-20T23:41:10.772101+00:00,0,30092.72,"HTTPConnectionPool(host='cheapest-alb-1599766835.us-east-1.elb.amazonaws.com', port=80): Read timed out. (read timeout=30)"
2026-09-20T23:41:10.793956+00:00,0,30086.49,"HTTPConnectionPool(host='cheapest-alb-1599766835.us-east-1.elb.amazonaws.com', port=80): Read timed out. (read timeout=30)"
2026-09-20T23:41:10.805073+00:00,0,30090.18,"HTTPConnectionPool(host='cheapest-alb-1599766835.us-east-1.elb.amazonaws.com', port=80): Read timed out. (read timeout=30)"
2026-09-20T23:41:10.816371+00:00,0,30078.83,"HTTPConnectionPool(host='cheapest-alb-1599766835.us-east-1.elb.amazonaws.com', port=80): Read timed out. (read timeout=30)"
2026-09-20T23:41:10.861291+00:00,0,30082.27,"HTTPConnectionPool(host='cheapest-alb-1599766835.us-east-1.elb.amazonaws.com', port=80): Read timed out. (read timeout=30)"
2026-09-20T23:41:10.838316+00:00,0,30104.67,"HTTPConnectionPool(host='cheapest-alb-1599766835.us-east-1.elb.amazonaws.com', port=80): Read timed out. (read timeout=30)"
2026-09-20T23:41:10.827027+00:00,0,30116.87,"HTTPConnectionPool(host='cheapest-alb-1599766835.us-east-1.elb.amazonaws.com', port=80): Read timed out. (read timeout=30)"
2026-09-20T23:41:10.849137+00:00,0,30111.55,"HTTPConnectionPool(host='cheapest-alb-1599766835.us-east-1.elb.amazonaws.com', port=80): Read timed out. (read timeout=30)"
2026-09-20T23:41:10.893688+00:00,0,30083.32,"HTTPConnectionPool(host='cheapest-alb-1599766835.us-east-1.elb.amazonaws.com', port=80): Read timed out. (read timeout=30)"
2026-09-20T23:41:10.871783+00:00,0,30104.11,"HTTPConnectionPool(host='cheapest-alb-1599766835.us-east-1.elb.amazonaws.com', port=80): Read timed out. (read timeout=30)"
2026-09-20T23:41:10.905559+00:00,0,30085.43,"HTTPConnectionPool(host='cheapest-alb-1599766835.us-east-1.elb.amazonaws.com', port=80): Read timed out. (read timeout=30)"
2026-09-20T23:41:10.882971+00:00,0,30109.8,"HTTPConnectionPool(host='cheapest-alb-1599766835.us-east-1.elb.amazonaws.com', port=80): Read timed out. (read timeout=30)"
2026-09-20T23:41:10.926939+00:00,0,30080.94,"HTTPConnectionPool(host='cheapest-alb-1599766835.us-east-1.elb.amazonaws.com', port=80): Read timed out. (read timeout=30)"
2026-09-20T23:41:10.915776+00:00,0,30092.09,"HTTPConnectionPool(host='cheapest-alb-1599766835.us-east-1.elb.amazonaws.com', port=80): Read timed out. (read timeout=30)"
2026-09-20T23:41:10.939143+00:00,0,30084.94,"HTTPConnectionPool(host='cheapest-alb-1599766835.us-east-1.elb.amazonaws.com', port=80): Read timed out. (read timeout=30)"
2026-09-20T23:41:10.949754+00:00,0,30098.87,"HTTPConnectionPool(host='cheapest-alb-1599766835.us-east-1.elb.amazonaws.com', port=80): Read timed out. (read timeout=30)"
2026-09-20T23:41:10.960334+00:00,0,30088.65,"HTTPConnectionPool(host='cheapest-alb-1599766835.us-east-1.elb.amazonaws.com', port=80): Read timed out. (read timeout=30)"
2026-09-20T23:41:10.971169+00:00,0,30092.1,"HTTPConnectionPool(host='cheapest-alb-1599766835.us-east-1.elb.amazonaws.com', port=80): Read timed out. (read timeout=30)"
2026-09-20T23:41:10.982516+00:00,0,30080.77,"HTTPConnectionPool(host='cheapest-alb-1599766835.us-east-1.elb.amazonaws.com', port=80): Read timed out. (read timeout=30)"
2026-09-20T23:41:10.993822+00:00,0,30085.97,"HTTPConnectionPool(host='cheapest-alb-1599766835.us-east-1.elb.amazonaws.com', port=80): Read timed out. (read timeout=30)"
2026-09-20T23:41:11.004578+00:00,0,30094.7,"HTTPConnectionPool(host='cheapest-alb-1599766835.us-east-1.elb.amazonaws.com', port=80): Read timed out. (read timeout=30)"
2026-09-20T23:41:11.015499+00:00,0,30083.87,"HTTPConnectionPool(host='cheapest-alb-1599766835.us-east-1.elb.amazonaws.com', port=80): Read timed out. (read timeout=30)"
2026-09-20T23:41:11.026364+00:00,0,30085.35,"HTTPConnectionPool(host='cheapest-alb-1599766835.us-east-1.elb.amazonaws.com', port=80): Read timed out. (read timeout=30)"
2026-09-20T23:41:11.038512+00:00,0,30090.55,"HTTPConnectionPool(host='cheapest-alb-1599766835.us-east-1.elb.amazonaws.com', port=80): Read timed out. (read timeout=30)"
2026-09-20T23:41:11.072344+00:00,0,30087.01,"HTTPConnectionPool(host='cheapest-alb-1599766835.us-east-1.elb.amazonaws.com', port=80): Read timed out. (read timeout=30)"
2026-09-20T23:41:11.048493+00:00,0,30112.98,"HTTPConnectionPool(host='cheapest-alb-1599766835.us-east-1.elb.amazonaws.com', port=80): Read timed out. (read timeout=30)"
2026-09-20T23:41:11.094222+00:00,0,30081.23,"HTTPConnectionPool(host='cheapest-alb-1599766835.us-east-1.elb.amazonaws.com', port=80): Read timed out. (read timeout=30)"
2026-09-20T23:41:11.060619+00:00,0,30114.62,"HTTPConnectionPool(host='cheapest-alb-1599766835.us-east-1.elb.amazonaws.com', port=80): Read timed out. (read timeout=30)"
2026-09-20T23:41:11.104223+00:00,0,30088.88,"HTTPConnectionPool(host='cheapest-alb-1599766835.us-east-1.elb.amazonaws.com', port=80): Read timed out. (read timeout=30)"
2026-09-20T23:41:11.082758+00:00,0,30109.57,"HTTPConnectionPool(host='cheapest-alb-1599766835.us-east-1.elb.amazonaws.com', port=80): Read timed out. (read timeout=30)"
2026-09-20T23:41:11.127334+00:00,0,30079.65,"HTTPConnectionPool(host='cheapest-alb-1599766835.us-east-1.elb.amazonaws.com', port=80): Read timed out. (read timeout=30)"
2026-09-20T23:41:11.138339+00:00,0,30077.86,"HTTPConnectionPool(host='cheapest-alb-1599766835.us-east-1.elb.amazonaws.com', port=80): Read timed out. (read timeout=30)"
2026-09-20T23:41:11.116854+00:00,0,30099.69,"HTTPConnectionPool(host='cheapest-alb-1599766835.us-east-1.elb.amazonaws.com', port=80): Read timed out. (read timeout=30)"
2026-09-20T23:41:11.149440+00:00,0,30081.41,"HTTPConnectionPool(host='cheapest-alb-1599766835.us-east-1.elb.amazonaws.com', port=80): Read timed out. (read timeout=30)"
2026-09-20T23:41:11.161152+00:00,0,30086.82,"HTTPConnectionPool(host='cheapest-alb-1599766835.us-east-1.elb.amazonaws.com', port=80): Read timed out. (read timeout=30)"
2026-09-20T23:41:11.172262+00:00,0,30083.77,"HTTPConnectionPool(host='cheapest-alb-1599766835.us-east-1.elb.amazonaws.com', port=80): Read timed out. (read timeout=30)"
2026-09-20T23:41:11.183451+00:00,0,30106.72,"HTTPConnectionPool(host='cheapest-alb-1599766835.us-east-1.elb.amazonaws.com', port=80): Read timed out. (read timeout=30)"
2026-09-20T23:41:11.195302+00:00,0,30095.81,"HTTPConnectionPool(host='cheapest-alb-1599766835.us-east-1.elb.amazonaws.com', port=80): Read timed out. (read timeout=30)"
2026-09-20T23:41:11.226245+00:00,0,30080.92,"HTTPConnectionPool(host='cheapest-alb-1599766835.us-east-1.elb.amazonaws.com', port=80): Read timed out. (read timeout=30)"
2026-09-20T23:41:11.215415+00:00,0,30090.61,"HTTPConnectionPool(host='cheapest-alb-1599766835.us-east-1.elb.amazonaws.com', port=80): Read timed out. (read timeout=30)"
2026-09-20T23:41:11.204655+00:00,0,30102.85,"HTTPConnectionPool(host='cheapest-alb-1599766835.us-east-1.elb.amazonaws.com', port=80): Read timed out. (read timeout=30)"
2026-09-20T23:41:11.237630+00:00,0,30085.26,"HTTPConnectionPool(host='cheapest-alb-1599766835.us-east-1.elb.amazonaws.com', port=80): Read timed out. (read timeout=30)"
2026-09-20T23:41:11.249846+00:00,0,30089.14,"HTTPConnectionPool(host='cheapest-alb-1599766835.us-east-1.elb.amazonaws.com', port=80): Read timed out. (read timeout=30)"
2026-09-20T23:41:11.271577+00:00,0,30083.29,"HTTPConnectionPool(host='cheapest-alb-1599766835.us-east-1.elb.amazonaws.com', port=80): Read timed out. (read timeout=30)"
2026-09-20T23:41:11.283874+00:00,0,30086.99,"HTTPConnectionPool(host='cheapest-alb-1599766835.us-east-1.elb.amazonaws.com', port=80): Read timed out. (read timeout=30)"
2026-09-20T23:41:11.260742+00:00,0,30109.74,"HTTPConnectionPool(host='cheapest-alb-1599766835.us-east-1.elb.amazonaws.com', port=80): Read timed out. (read timeout=30)"
2026-09-20T23:41:11.305405+00:00,0,30081.55,"HTTPConnectionPool(host='cheapest-alb-1599766835.us-east-1.elb.amazonaws.com', port=80): Read timed out. (read timeout=30)"
2026-09-20T23:41:11.294050+00:00,0,30093.07,"HTTPConnectionPool(host='cheapest-alb-1599766835.us-east-1.elb.amazonaws.com', port=80): Read timed out. (read timeout=30)"
2026-09-20T23:41:11.316204+00:00,0,30085.31,"HTTPConnectionPool(host='cheapest-alb-1599766835.us-east-1.elb.amazonaws.com', port=80): Read timed out. (read timeout=30)"
2026-09-20T23:41:11.326741+00:00,0,30090.7,"HTTPConnectionPool(host='cheapest-alb-1599766835.us-east-1.elb.amazonaws.com', port=80): Read timed out. (read timeout=30)"
2026-09-20T23:41:11.338783+00:00,0,30078.98,"HTTPConnectionPool(host='cheapest-alb-1599766835.us-east-1.elb.amazonaws.com', port=80): Read timed out. (read timeout=30)"
2026-09-20T23:41:11.361059+00:00,0,30087.41,"HTTPConnectionPool(host='cheapest-alb-1599766835.us-east-1.elb.amazonaws.com', port=80): Read timed out. (read timeout=30)"
2026-09-20T23:41:11.348492+00:00,0,30099.88,"HTTPConnectionPool(host='cheapest-alb-1599766835.us-east-1.elb.amazonaws.com', port=80): Read timed out. (read timeout=30)"
2026-09-20T23:41:11.370962+00:00,0,30078.83,"HTTPConnectionPool(host='cheapest-alb-1599766835.us-east-1.elb.amazonaws.com', port=80): Read timed out. (read timeout=30)"
2026-09-20T23:41:11.382647+00:00,0,30099.34,"HTTPConnectionPool(host='cheapest-alb-1599766835.us-east-1.elb.amazonaws.com', port=80): Read timed out. (read timeout=30)"
2026-09-20T23:41:11.394350+00:00,0,30087.94,"HTTPConnectionPool(host='cheapest-alb-1599766835.us-east-1.elb.amazonaws.com', port=80): Read timed out. (read timeout=30)"
2026-09-20T23:41:11.404350+00:00,0,30076.63,"HTTPConnectionPool(host='cheapest-alb-1599766835.us-east-1.elb.amazonaws.com', port=80): Read timed out. (read timeout=30)"
2026-09-20T23:41:11.415589+00:00,0,30081.14,"HTTPConnectionPool(host='cheapest-alb-1599766835.us-east-1.elb.amazonaws.com', port=80): Read timed out. (read timeout=30)"
2026-09-20T23:41:11.439622+00:00,0,30088.91,"HTTPConnectionPool(host='cheapest-alb-1599766835.us-east-1.elb.amazonaws.com', port=80): Read timed out. (read timeout=30)"
2026-09-20T23:41:11.427235+00:00,0,30101.08,"HTTPConnectionPool(host='cheapest-alb-1599766835.us-east-1.elb.amazonaws.com', port=80): Read timed out. (read timeout=30)"
2026-09-20T23:41:11.449771+00:00,0,30096.22,"HTTPConnectionPool(host='cheapest-alb-1599766835.us-east-1.elb.amazonaws.com', port=80): Read timed out. (read timeout=30)"
2026-09-20T23:41:11.460140+00:00,0,30085.39,"HTTPConnectionPool(host='cheapest-alb-1599766835.us-east-1.elb.amazonaws.com', port=80): Read timed out. (read timeout=30)"
2026-09-20T23:41:11.471678+00:00,0,30085.37,"HTTPConnectionPool(host='cheapest-alb-1599766835.us-east-1.elb.amazonaws.com', port=80): Read timed out. (read timeout=30)"
2026-09-20T23:41:11.484433+00:00,0,30097.89,"HTTPConnectionPool(host='cheapest-alb-1599766835.us-east-1.elb.amazonaws.com', port=80): Read timed out. (read timeout=30)"
2026-09-20T23:41:11.493799+00:00,0,30104.63,"HTTPConnectionPool(host='cheapest-alb-1599766835.us-east-1.elb.amazonaws.com', port=80): Read timed out. (read timeout=30)"
2026-09-20T23:41:11.505079+00:00,0,30094.36,"HTTPConnectionPool(host='cheapest-alb-1599766835.us-east-1.elb.amazonaws.com', port=80): Read timed out. (read timeout=30)"
2026-09-20T23:41:11.516772+00:00,0,30096.81,"HTTPConnectionPool(host='cheapest-alb-1599766835.us-east-1.elb.amazonaws.com', port=80): Read timed out. (read timeout=30)"
2026-09-20T23:41:11.527311+00:00,0,30103.39,"HTTPConnectionPool(host='cheapest-alb-1599766835.us-east-1.elb.amazonaws.com', port=80): Read timed out. (read timeout=30)"
2026-09-20T23:41:11.550271+00:00,0,30080.98,"HTTPConnectionPool(host='cheapest-alb-1599766835.us-east-1.elb.amazonaws.com', port=80): Read timed out. (read timeout=30)"
2026-09-20T23:41:11.538866+00:00,0,30108.12,"HTTPConnectionPool(host='cheapest-alb-1599766835.us-east-1.elb.amazonaws.com', port=80): Read timed out. (read timeout=30)"
2026-09-20T23:41:11.559646+00:00,0,30102.4,"HTTPConnectionPool(host='cheapest-alb-1599766835.us-east-1.elb.amazonaws.com', port=80): Read timed out. (read timeout=30)"
2026-09-20T23:41:11.572303+00:00,0,30106.99,"HTTPConnectionPool(host='cheapest-alb-1599766835.us-east-1.elb.amazonaws.com', port=80): Read timed out. (read timeout=30)"
2026-09-20T23:41:11.582862+00:00,0,30095.61,"HTTPConnectionPool(host='cheapest-alb-1599766835.us-east-1.elb.amazonaws.com', port=80): Read timed out. (read timeout=30)"
2026-09-20T23:41:11.592840+00:00,0,30086.14,"HTTPConnectionPool(host='cheapest-alb-1599766835.us-east-1.elb.amazonaws.com', port=80): Read timed out. (read timeout=30)"
2026-09-20T23:41:11.605282+00:00,0,30089.11,"HTTPConnectionPool(host='cheapest-alb-1599766835.us-east-1.elb.amazonaws.com', port=80): Read timed out. (read timeout=30)"
2026-09-20T23:41:11.616386+00:00,0,30110.72,"HTTPConnectionPool(host='cheapest-alb-1599766835.us-east-1.elb.amazonaws.com', port=80): Read timed out. (read timeout=30)"
2026-09-20T23:41:11.626624+00:00,0,30098.89,"HTTPConnectionPool(host='cheapest-alb-1599766835.us-east-1.elb.amazonaws.com', port=80): Read timed out. (read timeout=30)"
2026-09-20T23:41:11.637735+00:00,0,30089.96,"HTTPConnectionPool(host='cheapest-alb-1599766835.us-east-1.elb.amazonaws.com', port=80): Read timed out. (read timeout=30)"
2026-09-20T23:41:11.661082+00:00,0,30097.19,"HTTPConnectionPool(host='cheapest-alb-1599766835.us-east-1.elb.amazonaws.com', port=80): Read timed out. (read timeout=30)"
2026-09-20T23:41:11.671273+00:00,0,30088.39,"HTTPConnectionPool(host='cheapest-alb-1599766835.us-east-1.elb.amazonaws.com', port=80): Read timed out. (read timeout=30)"
2026-09-20T23:41:11.649487+00:00,0,30108.77,"HTTPConnectionPool(host='cheapest-alb-1599766835.us-east-1.elb.amazonaws.com', port=80): Read timed out. (read timeout=30)"
2026-09-20T23:41:11.682288+00:00,0,30093.61,"HTTPConnectionPool(host='cheapest-alb-1599766835.us-east-1.elb.amazonaws.com', port=80): Read timed out. (read timeout=30)"
2026-09-20T23:41:11.693787+00:00,0,30098.03,"HTTPConnectionPool(host='cheapest-alb-1599766835.us-east-1.elb.amazonaws.com', port=80): Read timed out. (read timeout=30)"
2026-09-20T23:41:11.705250+00:00,0,30085.21,"HTTPConnectionPool(host='cheapest-alb-1599766835.us-east-1.elb.amazonaws.com', port=80): Read timed out. (read timeout=30)"
2026-09-20T23:41:11.716764+00:00,0,30083.86,"HTTPConnectionPool(host='cheapest-alb-1599766835.us-east-1.elb.amazonaws.com', port=80): Read timed out. (read timeout=30)"
2026-09-20T23:41:11.726590+00:00,0,30089.38,"HTTPConnectionPool(host='cheapest-alb-1599766835.us-east-1.elb.amazonaws.com', port=80): Read timed out. (read timeout=30)"
2026-09-20T23:41:11.738542+00:00,0,30093.22,"HTTPConnectionPool(host='cheapest-alb-1599766835.us-east-1.elb.amazonaws.com', port=80): Read timed out. (read timeout=30)"
2026-09-20T23:41:11.759842+00:00,0,30288.75,"HTTPConnectionPool(host='cheapest-alb-1599766835.us-east-1.elb.amazonaws.com', port=80): Read timed out. (read timeout=30)"
2026-09-20T23:41:11.815844+00:00,0,30231.93,"HTTPConnectionPool(host='cheapest-alb-1599766835.us-east-1.elb.amazonaws.com', port=80): Read timed out. (read timeout=30)"
2026-09-20T23:41:11.804404+00:00,0,30245.29,"HTTPConnectionPool(host='cheapest-alb-1599766835.us-east-1.elb.amazonaws.com', port=80): Read timed out. (read timeout=30)"
2026-09-20T23:41:11.783212+00:00,0,30266.67,"HTTPConnectionPool(host='cheapest-alb-1599766835.us-east-1.elb.amazonaws.com', port=80): Read timed out. (read timeout=30)"
2026-09-20T23:41:11.793232+00:00,0,30256.91,"HTTPConnectionPool(host='cheapest-alb-1599766835.us-east-1.elb.amazonaws.com', port=80): Read timed out. (read timeout=30)"
2026-09-20T23:41:11.748444+00:00,0,30301.59,"HTTPConnectionPool(host='cheapest-alb-1599766835.us-east-1.elb.amazonaws.com', port=80): Read timed out. (read timeout=30)"
2026-09-20T23:41:11.772025+00:00,0,30291.2,"HTTPConnectionPool(host='cheapest-alb-1599766835.us-east-1.elb.amazonaws.com', port=80): Read timed out. (read timeout=30)"
2026-09-20T23:41:12.039990+00:00,0,30102.19,"HTTPConnectionPool(host='cheapest-alb-1599766835.us-east-1.elb.amazonaws.com', port=80): Read timed out. (read timeout=30)"
2026-09-20T23:41:11.826568+00:00,0,30318.18,"HTTPConnectionPool(host='cheapest-alb-1599766835.us-east-1.elb.amazonaws.com', port=80): Read timed out. (read timeout=30)"
2026-09-20T23:41:12.049093+00:00,0,30112.85,"HTTPConnectionPool(host='cheapest-alb-1599766835.us-east-1.elb.amazonaws.com', port=80): Read timed out. (read timeout=30)"
2026-09-20T23:41:12.049093+00:00,0,30111.29,"HTTPConnectionPool(host='cheapest-alb-1599766835.us-east-1.elb.amazonaws.com', port=80): Read timed out. (read timeout=30)"
2026-09-20T23:41:12.063786+00:00,0,30098.96,"HTTPConnectionPool(host='cheapest-alb-1599766835.us-east-1.elb.amazonaws.com', port=80): Read timed out. (read timeout=30)"
2026-09-20T23:41:12.065808+00:00,0,30099.03,"HTTPConnectionPool(host='cheapest-alb-1599766835.us-east-1.elb.amazonaws.com', port=80): Read timed out. (read timeout=30)"
2026-09-20T23:41:12.049093+00:00,0,30126.18,"HTTPConnectionPool(host='cheapest-alb-1599766835.us-east-1.elb.amazonaws.com', port=80): Read timed out. (read timeout=30)"
2026-09-20T23:41:12.065808+00:00,0,30110.98,"HTTPConnectionPool(host='cheapest-alb-1599766835.us-east-1.elb.amazonaws.com', port=80): Read timed out. (read timeout=30)"
2026-09-20T23:41:12.065808+00:00,0,30109.57,"HTTPConnectionPool(host='cheapest-alb-1599766835.us-east-1.elb.amazonaws.com', port=80): Read timed out. (read timeout=30)"
2026-09-20T23:41:12.082328+00:00,0,30098.95,"HTTPConnectionPool(host='cheapest-alb-1599766835.us-east-1.elb.amazonaws.com', port=80): Read timed out. (read timeout=30)"
2026-09-20T23:41:12.082328+00:00,0,30103.6,"HTTPConnectionPool(host='cheapest-alb-1599766835.us-east-1.elb.amazonaws.com', port=80): Read timed out. (read timeout=30)"
2026-09-20T23:41:12.095395+00:00,0,30098.71,"HTTPConnectionPool(host='cheapest-alb-1599766835.us-east-1.elb.amazonaws.com', port=80): Read timed out. (read timeout=30)"
2026-09-20T23:41:12.097910+00:00,0,30095.81,"HTTPConnectionPool(host='cheapest-alb-1599766835.us-east-1.elb.amazonaws.com', port=80): Read timed out. (read timeout=30)"
2026-09-20T23:41:12.082328+00:00,0,30101.13,"HTTPConnectionPool(host='cheapest-alb-1599766835.us-east-1.elb.amazonaws.com', port=80): Read timed out. (read timeout=30)"
2026-09-20T23:41:12.098927+00:00,0,30104.16,"HTTPConnectionPool(host='cheapest-alb-1599766835.us-east-1.elb.amazonaws.com', port=80): Read timed out. (read timeout=30)"
2026-09-20T23:41:12.114491+00:00,0,30095.3,"HTTPConnectionPool(host='cheapest-alb-1599766835.us-east-1.elb.amazonaws.com', port=80): Read timed out. (read timeout=30)"
2026-09-20T23:41:12.121304+00:00,0,30104.84,"HTTPConnectionPool(host='cheapest-alb-1599766835.us-east-1.elb.amazonaws.com', port=80): Read timed out. (read timeout=30)"
2026-09-20T23:41:12.131968+00:00,0,30089.35,"HTTPConnectionPool(host='cheapest-alb-1599766835.us-east-1.elb.amazonaws.com', port=80): Read timed out. (read timeout=30)"
2026-09-20T23:41:12.126929+00:00,0,30096.66,"HTTPConnectionPool(host='cheapest-alb-1599766835.us-east-1.elb.amazonaws.com', port=80): Read timed out. (read timeout=30)"
2026-09-20T23:41:12.111169+00:00,0,30115.79,"HTTPConnectionPool(host='cheapest-alb-1599766835.us-east-1.elb.amazonaws.com', port=80): Read timed out. (read timeout=30)"
2026-09-20T23:41:12.115482+00:00,0,30121.56,"HTTPConnectionPool(host='cheapest-alb-1599766835.us-east-1.elb.amazonaws.com', port=80): Read timed out. (read timeout=30)"
2026-09-20T23:41:12.153996+00:00,0,30085.13,"HTTPConnectionPool(host='cheapest-alb-1599766835.us-east-1.elb.amazonaws.com', port=80): Read timed out. (read timeout=30)"
2026-09-20T23:41:12.148687+00:00,0,30092.55,"HTTPConnectionPool(host='cheapest-alb-1599766835.us-east-1.elb.amazonaws.com', port=80): Read timed out. (read timeout=30)"
2026-09-20T23:41:12.126929+00:00,0,30119.9,"HTTPConnectionPool(host='cheapest-alb-1599766835.us-east-1.elb.amazonaws.com', port=80): Read timed out. (read timeout=30)"
2026-09-20T23:41:12.142676+00:00,0,30107.04,"HTTPConnectionPool(host='cheapest-alb-1599766835.us-east-1.elb.amazonaws.com', port=80): Read timed out. (read timeout=30)"
2026-09-20T23:41:12.158805+00:00,0,30095.04,"HTTPConnectionPool(host='cheapest-alb-1599766835.us-east-1.elb.amazonaws.com', port=80): Read timed out. (read timeout=30)"
2026-09-20T23:41:12.153996+00:00,0,30119.68,"HTTPConnectionPool(host='cheapest-alb-1599766835.us-east-1.elb.amazonaws.com', port=80): Read timed out. (read timeout=30)"
2026-09-20T23:41:12.182043+00:00,0,30087.55,"HTTPConnectionPool(host='cheapest-alb-1599766835.us-east-1.elb.amazonaws.com', port=80): Read timed out. (read timeout=30)"
2026-09-20T23:41:12.204730+00:00,0,30085.72,"HTTPConnectionPool(host='cheapest-alb-1599766835.us-east-1.elb.amazonaws.com', port=80): Read timed out. (read timeout=30)"
2026-09-20T23:41:12.165911+00:00,0,30118.76,"HTTPConnectionPool(host='cheapest-alb-1599766835.us-east-1.elb.amazonaws.com', port=80): Read timed out. (read timeout=30)"
2026-09-20T23:41:12.191972+00:00,0,30094.95,"HTTPConnectionPool(host='cheapest-alb-1599766835.us-east-1.elb.amazonaws.com', port=80): Read timed out. (read timeout=30)"
2026-09-20T23:41:12.191972+00:00,0,30099.02,"HTTPConnectionPool(host='cheapest-alb-1599766835.us-east-1.elb.amazonaws.com', port=80): Read timed out. (read timeout=30)"
2026-09-20T23:41:12.165911+00:00,0,30123.61,"HTTPConnectionPool(host='cheapest-alb-1599766835.us-east-1.elb.amazonaws.com', port=80): Read timed out. (read timeout=30)"
2026-09-20T23:41:12.182043+00:00,0,30106.17,"HTTPConnectionPool(host='cheapest-alb-1599766835.us-east-1.elb.amazonaws.com', port=80): Read timed out. (read timeout=30)"
2026-09-20T23:41:12.175251+00:00,0,30110.7,"HTTPConnectionPool(host='cheapest-alb-1599766835.us-east-1.elb.amazonaws.com', port=80): Read timed out. (read timeout=30)"
2026-09-20T23:41:12.227362+00:00,0,30078.91,"HTTPConnectionPool(host='cheapest-alb-1599766835.us-east-1.elb.amazonaws.com', port=80): Read timed out. (read timeout=30)"
2026-09-20T23:41:12.216227+00:00,0,30106.03,"HTTPConnectionPool(host='cheapest-alb-1599766835.us-east-1.elb.amazonaws.com', port=80): Read timed out. (read timeout=30)"
2026-09-20T23:41:12.259641+00:00,0,30078.63,"HTTPConnectionPool(host='cheapest-alb-1599766835.us-east-1.elb.amazonaws.com', port=80): Read timed out. (read timeout=30)"
2026-09-20T23:41:12.238629+00:00,0,30099.88,"HTTPConnectionPool(host='cheapest-alb-1599766835.us-east-1.elb.amazonaws.com', port=80): Read timed out. (read timeout=30)"
2026-09-20T23:41:12.249587+00:00,0,30105.25,"HTTPConnectionPool(host='cheapest-alb-1599766835.us-east-1.elb.amazonaws.com', port=80): Read timed out. (read timeout=30)"
2026-09-20T23:41:12.270995+00:00,0,30099.42,"HTTPConnectionPool(host='cheapest-alb-1599766835.us-east-1.elb.amazonaws.com', port=80): Read timed out. (read timeout=30)"
2026-09-20T23:41:12.305077+00:00,0,30081.11,"HTTPConnectionPool(host='cheapest-alb-1599766835.us-east-1.elb.amazonaws.com', port=80): Read timed out. (read timeout=30)"
2026-09-20T23:41:12.282398+00:00,0,30103.94,"HTTPConnectionPool(host='cheapest-alb-1599766835.us-east-1.elb.amazonaws.com', port=80): Read timed out. (read timeout=30)"
2026-09-20T23:41:12.315211+00:00,0,30087.28,"HTTPConnectionPool(host='cheapest-alb-1599766835.us-east-1.elb.amazonaws.com', port=80): Read timed out. (read timeout=30)"
2026-09-20T23:41:12.293898+00:00,0,30109.96,"HTTPConnectionPool(host='cheapest-alb-1599766835.us-east-1.elb.amazonaws.com', port=80): Read timed out. (read timeout=30)"
2026-09-20T23:41:12.328166+00:00,0,30089.7,"HTTPConnectionPool(host='cheapest-alb-1599766835.us-east-1.elb.amazonaws.com', port=80): Read timed out. (read timeout=30)"
2026-09-20T23:41:12.349167+00:00,0,30084.74,"HTTPConnectionPool(host='cheapest-alb-1599766835.us-east-1.elb.amazonaws.com', port=80): Read timed out. (read timeout=30)"
2026-09-20T23:41:12.337859+00:00,0,30096.18,"HTTPConnectionPool(host='cheapest-alb-1599766835.us-east-1.elb.amazonaws.com', port=80): Read timed out. (read timeout=30)"
2026-09-20T23:41:12.370865+00:00,0,30077.4,"HTTPConnectionPool(host='cheapest-alb-1599766835.us-east-1.elb.amazonaws.com', port=80): Read timed out. (read timeout=30)"
2026-09-20T23:41:12.382934+00:00,0,30086.18,"HTTPConnectionPool(host='cheapest-alb-1599766835.us-east-1.elb.amazonaws.com', port=80): Read timed out. (read timeout=30)"
2026-09-20T23:41:12.359933+00:00,0,30108.96,"HTTPConnectionPool(host='cheapest-alb-1599766835.us-east-1.elb.amazonaws.com', port=80): Read timed out. (read timeout=30)"
2026-09-20T23:41:12.416734+00:00,0,30079.98,"HTTPConnectionPool(host='cheapest-alb-1599766835.us-east-1.elb.amazonaws.com', port=80): Read timed out. (read timeout=30)"
2026-09-20T23:41:12.393803+00:00,0,30103.04,"HTTPConnectionPool(host='cheapest-alb-1599766835.us-east-1.elb.amazonaws.com', port=80): Read timed out. (read timeout=30)"
2026-09-20T23:41:12.404086+00:00,0,30109.35,"HTTPConnectionPool(host='cheapest-alb-1599766835.us-east-1.elb.amazonaws.com', port=80): Read timed out. (read timeout=30)"
2026-09-20T23:41:12.438159+00:00,0,30091.8,"HTTPConnectionPool(host='cheapest-alb-1599766835.us-east-1.elb.amazonaws.com', port=80): Read timed out. (read timeout=30)"
2026-09-20T23:41:12.427438+00:00,0,30118.83,"HTTPConnectionPool(host='cheapest-alb-1599766835.us-east-1.elb.amazonaws.com', port=80): Read timed out. (read timeout=30)"
2026-09-20T23:41:12.449549+00:00,0,30096.72,"HTTPConnectionPool(host='cheapest-alb-1599766835.us-east-1.elb.amazonaws.com', port=80): Read timed out. (read timeout=30)"
2026-09-20T23:41:12.471956+00:00,0,30090.38,"HTTPConnectionPool(host='cheapest-alb-1599766835.us-east-1.elb.amazonaws.com', port=80): Read timed out. (read timeout=30)"
2026-09-20T23:41:12.460521+00:00,0,30101.98,"HTTPConnectionPool(host='cheapest-alb-1599766835.us-east-1.elb.amazonaws.com', port=80): Read timed out. (read timeout=30)"
2026-09-20T23:41:12.493822+00:00,0,30082.91,"HTTPConnectionPool(host='cheapest-alb-1599766835.us-east-1.elb.amazonaws.com', port=80): Read timed out. (read timeout=30)"
2026-09-20T23:41:12.482671+00:00,0,30096.08,"HTTPConnectionPool(host='cheapest-alb-1599766835.us-east-1.elb.amazonaws.com', port=80): Read timed out. (read timeout=30)"
2026-09-20T23:41:12.505162+00:00,0,30088.65,"HTTPConnectionPool(host='cheapest-alb-1599766835.us-east-1.elb.amazonaws.com', port=80): Read timed out. (read timeout=30)"
2026-09-20T23:41:12.526639+00:00,0,30082.7,"HTTPConnectionPool(host='cheapest-alb-1599766835.us-east-1.elb.amazonaws.com', port=80): Read timed out. (read timeout=30)"
2026-09-20T23:41:12.517221+00:00,0,30092.32,"HTTPConnectionPool(host='cheapest-alb-1599766835.us-east-1.elb.amazonaws.com', port=80): Read timed out. (read timeout=30)"
2026-09-20T23:41:12.538416+00:00,0,30102.78,"HTTPConnectionPool(host='cheapest-alb-1599766835.us-east-1.elb.amazonaws.com', port=80): Read timed out. (read timeout=30)"
2026-09-20T23:41:12.561526+00:00,0,30079.2,"HTTPConnectionPool(host='cheapest-alb-1599766835.us-east-1.elb.amazonaws.com', port=80): Read timed out. (read timeout=30)"
2026-09-20T23:41:12.548488+00:00,0,30101.06,"HTTPConnectionPool(host='cheapest-alb-1599766835.us-east-1.elb.amazonaws.com', port=80): Read timed out. (read timeout=30)"
2026-09-20T23:41:12.571300+00:00,0,30078.32,"HTTPConnectionPool(host='cheapest-alb-1599766835.us-east-1.elb.amazonaws.com', port=80): Read timed out. (read timeout=30)"
2026-09-20T23:41:12.583446+00:00,0,30098.15,"HTTPConnectionPool(host='cheapest-alb-1599766835.us-east-1.elb.amazonaws.com', port=80): Read timed out. (read timeout=30)"
2026-09-20T23:41:12.604294+00:00,0,30094.7,"HTTPConnectionPool(host='cheapest-alb-1599766835.us-east-1.elb.amazonaws.com', port=80): Read timed out. (read timeout=30)"
2026-09-20T23:41:12.593073+00:00,0,30104.56,"HTTPConnectionPool(host='cheapest-alb-1599766835.us-east-1.elb.amazonaws.com', port=80): Read timed out. (read timeout=30)"
2026-09-20T23:41:12.615254+00:00,0,30099.52,"HTTPConnectionPool(host='cheapest-alb-1599766835.us-east-1.elb.amazonaws.com', port=80): Read timed out. (read timeout=30)"
2026-09-20T23:41:12.626499+00:00,0,30088.49,"HTTPConnectionPool(host='cheapest-alb-1599766835.us-east-1.elb.amazonaws.com', port=80): Read timed out. (read timeout=30)"
2026-09-20T23:41:12.638633+00:00,0,30092.2,"HTTPConnectionPool(host='cheapest-alb-1599766835.us-east-1.elb.amazonaws.com', port=80): Read timed out. (read timeout=30)"
2026-09-20T23:41:12.660125+00:00,0,30087.54,"HTTPConnectionPool(host='cheapest-alb-1599766835.us-east-1.elb.amazonaws.com', port=80): Read timed out. (read timeout=30)"
2026-09-20T23:41:12.649081+00:00,0,30098.64,"HTTPConnectionPool(host='cheapest-alb-1599766835.us-east-1.elb.amazonaws.com', port=80): Read timed out. (read timeout=30)"
2026-09-20T23:41:12.671726+00:00,0,30091.61,"HTTPConnectionPool(host='cheapest-alb-1599766835.us-east-1.elb.amazonaws.com', port=80): Read timed out. (read timeout=30)"
2026-09-20T23:41:12.682387+00:00,0,30081.12,"HTTPConnectionPool(host='cheapest-alb-1599766835.us-east-1.elb.amazonaws.com', port=80): Read timed out. (read timeout=30)"
2026-09-20T23:41:12.694102+00:00,0,30085.45,"HTTPConnectionPool(host='cheapest-alb-1599766835.us-east-1.elb.amazonaws.com', port=80): Read timed out. (read timeout=30)"
2026-09-20T23:41:12.704797+00:00,0,30089.03,"HTTPConnectionPool(host='cheapest-alb-1599766835.us-east-1.elb.amazonaws.com', port=80): Read timed out. (read timeout=30)"
2026-09-20T23:41:12.715384+00:00,0,30112.0,"HTTPConnectionPool(host='cheapest-alb-1599766835.us-east-1.elb.amazonaws.com', port=80): Read timed out. (read timeout=30)"
2026-09-20T23:41:12.748530+00:00,0,30079.83,"HTTPConnectionPool(host='cheapest-alb-1599766835.us-east-1.elb.amazonaws.com', port=80): Read timed out. (read timeout=30)"
2026-09-20T23:41:12.727236+00:00,0,30101.23,"HTTPConnectionPool(host='cheapest-alb-1599766835.us-east-1.elb.amazonaws.com', port=80): Read timed out. (read timeout=30)"
2026-09-20T23:41:12.738496+00:00,0,30105.86,"HTTPConnectionPool(host='cheapest-alb-1599766835.us-east-1.elb.amazonaws.com', port=80): Read timed out. (read timeout=30)"
2026-09-20T23:41:12.771183+00:00,0,30087.49,"HTTPConnectionPool(host='cheapest-alb-1599766835.us-east-1.elb.amazonaws.com', port=80): Read timed out. (read timeout=30)"
2026-09-20T23:41:12.760677+00:00,0,30098.58,"HTTPConnectionPool(host='cheapest-alb-1599766835.us-east-1.elb.amazonaws.com', port=80): Read timed out. (read timeout=30)"
2026-09-20T23:41:12.794407+00:00,0,30081.1,"HTTPConnectionPool(host='cheapest-alb-1599766835.us-east-1.elb.amazonaws.com', port=80): Read timed out. (read timeout=30)"
2026-09-20T23:41:12.804832+00:00,0,30086.02,"HTTPConnectionPool(host='cheapest-alb-1599766835.us-east-1.elb.amazonaws.com', port=80): Read timed out. (read timeout=30)"
2026-09-20T23:41:12.783025+00:00,0,30109.07,"HTTPConnectionPool(host='cheapest-alb-1599766835.us-east-1.elb.amazonaws.com', port=80): Read timed out. (read timeout=30)"
2026-09-20T23:41:12.815251+00:00,0,30091.19,"HTTPConnectionPool(host='cheapest-alb-1599766835.us-east-1.elb.amazonaws.com', port=80): Read timed out. (read timeout=30)"
2026-09-20T23:41:12.826470+00:00,0,30081.46,"HTTPConnectionPool(host='cheapest-alb-1599766835.us-east-1.elb.amazonaws.com', port=80): Read timed out. (read timeout=30)"
2026-09-20T23:41:12.838699+00:00,0,30097.45,"HTTPConnectionPool(host='cheapest-alb-1599766835.us-east-1.elb.amazonaws.com', port=80): Read timed out. (read timeout=30)"
2026-09-20T23:41:12.860997+00:00,0,30086.56,"HTTPConnectionPool(host='cheapest-alb-1599766835.us-east-1.elb.amazonaws.com', port=80): Read timed out. (read timeout=30)"
2026-09-20T23:41:12.849233+00:00,0,30097.96,"HTTPConnectionPool(host='cheapest-alb-1599766835.us-east-1.elb.amazonaws.com', port=80): Read timed out. (read timeout=30)"
2026-09-20T23:41:12.871973+00:00,0,30092.25,"HTTPConnectionPool(host='cheapest-alb-1599766835.us-east-1.elb.amazonaws.com', port=80): Read timed out. (read timeout=30)"
2026-09-20T23:41:12.882699+00:00,0,30082.15,"HTTPConnectionPool(host='cheapest-alb-1599766835.us-east-1.elb.amazonaws.com', port=80): Read timed out. (read timeout=30)"
2026-09-20T23:41:12.894054+00:00,0,30085.65,"HTTPConnectionPool(host='cheapest-alb-1599766835.us-east-1.elb.amazonaws.com', port=80): Read timed out. (read timeout=30)"
2026-09-20T23:41:12.904945+00:00,0,30089.4,"HTTPConnectionPool(host='cheapest-alb-1599766835.us-east-1.elb.amazonaws.com', port=80): Read timed out. (read timeout=30)"
2026-09-20T23:41:12.928602+00:00,0,30082.26,"HTTPConnectionPool(host='cheapest-alb-1599766835.us-east-1.elb.amazonaws.com', port=80): Read timed out. (read timeout=30)"
2026-09-20T23:41:12.915795+00:00,0,30111.62,"HTTPConnectionPool(host='cheapest-alb-1599766835.us-east-1.elb.amazonaws.com', port=80): Read timed out. (read timeout=30)"
2026-09-20T23:41:12.938778+00:00,0,30088.74,"HTTPConnectionPool(host='cheapest-alb-1599766835.us-east-1.elb.amazonaws.com', port=80): Read timed out. (read timeout=30)"
2026-09-20T23:41:12.948630+00:00,0,30111.84,"HTTPConnectionPool(host='cheapest-alb-1599766835.us-east-1.elb.amazonaws.com', port=80): Read timed out. (read timeout=30)"
2026-09-20T23:41:12.960441+00:00,0,30098.65,"HTTPConnectionPool(host='cheapest-alb-1599766835.us-east-1.elb.amazonaws.com', port=80): Read timed out. (read timeout=30)"
2026-09-20T23:41:12.983117+00:00,0,30076.81,"HTTPConnectionPool(host='cheapest-alb-1599766835.us-east-1.elb.amazonaws.com', port=80): Read timed out. (read timeout=30)"
2026-09-20T23:41:12.970809+00:00,0,30095.21,"HTTPConnectionPool(host='cheapest-alb-1599766835.us-east-1.elb.amazonaws.com', port=80): Read timed out. (read timeout=30)"
2026-09-20T23:41:13.005699+00:00,0,30075.68,"HTTPConnectionPool(host='cheapest-alb-1599766835.us-east-1.elb.amazonaws.com', port=80): Read timed out. (read timeout=30)"
2026-09-20T23:41:12.993791+00:00,0,30104.45,"HTTPConnectionPool(host='cheapest-alb-1599766835.us-east-1.elb.amazonaws.com', port=80): Read timed out. (read timeout=30)"
2026-09-20T23:41:13.015871+00:00,0,30084.01,"HTTPConnectionPool(host='cheapest-alb-1599766835.us-east-1.elb.amazonaws.com', port=80): Read timed out. (read timeout=30)"
2026-09-20T23:41:13.048725+00:00,0,30082.65,"HTTPConnectionPool(host='cheapest-alb-1599766835.us-east-1.elb.amazonaws.com', port=80): Read timed out. (read timeout=30)"
2026-09-20T23:41:13.038923+00:00,0,30089.97,"HTTPConnectionPool(host='cheapest-alb-1599766835.us-east-1.elb.amazonaws.com', port=80): Read timed out. (read timeout=30)"
2026-09-20T23:41:13.027003+00:00,0,30103.67,"HTTPConnectionPool(host='cheapest-alb-1599766835.us-east-1.elb.amazonaws.com', port=80): Read timed out. (read timeout=30)"
2026-09-20T23:41:13.060846+00:00,0,30086.11,"HTTPConnectionPool(host='cheapest-alb-1599766835.us-east-1.elb.amazonaws.com', port=80): Read timed out. (read timeout=30)"
2026-09-20T23:41:13.071681+00:00,0,30090.34,"HTTPConnectionPool(host='cheapest-alb-1599766835.us-east-1.elb.amazonaws.com', port=80): Read timed out. (read timeout=30)"
2026-09-20T23:41:13.083123+00:00,0,30078.91,"HTTPConnectionPool(host='cheapest-alb-1599766835.us-east-1.elb.amazonaws.com', port=80): Read timed out. (read timeout=30)"
2026-09-20T23:41:13.093980+00:00,0,30100.85,"HTTPConnectionPool(host='cheapest-alb-1599766835.us-east-1.elb.amazonaws.com', port=80): Read timed out. (read timeout=30)"
2026-09-20T23:41:13.115967+00:00,0,30076.8,"HTTPConnectionPool(host='cheapest-alb-1599766835.us-east-1.elb.amazonaws.com', port=80): Read timed out. (read timeout=30)"
2026-09-20T23:41:13.105629+00:00,0,30105.23,"HTTPConnectionPool(host='cheapest-alb-1599766835.us-east-1.elb.amazonaws.com', port=80): Read timed out. (read timeout=30)"
2026-09-20T23:41:13.127582+00:00,0,30099.28,"HTTPConnectionPool(host='cheapest-alb-1599766835.us-east-1.elb.amazonaws.com', port=80): Read timed out. (read timeout=30)"
2026-09-20T23:41:13.148644+00:00,0,30092.22,"HTTPConnectionPool(host='cheapest-alb-1599766835.us-east-1.elb.amazonaws.com', port=80): Read timed out. (read timeout=30)"
2026-09-20T23:41:13.137722+00:00,0,30104.8,"HTTPConnectionPool(host='cheapest-alb-1599766835.us-east-1.elb.amazonaws.com', port=80): Read timed out. (read timeout=30)"
2026-09-20T23:41:13.160358+00:00,0,30084.58,"HTTPConnectionPool(host='cheapest-alb-1599766835.us-east-1.elb.amazonaws.com', port=80): Read timed out. (read timeout=30)"
2026-09-20T23:41:13.170884+00:00,0,30080.8,"HTTPConnectionPool(host='cheapest-alb-1599766835.us-east-1.elb.amazonaws.com', port=80): Read timed out. (read timeout=30)"
2026-09-20T23:41:13.182601+00:00,0,30077.19,"HTTPConnectionPool(host='cheapest-alb-1599766835.us-east-1.elb.amazonaws.com', port=80): Read timed out. (read timeout=30)"
2026-09-20T23:41:13.193174+00:00,0,30075.02,"HTTPConnectionPool(host='cheapest-alb-1599766835.us-east-1.elb.amazonaws.com', port=80): Read timed out. (read timeout=30)"
2026-09-20T23:41:13.204719+00:00,0,30087.91,"HTTPConnectionPool(host='cheapest-alb-1599766835.us-east-1.elb.amazonaws.com', port=80): Read timed out. (read timeout=30)"
2026-09-20T23:41:13.215261+00:00,0,30093.41,"HTTPConnectionPool(host='cheapest-alb-1599766835.us-east-1.elb.amazonaws.com', port=80): Read timed out. (read timeout=30)"
2026-09-20T23:41:13.226809+00:00,0,30080.68,"HTTPConnectionPool(host='cheapest-alb-1599766835.us-east-1.elb.amazonaws.com', port=80): Read timed out. (read timeout=30)"
2026-09-20T23:41:13.248973+00:00,0,30075.69,"HTTPConnectionPool(host='cheapest-alb-1599766835.us-east-1.elb.amazonaws.com', port=80): Read timed out. (read timeout=30)"
2026-09-20T23:41:13.238296+00:00,0,30086.44,"HTTPConnectionPool(host='cheapest-alb-1599766835.us-east-1.elb.amazonaws.com', port=80): Read timed out. (read timeout=30)"
2026-09-20T23:41:13.273143+00:00,0,30083.05,"HTTPConnectionPool(host='cheapest-alb-1599766835.us-east-1.elb.amazonaws.com', port=80): Read timed out. (read timeout=30)"
2026-09-20T23:41:13.259653+00:00,0,30096.66,"HTTPConnectionPool(host='cheapest-alb-1599766835.us-east-1.elb.amazonaws.com', port=80): Read timed out. (read timeout=30)"
2026-09-20T23:41:13.282959+00:00,0,30089.52,"HTTPConnectionPool(host='cheapest-alb-1599766835.us-east-1.elb.amazonaws.com', port=80): Read timed out. (read timeout=30)"
2026-09-20T23:41:13.292945+00:00,0,30096.3,"HTTPConnectionPool(host='cheapest-alb-1599766835.us-east-1.elb.amazonaws.com', port=80): Read timed out. (read timeout=30)"
2026-09-20T23:41:13.327883+00:00,0,30077.13,"HTTPConnectionPool(host='cheapest-alb-1599766835.us-east-1.elb.amazonaws.com', port=80): Read timed out. (read timeout=30)"
2026-09-20T23:41:13.316012+00:00,0,30088.01,"HTTPConnectionPool(host='cheapest-alb-1599766835.us-east-1.elb.amazonaws.com', port=80): Read timed out. (read timeout=30)"
2026-09-20T23:41:13.304188+00:00,0,30101.29,"HTTPConnectionPool(host='cheapest-alb-1599766835.us-east-1.elb.amazonaws.com', port=80): Read timed out. (read timeout=30)"
2026-09-20T23:41:13.338933+00:00,0,30097.58,"HTTPConnectionPool(host='cheapest-alb-1599766835.us-east-1.elb.amazonaws.com', port=80): Read timed out. (read timeout=30)"
2026-09-20T23:41:13.360999+00:00,0,30086.91,"HTTPConnectionPool(host='cheapest-alb-1599766835.us-east-1.elb.amazonaws.com', port=80): Read timed out. (read timeout=30)"
2026-09-20T23:41:13.348684+00:00,0,30101.21,"HTTPConnectionPool(host='cheapest-alb-1599766835.us-east-1.elb.amazonaws.com', port=80): Read timed out. (read timeout=30)"
2026-09-20T23:41:13.382114+00:00,0,30082.87,"HTTPConnectionPool(host='cheapest-alb-1599766835.us-east-1.elb.amazonaws.com', port=80): Read timed out. (read timeout=30)"
2026-09-20T23:41:13.372284+00:00,0,30093.37,"HTTPConnectionPool(host='cheapest-alb-1599766835.us-east-1.elb.amazonaws.com', port=80): Read timed out. (read timeout=30)"
2026-09-20T23:41:13.405707+00:00,0,30092.36,"HTTPConnectionPool(host='cheapest-alb-1599766835.us-east-1.elb.amazonaws.com', port=80): Read timed out. (read timeout=30)"
2026-09-20T23:41:13.393358+00:00,0,30104.28,"HTTPConnectionPool(host='cheapest-alb-1599766835.us-east-1.elb.amazonaws.com', port=80): Read timed out. (read timeout=30)"
2026-09-20T23:41:13.416615+00:00,0,30081.74,"HTTPConnectionPool(host='cheapest-alb-1599766835.us-east-1.elb.amazonaws.com', port=80): Read timed out. (read timeout=30)"
2026-09-20T23:41:13.427932+00:00,0,30084.89,"HTTPConnectionPool(host='cheapest-alb-1599766835.us-east-1.elb.amazonaws.com', port=80): Read timed out. (read timeout=30)"
2026-09-20T23:41:13.437983+00:00,0,30107.96,"HTTPConnectionPool(host='cheapest-alb-1599766835.us-east-1.elb.amazonaws.com', port=80): Read timed out. (read timeout=30)"
2026-09-20T23:41:13.449678+00:00,0,30111.16,"HTTPConnectionPool(host='cheapest-alb-1599766835.us-east-1.elb.amazonaws.com', port=80): Read timed out. (read timeout=30)"
2026-09-20T23:41:13.461188+00:00,0,30101.46,"HTTPConnectionPool(host='cheapest-alb-1599766835.us-east-1.elb.amazonaws.com', port=80): Read timed out. (read timeout=30)"
2026-09-20T23:41:13.482423+00:00,0,30078.43,"HTTPConnectionPool(host='cheapest-alb-1599766835.us-east-1.elb.amazonaws.com', port=80): Read timed out. (read timeout=30)"
2026-09-20T23:41:13.470821+00:00,0,30091.02,"HTTPConnectionPool(host='cheapest-alb-1599766835.us-east-1.elb.amazonaws.com', port=80): Read timed out. (read timeout=30)"
2026-09-20T23:41:13.494001+00:00,0,30083.52,"HTTPConnectionPool(host='cheapest-alb-1599766835.us-east-1.elb.amazonaws.com', port=80): Read timed out. (read timeout=30)"
2026-09-20T23:41:13.504533+00:00,0,30096.89,"HTTPConnectionPool(host='cheapest-alb-1599766835.us-east-1.elb.amazonaws.com', port=80): Read timed out. (read timeout=30)"
2026-09-20T23:41:13.516146+00:00,0,30100.95,"HTTPConnectionPool(host='cheapest-alb-1599766835.us-east-1.elb.amazonaws.com', port=80): Read timed out. (read timeout=30)"
2026-09-20T23:41:13.527626+00:00,0,30089.95,"HTTPConnectionPool(host='cheapest-alb-1599766835.us-east-1.elb.amazonaws.com', port=80): Read timed out. (read timeout=30)"
2026-09-20T23:41:13.537959+00:00,0,30079.65,"HTTPConnectionPool(host='cheapest-alb-1599766835.us-east-1.elb.amazonaws.com', port=80): Read timed out. (read timeout=30)"
2026-09-20T23:41:13.549473+00:00,0,30098.83,"HTTPConnectionPool(host='cheapest-alb-1599766835.us-east-1.elb.amazonaws.com', port=80): Read timed out. (read timeout=30)"
2026-09-20T23:41:13.559851+00:00,0,30089.08,"HTTPConnectionPool(host='cheapest-alb-1599766835.us-east-1.elb.amazonaws.com', port=80): Read timed out. (read timeout=30)"
2026-09-20T23:41:13.571740+00:00,0,30093.17,"HTTPConnectionPool(host='cheapest-alb-1599766835.us-east-1.elb.amazonaws.com', port=80): Read timed out. (read timeout=30)"
2026-09-20T23:41:13.582411+00:00,0,30082.9,"HTTPConnectionPool(host='cheapest-alb-1599766835.us-east-1.elb.amazonaws.com', port=80): Read timed out. (read timeout=30)"
2026-09-20T23:41:13.595449+00:00,0,30083.45,"HTTPConnectionPool(host='cheapest-alb-1599766835.us-east-1.elb.amazonaws.com', port=80): Read timed out. (read timeout=30)"
2026-09-20T23:41:13.615528+00:00,0,30079.16,"HTTPConnectionPool(host='cheapest-alb-1599766835.us-east-1.elb.amazonaws.com', port=80): Read timed out. (read timeout=30)"
2026-09-20T23:41:13.605203+00:00,0,30105.63,"HTTPConnectionPool(host='cheapest-alb-1599766835.us-east-1.elb.amazonaws.com', port=80): Read timed out. (read timeout=30)"
2026-09-20T23:41:13.627279+00:00,0,30083.43,"HTTPConnectionPool(host='cheapest-alb-1599766835.us-east-1.elb.amazonaws.com', port=80): Read timed out. (read timeout=30)"
2026-09-20T23:41:13.660206+00:00,0,30085.06,"HTTPConnectionPool(host='cheapest-alb-1599766835.us-east-1.elb.amazonaws.com', port=80): Read timed out. (read timeout=30)"
2026-09-20T23:41:13.648951+00:00,0,30096.24,"HTTPConnectionPool(host='cheapest-alb-1599766835.us-east-1.elb.amazonaws.com', port=80): Read timed out. (read timeout=30)"
2026-09-20T23:41:13.638441+00:00,0,30107.06,"HTTPConnectionPool(host='cheapest-alb-1599766835.us-east-1.elb.amazonaws.com', port=80): Read timed out. (read timeout=30)"
2026-09-20T23:41:13.671250+00:00,0,30089.34,"HTTPConnectionPool(host='cheapest-alb-1599766835.us-east-1.elb.amazonaws.com', port=80): Read timed out. (read timeout=30)"
2026-09-20T23:41:13.682263+00:00,0,30094.26,"HTTPConnectionPool(host='cheapest-alb-1599766835.us-east-1.elb.amazonaws.com', port=80): Read timed out. (read timeout=30)"
2026-09-20T23:41:13.693725+00:00,0,30083.24,"HTTPConnectionPool(host='cheapest-alb-1599766835.us-east-1.elb.amazonaws.com', port=80): Read timed out. (read timeout=30)"
2026-09-20T23:41:13.715832+00:00,0,30083.17,"HTTPConnectionPool(host='cheapest-alb-1599766835.us-east-1.elb.amazonaws.com', port=80): Read timed out. (read timeout=30)"
2026-09-20T23:41:13.704702+00:00,0,30094.69,"HTTPConnectionPool(host='cheapest-alb-1599766835.us-east-1.elb.amazonaws.com', port=80): Read timed out. (read timeout=30)"
2026-09-20T23:41:13.727454+00:00,0,30087.82,"HTTPConnectionPool(host='cheapest-alb-1599766835.us-east-1.elb.amazonaws.com', port=80): Read timed out. (read timeout=30)"
2026-09-20T23:41:13.749392+00:00,0,30085.05,"HTTPConnectionPool(host='cheapest-alb-1599766835.us-east-1.elb.amazonaws.com', port=80): Read timed out. (read timeout=30)"
2026-09-20T23:41:13.738419+00:00,0,30098.27,"HTTPConnectionPool(host='cheapest-alb-1599766835.us-east-1.elb.amazonaws.com', port=80): Read timed out. (read timeout=30)"
2026-09-20T23:41:13.760461+00:00,0,30086.34,"HTTPConnectionPool(host='cheapest-alb-1599766835.us-east-1.elb.amazonaws.com', port=80): Read timed out. (read timeout=30)"
2026-09-20T23:41:13.772301+00:00,0,30076.29,"HTTPConnectionPool(host='cheapest-alb-1599766835.us-east-1.elb.amazonaws.com', port=80): Read timed out. (read timeout=30)"
2026-09-20T23:41:13.782007+00:00,0,30097.1,"HTTPConnectionPool(host='cheapest-alb-1599766835.us-east-1.elb.amazonaws.com', port=80): Read timed out. (read timeout=30)"
2026-09-20T23:41:13.793629+00:00,0,30086.34,"HTTPConnectionPool(host='cheapest-alb-1599766835.us-east-1.elb.amazonaws.com', port=80): Read timed out. (read timeout=30)"
2026-09-20T23:41:13.805646+00:00,0,30089.6,"HTTPConnectionPool(host='cheapest-alb-1599766835.us-east-1.elb.amazonaws.com', port=80): Read timed out. (read timeout=30)"
2026-09-20T23:41:13.816635+00:00,0,30096.51,"HTTPConnectionPool(host='cheapest-alb-1599766835.us-east-1.elb.amazonaws.com', port=80): Read timed out. (read timeout=30)"
2026-09-20T23:41:13.826600+00:00,0,30101.85,"HTTPConnectionPool(host='cheapest-alb-1599766835.us-east-1.elb.amazonaws.com', port=80): Read timed out. (read timeout=30)"
2026-09-20T23:41:13.849258+00:00,0,30078.44,"HTTPConnectionPool(host='cheapest-alb-1599766835.us-east-1.elb.amazonaws.com', port=80): Read timed out. (read timeout=30)"
2026-09-20T23:41:13.860652+00:00,0,30082.42,"HTTPConnectionPool(host='cheapest-alb-1599766835.us-east-1.elb.amazonaws.com', port=80): Read timed out. (read timeout=30)"
2026-09-20T23:41:13.837771+00:00,0,30106.06,"HTTPConnectionPool(host='cheapest-alb-1599766835.us-east-1.elb.amazonaws.com', port=80): Read timed out. (read timeout=30)"
2026-09-20T23:41:13.871277+00:00,0,30088.0,"HTTPConnectionPool(host='cheapest-alb-1599766835.us-east-1.elb.amazonaws.com', port=80): Read timed out. (read timeout=30)"
2026-09-20T23:41:13.882365+00:00,0,30107.27,"HTTPConnectionPool(host='cheapest-alb-1599766835.us-east-1.elb.amazonaws.com', port=80): Read timed out. (read timeout=30)"
2026-09-20T23:41:13.916224+00:00,0,30081.54,"HTTPConnectionPool(host='cheapest-alb-1599766835.us-east-1.elb.amazonaws.com', port=80): Read timed out. (read timeout=30)"
2026-09-20T23:41:13.904824+00:00,0,30093.31,"HTTPConnectionPool(host='cheapest-alb-1599766835.us-east-1.elb.amazonaws.com', port=80): Read timed out. (read timeout=30)"
2026-09-20T23:41:13.894198+00:00,0,30105.25,"HTTPConnectionPool(host='cheapest-alb-1599766835.us-east-1.elb.amazonaws.com', port=80): Read timed out. (read timeout=30)"
2026-09-20T23:41:13.938656+00:00,0,30092.05,"HTTPConnectionPool(host='cheapest-alb-1599766835.us-east-1.elb.amazonaws.com', port=80): Read timed out. (read timeout=30)"
2026-09-20T23:41:13.927132+00:00,0,30103.88,"HTTPConnectionPool(host='cheapest-alb-1599766835.us-east-1.elb.amazonaws.com', port=80): Read timed out. (read timeout=30)"
2026-09-20T23:41:13.949846+00:00,0,30081.09,"HTTPConnectionPool(host='cheapest-alb-1599766835.us-east-1.elb.amazonaws.com', port=80): Read timed out. (read timeout=30)"
2026-09-20T23:41:13.960033+00:00,0,30085.78,"HTTPConnectionPool(host='cheapest-alb-1599766835.us-east-1.elb.amazonaws.com', port=80): Read timed out. (read timeout=30)"
2026-09-20T23:41:13.972167+00:00,0,30090.98,"HTTPConnectionPool(host='cheapest-alb-1599766835.us-east-1.elb.amazonaws.com', port=80): Read timed out. (read timeout=30)"
2026-09-20T23:41:14.004811+00:00,0,30088.95,"HTTPConnectionPool(host='cheapest-alb-1599766835.us-east-1.elb.amazonaws.com', port=80): Read timed out. (read timeout=30)"
2026-09-20T23:41:13.994137+00:00,0,30099.87,"HTTPConnectionPool(host='cheapest-alb-1599766835.us-east-1.elb.amazonaws.com', port=80): Read timed out. (read timeout=30)"
2026-09-20T23:41:13.982419+00:00,0,30113.56,"HTTPConnectionPool(host='cheapest-alb-1599766835.us-east-1.elb.amazonaws.com', port=80): Read timed out. (read timeout=30)"
2026-09-20T23:41:14.026384+00:00,0,30084.23,"HTTPConnectionPool(host='cheapest-alb-1599766835.us-east-1.elb.amazonaws.com', port=80): Read timed out. (read timeout=30)"
2026-09-20T23:41:14.037479+00:00,0,30089.5,"HTTPConnectionPool(host='cheapest-alb-1599766835.us-east-1.elb.amazonaws.com', port=80): Read timed out. (read timeout=30)"
2026-09-20T23:41:14.015168+00:00,0,30111.98,"HTTPConnectionPool(host='cheapest-alb-1599766835.us-east-1.elb.amazonaws.com', port=80): Read timed out. (read timeout=30)"
2026-09-20T23:41:14.049274+00:00,0,30085.82,"HTTPConnectionPool(host='cheapest-alb-1599766835.us-east-1.elb.amazonaws.com', port=80): Read timed out. (read timeout=30)"
2026-09-20T23:41:14.082301+00:00,0,30083.65,"HTTPConnectionPool(host='cheapest-alb-1599766835.us-east-1.elb.amazonaws.com', port=80): Read timed out. (read timeout=30)"
2026-09-20T23:41:14.059924+00:00,0,30104.59,"HTTPConnectionPool(host='cheapest-alb-1599766835.us-east-1.elb.amazonaws.com', port=80): Read timed out. (read timeout=30)"
2026-09-20T23:41:14.072024+00:00,0,30093.61,"HTTPConnectionPool(host='cheapest-alb-1599766835.us-east-1.elb.amazonaws.com', port=80): Read timed out. (read timeout=30)"
2026-09-20T23:41:14.093653+00:00,0,30087.25,"HTTPConnectionPool(host='cheapest-alb-1599766835.us-east-1.elb.amazonaws.com', port=80): Read timed out. (read timeout=30)"
2026-09-20T23:41:14.104681+00:00,0,30092.2,"HTTPConnectionPool(host='cheapest-alb-1599766835.us-east-1.elb.amazonaws.com', port=80): Read timed out. (read timeout=30)"
2026-09-20T23:41:14.115560+00:00,0,30097.71,"HTTPConnectionPool(host='cheapest-alb-1599766835.us-east-1.elb.amazonaws.com', port=80): Read timed out. (read timeout=30)"
2026-09-20T23:41:14.126243+00:00,0,30087.19,"HTTPConnectionPool(host='cheapest-alb-1599766835.us-east-1.elb.amazonaws.com', port=80): Read timed out. (read timeout=30)"
2026-09-20T23:41:14.137340+00:00,0,30093.19,"HTTPConnectionPool(host='cheapest-alb-1599766835.us-east-1.elb.amazonaws.com', port=80): Read timed out. (read timeout=30)"
2026-09-20T23:41:14.161060+00:00,0,30083.59,"HTTPConnectionPool(host='cheapest-alb-1599766835.us-east-1.elb.amazonaws.com', port=80): Read timed out. (read timeout=30)"
2026-09-20T23:41:14.149300+00:00,0,30112.32,"HTTPConnectionPool(host='cheapest-alb-1599766835.us-east-1.elb.amazonaws.com', port=80): Read timed out. (read timeout=30)"
2026-09-20T23:41:14.172207+00:00,0,30088.86,"HTTPConnectionPool(host='cheapest-alb-1599766835.us-east-1.elb.amazonaws.com', port=80): Read timed out. (read timeout=30)"
2026-09-20T23:41:14.182858+00:00,0,30078.95,"HTTPConnectionPool(host='cheapest-alb-1599766835.us-east-1.elb.amazonaws.com', port=80): Read timed out. (read timeout=30)"
2026-09-20T23:41:14.205647+00:00,0,30091.71,"HTTPConnectionPool(host='cheapest-alb-1599766835.us-east-1.elb.amazonaws.com', port=80): Read timed out. (read timeout=30)"
2026-09-20T23:41:14.193246+00:00,0,30103.14,"HTTPConnectionPool(host='cheapest-alb-1599766835.us-east-1.elb.amazonaws.com', port=80): Read timed out. (read timeout=30)"
2026-09-20T23:41:14.226796+00:00,0,30098.48,"HTTPConnectionPool(host='cheapest-alb-1599766835.us-east-1.elb.amazonaws.com', port=80): Read timed out. (read timeout=30)"
2026-09-20T23:41:14.237487+00:00,0,30087.8,"HTTPConnectionPool(host='cheapest-alb-1599766835.us-east-1.elb.amazonaws.com', port=80): Read timed out. (read timeout=30)"
2026-09-20T23:41:14.216166+00:00,0,30109.09,"HTTPConnectionPool(host='cheapest-alb-1599766835.us-east-1.elb.amazonaws.com', port=80): Read timed out. (read timeout=30)"
2026-09-20T23:41:14.259909+00:00,0,30082.38,"HTTPConnectionPool(host='cheapest-alb-1599766835.us-east-1.elb.amazonaws.com', port=80): Read timed out. (read timeout=30)"
2026-09-20T23:41:14.249362+00:00,0,30107.4,"HTTPConnectionPool(host='cheapest-alb-1599766835.us-east-1.elb.amazonaws.com', port=80): Read timed out. (read timeout=30)"
2026-09-20T23:41:14.281791+00:00,0,30092.22,"HTTPConnectionPool(host='cheapest-alb-1599766835.us-east-1.elb.amazonaws.com', port=80): Read timed out. (read timeout=30)"
2026-09-20T23:41:14.271011+00:00,0,30103.24,"HTTPConnectionPool(host='cheapest-alb-1599766835.us-east-1.elb.amazonaws.com', port=80): Read timed out. (read timeout=30)"
2026-09-20T23:41:14.293581+00:00,0,30094.59,"HTTPConnectionPool(host='cheapest-alb-1599766835.us-east-1.elb.amazonaws.com', port=80): Read timed out. (read timeout=30)"
2026-09-20T23:41:14.315950+00:00,0,30088.74,"HTTPConnectionPool(host='cheapest-alb-1599766835.us-east-1.elb.amazonaws.com', port=80): Read timed out. (read timeout=30)"
2026-09-20T23:41:14.304628+00:00,0,30099.79,"HTTPConnectionPool(host='cheapest-alb-1599766835.us-east-1.elb.amazonaws.com', port=80): Read timed out. (read timeout=30)"
2026-09-20T23:41:14.338919+00:00,0,30083.21,"HTTPConnectionPool(host='cheapest-alb-1599766835.us-east-1.elb.amazonaws.com', port=80): Read timed out. (read timeout=30)"
2026-09-20T23:41:14.326605+00:00,0,30094.73,"HTTPConnectionPool(host='cheapest-alb-1599766835.us-east-1.elb.amazonaws.com', port=80): Read timed out. (read timeout=30)"
2026-09-20T23:41:14.349355+00:00,0,30087.38,"HTTPConnectionPool(host='cheapest-alb-1599766835.us-east-1.elb.amazonaws.com', port=80): Read timed out. (read timeout=30)"
2026-09-20T23:41:14.374441+00:00,0,30091.55,"HTTPConnectionPool(host='cheapest-alb-1599766835.us-east-1.elb.amazonaws.com', port=80): Read timed out. (read timeout=30)"
2026-09-20T23:41:14.382923+00:00,0,30083.52,"HTTPConnectionPool(host='cheapest-alb-1599766835.us-east-1.elb.amazonaws.com', port=80): Read timed out. (read timeout=30)"
2026-09-20T23:41:14.359994+00:00,0,30105.71,"HTTPConnectionPool(host='cheapest-alb-1599766835.us-east-1.elb.amazonaws.com', port=80): Read timed out. (read timeout=30)"
2026-09-20T23:41:14.393240+00:00,0,30089.32,"HTTPConnectionPool(host='cheapest-alb-1599766835.us-east-1.elb.amazonaws.com', port=80): Read timed out. (read timeout=30)"
2026-09-20T23:41:14.404941+00:00,0,30092.15,"HTTPConnectionPool(host='cheapest-alb-1599766835.us-east-1.elb.amazonaws.com', port=80): Read timed out. (read timeout=30)"
2026-09-20T23:41:14.415426+00:00,0,30082.96,"HTTPConnectionPool(host='cheapest-alb-1599766835.us-east-1.elb.amazonaws.com', port=80): Read timed out. (read timeout=30)"
2026-09-20T23:41:14.426507+00:00,0,30086.83,"HTTPConnectionPool(host='cheapest-alb-1599766835.us-east-1.elb.amazonaws.com', port=80): Read timed out. (read timeout=30)"
2026-09-20T23:41:14.437621+00:00,0,30090.5,"HTTPConnectionPool(host='cheapest-alb-1599766835.us-east-1.elb.amazonaws.com', port=80): Read timed out. (read timeout=30)"
2026-09-20T23:41:14.449724+00:00,0,30096.79,"HTTPConnectionPool(host='cheapest-alb-1599766835.us-east-1.elb.amazonaws.com', port=80): Read timed out. (read timeout=30)"
2026-09-20T23:41:14.459569+00:00,0,30087.33,"HTTPConnectionPool(host='cheapest-alb-1599766835.us-east-1.elb.amazonaws.com', port=80): Read timed out. (read timeout=30)"
2026-09-20T23:41:14.471292+00:00,0,30091.61,"HTTPConnectionPool(host='cheapest-alb-1599766835.us-east-1.elb.amazonaws.com', port=80): Read timed out. (read timeout=30)"
2026-09-20T23:41:14.482003+00:00,0,30081.22,"HTTPConnectionPool(host='cheapest-alb-1599766835.us-east-1.elb.amazonaws.com', port=80): Read timed out. (read timeout=30)"
2026-09-20T23:41:14.493621+00:00,0,30100.45,"HTTPConnectionPool(host='cheapest-alb-1599766835.us-east-1.elb.amazonaws.com', port=80): Read timed out. (read timeout=30)"
2026-09-20T23:41:14.504827+00:00,0,30089.6,"HTTPConnectionPool(host='cheapest-alb-1599766835.us-east-1.elb.amazonaws.com', port=80): Read timed out. (read timeout=30)"
2026-09-20T23:41:14.516986+00:00,0,30109.71,"HTTPConnectionPool(host='cheapest-alb-1599766835.us-east-1.elb.amazonaws.com', port=80): Read timed out. (read timeout=30)"
2026-09-20T23:41:14.526262+00:00,0,30100.49,"HTTPConnectionPool(host='cheapest-alb-1599766835.us-east-1.elb.amazonaws.com', port=80): Read timed out. (read timeout=30)"
2026-09-20T23:41:14.538543+00:00,0,30112.2,"HTTPConnectionPool(host='cheapest-alb-1599766835.us-east-1.elb.amazonaws.com', port=80): Read timed out. (read timeout=30)"
2026-09-20T23:41:14.549927+00:00,0,30100.89,"HTTPConnectionPool(host='cheapest-alb-1599766835.us-east-1.elb.amazonaws.com', port=80): Read timed out. (read timeout=30)"
2026-09-20T23:41:14.560599+00:00,0,30105.96,"HTTPConnectionPool(host='cheapest-alb-1599766835.us-east-1.elb.amazonaws.com', port=80): Read timed out. (read timeout=30)"
2026-09-20T23:41:14.570855+00:00,0,30095.77,"HTTPConnectionPool(host='cheapest-alb-1599766835.us-east-1.elb.amazonaws.com', port=80): Read timed out. (read timeout=30)"
2026-09-20T23:41:14.583067+00:00,0,30083.88,"HTTPConnectionPool(host='cheapest-alb-1599766835.us-east-1.elb.amazonaws.com', port=80): Read timed out. (read timeout=30)"
2026-09-20T23:41:14.604932+00:00,0,30077.43,"HTTPConnectionPool(host='cheapest-alb-1599766835.us-east-1.elb.amazonaws.com', port=80): Read timed out. (read timeout=30)"
2026-09-20T23:41:14.615156+00:00,0,30083.74,"HTTPConnectionPool(host='cheapest-alb-1599766835.us-east-1.elb.amazonaws.com', port=80): Read timed out. (read timeout=30)"
2026-09-20T23:41:14.593481+00:00,0,30105.65,"HTTPConnectionPool(host='cheapest-alb-1599766835.us-east-1.elb.amazonaws.com', port=80): Read timed out. (read timeout=30)"
2026-09-20T23:41:14.637528+00:00,0,30091.9,"HTTPConnectionPool(host='cheapest-alb-1599766835.us-east-1.elb.amazonaws.com', port=80): Read timed out. (read timeout=30)"
2026-09-20T23:41:14.626185+00:00,0,30103.46,"HTTPConnectionPool(host='cheapest-alb-1599766835.us-east-1.elb.amazonaws.com', port=80): Read timed out. (read timeout=30)"
2026-09-20T23:41:14.660411+00:00,0,30086.58,"HTTPConnectionPool(host='cheapest-alb-1599766835.us-east-1.elb.amazonaws.com', port=80): Read timed out. (read timeout=30)"
2026-09-20T23:41:14.648730+00:00,0,30115.36,"HTTPConnectionPool(host='cheapest-alb-1599766835.us-east-1.elb.amazonaws.com', port=80): Read timed out. (read timeout=30)"
2026-09-20T23:41:14.671555+00:00,0,30106.57,"HTTPConnectionPool(host='cheapest-alb-1599766835.us-east-1.elb.amazonaws.com', port=80): Read timed out. (read timeout=30)"
2026-09-20T23:41:14.682910+00:00,0,30110.51,"HTTPConnectionPool(host='cheapest-alb-1599766835.us-east-1.elb.amazonaws.com', port=80): Read timed out. (read timeout=30)"
2026-09-20T23:41:14.705681+00:00,0,30088.28,"HTTPConnectionPool(host='cheapest-alb-1599766835.us-east-1.elb.amazonaws.com', port=80): Read timed out. (read timeout=30)"
2026-09-20T23:41:14.726727+00:00,0,30084.52,"HTTPConnectionPool(host='cheapest-alb-1599766835.us-east-1.elb.amazonaws.com', port=80): Read timed out. (read timeout=30)"
2026-09-20T23:41:14.693619+00:00,0,30116.73,"HTTPConnectionPool(host='cheapest-alb-1599766835.us-east-1.elb.amazonaws.com', port=80): Read timed out. (read timeout=30)"
2026-09-20T23:41:14.715946+00:00,0,30110.06,"HTTPConnectionPool(host='cheapest-alb-1599766835.us-east-1.elb.amazonaws.com', port=80): Read timed out. (read timeout=30)"
2026-09-20T23:41:14.737889+00:00,0,30105.42,"HTTPConnectionPool(host='cheapest-alb-1599766835.us-east-1.elb.amazonaws.com', port=80): Read timed out. (read timeout=30)"
2026-09-20T23:41:14.760634+00:00,0,30081.64,"HTTPConnectionPool(host='cheapest-alb-1599766835.us-east-1.elb.amazonaws.com', port=80): Read timed out. (read timeout=30)"
2026-09-20T23:41:14.750017+00:00,0,30109.38,"HTTPConnectionPool(host='cheapest-alb-1599766835.us-east-1.elb.amazonaws.com', port=80): Read timed out. (read timeout=30)"
2026-09-20T23:41:14.773581+00:00,0,30085.65,"HTTPConnectionPool(host='cheapest-alb-1599766835.us-east-1.elb.amazonaws.com', port=80): Read timed out. (read timeout=30)"
2026-09-20T23:41:14.793651+00:00,0,30081.95,"HTTPConnectionPool(host='cheapest-alb-1599766835.us-east-1.elb.amazonaws.com', port=80): Read timed out. (read timeout=30)"
2026-09-20T23:41:14.781879+00:00,0,30101.93,"HTTPConnectionPool(host='cheapest-alb-1599766835.us-east-1.elb.amazonaws.com', port=80): Read timed out. (read timeout=30)"
2026-09-20T23:41:14.804936+00:00,0,30079.3,"HTTPConnectionPool(host='cheapest-alb-1599766835.us-east-1.elb.amazonaws.com', port=80): Read timed out. (read timeout=30)"
2026-09-20T23:41:14.815723+00:00,0,30081.76,"HTTPConnectionPool(host='cheapest-alb-1599766835.us-east-1.elb.amazonaws.com', port=80): Read timed out. (read timeout=30)"
2026-09-20T23:41:14.827519+00:00,0,30085.05,"HTTPConnectionPool(host='cheapest-alb-1599766835.us-east-1.elb.amazonaws.com', port=80): Read timed out. (read timeout=30)"
2026-09-20T23:41:14.838023+00:00,0,30091.97,"HTTPConnectionPool(host='cheapest-alb-1599766835.us-east-1.elb.amazonaws.com', port=80): Read timed out. (read timeout=30)"
2026-09-20T23:41:14.848839+00:00,0,30082.55,"HTTPConnectionPool(host='cheapest-alb-1599766835.us-east-1.elb.amazonaws.com', port=80): Read timed out. (read timeout=30)"
2026-09-20T23:41:14.860455+00:00,0,30085.61,"HTTPConnectionPool(host='cheapest-alb-1599766835.us-east-1.elb.amazonaws.com', port=80): Read timed out. (read timeout=30)"
2026-09-20T23:41:14.872259+00:00,0,30091.32,"HTTPConnectionPool(host='cheapest-alb-1599766835.us-east-1.elb.amazonaws.com', port=80): Read timed out. (read timeout=30)"
2026-09-20T23:41:14.884496+00:00,0,30095.11,"HTTPConnectionPool(host='cheapest-alb-1599766835.us-east-1.elb.amazonaws.com', port=80): Read timed out. (read timeout=30)"
2026-09-20T23:41:14.894780+00:00,0,30085.3,"HTTPConnectionPool(host='cheapest-alb-1599766835.us-east-1.elb.amazonaws.com', port=80): Read timed out. (read timeout=30)"
2026-09-20T23:41:14.906038+00:00,0,30105.25,"HTTPConnectionPool(host='cheapest-alb-1599766835.us-east-1.elb.amazonaws.com', port=80): Read timed out. (read timeout=30)"
2026-09-20T23:41:14.918742+00:00,0,30108.86,"HTTPConnectionPool(host='cheapest-alb-1599766835.us-east-1.elb.amazonaws.com', port=80): Read timed out. (read timeout=30)"
2026-09-20T23:41:14.961571+00:00,0,30081.97,"HTTPConnectionPool(host='cheapest-alb-1599766835.us-east-1.elb.amazonaws.com', port=80): Read timed out. (read timeout=30)"
2026-09-20T23:41:14.950816+00:00,0,30093.81,"HTTPConnectionPool(host='cheapest-alb-1599766835.us-east-1.elb.amazonaws.com', port=80): Read timed out. (read timeout=30)"
2026-09-20T23:41:14.939946+00:00,0,30104.55,"HTTPConnectionPool(host='cheapest-alb-1599766835.us-east-1.elb.amazonaws.com', port=80): Read timed out. (read timeout=30)"
2026-09-20T23:41:14.935100+00:00,0,30109.82,"HTTPConnectionPool(host='cheapest-alb-1599766835.us-east-1.elb.amazonaws.com', port=80): Read timed out. (read timeout=30)"
2026-09-20T23:41:14.970796+00:00,0,30087.57,"HTTPConnectionPool(host='cheapest-alb-1599766835.us-east-1.elb.amazonaws.com', port=80): Read timed out. (read timeout=30)"
2026-09-20T23:41:14.983210+00:00,0,30091.61,"HTTPConnectionPool(host='cheapest-alb-1599766835.us-east-1.elb.amazonaws.com', port=80): Read timed out. (read timeout=30)"
2026-09-20T23:41:14.999399+00:00,0,30090.91,"HTTPConnectionPool(host='cheapest-alb-1599766835.us-east-1.elb.amazonaws.com', port=80): Read timed out. (read timeout=30)"
2026-09-20T23:41:14.999399+00:00,0,30108.78,"HTTPConnectionPool(host='cheapest-alb-1599766835.us-east-1.elb.amazonaws.com', port=80): Read timed out. (read timeout=30)"
2026-09-20T23:41:15.015887+00:00,0,30100.83,"HTTPConnectionPool(host='cheapest-alb-1599766835.us-east-1.elb.amazonaws.com', port=80): Read timed out. (read timeout=30)"
2026-09-20T23:41:15.026616+00:00,0,30105.79,"HTTPConnectionPool(host='cheapest-alb-1599766835.us-east-1.elb.amazonaws.com', port=80): Read timed out. (read timeout=30)"
2026-09-20T23:41:15.037445+00:00,0,30095.39,"HTTPConnectionPool(host='cheapest-alb-1599766835.us-east-1.elb.amazonaws.com', port=80): Read timed out. (read timeout=30)"
2026-09-20T23:41:15.048684+00:00,0,30099.58,"HTTPConnectionPool(host='cheapest-alb-1599766835.us-east-1.elb.amazonaws.com', port=80): Read timed out. (read timeout=30)"
2026-09-20T23:41:15.061769+00:00,0,30087.09,"HTTPConnectionPool(host='cheapest-alb-1599766835.us-east-1.elb.amazonaws.com', port=80): Read timed out. (read timeout=30)"
2026-09-20T23:41:15.070959+00:00,0,30093.1,"HTTPConnectionPool(host='cheapest-alb-1599766835.us-east-1.elb.amazonaws.com', port=80): Read timed out. (read timeout=30)"
2026-09-20T23:41:15.082708+00:00,0,30081.46,"HTTPConnectionPool(host='cheapest-alb-1599766835.us-east-1.elb.amazonaws.com', port=80): Read timed out. (read timeout=30)"
2026-09-20T23:41:15.093069+00:00,0,30087.45,"HTTPConnectionPool(host='cheapest-alb-1599766835.us-east-1.elb.amazonaws.com', port=80): Read timed out. (read timeout=30)"
2026-09-20T23:41:15.105069+00:00,0,30111.0,"HTTPConnectionPool(host='cheapest-alb-1599766835.us-east-1.elb.amazonaws.com', port=80): Read timed out. (read timeout=30)"
2026-09-20T23:41:15.115954+00:00,0,30098.51,"HTTPConnectionPool(host='cheapest-alb-1599766835.us-east-1.elb.amazonaws.com', port=80): Read timed out. (read timeout=30)"
2026-09-20T23:41:15.127341+00:00,0,30087.48,"HTTPConnectionPool(host='cheapest-alb-1599766835.us-east-1.elb.amazonaws.com', port=80): Read timed out. (read timeout=30)"
2026-09-20T23:41:15.138063+00:00,0,30088.76,"HTTPConnectionPool(host='cheapest-alb-1599766835.us-east-1.elb.amazonaws.com', port=80): Read timed out. (read timeout=30)"
2026-09-20T23:41:15.160449+00:00,0,30083.07,"HTTPConnectionPool(host='cheapest-alb-1599766835.us-east-1.elb.amazonaws.com', port=80): Read timed out. (read timeout=30)"
2026-09-20T23:41:15.148772+00:00,0,30102.62,"HTTPConnectionPool(host='cheapest-alb-1599766835.us-east-1.elb.amazonaws.com', port=80): Read timed out. (read timeout=30)"
2026-09-20T23:41:15.171421+00:00,0,30081.78,"HTTPConnectionPool(host='cheapest-alb-1599766835.us-east-1.elb.amazonaws.com', port=80): Read timed out. (read timeout=30)"
2026-09-20T23:41:15.182318+00:00,0,30079.01,"HTTPConnectionPool(host='cheapest-alb-1599766835.us-east-1.elb.amazonaws.com', port=80): Read timed out. (read timeout=30)"
2026-09-20T23:41:15.193272+00:00,0,30101.3,"HTTPConnectionPool(host='cheapest-alb-1599766835.us-east-1.elb.amazonaws.com', port=80): Read timed out. (read timeout=30)"
2026-09-20T23:41:15.216154+00:00,0,30076.43,"HTTPConnectionPool(host='cheapest-alb-1599766835.us-east-1.elb.amazonaws.com', port=80): Read timed out. (read timeout=30)"
2026-09-20T23:41:15.204421+00:00,0,30090.34,"HTTPConnectionPool(host='cheapest-alb-1599766835.us-east-1.elb.amazonaws.com', port=80): Read timed out. (read timeout=30)"
2026-09-20T23:41:15.227848+00:00,0,30080.58,"HTTPConnectionPool(host='cheapest-alb-1599766835.us-east-1.elb.amazonaws.com', port=80): Read timed out. (read timeout=30)"
2026-09-20T23:41:15.238977+00:00,0,30086.03,"HTTPConnectionPool(host='cheapest-alb-1599766835.us-east-1.elb.amazonaws.com', port=80): Read timed out. (read timeout=30)"
2026-09-20T23:41:15.259950+00:00,0,30081.62,"HTTPConnectionPool(host='cheapest-alb-1599766835.us-east-1.elb.amazonaws.com', port=80): Read timed out. (read timeout=30)"
2026-09-20T23:41:15.248877+00:00,0,30108.29,"HTTPConnectionPool(host='cheapest-alb-1599766835.us-east-1.elb.amazonaws.com', port=80): Read timed out. (read timeout=30)"
2026-09-20T23:41:15.270929+00:00,0,30086.72,"HTTPConnectionPool(host='cheapest-alb-1599766835.us-east-1.elb.amazonaws.com', port=80): Read timed out. (read timeout=30)"
2026-09-20T23:41:15.294896+00:00,0,30095.04,"HTTPConnectionPool(host='cheapest-alb-1599766835.us-east-1.elb.amazonaws.com', port=80): Read timed out. (read timeout=30)"
2026-09-20T23:41:15.305138+00:00,0,30084.37,"HTTPConnectionPool(host='cheapest-alb-1599766835.us-east-1.elb.amazonaws.com', port=80): Read timed out. (read timeout=30)"
2026-09-20T23:41:15.282803+00:00,0,30108.13,"HTTPConnectionPool(host='cheapest-alb-1599766835.us-east-1.elb.amazonaws.com', port=80): Read timed out. (read timeout=30)"
2026-09-20T23:41:15.315175+00:00,0,30106.1,"HTTPConnectionPool(host='cheapest-alb-1599766835.us-east-1.elb.amazonaws.com', port=80): Read timed out. (read timeout=30)"
2026-09-20T23:41:15.338030+00:00,0,30084.96,"HTTPConnectionPool(host='cheapest-alb-1599766835.us-east-1.elb.amazonaws.com', port=80): Read timed out. (read timeout=30)"
2026-09-20T23:41:15.327071+00:00,0,30112.15,"HTTPConnectionPool(host='cheapest-alb-1599766835.us-east-1.elb.amazonaws.com', port=80): Read timed out. (read timeout=30)"
2026-09-20T23:41:15.350235+00:00,0,30098.26,"HTTPConnectionPool(host='cheapest-alb-1599766835.us-east-1.elb.amazonaws.com', port=80): Read timed out. (read timeout=30)"
2026-09-20T23:41:15.371565+00:00,0,30077.43,"HTTPConnectionPool(host='cheapest-alb-1599766835.us-east-1.elb.amazonaws.com', port=80): Read timed out. (read timeout=30)"
2026-09-20T23:41:15.361426+00:00,0,30102.8,"HTTPConnectionPool(host='cheapest-alb-1599766835.us-east-1.elb.amazonaws.com', port=80): Read timed out. (read timeout=30)"
2026-09-20T23:41:15.382502+00:00,0,30099.0,"HTTPConnectionPool(host='cheapest-alb-1599766835.us-east-1.elb.amazonaws.com', port=80): Read timed out. (read timeout=30)"
2026-09-20T23:41:15.394003+00:00,0,30087.8,"HTTPConnectionPool(host='cheapest-alb-1599766835.us-east-1.elb.amazonaws.com', port=80): Read timed out. (read timeout=30)"
2026-09-20T23:41:15.406574+00:00,0,30091.0,"HTTPConnectionPool(host='cheapest-alb-1599766835.us-east-1.elb.amazonaws.com', port=80): Read timed out. (read timeout=30)"
2026-09-20T23:41:15.426574+00:00,0,30085.73,"HTTPConnectionPool(host='cheapest-alb-1599766835.us-east-1.elb.amazonaws.com', port=80): Read timed out. (read timeout=30)"
2026-09-20T23:41:15.416432+00:00,0,30097.47,"HTTPConnectionPool(host='cheapest-alb-1599766835.us-east-1.elb.amazonaws.com', port=80): Read timed out. (read timeout=30)"
2026-09-20T23:41:15.438181+00:00,0,30090.64,"HTTPConnectionPool(host='cheapest-alb-1599766835.us-east-1.elb.amazonaws.com', port=80): Read timed out. (read timeout=30)"
2026-09-20T23:41:15.449260+00:00,0,30095.93,"HTTPConnectionPool(host='cheapest-alb-1599766835.us-east-1.elb.amazonaws.com', port=80): Read timed out. (read timeout=30)"
2026-09-20T23:41:15.471378+00:00,0,30089.51,"HTTPConnectionPool(host='cheapest-alb-1599766835.us-east-1.elb.amazonaws.com', port=80): Read timed out. (read timeout=30)"
2026-09-20T23:41:15.494052+00:00,0,30082.91,"HTTPConnectionPool(host='cheapest-alb-1599766835.us-east-1.elb.amazonaws.com', port=80): Read timed out. (read timeout=30)"
2026-09-20T23:41:15.459718+00:00,0,30113.75,"HTTPConnectionPool(host='cheapest-alb-1599766835.us-east-1.elb.amazonaws.com', port=80): Read timed out. (read timeout=30)"
2026-09-20T23:41:15.515190+00:00,0,30078.39,"HTTPConnectionPool(host='cheapest-alb-1599766835.us-east-1.elb.amazonaws.com', port=80): Read timed out. (read timeout=30)"
2026-09-20T23:41:15.483424+00:00,0,30110.44,"HTTPConnectionPool(host='cheapest-alb-1599766835.us-east-1.elb.amazonaws.com', port=80): Read timed out. (read timeout=30)"
2026-09-20T23:41:15.503980+00:00,0,30104.56,"HTTPConnectionPool(host='cheapest-alb-1599766835.us-east-1.elb.amazonaws.com', port=80): Read timed out. (read timeout=30)"
2026-09-20T23:41:15.527516+00:00,0,30082.66,"HTTPConnectionPool(host='cheapest-alb-1599766835.us-east-1.elb.amazonaws.com', port=80): Read timed out. (read timeout=30)"
2026-09-20T23:41:15.549275+00:00,0,30076.19,"HTTPConnectionPool(host='cheapest-alb-1599766835.us-east-1.elb.amazonaws.com', port=80): Read timed out. (read timeout=30)"
2026-09-20T23:41:15.537546+00:00,0,30088.09,"HTTPConnectionPool(host='cheapest-alb-1599766835.us-east-1.elb.amazonaws.com', port=80): Read timed out. (read timeout=30)"
2026-09-20T23:41:15.561107+00:00,0,30087.75,"HTTPConnectionPool(host='cheapest-alb-1599766835.us-east-1.elb.amazonaws.com', port=80): Read timed out. (read timeout=30)"
2026-09-20T23:41:15.570963+00:00,0,30096.95,"HTTPConnectionPool(host='cheapest-alb-1599766835.us-east-1.elb.amazonaws.com', port=80): Read timed out. (read timeout=30)"
2026-09-20T23:41:15.582496+00:00,0,30097.26,"HTTPConnectionPool(host='cheapest-alb-1599766835.us-east-1.elb.amazonaws.com', port=80): Read timed out. (read timeout=30)"
2026-09-20T23:41:15.604592+00:00,0,30091.3,"HTTPConnectionPool(host='cheapest-alb-1599766835.us-east-1.elb.amazonaws.com', port=80): Read timed out. (read timeout=30)"
2026-09-20T23:41:15.592867+00:00,0,30103.24,"HTTPConnectionPool(host='cheapest-alb-1599766835.us-east-1.elb.amazonaws.com', port=80): Read timed out. (read timeout=30)"
2026-09-20T23:41:15.615412+00:00,0,30082.2,"HTTPConnectionPool(host='cheapest-alb-1599766835.us-east-1.elb.amazonaws.com', port=80): Read timed out. (read timeout=30)"
2026-09-20T23:41:15.627705+00:00,0,30085.34,"HTTPConnectionPool(host='cheapest-alb-1599766835.us-east-1.elb.amazonaws.com', port=80): Read timed out. (read timeout=30)"
2026-09-20T23:41:15.638142+00:00,0,30090.76,"HTTPConnectionPool(host='cheapest-alb-1599766835.us-east-1.elb.amazonaws.com', port=80): Read timed out. (read timeout=30)"
2026-09-20T23:41:15.649212+00:00,0,30077.82,"HTTPConnectionPool(host='cheapest-alb-1599766835.us-east-1.elb.amazonaws.com', port=80): Read timed out. (read timeout=30)"
2026-09-20T23:41:15.671769+00:00,0,30088.76,"HTTPConnectionPool(host='cheapest-alb-1599766835.us-east-1.elb.amazonaws.com', port=80): Read timed out. (read timeout=30)"
2026-09-20T23:41:15.660848+00:00,0,30100.02,"HTTPConnectionPool(host='cheapest-alb-1599766835.us-east-1.elb.amazonaws.com', port=80): Read timed out. (read timeout=30)"
2026-09-20T23:41:15.694004+00:00,0,30098.15,"HTTPConnectionPool(host='cheapest-alb-1599766835.us-east-1.elb.amazonaws.com', port=80): Read timed out. (read timeout=30)"
2026-09-20T23:41:15.682543+00:00,0,30111.17,"HTTPConnectionPool(host='cheapest-alb-1599766835.us-east-1.elb.amazonaws.com', port=80): Read timed out. (read timeout=30)"
2026-09-20T23:41:15.704476+00:00,0,30103.59,"HTTPConnectionPool(host='cheapest-alb-1599766835.us-east-1.elb.amazonaws.com', port=80): Read timed out. (read timeout=30)"
2026-09-20T23:41:15.727938+00:00,0,30080.79,"HTTPConnectionPool(host='cheapest-alb-1599766835.us-east-1.elb.amazonaws.com', port=80): Read timed out. (read timeout=30)"
2026-09-20T23:41:15.738838+00:00,0,30078.16,"HTTPConnectionPool(host='cheapest-alb-1599766835.us-east-1.elb.amazonaws.com', port=80): Read timed out. (read timeout=30)"
2026-09-20T23:41:15.716146+00:00,0,30099.58,"HTTPConnectionPool(host='cheapest-alb-1599766835.us-east-1.elb.amazonaws.com', port=80): Read timed out. (read timeout=30)"
2026-09-20T23:41:15.748850+00:00,0,30082.53,"HTTPConnectionPool(host='cheapest-alb-1599766835.us-east-1.elb.amazonaws.com', port=80): Read timed out. (read timeout=30)"
2026-09-20T23:41:15.771591+00:00,0,30091.62,"HTTPConnectionPool(host='cheapest-alb-1599766835.us-east-1.elb.amazonaws.com', port=80): Read timed out. (read timeout=30)"
2026-09-20T23:41:15.761127+00:00,0,30102.75,"HTTPConnectionPool(host='cheapest-alb-1599766835.us-east-1.elb.amazonaws.com', port=80): Read timed out. (read timeout=30)"
2026-09-20T23:41:15.782674+00:00,0,30096.62,"HTTPConnectionPool(host='cheapest-alb-1599766835.us-east-1.elb.amazonaws.com', port=80): Read timed out. (read timeout=30)"
2026-09-20T23:41:15.804481+00:00,0,30093.47,"HTTPConnectionPool(host='cheapest-alb-1599766835.us-east-1.elb.amazonaws.com', port=80): Read timed out. (read timeout=30)"
2026-09-20T23:41:15.816027+00:00,0,30082.26,"HTTPConnectionPool(host='cheapest-alb-1599766835.us-east-1.elb.amazonaws.com', port=80): Read timed out. (read timeout=30)"
2026-09-20T23:41:15.793173+00:00,0,30104.71,"HTTPConnectionPool(host='cheapest-alb-1599766835.us-east-1.elb.amazonaws.com', port=80): Read timed out. (read timeout=30)"
2026-09-20T23:41:15.828198+00:00,0,30085.71,"HTTPConnectionPool(host='cheapest-alb-1599766835.us-east-1.elb.amazonaws.com', port=80): Read timed out. (read timeout=30)"
2026-09-20T23:41:15.838841+00:00,0,30090.85,"HTTPConnectionPool(host='cheapest-alb-1599766835.us-east-1.elb.amazonaws.com', port=80): Read timed out. (read timeout=30)"
2026-09-20T23:41:15.861367+00:00,0,30082.62,"HTTPConnectionPool(host='cheapest-alb-1599766835.us-east-1.elb.amazonaws.com', port=80): Read timed out. (read timeout=30)"
2026-09-20T23:41:15.871944+00:00,0,30088.0,"HTTPConnectionPool(host='cheapest-alb-1599766835.us-east-1.elb.amazonaws.com', port=80): Read timed out. (read timeout=30)"
2026-09-20T23:41:15.849297+00:00,0,30111.88,"HTTPConnectionPool(host='cheapest-alb-1599766835.us-east-1.elb.amazonaws.com', port=80): Read timed out. (read timeout=30)"
2026-09-20T23:41:15.883245+00:00,0,30109.72,"HTTPConnectionPool(host='cheapest-alb-1599766835.us-east-1.elb.amazonaws.com', port=80): Read timed out. (read timeout=30)"
2026-09-20T23:41:15.904713+00:00,0,30088.18,"HTTPConnectionPool(host='cheapest-alb-1599766835.us-east-1.elb.amazonaws.com', port=80): Read timed out. (read timeout=30)"
2026-09-20T23:41:15.893210+00:00,0,30116.34,"HTTPConnectionPool(host='cheapest-alb-1599766835.us-east-1.elb.amazonaws.com', port=80): Read timed out. (read timeout=30)"
2026-09-20T23:41:15.915543+00:00,0,30093.06,"HTTPConnectionPool(host='cheapest-alb-1599766835.us-east-1.elb.amazonaws.com', port=80): Read timed out. (read timeout=30)"
2026-09-20T23:41:15.926517+00:00,0,30104.42,"HTTPConnectionPool(host='cheapest-alb-1599766835.us-east-1.elb.amazonaws.com', port=80): Read timed out. (read timeout=30)"
2026-09-20T23:41:15.937880+00:00,0,30095.95,"HTTPConnectionPool(host='cheapest-alb-1599766835.us-east-1.elb.amazonaws.com', port=80): Read timed out. (read timeout=30)"
2026-09-20T23:41:15.949069+00:00,0,30084.64,"HTTPConnectionPool(host='cheapest-alb-1599766835.us-east-1.elb.amazonaws.com', port=80): Read timed out. (read timeout=30)"
2026-09-20T23:41:15.959639+00:00,0,30089.11,"HTTPConnectionPool(host='cheapest-alb-1599766835.us-east-1.elb.amazonaws.com', port=80): Read timed out. (read timeout=30)"
2026-09-20T23:41:15.971174+00:00,0,30077.72,"HTTPConnectionPool(host='cheapest-alb-1599766835.us-east-1.elb.amazonaws.com', port=80): Read timed out. (read timeout=30)"
2026-09-20T23:41:15.993060+00:00,0,30103.99,"HTTPConnectionPool(host='cheapest-alb-1599766835.us-east-1.elb.amazonaws.com', port=80): Read timed out. (read timeout=30)"
2026-09-20T23:41:16.005486+00:00,0,30092.23,"HTTPConnectionPool(host='cheapest-alb-1599766835.us-east-1.elb.amazonaws.com', port=80): Read timed out. (read timeout=30)"
2026-09-20T23:41:15.982230+00:00,0,30115.69,"HTTPConnectionPool(host='cheapest-alb-1599766835.us-east-1.elb.amazonaws.com', port=80): Read timed out. (read timeout=30)"
2026-09-20T23:41:16.026514+00:00,0,30089.28,"HTTPConnectionPool(host='cheapest-alb-1599766835.us-east-1.elb.amazonaws.com', port=80): Read timed out. (read timeout=30)"
2026-09-20T23:41:16.015401+00:00,0,30101.0,"HTTPConnectionPool(host='cheapest-alb-1599766835.us-east-1.elb.amazonaws.com', port=80): Read timed out. (read timeout=30)"
2026-09-20T23:41:16.037592+00:00,0,30090.55,"HTTPConnectionPool(host='cheapest-alb-1599766835.us-east-1.elb.amazonaws.com', port=80): Read timed out. (read timeout=30)"
2026-09-20T23:41:16.049282+00:00,0,30095.15,"HTTPConnectionPool(host='cheapest-alb-1599766835.us-east-1.elb.amazonaws.com', port=80): Read timed out. (read timeout=30)"
2026-09-20T23:41:16.060794+00:00,0,30083.29,"HTTPConnectionPool(host='cheapest-alb-1599766835.us-east-1.elb.amazonaws.com', port=80): Read timed out. (read timeout=30)"
2026-09-20T23:41:16.083538+00:00,0,30078.2,"HTTPConnectionPool(host='cheapest-alb-1599766835.us-east-1.elb.amazonaws.com', port=80): Read timed out. (read timeout=30)"
2026-09-20T23:41:16.071912+00:00,0,30089.65,"HTTPConnectionPool(host='cheapest-alb-1599766835.us-east-1.elb.amazonaws.com', port=80): Read timed out. (read timeout=30)"
2026-09-20T23:41:16.093440+00:00,0,30084.47,"HTTPConnectionPool(host='cheapest-alb-1599766835.us-east-1.elb.amazonaws.com', port=80): Read timed out. (read timeout=30)"
2026-09-20T23:41:16.104235+00:00,0,30089.53,"HTTPConnectionPool(host='cheapest-alb-1599766835.us-east-1.elb.amazonaws.com', port=80): Read timed out. (read timeout=30)"
2026-09-20T23:41:16.115894+00:00,0,30091.76,"HTTPConnectionPool(host='cheapest-alb-1599766835.us-east-1.elb.amazonaws.com', port=80): Read timed out. (read timeout=30)"
2026-09-20T23:41:16.137968+00:00,0,30085.66,"HTTPConnectionPool(host='cheapest-alb-1599766835.us-east-1.elb.amazonaws.com', port=80): Read timed out. (read timeout=30)"
2026-09-20T23:41:16.127811+00:00,0,30113.46,"HTTPConnectionPool(host='cheapest-alb-1599766835.us-east-1.elb.amazonaws.com', port=80): Read timed out. (read timeout=30)"
2026-09-20T23:41:16.149306+00:00,0,30097.85,"HTTPConnectionPool(host='cheapest-alb-1599766835.us-east-1.elb.amazonaws.com', port=80): Read timed out. (read timeout=30)"
2026-09-20T23:41:16.171412+00:00,0,30092.66,"HTTPConnectionPool(host='cheapest-alb-1599766835.us-east-1.elb.amazonaws.com', port=80): Read timed out. (read timeout=30)"
2026-09-20T23:41:16.182482+00:00,0,30082.15,"HTTPConnectionPool(host='cheapest-alb-1599766835.us-east-1.elb.amazonaws.com', port=80): Read timed out. (read timeout=30)"
2026-09-20T23:41:16.160715+00:00,0,30118.32,"HTTPConnectionPool(host='cheapest-alb-1599766835.us-east-1.elb.amazonaws.com', port=80): Read timed out. (read timeout=30)"
2026-09-20T23:41:16.193749+00:00,0,30084.68,"HTTPConnectionPool(host='cheapest-alb-1599766835.us-east-1.elb.amazonaws.com', port=80): Read timed out. (read timeout=30)"
2026-09-20T23:41:16.204147+00:00,0,30089.06,"HTTPConnectionPool(host='cheapest-alb-1599766835.us-east-1.elb.amazonaws.com', port=80): Read timed out. (read timeout=30)"
2026-09-20T23:41:16.228853+00:00,0,30083.25,"HTTPConnectionPool(host='cheapest-alb-1599766835.us-east-1.elb.amazonaws.com', port=80): Read timed out. (read timeout=30)"
2026-09-20T23:41:16.216072+00:00,0,30111.75,"HTTPConnectionPool(host='cheapest-alb-1599766835.us-east-1.elb.amazonaws.com', port=80): Read timed out. (read timeout=30)"
2026-09-20T23:41:16.238132+00:00,0,30088.27,"HTTPConnectionPool(host='cheapest-alb-1599766835.us-east-1.elb.amazonaws.com', port=80): Read timed out. (read timeout=30)"
2026-09-20T23:41:16.249405+00:00,0,30094.51,"HTTPConnectionPool(host='cheapest-alb-1599766835.us-east-1.elb.amazonaws.com', port=80): Read timed out. (read timeout=30)"
2026-09-20T23:41:16.260198+00:00,0,30098.79,"HTTPConnectionPool(host='cheapest-alb-1599766835.us-east-1.elb.amazonaws.com', port=80): Read timed out. (read timeout=30)"
2026-09-20T23:41:16.271935+00:00,0,30103.93,"HTTPConnectionPool(host='cheapest-alb-1599766835.us-east-1.elb.amazonaws.com', port=80): Read timed out. (read timeout=30)"
2026-09-20T23:41:16.303947+00:00,0,30086.99,"HTTPConnectionPool(host='cheapest-alb-1599766835.us-east-1.elb.amazonaws.com', port=80): Read timed out. (read timeout=30)"
2026-09-20T23:41:16.294420+00:00,0,30098.36,"HTTPConnectionPool(host='cheapest-alb-1599766835.us-east-1.elb.amazonaws.com', port=80): Read timed out. (read timeout=30)"
2026-09-20T23:41:16.282680+00:00,0,30110.08,"HTTPConnectionPool(host='cheapest-alb-1599766835.us-east-1.elb.amazonaws.com', port=80): Read timed out. (read timeout=30)"
2026-09-20T23:41:16.316053+00:00,0,30090.28,"HTTPConnectionPool(host='cheapest-alb-1599766835.us-east-1.elb.amazonaws.com', port=80): Read timed out. (read timeout=30)"
2026-09-20T23:41:16.326612+00:00,0,30095.39,"HTTPConnectionPool(host='cheapest-alb-1599766835.us-east-1.elb.amazonaws.com', port=80): Read timed out. (read timeout=30)"
2026-09-20T23:41:16.338717+00:00,0,30085.8,"HTTPConnectionPool(host='cheapest-alb-1599766835.us-east-1.elb.amazonaws.com', port=80): Read timed out. (read timeout=30)"
2026-09-20T23:41:16.349405+00:00,0,30090.58,"HTTPConnectionPool(host='cheapest-alb-1599766835.us-east-1.elb.amazonaws.com', port=80): Read timed out. (read timeout=30)"
2026-09-20T23:41:16.359760+00:00,0,30104.57,"HTTPConnectionPool(host='cheapest-alb-1599766835.us-east-1.elb.amazonaws.com', port=80): Read timed out. (read timeout=30)"
2026-09-20T23:41:16.383017+00:00,0,30082.23,"HTTPConnectionPool(host='cheapest-alb-1599766835.us-east-1.elb.amazonaws.com', port=80): Read timed out. (read timeout=30)"
2026-09-20T23:41:16.370640+00:00,0,30110.41,"HTTPConnectionPool(host='cheapest-alb-1599766835.us-east-1.elb.amazonaws.com', port=80): Read timed out. (read timeout=30)"
2026-09-20T23:41:16.393928+00:00,0,30086.33,"HTTPConnectionPool(host='cheapest-alb-1599766835.us-east-1.elb.amazonaws.com', port=80): Read timed out. (read timeout=30)"
2026-09-20T23:41:16.416130+00:00,0,30078.31,"HTTPConnectionPool(host='cheapest-alb-1599766835.us-east-1.elb.amazonaws.com', port=80): Read timed out. (read timeout=30)"
2026-09-20T23:41:16.405319+00:00,0,30108.15,"HTTPConnectionPool(host='cheapest-alb-1599766835.us-east-1.elb.amazonaws.com', port=80): Read timed out. (read timeout=30)"
2026-09-20T23:41:16.438305+00:00,0,30089.59,"HTTPConnectionPool(host='cheapest-alb-1599766835.us-east-1.elb.amazonaws.com', port=80): Read timed out. (read timeout=30)"
2026-09-20T23:41:16.448904+00:00,0,30079.91,"HTTPConnectionPool(host='cheapest-alb-1599766835.us-east-1.elb.amazonaws.com', port=80): Read timed out. (read timeout=30)"
2026-09-20T23:41:16.427350+00:00,0,30101.9,"HTTPConnectionPool(host='cheapest-alb-1599766835.us-east-1.elb.amazonaws.com', port=80): Read timed out. (read timeout=30)"
2026-09-20T23:41:16.470694+00:00,0,30095.5,"HTTPConnectionPool(host='cheapest-alb-1599766835.us-east-1.elb.amazonaws.com', port=80): Read timed out. (read timeout=30)"
2026-09-20T23:41:16.460218+00:00,0,30106.32,"HTTPConnectionPool(host='cheapest-alb-1599766835.us-east-1.elb.amazonaws.com', port=80): Read timed out. (read timeout=30)"
2026-09-20T23:41:16.492774+00:00,0,30093.16,"HTTPConnectionPool(host='cheapest-alb-1599766835.us-east-1.elb.amazonaws.com', port=80): Read timed out. (read timeout=30)"
2026-09-20T23:41:16.484922+00:00,0,30103.09,"HTTPConnectionPool(host='cheapest-alb-1599766835.us-east-1.elb.amazonaws.com', port=80): Read timed out. (read timeout=30)"
2026-09-20T23:41:16.504126+00:00,0,30092.37,"HTTPConnectionPool(host='cheapest-alb-1599766835.us-east-1.elb.amazonaws.com', port=80): Read timed out. (read timeout=30)"
2026-09-20T23:41:16.515224+00:00,0,30097.43,"HTTPConnectionPool(host='cheapest-alb-1599766835.us-east-1.elb.amazonaws.com', port=80): Read timed out. (read timeout=30)"
2026-09-20T23:41:16.527324+00:00,0,30103.07,"HTTPConnectionPool(host='cheapest-alb-1599766835.us-east-1.elb.amazonaws.com', port=80): Read timed out. (read timeout=30)"
2026-09-20T23:41:16.570894+00:00,0,30075.5,"HTTPConnectionPool(host='cheapest-alb-1599766835.us-east-1.elb.amazonaws.com', port=80): Read timed out. (read timeout=30)"
2026-09-20T23:41:16.550346+00:00,0,30095.56,"HTTPConnectionPool(host='cheapest-alb-1599766835.us-east-1.elb.amazonaws.com', port=80): Read timed out. (read timeout=30)"
2026-09-20T23:41:16.538647+00:00,0,30106.94,"HTTPConnectionPool(host='cheapest-alb-1599766835.us-east-1.elb.amazonaws.com', port=80): Read timed out. (read timeout=30)"
2026-09-20T23:41:16.583074+00:00,0,30077.77,"HTTPConnectionPool(host='cheapest-alb-1599766835.us-east-1.elb.amazonaws.com', port=80): Read timed out. (read timeout=30)"
2026-09-20T23:41:16.594474+00:00,0,30082.33,"HTTPConnectionPool(host='cheapest-alb-1599766835.us-east-1.elb.amazonaws.com', port=80): Read timed out. (read timeout=30)"
2026-09-20T23:41:16.560438+00:00,0,30118.13,"HTTPConnectionPool(host='cheapest-alb-1599766835.us-east-1.elb.amazonaws.com', port=80): Read timed out. (read timeout=30)"
2026-09-20T23:41:16.616343+00:00,0,30092.2,"HTTPConnectionPool(host='cheapest-alb-1599766835.us-east-1.elb.amazonaws.com', port=80): Read timed out. (read timeout=30)"
2026-09-20T23:41:16.605073+00:00,0,30104.65,"HTTPConnectionPool(host='cheapest-alb-1599766835.us-east-1.elb.amazonaws.com', port=80): Read timed out. (read timeout=30)"
2026-09-20T23:41:16.627007+00:00,0,30084.04,"HTTPConnectionPool(host='cheapest-alb-1599766835.us-east-1.elb.amazonaws.com', port=80): Read timed out. (read timeout=30)"
2026-09-20T23:41:16.637185+00:00,0,30087.18,"HTTPConnectionPool(host='cheapest-alb-1599766835.us-east-1.elb.amazonaws.com', port=80): Read timed out. (read timeout=30)"
2026-09-20T23:41:16.660011+00:00,0,30096.96,"HTTPConnectionPool(host='cheapest-alb-1599766835.us-east-1.elb.amazonaws.com', port=80): Read timed out. (read timeout=30)"
2026-09-20T23:41:16.649587+00:00,0,30109.42,"HTTPConnectionPool(host='cheapest-alb-1599766835.us-east-1.elb.amazonaws.com', port=80): Read timed out. (read timeout=30)"
2026-09-20T23:41:16.672284+00:00,0,30085.4,"HTTPConnectionPool(host='cheapest-alb-1599766835.us-east-1.elb.amazonaws.com', port=80): Read timed out. (read timeout=30)"
2026-09-20T23:41:16.682584+00:00,0,30098.87,"HTTPConnectionPool(host='cheapest-alb-1599766835.us-east-1.elb.amazonaws.com', port=80): Read timed out. (read timeout=30)"
2026-09-20T23:41:16.704239+00:00,0,30077.69,"HTTPConnectionPool(host='cheapest-alb-1599766835.us-east-1.elb.amazonaws.com', port=80): Read timed out. (read timeout=30)"
2026-09-20T23:41:16.695743+00:00,0,30086.99,"HTTPConnectionPool(host='cheapest-alb-1599766835.us-east-1.elb.amazonaws.com', port=80): Read timed out. (read timeout=30)"
2026-09-20T23:41:16.726698+00:00,0,30088.74,"HTTPConnectionPool(host='cheapest-alb-1599766835.us-east-1.elb.amazonaws.com', port=80): Read timed out. (read timeout=30)"
2026-09-20T23:41:16.738950+00:00,0,30076.55,"HTTPConnectionPool(host='cheapest-alb-1599766835.us-east-1.elb.amazonaws.com', port=80): Read timed out. (read timeout=30)"
2026-09-20T23:41:16.717958+00:00,0,30097.1,"HTTPConnectionPool(host='cheapest-alb-1599766835.us-east-1.elb.amazonaws.com', port=80): Read timed out. (read timeout=30)"
2026-09-20T23:41:16.761042+00:00,0,30085.36,"HTTPConnectionPool(host='cheapest-alb-1599766835.us-east-1.elb.amazonaws.com', port=80): Read timed out. (read timeout=30)"
2026-09-20T23:41:16.748919+00:00,0,30097.9,"HTTPConnectionPool(host='cheapest-alb-1599766835.us-east-1.elb.amazonaws.com', port=80): Read timed out. (read timeout=30)"
2026-09-20T23:41:16.782231+00:00,0,30080.36,"HTTPConnectionPool(host='cheapest-alb-1599766835.us-east-1.elb.amazonaws.com', port=80): Read timed out. (read timeout=30)"
2026-09-20T23:41:16.771006+00:00,0,30106.38,"HTTPConnectionPool(host='cheapest-alb-1599766835.us-east-1.elb.amazonaws.com', port=80): Read timed out. (read timeout=30)"
2026-09-20T23:41:16.793856+00:00,0,30083.8,"HTTPConnectionPool(host='cheapest-alb-1599766835.us-east-1.elb.amazonaws.com', port=80): Read timed out. (read timeout=30)"
2026-09-20T23:41:16.805382+00:00,0,30087.94,"HTTPConnectionPool(host='cheapest-alb-1599766835.us-east-1.elb.amazonaws.com', port=80): Read timed out. (read timeout=30)"
2026-09-20T23:41:16.815523+00:00,0,30095.01,"HTTPConnectionPool(host='cheapest-alb-1599766835.us-east-1.elb.amazonaws.com', port=80): Read timed out. (read timeout=30)"
2026-09-20T23:41:16.827474+00:00,0,30082.94,"HTTPConnectionPool(host='cheapest-alb-1599766835.us-east-1.elb.amazonaws.com', port=80): Read timed out. (read timeout=30)"
2026-09-20T23:41:16.838663+00:00,0,30087.93,"HTTPConnectionPool(host='cheapest-alb-1599766835.us-east-1.elb.amazonaws.com', port=80): Read timed out. (read timeout=30)"
2026-09-20T23:41:16.860687+00:00,0,30080.39,"HTTPConnectionPool(host='cheapest-alb-1599766835.us-east-1.elb.amazonaws.com', port=80): Read timed out. (read timeout=30)"
2026-09-20T23:41:16.848631+00:00,0,30109.95,"HTTPConnectionPool(host='cheapest-alb-1599766835.us-east-1.elb.amazonaws.com', port=80): Read timed out. (read timeout=30)"
2026-09-20T23:41:16.893625+00:00,0,30081.5,"HTTPConnectionPool(host='cheapest-alb-1599766835.us-east-1.elb.amazonaws.com', port=80): Read timed out. (read timeout=30)"
2026-09-20T23:41:16.871154+00:00,0,30104.41,"HTTPConnectionPool(host='cheapest-alb-1599766835.us-east-1.elb.amazonaws.com', port=80): Read timed out. (read timeout=30)"
2026-09-20T23:41:16.882158+00:00,0,30100.25,"HTTPConnectionPool(host='cheapest-alb-1599766835.us-east-1.elb.amazonaws.com', port=80): Read timed out. (read timeout=30)"
2026-09-20T23:41:16.904465+00:00,0,30094.89,"HTTPConnectionPool(host='cheapest-alb-1599766835.us-east-1.elb.amazonaws.com', port=80): Read timed out. (read timeout=30)"
2026-09-20T23:41:16.927279+00:00,0,30087.46,"HTTPConnectionPool(host='cheapest-alb-1599766835.us-east-1.elb.amazonaws.com', port=80): Read timed out. (read timeout=30)"
2026-09-20T23:41:16.916341+00:00,0,30099.24,"HTTPConnectionPool(host='cheapest-alb-1599766835.us-east-1.elb.amazonaws.com', port=80): Read timed out. (read timeout=30)"
2026-09-20T23:41:16.938271+00:00,0,30096.37,"HTTPConnectionPool(host='cheapest-alb-1599766835.us-east-1.elb.amazonaws.com', port=80): Read timed out. (read timeout=30)"
2026-09-20T23:41:16.949559+00:00,0,30095.03,"HTTPConnectionPool(host='cheapest-alb-1599766835.us-east-1.elb.amazonaws.com', port=80): Read timed out. (read timeout=30)"
2026-09-20T23:41:16.960614+00:00,0,30083.92,"HTTPConnectionPool(host='cheapest-alb-1599766835.us-east-1.elb.amazonaws.com', port=80): Read timed out. (read timeout=30)"
2026-09-20T23:41:16.970788+00:00,0,30091.75,"HTTPConnectionPool(host='cheapest-alb-1599766835.us-east-1.elb.amazonaws.com', port=80): Read timed out. (read timeout=30)"
2026-09-20T23:41:16.982479+00:00,0,30094.38,"HTTPConnectionPool(host='cheapest-alb-1599766835.us-east-1.elb.amazonaws.com', port=80): Read timed out. (read timeout=30)"
2026-09-20T23:41:17.015864+00:00,0,30093.67,"HTTPConnectionPool(host='cheapest-alb-1599766835.us-east-1.elb.amazonaws.com', port=80): Read timed out. (read timeout=30)"
2026-09-20T23:41:16.995391+00:00,0,30116.13,"HTTPConnectionPool(host='cheapest-alb-1599766835.us-east-1.elb.amazonaws.com', port=80): Read timed out. (read timeout=30)"
2026-09-20T23:41:17.027294+00:00,0,30084.39,"HTTPConnectionPool(host='cheapest-alb-1599766835.us-east-1.elb.amazonaws.com', port=80): Read timed out. (read timeout=30)"
2026-09-20T23:41:17.004116+00:00,0,30106.06,"HTTPConnectionPool(host='cheapest-alb-1599766835.us-east-1.elb.amazonaws.com', port=80): Read timed out. (read timeout=30)"
2026-09-20T23:41:17.037430+00:00,0,30097.21,"HTTPConnectionPool(host='cheapest-alb-1599766835.us-east-1.elb.amazonaws.com', port=80): Read timed out. (read timeout=30)"
2026-09-20T23:41:17.061220+00:00,0,30087.99,"HTTPConnectionPool(host='cheapest-alb-1599766835.us-east-1.elb.amazonaws.com', port=80): Read timed out. (read timeout=30)"
2026-09-20T23:41:17.049262+00:00,0,30099.36,"HTTPConnectionPool(host='cheapest-alb-1599766835.us-east-1.elb.amazonaws.com', port=80): Read timed out. (read timeout=30)"
2026-09-20T23:41:17.082799+00:00,0,30082.34,"HTTPConnectionPool(host='cheapest-alb-1599766835.us-east-1.elb.amazonaws.com', port=80): Read timed out. (read timeout=30)"
2026-09-20T23:41:17.071620+00:00,0,30094.07,"HTTPConnectionPool(host='cheapest-alb-1599766835.us-east-1.elb.amazonaws.com', port=80): Read timed out. (read timeout=30)"
2026-09-20T23:41:17.093498+00:00,0,30089.18,"HTTPConnectionPool(host='cheapest-alb-1599766835.us-east-1.elb.amazonaws.com', port=80): Read timed out. (read timeout=30)"
2026-09-20T23:41:17.104051+00:00,0,30078.83,"HTTPConnectionPool(host='cheapest-alb-1599766835.us-east-1.elb.amazonaws.com', port=80): Read timed out. (read timeout=30)"
2026-09-20T23:41:17.115776+00:00,0,30081.54,"HTTPConnectionPool(host='cheapest-alb-1599766835.us-east-1.elb.amazonaws.com', port=80): Read timed out. (read timeout=30)"
2026-09-20T23:41:17.126257+00:00,0,30104.14,"HTTPConnectionPool(host='cheapest-alb-1599766835.us-east-1.elb.amazonaws.com', port=80): Read timed out. (read timeout=30)"
2026-09-20T23:41:17.137969+00:00,0,30092.78,"HTTPConnectionPool(host='cheapest-alb-1599766835.us-east-1.elb.amazonaws.com', port=80): Read timed out. (read timeout=30)"
2026-09-20T23:41:17.149361+00:00,0,30104.96,"HTTPConnectionPool(host='cheapest-alb-1599766835.us-east-1.elb.amazonaws.com', port=80): Read timed out. (read timeout=30)"
2026-09-20T23:41:17.161619+00:00,0,30094.47,"HTTPConnectionPool(host='cheapest-alb-1599766835.us-east-1.elb.amazonaws.com', port=80): Read timed out. (read timeout=30)"
2026-09-20T23:41:17.170716+00:00,0,30109.0,"HTTPConnectionPool(host='cheapest-alb-1599766835.us-east-1.elb.amazonaws.com', port=80): Read timed out. (read timeout=30)"
2026-09-20T23:41:17.182525+00:00,0,30098.91,"HTTPConnectionPool(host='cheapest-alb-1599766835.us-east-1.elb.amazonaws.com', port=80): Read timed out. (read timeout=30)"
2026-09-20T23:41:17.193286+00:00,0,30087.08,"HTTPConnectionPool(host='cheapest-alb-1599766835.us-east-1.elb.amazonaws.com', port=80): Read timed out. (read timeout=30)"
2026-09-20T23:41:17.204618+00:00,0,30091.6,"HTTPConnectionPool(host='cheapest-alb-1599766835.us-east-1.elb.amazonaws.com', port=80): Read timed out. (read timeout=30)"
2026-09-20T23:41:17.215451+00:00,0,30082.28,"HTTPConnectionPool(host='cheapest-alb-1599766835.us-east-1.elb.amazonaws.com', port=80): Read timed out. (read timeout=30)"
2026-09-20T23:41:17.227196+00:00,0,30085.99,"HTTPConnectionPool(host='cheapest-alb-1599766835.us-east-1.elb.amazonaws.com', port=80): Read timed out. (read timeout=30)"
2026-09-20T23:41:17.238244+00:00,0,30075.32,"HTTPConnectionPool(host='cheapest-alb-1599766835.us-east-1.elb.amazonaws.com', port=80): Read timed out. (read timeout=30)"
2026-09-20T23:41:17.248778+00:00,0,30103.2,"HTTPConnectionPool(host='cheapest-alb-1599766835.us-east-1.elb.amazonaws.com', port=80): Read timed out. (read timeout=30)"
2026-09-20T23:41:17.271070+00:00,0,30078.26,"HTTPConnectionPool(host='cheapest-alb-1599766835.us-east-1.elb.amazonaws.com', port=80): Read timed out. (read timeout=30)"
2026-09-20T23:41:17.294009+00:00,0,30081.94,"HTTPConnectionPool(host='cheapest-alb-1599766835.us-east-1.elb.amazonaws.com', port=80): Read timed out. (read timeout=30)"
2026-09-20T23:41:17.282698+00:00,0,30093.24,"HTTPConnectionPool(host='cheapest-alb-1599766835.us-east-1.elb.amazonaws.com', port=80): Read timed out. (read timeout=30)"
2026-09-20T23:41:17.261103+00:00,0,30114.51,"HTTPConnectionPool(host='cheapest-alb-1599766835.us-east-1.elb.amazonaws.com', port=80): Read timed out. (read timeout=30)"
2026-09-20T23:41:17.305081+00:00,0,30086.92,"HTTPConnectionPool(host='cheapest-alb-1599766835.us-east-1.elb.amazonaws.com', port=80): Read timed out. (read timeout=30)"
2026-09-20T23:41:17.316492+00:00,0,30091.31,"HTTPConnectionPool(host='cheapest-alb-1599766835.us-east-1.elb.amazonaws.com', port=80): Read timed out. (read timeout=30)"
2026-09-20T23:41:17.326990+00:00,0,30096.1,"HTTPConnectionPool(host='cheapest-alb-1599766835.us-east-1.elb.amazonaws.com', port=80): Read timed out. (read timeout=30)"
2026-09-20T23:41:17.338796+00:00,0,30100.8,"HTTPConnectionPool(host='cheapest-alb-1599766835.us-east-1.elb.amazonaws.com', port=80): Read timed out. (read timeout=30)"
2026-09-20T23:41:17.348618+00:00,0,30091.36,"HTTPConnectionPool(host='cheapest-alb-1599766835.us-east-1.elb.amazonaws.com', port=80): Read timed out. (read timeout=30)"
2026-09-20T23:41:17.371512+00:00,0,30076.53,"HTTPConnectionPool(host='cheapest-alb-1599766835.us-east-1.elb.amazonaws.com', port=80): Read timed out. (read timeout=30)"
2026-09-20T23:41:17.359797+00:00,0,30106.12,"HTTPConnectionPool(host='cheapest-alb-1599766835.us-east-1.elb.amazonaws.com', port=80): Read timed out. (read timeout=30)"
2026-09-20T23:41:17.404168+00:00,0,30098.62,"HTTPConnectionPool(host='cheapest-alb-1599766835.us-east-1.elb.amazonaws.com', port=80): Read timed out. (read timeout=30)"
2026-09-20T23:41:17.392915+00:00,0,30110.98,"HTTPConnectionPool(host='cheapest-alb-1599766835.us-east-1.elb.amazonaws.com', port=80): Read timed out. (read timeout=30)"
2026-09-20T23:41:17.382537+00:00,0,30121.61,"HTTPConnectionPool(host='cheapest-alb-1599766835.us-east-1.elb.amazonaws.com', port=80): Read timed out. (read timeout=30)"
2026-09-20T23:41:17.417577+00:00,0,30086.74,"HTTPConnectionPool(host='cheapest-alb-1599766835.us-east-1.elb.amazonaws.com', port=80): Read timed out. (read timeout=30)"
2026-09-20T23:41:17.427297+00:00,0,30084.97,"HTTPConnectionPool(host='cheapest-alb-1599766835.us-east-1.elb.amazonaws.com', port=80): Read timed out. (read timeout=30)"
2026-09-20T23:41:17.437816+00:00,0,30092.24,"HTTPConnectionPool(host='cheapest-alb-1599766835.us-east-1.elb.amazonaws.com', port=80): Read timed out. (read timeout=30)"
2026-09-20T23:41:17.449415+00:00,0,30096.56,"HTTPConnectionPool(host='cheapest-alb-1599766835.us-east-1.elb.amazonaws.com', port=80): Read timed out. (read timeout=30)"
2026-09-20T23:41:17.471495+00:00,0,30088.59,"HTTPConnectionPool(host='cheapest-alb-1599766835.us-east-1.elb.amazonaws.com', port=80): Read timed out. (read timeout=30)"
2026-09-20T23:41:17.459623+00:00,0,30100.85,"HTTPConnectionPool(host='cheapest-alb-1599766835.us-east-1.elb.amazonaws.com', port=80): Read timed out. (read timeout=30)"
2026-09-20T23:41:17.482399+00:00,0,30077.98,"HTTPConnectionPool(host='cheapest-alb-1599766835.us-east-1.elb.amazonaws.com', port=80): Read timed out. (read timeout=30)"
2026-09-20T23:41:17.503996+00:00,0,30088.6,"HTTPConnectionPool(host='cheapest-alb-1599766835.us-east-1.elb.amazonaws.com', port=80): Read timed out. (read timeout=30)"
2026-09-20T23:41:17.493357+00:00,0,30100.33,"HTTPConnectionPool(host='cheapest-alb-1599766835.us-east-1.elb.amazonaws.com', port=80): Read timed out. (read timeout=30)"
2026-09-20T23:41:17.518113+00:00,0,30091.37,"HTTPConnectionPool(host='cheapest-alb-1599766835.us-east-1.elb.amazonaws.com', port=80): Read timed out. (read timeout=30)"
2026-09-20T23:41:17.527368+00:00,0,30081.26,"HTTPConnectionPool(host='cheapest-alb-1599766835.us-east-1.elb.amazonaws.com', port=80): Read timed out. (read timeout=30)"
2026-09-20T23:41:17.538331+00:00,0,30086.67,"HTTPConnectionPool(host='cheapest-alb-1599766835.us-east-1.elb.amazonaws.com', port=80): Read timed out. (read timeout=30)"
2026-09-20T23:41:17.561530+00:00,0,30080.16,"HTTPConnectionPool(host='cheapest-alb-1599766835.us-east-1.elb.amazonaws.com', port=80): Read timed out. (read timeout=30)"
2026-09-20T23:41:17.550317+00:00,0,30100.25,"HTTPConnectionPool(host='cheapest-alb-1599766835.us-east-1.elb.amazonaws.com', port=80): Read timed out. (read timeout=30)"
2026-09-20T23:41:17.570715+00:00,0,30095.48,"HTTPConnectionPool(host='cheapest-alb-1599766835.us-east-1.elb.amazonaws.com', port=80): Read timed out. (read timeout=30)"
2026-09-20T23:41:17.582834+00:00,0,30083.07,"HTTPConnectionPool(host='cheapest-alb-1599766835.us-east-1.elb.amazonaws.com', port=80): Read timed out. (read timeout=30)"
2026-09-20T23:41:17.604743+00:00,0,30076.47,"HTTPConnectionPool(host='cheapest-alb-1599766835.us-east-1.elb.amazonaws.com', port=80): Read timed out. (read timeout=30)"
2026-09-20T23:41:17.594697+00:00,0,30102.85,"HTTPConnectionPool(host='cheapest-alb-1599766835.us-east-1.elb.amazonaws.com', port=80): Read timed out. (read timeout=30)"
2026-09-20T23:41:17.615940+00:00,0,30081.39,"HTTPConnectionPool(host='cheapest-alb-1599766835.us-east-1.elb.amazonaws.com', port=80): Read timed out. (read timeout=30)"
2026-09-20T23:41:17.638134+00:00,0,30074.54,"HTTPConnectionPool(host='cheapest-alb-1599766835.us-east-1.elb.amazonaws.com', port=80): Read timed out. (read timeout=30)"
2026-09-20T23:41:17.627761+00:00,0,30101.95,"HTTPConnectionPool(host='cheapest-alb-1599766835.us-east-1.elb.amazonaws.com', port=80): Read timed out. (read timeout=30)"
2026-09-20T23:41:17.648933+00:00,0,30080.86,"HTTPConnectionPool(host='cheapest-alb-1599766835.us-east-1.elb.amazonaws.com', port=80): Read timed out. (read timeout=30)"
2026-09-20T23:41:17.660401+00:00,0,30086.69,"HTTPConnectionPool(host='cheapest-alb-1599766835.us-east-1.elb.amazonaws.com', port=80): Read timed out. (read timeout=30)"
2026-09-20T23:41:17.671550+00:00,0,30091.45,"HTTPConnectionPool(host='cheapest-alb-1599766835.us-east-1.elb.amazonaws.com', port=80): Read timed out. (read timeout=30)"
2026-09-20T23:41:17.693988+00:00,0,30101.23,"HTTPConnectionPool(host='cheapest-alb-1599766835.us-east-1.elb.amazonaws.com', port=80): Read timed out. (read timeout=30)"
2026-09-20T23:41:17.682671+00:00,0,30112.9,"HTTPConnectionPool(host='cheapest-alb-1599766835.us-east-1.elb.amazonaws.com', port=80): Read timed out. (read timeout=30)"
2026-09-20T23:41:17.704962+00:00,0,30106.38,"HTTPConnectionPool(host='cheapest-alb-1599766835.us-east-1.elb.amazonaws.com', port=80): Read timed out. (read timeout=30)"
2026-09-20T23:41:17.749027+00:00,0,30079.19,"HTTPConnectionPool(host='cheapest-alb-1599766835.us-east-1.elb.amazonaws.com', port=80): Read timed out. (read timeout=30)"
2026-09-20T23:41:17.715875+00:00,0,30112.79,"HTTPConnectionPool(host='cheapest-alb-1599766835.us-east-1.elb.amazonaws.com', port=80): Read timed out. (read timeout=30)"
2026-09-20T23:41:17.738813+00:00,0,30090.03,"HTTPConnectionPool(host='cheapest-alb-1599766835.us-east-1.elb.amazonaws.com', port=80): Read timed out. (read timeout=30)"
2026-09-20T23:41:17.727322+00:00,0,30116.22,"HTTPConnectionPool(host='cheapest-alb-1599766835.us-east-1.elb.amazonaws.com', port=80): Read timed out. (read timeout=30)"
2026-09-20T23:41:17.760143+00:00,0,30090.18,"HTTPConnectionPool(host='cheapest-alb-1599766835.us-east-1.elb.amazonaws.com', port=80): Read timed out. (read timeout=30)"
2026-09-20T23:41:17.771388+00:00,0,30094.14,"HTTPConnectionPool(host='cheapest-alb-1599766835.us-east-1.elb.amazonaws.com', port=80): Read timed out. (read timeout=30)"
2026-09-20T23:41:17.793050+00:00,0,30089.87,"HTTPConnectionPool(host='cheapest-alb-1599766835.us-east-1.elb.amazonaws.com', port=80): Read timed out. (read timeout=30)"
2026-09-20T23:41:17.783408+00:00,0,30099.57,"HTTPConnectionPool(host='cheapest-alb-1599766835.us-east-1.elb.amazonaws.com', port=80): Read timed out. (read timeout=30)"
2026-09-20T23:41:17.816088+00:00,0,30098.77,"HTTPConnectionPool(host='cheapest-alb-1599766835.us-east-1.elb.amazonaws.com', port=80): Read timed out. (read timeout=30)"
2026-09-20T23:41:17.827721+00:00,0,30087.33,"HTTPConnectionPool(host='cheapest-alb-1599766835.us-east-1.elb.amazonaws.com', port=80): Read timed out. (read timeout=30)"
2026-09-20T23:41:17.805175+00:00,0,30109.92,"HTTPConnectionPool(host='cheapest-alb-1599766835.us-east-1.elb.amazonaws.com', port=80): Read timed out. (read timeout=30)"
2026-09-20T23:41:17.849433+00:00,0,30095.68,"HTTPConnectionPool(host='cheapest-alb-1599766835.us-east-1.elb.amazonaws.com', port=80): Read timed out. (read timeout=30)"
2026-09-20T23:41:17.837409+00:00,0,30112.99,"HTTPConnectionPool(host='cheapest-alb-1599766835.us-east-1.elb.amazonaws.com', port=80): Read timed out. (read timeout=30)"
2026-09-20T23:41:17.860082+00:00,0,30092.03,"HTTPConnectionPool(host='cheapest-alb-1599766835.us-east-1.elb.amazonaws.com', port=80): Read timed out. (read timeout=30)"
2026-09-20T23:41:17.870533+00:00,0,30091.13,"HTTPConnectionPool(host='cheapest-alb-1599766835.us-east-1.elb.amazonaws.com', port=80): Read timed out. (read timeout=30)"
2026-09-20T23:41:17.882477+00:00,0,30081.04,"HTTPConnectionPool(host='cheapest-alb-1599766835.us-east-1.elb.amazonaws.com', port=80): Read timed out. (read timeout=30)"
2026-09-20T23:41:17.894527+00:00,0,30083.84,"HTTPConnectionPool(host='cheapest-alb-1599766835.us-east-1.elb.amazonaws.com', port=80): Read timed out. (read timeout=30)"
2026-09-20T23:41:17.905726+00:00,0,30089.55,"HTTPConnectionPool(host='cheapest-alb-1599766835.us-east-1.elb.amazonaws.com', port=80): Read timed out. (read timeout=30)"
2026-09-20T23:41:17.926819+00:00,0,30083.43,"HTTPConnectionPool(host='cheapest-alb-1599766835.us-east-1.elb.amazonaws.com', port=80): Read timed out. (read timeout=30)"
2026-09-20T23:41:17.915901+00:00,0,30095.79,"HTTPConnectionPool(host='cheapest-alb-1599766835.us-east-1.elb.amazonaws.com', port=80): Read timed out. (read timeout=30)"
2026-09-20T23:41:17.938789+00:00,0,30087.62,"HTTPConnectionPool(host='cheapest-alb-1599766835.us-east-1.elb.amazonaws.com', port=80): Read timed out. (read timeout=30)"
2026-09-20T23:41:17.961474+00:00,0,30098.22,"HTTPConnectionPool(host='cheapest-alb-1599766835.us-east-1.elb.amazonaws.com', port=80): Read timed out. (read timeout=30)"
2026-09-20T23:41:17.972182+00:00,0,30088.04,"HTTPConnectionPool(host='cheapest-alb-1599766835.us-east-1.elb.amazonaws.com', port=80): Read timed out. (read timeout=30)"
2026-09-20T23:41:17.948896+00:00,0,30109.71,"HTTPConnectionPool(host='cheapest-alb-1599766835.us-east-1.elb.amazonaws.com', port=80): Read timed out. (read timeout=30)"
2026-09-20T23:41:17.983753+00:00,0,30091.94,"HTTPConnectionPool(host='cheapest-alb-1599766835.us-east-1.elb.amazonaws.com', port=80): Read timed out. (read timeout=30)"
2026-09-20T23:41:18.004176+00:00,0,30086.73,"HTTPConnectionPool(host='cheapest-alb-1599766835.us-east-1.elb.amazonaws.com', port=80): Read timed out. (read timeout=30)"
2026-09-20T23:41:18.016218+00:00,0,30081.66,"HTTPConnectionPool(host='cheapest-alb-1599766835.us-east-1.elb.amazonaws.com', port=80): Read timed out. (read timeout=30)"
2026-09-20T23:41:18.026488+00:00,0,30089.9,"HTTPConnectionPool(host='cheapest-alb-1599766835.us-east-1.elb.amazonaws.com', port=80): Read timed out. (read timeout=30)"
2026-09-20T23:41:17.993724+00:00,0,30121.78,"HTTPConnectionPool(host='cheapest-alb-1599766835.us-east-1.elb.amazonaws.com', port=80): Read timed out. (read timeout=30)"
2026-09-20T23:41:18.037818+00:00,0,30092.81,"HTTPConnectionPool(host='cheapest-alb-1599766835.us-east-1.elb.amazonaws.com', port=80): Read timed out. (read timeout=30)"
2026-09-20T23:41:18.049569+00:00,0,30098.22,"HTTPConnectionPool(host='cheapest-alb-1599766835.us-east-1.elb.amazonaws.com', port=80): Read timed out. (read timeout=30)"
2026-09-20T23:41:18.061803+00:00,0,30085.37,"HTTPConnectionPool(host='cheapest-alb-1599766835.us-east-1.elb.amazonaws.com', port=80): Read timed out. (read timeout=30)"
2026-09-20T23:41:18.072747+00:00,0,30090.68,"HTTPConnectionPool(host='cheapest-alb-1599766835.us-east-1.elb.amazonaws.com', port=80): Read timed out. (read timeout=30)"
2026-09-20T23:41:18.083862+00:00,0,30094.68,"HTTPConnectionPool(host='cheapest-alb-1599766835.us-east-1.elb.amazonaws.com', port=80): Read timed out. (read timeout=30)"
2026-09-20T23:41:18.101367+00:00,0,30087.95,"HTTPConnectionPool(host='cheapest-alb-1599766835.us-east-1.elb.amazonaws.com', port=80): Read timed out. (read timeout=30)"
2026-09-20T23:41:18.094458+00:00,0,30099.75,"HTTPConnectionPool(host='cheapest-alb-1599766835.us-east-1.elb.amazonaws.com', port=80): Read timed out. (read timeout=30)"
2026-09-20T23:41:18.118442+00:00,0,30093.61,"HTTPConnectionPool(host='cheapest-alb-1599766835.us-east-1.elb.amazonaws.com', port=80): Read timed out. (read timeout=30)"
2026-09-20T23:41:18.141416+00:00,0,30087.0,"HTTPConnectionPool(host='cheapest-alb-1599766835.us-east-1.elb.amazonaws.com', port=80): Read timed out. (read timeout=30)"
2026-09-20T23:41:18.128322+00:00,0,30099.36,"HTTPConnectionPool(host='cheapest-alb-1599766835.us-east-1.elb.amazonaws.com', port=80): Read timed out. (read timeout=30)"
2026-09-20T23:41:18.148921+00:00,0,30103.33,"HTTPConnectionPool(host='cheapest-alb-1599766835.us-east-1.elb.amazonaws.com', port=80): Read timed out. (read timeout=30)"
2026-09-20T23:41:18.170932+00:00,0,30089.59,"HTTPConnectionPool(host='cheapest-alb-1599766835.us-east-1.elb.amazonaws.com', port=80): Read timed out. (read timeout=30)"
2026-09-20T23:41:18.160061+00:00,0,30109.18,"HTTPConnectionPool(host='cheapest-alb-1599766835.us-east-1.elb.amazonaws.com', port=80): Read timed out. (read timeout=30)"
2026-09-20T23:41:18.194008+00:00,0,30083.78,"HTTPConnectionPool(host='cheapest-alb-1599766835.us-east-1.elb.amazonaws.com', port=80): Read timed out. (read timeout=30)"
2026-09-20T23:41:18.182451+00:00,0,30094.75,"HTTPConnectionPool(host='cheapest-alb-1599766835.us-east-1.elb.amazonaws.com', port=80): Read timed out. (read timeout=30)"
2026-09-20T23:41:18.205941+00:00,0,30088.52,"HTTPConnectionPool(host='cheapest-alb-1599766835.us-east-1.elb.amazonaws.com', port=80): Read timed out. (read timeout=30)"
2026-09-20T23:41:18.226376+00:00,0,30083.59,"HTTPConnectionPool(host='cheapest-alb-1599766835.us-east-1.elb.amazonaws.com', port=80): Read timed out. (read timeout=30)"
2026-09-20T23:41:18.216229+00:00,0,30093.89,"HTTPConnectionPool(host='cheapest-alb-1599766835.us-east-1.elb.amazonaws.com', port=80): Read timed out. (read timeout=30)"
2026-09-20T23:41:18.238574+00:00,0,30086.97,"HTTPConnectionPool(host='cheapest-alb-1599766835.us-east-1.elb.amazonaws.com', port=80): Read timed out. (read timeout=30)"
2026-09-20T23:41:18.249161+00:00,0,30078.1,"HTTPConnectionPool(host='cheapest-alb-1599766835.us-east-1.elb.amazonaws.com', port=80): Read timed out. (read timeout=30)"
2026-09-20T23:41:18.261252+00:00,0,30097.63,"HTTPConnectionPool(host='cheapest-alb-1599766835.us-east-1.elb.amazonaws.com', port=80): Read timed out. (read timeout=30)"
2026-09-20T23:41:18.271872+00:00,0,30101.79,"HTTPConnectionPool(host='cheapest-alb-1599766835.us-east-1.elb.amazonaws.com', port=80): Read timed out. (read timeout=30)"
2026-09-20T23:41:18.282623+00:00,0,30091.22,"HTTPConnectionPool(host='cheapest-alb-1599766835.us-east-1.elb.amazonaws.com', port=80): Read timed out. (read timeout=30)"
2026-09-20T23:41:18.294036+00:00,0,30080.15,"HTTPConnectionPool(host='cheapest-alb-1599766835.us-east-1.elb.amazonaws.com', port=80): Read timed out. (read timeout=30)"
2026-09-20T23:41:18.304368+00:00,0,30077.0,"HTTPConnectionPool(host='cheapest-alb-1599766835.us-east-1.elb.amazonaws.com', port=80): Read timed out. (read timeout=30)"
2026-09-20T23:41:18.316388+00:00,0,30074.94,"HTTPConnectionPool(host='cheapest-alb-1599766835.us-east-1.elb.amazonaws.com', port=80): Read timed out. (read timeout=30)"
2026-09-20T23:41:18.327218+00:00,0,30081.92,"HTTPConnectionPool(host='cheapest-alb-1599766835.us-east-1.elb.amazonaws.com', port=80): Read timed out. (read timeout=30)"
2026-09-20T23:41:18.337672+00:00,0,30088.46,"HTTPConnectionPool(host='cheapest-alb-1599766835.us-east-1.elb.amazonaws.com', port=80): Read timed out. (read timeout=30)"
2026-09-20T23:41:18.349363+00:00,0,30116.87,"HTTPConnectionPool(host='cheapest-alb-1599766835.us-east-1.elb.amazonaws.com', port=80): Read timed out. (read timeout=30)"
2026-09-20T23:41:18.394518+00:00,0,30091.6,"HTTPConnectionPool(host='cheapest-alb-1599766835.us-east-1.elb.amazonaws.com', port=80): Read timed out. (read timeout=30)"
2026-09-20T23:41:18.360197+00:00,0,30125.43,"HTTPConnectionPool(host='cheapest-alb-1599766835.us-east-1.elb.amazonaws.com', port=80): Read timed out. (read timeout=30)"
2026-09-20T23:41:18.371796+00:00,0,30115.29,"HTTPConnectionPool(host='cheapest-alb-1599766835.us-east-1.elb.amazonaws.com', port=80): Read timed out. (read timeout=30)"
2026-09-20T23:41:18.382481+00:00,0,30104.75,"HTTPConnectionPool(host='cheapest-alb-1599766835.us-east-1.elb.amazonaws.com', port=80): Read timed out. (read timeout=30)"
2026-09-20T23:41:18.416437+00:00,0,30080.65,"HTTPConnectionPool(host='cheapest-alb-1599766835.us-east-1.elb.amazonaws.com', port=80): Read timed out. (read timeout=30)"
2026-09-20T23:41:18.405418+00:00,0,30107.85,"HTTPConnectionPool(host='cheapest-alb-1599766835.us-east-1.elb.amazonaws.com', port=80): Read timed out. (read timeout=30)"
2026-09-20T23:41:18.427428+00:00,0,30086.31,"HTTPConnectionPool(host='cheapest-alb-1599766835.us-east-1.elb.amazonaws.com', port=80): Read timed out. (read timeout=30)"
2026-09-20T23:41:18.438353+00:00,0,30090.42,"HTTPConnectionPool(host='cheapest-alb-1599766835.us-east-1.elb.amazonaws.com', port=80): Read timed out. (read timeout=30)"
2026-09-20T23:41:18.450228+00:00,0,30096.11,"HTTPConnectionPool(host='cheapest-alb-1599766835.us-east-1.elb.amazonaws.com', port=80): Read timed out. (read timeout=30)"
2026-09-20T23:41:18.461122+00:00,0,30083.99,"HTTPConnectionPool(host='cheapest-alb-1599766835.us-east-1.elb.amazonaws.com', port=80): Read timed out. (read timeout=30)"
2026-09-20T23:41:18.470932+00:00,0,30090.74,"HTTPConnectionPool(host='cheapest-alb-1599766835.us-east-1.elb.amazonaws.com', port=80): Read timed out. (read timeout=30)"
2026-09-20T23:41:18.484435+00:00,0,30093.08,"HTTPConnectionPool(host='cheapest-alb-1599766835.us-east-1.elb.amazonaws.com', port=80): Read timed out. (read timeout=30)"
2026-09-20T23:41:18.492923+00:00,0,30099.63,"HTTPConnectionPool(host='cheapest-alb-1599766835.us-east-1.elb.amazonaws.com', port=80): Read timed out. (read timeout=30)"
2026-09-20T23:41:18.504147+00:00,0,30089.87,"HTTPConnectionPool(host='cheapest-alb-1599766835.us-east-1.elb.amazonaws.com', port=80): Read timed out. (read timeout=30)"
2026-09-20T23:41:18.516194+00:00,0,30094.1,"HTTPConnectionPool(host='cheapest-alb-1599766835.us-east-1.elb.amazonaws.com', port=80): Read timed out. (read timeout=30)"
2026-09-20T23:41:18.526861+00:00,0,30082.04,"HTTPConnectionPool(host='cheapest-alb-1599766835.us-east-1.elb.amazonaws.com', port=80): Read timed out. (read timeout=30)"
2026-09-20T23:41:18.539007+00:00,0,30086.03,"HTTPConnectionPool(host='cheapest-alb-1599766835.us-east-1.elb.amazonaws.com', port=80): Read timed out. (read timeout=30)"
2026-09-20T23:41:18.550742+00:00,0,30083.34,"HTTPConnectionPool(host='cheapest-alb-1599766835.us-east-1.elb.amazonaws.com', port=80): Read timed out. (read timeout=30)"
2026-09-20T23:41:18.559886+00:00,0,30089.99,"HTTPConnectionPool(host='cheapest-alb-1599766835.us-east-1.elb.amazonaws.com', port=80): Read timed out. (read timeout=30)"
2026-09-20T23:41:18.572356+00:00,0,30078.75,"HTTPConnectionPool(host='cheapest-alb-1599766835.us-east-1.elb.amazonaws.com', port=80): Read timed out. (read timeout=30)"
2026-09-20T23:41:18.582965+00:00,0,30099.69,"HTTPConnectionPool(host='cheapest-alb-1599766835.us-east-1.elb.amazonaws.com', port=80): Read timed out. (read timeout=30)"
2026-09-20T23:41:18.594017+00:00,0,30088.47,"HTTPConnectionPool(host='cheapest-alb-1599766835.us-east-1.elb.amazonaws.com', port=80): Read timed out. (read timeout=30)"
2026-09-20T23:41:18.605536+00:00,0,30077.49,"HTTPConnectionPool(host='cheapest-alb-1599766835.us-east-1.elb.amazonaws.com', port=80): Read timed out. (read timeout=30)"
2026-09-20T23:41:18.615214+00:00,0,30083.13,"HTTPConnectionPool(host='cheapest-alb-1599766835.us-east-1.elb.amazonaws.com', port=80): Read timed out. (read timeout=30)"
2026-09-20T23:41:18.626606+00:00,0,30088.19,"HTTPConnectionPool(host='cheapest-alb-1599766835.us-east-1.elb.amazonaws.com', port=80): Read timed out. (read timeout=30)"
2026-09-20T23:41:18.649237+00:00,0,30081.46,"HTTPConnectionPool(host='cheapest-alb-1599766835.us-east-1.elb.amazonaws.com', port=80): Read timed out. (read timeout=30)"
2026-09-20T23:41:18.638249+00:00,0,30091.88,"HTTPConnectionPool(host='cheapest-alb-1599766835.us-east-1.elb.amazonaws.com', port=80): Read timed out. (read timeout=30)"
2026-09-20T23:41:18.659885+00:00,0,30087.02,"HTTPConnectionPool(host='cheapest-alb-1599766835.us-east-1.elb.amazonaws.com', port=80): Read timed out. (read timeout=30)"
2026-09-20T23:41:18.671119+00:00,0,30091.6,"HTTPConnectionPool(host='cheapest-alb-1599766835.us-east-1.elb.amazonaws.com', port=80): Read timed out. (read timeout=30)"
2026-09-20T23:41:18.684226+00:00,0,30094.65,"HTTPConnectionPool(host='cheapest-alb-1599766835.us-east-1.elb.amazonaws.com', port=80): Read timed out. (read timeout=30)"
2026-09-20T23:41:18.692940+00:00,0,30102.05,"HTTPConnectionPool(host='cheapest-alb-1599766835.us-east-1.elb.amazonaws.com', port=80): Read timed out. (read timeout=30)"
2026-09-20T23:41:18.704134+00:00,0,30089.72,"HTTPConnectionPool(host='cheapest-alb-1599766835.us-east-1.elb.amazonaws.com', port=80): Read timed out. (read timeout=30)"
2026-09-20T23:41:18.716434+00:00,0,30094.98,"HTTPConnectionPool(host='cheapest-alb-1599766835.us-east-1.elb.amazonaws.com', port=80): Read timed out. (read timeout=30)"
2026-09-20T23:41:18.727555+00:00,0,30084.22,"HTTPConnectionPool(host='cheapest-alb-1599766835.us-east-1.elb.amazonaws.com', port=80): Read timed out. (read timeout=30)"
2026-09-20T23:41:18.737329+00:00,0,30088.33,"HTTPConnectionPool(host='cheapest-alb-1599766835.us-east-1.elb.amazonaws.com', port=80): Read timed out. (read timeout=30)"
2026-09-20T23:41:18.760763+00:00,0,30082.48,"HTTPConnectionPool(host='cheapest-alb-1599766835.us-east-1.elb.amazonaws.com', port=80): Read timed out. (read timeout=30)"
2026-09-20T23:41:18.748810+00:00,0,30091.87,"HTTPConnectionPool(host='cheapest-alb-1599766835.us-east-1.elb.amazonaws.com', port=80): Read timed out. (read timeout=30)"
2026-09-20T23:41:18.782634+00:00,0,30075.17,"HTTPConnectionPool(host='cheapest-alb-1599766835.us-east-1.elb.amazonaws.com', port=80): Read timed out. (read timeout=30)"
2026-09-20T23:41:18.773549+00:00,0,30094.12,"HTTPConnectionPool(host='cheapest-alb-1599766835.us-east-1.elb.amazonaws.com', port=80): Read timed out. (read timeout=30)"
2026-09-20T23:41:18.804387+00:00,0,30079.58,"HTTPConnectionPool(host='cheapest-alb-1599766835.us-east-1.elb.amazonaws.com', port=80): Read timed out. (read timeout=30)"
2026-09-20T23:41:18.793187+00:00,0,30104.72,"HTTPConnectionPool(host='cheapest-alb-1599766835.us-east-1.elb.amazonaws.com', port=80): Read timed out. (read timeout=30)"
2026-09-20T23:41:18.815703+00:00,0,30097.85,"HTTPConnectionPool(host='cheapest-alb-1599766835.us-east-1.elb.amazonaws.com', port=80): Read timed out. (read timeout=30)"
2026-09-20T23:41:18.838786+00:00,0,30092.24,"HTTPConnectionPool(host='cheapest-alb-1599766835.us-east-1.elb.amazonaws.com', port=80): Read timed out. (read timeout=30)"
2026-09-20T23:41:18.849592+00:00,0,30081.61,"HTTPConnectionPool(host='cheapest-alb-1599766835.us-east-1.elb.amazonaws.com', port=80): Read timed out. (read timeout=30)"
2026-09-20T23:41:18.827064+00:00,0,30104.56,"HTTPConnectionPool(host='cheapest-alb-1599766835.us-east-1.elb.amazonaws.com', port=80): Read timed out. (read timeout=30)"
2026-09-20T23:41:18.870962+00:00,0,30090.87,"HTTPConnectionPool(host='cheapest-alb-1599766835.us-east-1.elb.amazonaws.com', port=80): Read timed out. (read timeout=30)"
2026-09-20T23:41:18.859699+00:00,0,30101.99,"HTTPConnectionPool(host='cheapest-alb-1599766835.us-east-1.elb.amazonaws.com', port=80): Read timed out. (read timeout=30)"
2026-09-20T23:41:18.893589+00:00,0,30083.95,"HTTPConnectionPool(host='cheapest-alb-1599766835.us-east-1.elb.amazonaws.com', port=80): Read timed out. (read timeout=30)"
2026-09-20T23:41:18.915545+00:00,0,30078.48,"HTTPConnectionPool(host='cheapest-alb-1599766835.us-east-1.elb.amazonaws.com', port=80): Read timed out. (read timeout=30)"
2026-09-20T23:41:18.905464+00:00,0,30088.63,"HTTPConnectionPool(host='cheapest-alb-1599766835.us-east-1.elb.amazonaws.com', port=80): Read timed out. (read timeout=30)"
2026-09-20T23:41:18.882701+00:00,0,30112.77,"HTTPConnectionPool(host='cheapest-alb-1599766835.us-east-1.elb.amazonaws.com', port=80): Read timed out. (read timeout=30)"
2026-09-20T23:41:18.926936+00:00,0,30083.68,"HTTPConnectionPool(host='cheapest-alb-1599766835.us-east-1.elb.amazonaws.com', port=80): Read timed out. (read timeout=30)"
2026-09-20T23:41:18.961046+00:00,0,30081.31,"HTTPConnectionPool(host='cheapest-alb-1599766835.us-east-1.elb.amazonaws.com', port=80): Read timed out. (read timeout=30)"
2026-09-20T23:41:18.937578+00:00,0,30105.35,"HTTPConnectionPool(host='cheapest-alb-1599766835.us-east-1.elb.amazonaws.com', port=80): Read timed out. (read timeout=30)"
2026-09-20T23:41:18.949967+00:00,0,30113.95,"HTTPConnectionPool(host='cheapest-alb-1599766835.us-east-1.elb.amazonaws.com', port=80): Read timed out. (read timeout=30)"
2026-09-20T23:41:18.971495+00:00,0,30103.71,"HTTPConnectionPool(host='cheapest-alb-1599766835.us-east-1.elb.amazonaws.com', port=80): Read timed out. (read timeout=30)"
2026-09-20T23:41:18.982223+00:00,0,30110.12,"HTTPConnectionPool(host='cheapest-alb-1599766835.us-east-1.elb.amazonaws.com', port=80): Read timed out. (read timeout=30)"
2026-09-20T23:41:19.004242+00:00,0,30086.69,"HTTPConnectionPool(host='cheapest-alb-1599766835.us-east-1.elb.amazonaws.com', port=80): Read timed out. (read timeout=30)"
2026-09-20T23:41:18.994444+00:00,0,30097.06,"HTTPConnectionPool(host='cheapest-alb-1599766835.us-east-1.elb.amazonaws.com', port=80): Read timed out. (read timeout=30)"
2026-09-20T23:41:19.015914+00:00,0,30091.31,"HTTPConnectionPool(host='cheapest-alb-1599766835.us-east-1.elb.amazonaws.com', port=80): Read timed out. (read timeout=30)"
2026-09-20T23:41:19.026970+00:00,0,30088.64,"HTTPConnectionPool(host='cheapest-alb-1599766835.us-east-1.elb.amazonaws.com', port=80): Read timed out. (read timeout=30)"
2026-09-20T23:41:19.049144+00:00,0,30083.47,"HTTPConnectionPool(host='cheapest-alb-1599766835.us-east-1.elb.amazonaws.com', port=80): Read timed out. (read timeout=30)"
2026-09-20T23:41:19.037418+00:00,0,30095.49,"HTTPConnectionPool(host='cheapest-alb-1599766835.us-east-1.elb.amazonaws.com', port=80): Read timed out. (read timeout=30)"
2026-09-20T23:41:19.059489+00:00,0,30088.62,"HTTPConnectionPool(host='cheapest-alb-1599766835.us-east-1.elb.amazonaws.com', port=80): Read timed out. (read timeout=30)"
2026-09-20T23:41:19.071736+00:00,0,30092.45,"HTTPConnectionPool(host='cheapest-alb-1599766835.us-east-1.elb.amazonaws.com', port=80): Read timed out. (read timeout=30)"
2026-09-20T23:41:19.082953+00:00,0,30097.94,"HTTPConnectionPool(host='cheapest-alb-1599766835.us-east-1.elb.amazonaws.com', port=80): Read timed out. (read timeout=30)"
2026-09-20T23:41:19.094222+00:00,0,30087.03,"HTTPConnectionPool(host='cheapest-alb-1599766835.us-east-1.elb.amazonaws.com', port=80): Read timed out. (read timeout=30)"
2026-09-20T23:41:19.105138+00:00,0,30090.99,"HTTPConnectionPool(host='cheapest-alb-1599766835.us-east-1.elb.amazonaws.com', port=80): Read timed out. (read timeout=30)"
2026-09-20T23:41:19.115698+00:00,0,30096.25,"HTTPConnectionPool(host='cheapest-alb-1599766835.us-east-1.elb.amazonaws.com', port=80): Read timed out. (read timeout=30)"
2026-09-20T23:41:19.137809+00:00,0,30088.7,"HTTPConnectionPool(host='cheapest-alb-1599766835.us-east-1.elb.amazonaws.com', port=80): Read timed out. (read timeout=30)"
2026-09-20T23:41:19.127637+00:00,0,30101.05,"HTTPConnectionPool(host='cheapest-alb-1599766835.us-east-1.elb.amazonaws.com', port=80): Read timed out. (read timeout=30)"
2026-09-20T23:41:19.148783+00:00,0,30103.05,"HTTPConnectionPool(host='cheapest-alb-1599766835.us-east-1.elb.amazonaws.com', port=80): Read timed out. (read timeout=30)"
2026-09-20T23:41:19.160825+00:00,0,30092.84,"HTTPConnectionPool(host='cheapest-alb-1599766835.us-east-1.elb.amazonaws.com', port=80): Read timed out. (read timeout=30)"
2026-09-20T23:41:19.172707+00:00,0,30081.22,"HTTPConnectionPool(host='cheapest-alb-1599766835.us-east-1.elb.amazonaws.com', port=80): Read timed out. (read timeout=30)"
2026-09-20T23:41:19.182689+00:00,0,30086.39,"HTTPConnectionPool(host='cheapest-alb-1599766835.us-east-1.elb.amazonaws.com', port=80): Read timed out. (read timeout=30)"
2026-09-20T23:41:19.205721+00:00,0,30086.81,"HTTPConnectionPool(host='cheapest-alb-1599766835.us-east-1.elb.amazonaws.com', port=80): Read timed out. (read timeout=30)"
2026-09-20T23:41:19.197935+00:00,0,30095.99,"HTTPConnectionPool(host='cheapest-alb-1599766835.us-east-1.elb.amazonaws.com', port=80): Read timed out. (read timeout=30)"
2026-09-20T23:41:19.215198+00:00,0,30094.31,"HTTPConnectionPool(host='cheapest-alb-1599766835.us-east-1.elb.amazonaws.com', port=80): Read timed out. (read timeout=30)"
2026-09-20T23:41:19.226813+00:00,0,30098.56,"HTTPConnectionPool(host='cheapest-alb-1599766835.us-east-1.elb.amazonaws.com', port=80): Read timed out. (read timeout=30)"
2026-09-20T23:41:19.249655+00:00,0,30090.6,"HTTPConnectionPool(host='cheapest-alb-1599766835.us-east-1.elb.amazonaws.com', port=80): Read timed out. (read timeout=30)"
2026-09-20T23:41:19.238189+00:00,0,30102.06,"HTTPConnectionPool(host='cheapest-alb-1599766835.us-east-1.elb.amazonaws.com', port=80): Read timed out. (read timeout=30)"
2026-09-20T23:41:19.273084+00:00,0,30085.01,"HTTPConnectionPool(host='cheapest-alb-1599766835.us-east-1.elb.amazonaws.com', port=80): Read timed out. (read timeout=30)"
2026-09-20T23:41:19.259845+00:00,0,30098.29,"HTTPConnectionPool(host='cheapest-alb-1599766835.us-east-1.elb.amazonaws.com', port=80): Read timed out. (read timeout=30)"
2026-09-20T23:41:19.282842+00:00,0,30090.83,"HTTPConnectionPool(host='cheapest-alb-1599766835.us-east-1.elb.amazonaws.com', port=80): Read timed out. (read timeout=30)"
2026-09-20T23:41:19.294618+00:00,0,30094.56,"HTTPConnectionPool(host='cheapest-alb-1599766835.us-east-1.elb.amazonaws.com', port=80): Read timed out. (read timeout=30)"
2026-09-20T23:41:19.315596+00:00,0,30087.19,"HTTPConnectionPool(host='cheapest-alb-1599766835.us-east-1.elb.amazonaws.com', port=80): Read timed out. (read timeout=30)"
2026-09-20T23:41:19.305341+00:00,0,30098.13,"HTTPConnectionPool(host='cheapest-alb-1599766835.us-east-1.elb.amazonaws.com', port=80): Read timed out. (read timeout=30)"
2026-09-20T23:41:19.338268+00:00,0,30082.19,"HTTPConnectionPool(host='cheapest-alb-1599766835.us-east-1.elb.amazonaws.com', port=80): Read timed out. (read timeout=30)"
2026-09-20T23:41:19.327679+00:00,0,30092.97,"HTTPConnectionPool(host='cheapest-alb-1599766835.us-east-1.elb.amazonaws.com', port=80): Read timed out. (read timeout=30)"
2026-09-20T23:41:19.359577+00:00,0,30076.21,"HTTPConnectionPool(host='cheapest-alb-1599766835.us-east-1.elb.amazonaws.com', port=80): Read timed out. (read timeout=30)"
2026-09-20T23:41:19.349625+00:00,0,30086.26,"HTTPConnectionPool(host='cheapest-alb-1599766835.us-east-1.elb.amazonaws.com', port=80): Read timed out. (read timeout=30)"
2026-09-20T23:41:19.370864+00:00,0,30077.75,"HTTPConnectionPool(host='cheapest-alb-1599766835.us-east-1.elb.amazonaws.com', port=80): Read timed out. (read timeout=30)"
2026-09-20T23:41:19.394008+00:00,0,30086.31,"HTTPConnectionPool(host='cheapest-alb-1599766835.us-east-1.elb.amazonaws.com', port=80): Read timed out. (read timeout=30)"
2026-09-20T23:41:19.382815+00:00,0,30113.85,"HTTPConnectionPool(host='cheapest-alb-1599766835.us-east-1.elb.amazonaws.com', port=80): Read timed out. (read timeout=30)"
2026-09-20T23:41:19.415334+00:00,0,30082.76,"HTTPConnectionPool(host='cheapest-alb-1599766835.us-east-1.elb.amazonaws.com', port=80): Read timed out. (read timeout=30)"
2026-09-20T23:41:19.405264+00:00,0,30106.11,"HTTPConnectionPool(host='cheapest-alb-1599766835.us-east-1.elb.amazonaws.com', port=80): Read timed out. (read timeout=30)"
2026-09-20T23:41:19.437725+00:00,0,30090.94,"HTTPConnectionPool(host='cheapest-alb-1599766835.us-east-1.elb.amazonaws.com', port=80): Read timed out. (read timeout=30)"
2026-09-20T23:41:19.427293+00:00,0,30118.89,"HTTPConnectionPool(host='cheapest-alb-1599766835.us-east-1.elb.amazonaws.com', port=80): Read timed out. (read timeout=30)"
2026-09-20T23:41:19.449479+00:00,0,30096.0,"HTTPConnectionPool(host='cheapest-alb-1599766835.us-east-1.elb.amazonaws.com', port=80): Read timed out. (read timeout=30)"
2026-09-20T23:41:19.471522+00:00,0,30106.01,"HTTPConnectionPool(host='cheapest-alb-1599766835.us-east-1.elb.amazonaws.com', port=80): Read timed out. (read timeout=30)"
2026-09-20T23:41:19.460048+00:00,0,30117.12,"HTTPConnectionPool(host='cheapest-alb-1599766835.us-east-1.elb.amazonaws.com', port=80): Read timed out. (read timeout=30)"
2026-09-20T23:41:19.493354+00:00,0,30084.04,"HTTPConnectionPool(host='cheapest-alb-1599766835.us-east-1.elb.amazonaws.com', port=80): Read timed out. (read timeout=30)"
2026-09-20T23:41:19.482209+00:00,0,30094.68,"HTTPConnectionPool(host='cheapest-alb-1599766835.us-east-1.elb.amazonaws.com', port=80): Read timed out. (read timeout=30)"
2026-09-20T23:41:19.504834+00:00,0,30088.58,"HTTPConnectionPool(host='cheapest-alb-1599766835.us-east-1.elb.amazonaws.com', port=80): Read timed out. (read timeout=30)"
2026-09-20T23:41:19.528006+00:00,0,30080.73,"HTTPConnectionPool(host='cheapest-alb-1599766835.us-east-1.elb.amazonaws.com', port=80): Read timed out. (read timeout=30)"
2026-09-20T23:41:19.516577+00:00,0,30100.82,"HTTPConnectionPool(host='cheapest-alb-1599766835.us-east-1.elb.amazonaws.com', port=80): Read timed out. (read timeout=30)"
2026-09-20T23:41:19.537549+00:00,0,30079.22,"HTTPConnectionPool(host='cheapest-alb-1599766835.us-east-1.elb.amazonaws.com', port=80): Read timed out. (read timeout=30)"
2026-09-20T23:41:19.549241+00:00,0,30088.84,"HTTPConnectionPool(host='cheapest-alb-1599766835.us-east-1.elb.amazonaws.com', port=80): Read timed out. (read timeout=30)"
2026-09-20T23:41:19.561987+00:00,0,30087.26,"HTTPConnectionPool(host='cheapest-alb-1599766835.us-east-1.elb.amazonaws.com', port=80): Read timed out. (read timeout=30)"
2026-09-20T23:41:19.571480+00:00,0,30093.39,"HTTPConnectionPool(host='cheapest-alb-1599766835.us-east-1.elb.amazonaws.com', port=80): Read timed out. (read timeout=30)"
2026-09-20T23:41:19.594436+00:00,0,30086.95,"HTTPConnectionPool(host='cheapest-alb-1599766835.us-east-1.elb.amazonaws.com', port=80): Read timed out. (read timeout=30)"
2026-09-20T23:41:19.582459+00:00,0,30099.42,"HTTPConnectionPool(host='cheapest-alb-1599766835.us-east-1.elb.amazonaws.com', port=80): Read timed out. (read timeout=30)"
2026-09-20T23:41:19.605681+00:00,0,30092.22,"HTTPConnectionPool(host='cheapest-alb-1599766835.us-east-1.elb.amazonaws.com', port=80): Read timed out. (read timeout=30)"
2026-09-20T23:41:19.615283+00:00,0,30098.6,"HTTPConnectionPool(host='cheapest-alb-1599766835.us-east-1.elb.amazonaws.com', port=80): Read timed out. (read timeout=30)"
2026-09-20T23:41:19.627549+00:00,0,30086.55,"HTTPConnectionPool(host='cheapest-alb-1599766835.us-east-1.elb.amazonaws.com', port=80): Read timed out. (read timeout=30)"
2026-09-20T23:41:19.638424+00:00,0,30106.37,"HTTPConnectionPool(host='cheapest-alb-1599766835.us-east-1.elb.amazonaws.com', port=80): Read timed out. (read timeout=30)"
2026-09-20T23:41:19.660948+00:00,0,30083.13,"HTTPConnectionPool(host='cheapest-alb-1599766835.us-east-1.elb.amazonaws.com', port=80): Read timed out. (read timeout=30)"
2026-09-20T23:41:19.648661+00:00,0,30097.03,"HTTPConnectionPool(host='cheapest-alb-1599766835.us-east-1.elb.amazonaws.com', port=80): Read timed out. (read timeout=30)"
2026-09-20T23:41:19.671890+00:00,0,30088.77,"HTTPConnectionPool(host='cheapest-alb-1599766835.us-east-1.elb.amazonaws.com', port=80): Read timed out. (read timeout=30)"
2026-09-20T23:41:19.684341+00:00,0,30093.65,"HTTPConnectionPool(host='cheapest-alb-1599766835.us-east-1.elb.amazonaws.com', port=80): Read timed out. (read timeout=30)"
2026-09-20T23:41:19.694331+00:00,0,30083.87,"HTTPConnectionPool(host='cheapest-alb-1599766835.us-east-1.elb.amazonaws.com', port=80): Read timed out. (read timeout=30)"
2026-09-20T23:41:19.704164+00:00,0,30088.28,"HTTPConnectionPool(host='cheapest-alb-1599766835.us-east-1.elb.amazonaws.com', port=80): Read timed out. (read timeout=30)"
2026-09-20T23:41:19.726490+00:00,0,30083.31,"HTTPConnectionPool(host='cheapest-alb-1599766835.us-east-1.elb.amazonaws.com', port=80): Read timed out. (read timeout=30)"
2026-09-20T23:41:19.715857+00:00,0,30110.26,"HTTPConnectionPool(host='cheapest-alb-1599766835.us-east-1.elb.amazonaws.com', port=80): Read timed out. (read timeout=30)"
2026-09-20T23:41:19.738090+00:00,0,30088.27,"HTTPConnectionPool(host='cheapest-alb-1599766835.us-east-1.elb.amazonaws.com', port=80): Read timed out. (read timeout=30)"
2026-09-20T23:41:19.759735+00:00,0,30082.18,"HTTPConnectionPool(host='cheapest-alb-1599766835.us-east-1.elb.amazonaws.com', port=80): Read timed out. (read timeout=30)"
2026-09-20T23:41:19.748460+00:00,0,30093.26,"HTTPConnectionPool(host='cheapest-alb-1599766835.us-east-1.elb.amazonaws.com', port=80): Read timed out. (read timeout=30)"
2026-09-20T23:41:19.771692+00:00,0,30093.04,"HTTPConnectionPool(host='cheapest-alb-1599766835.us-east-1.elb.amazonaws.com', port=80): Read timed out. (read timeout=30)"
2026-09-20T23:41:19.782824+00:00,0,30099.35,"HTTPConnectionPool(host='cheapest-alb-1599766835.us-east-1.elb.amazonaws.com', port=80): Read timed out. (read timeout=30)"
2026-09-20T23:41:19.793988+00:00,0,30088.57,"HTTPConnectionPool(host='cheapest-alb-1599766835.us-east-1.elb.amazonaws.com', port=80): Read timed out. (read timeout=30)"
2026-09-20T23:41:19.805011+00:00,0,30090.88,"HTTPConnectionPool(host='cheapest-alb-1599766835.us-east-1.elb.amazonaws.com', port=80): Read timed out. (read timeout=30)"
2026-09-20T23:41:19.815205+00:00,0,30098.05,"HTTPConnectionPool(host='cheapest-alb-1599766835.us-east-1.elb.amazonaws.com', port=80): Read timed out. (read timeout=30)"
2026-09-20T23:41:19.839011+00:00,0,30088.44,"HTTPConnectionPool(host='cheapest-alb-1599766835.us-east-1.elb.amazonaws.com', port=80): Read timed out. (read timeout=30)"
2026-09-20T23:41:19.829017+00:00,0,30099.7,"HTTPConnectionPool(host='cheapest-alb-1599766835.us-east-1.elb.amazonaws.com', port=80): Read timed out. (read timeout=30)"
2026-09-20T23:41:19.848915+00:00,0,30079.57,"HTTPConnectionPool(host='cheapest-alb-1599766835.us-east-1.elb.amazonaws.com', port=80): Read timed out. (read timeout=30)"
2026-09-20T23:41:19.871960+00:00,0,30087.83,"HTTPConnectionPool(host='cheapest-alb-1599766835.us-east-1.elb.amazonaws.com', port=80): Read timed out. (read timeout=30)"
2026-09-20T23:41:19.860508+00:00,0,30108.43,"HTTPConnectionPool(host='cheapest-alb-1599766835.us-east-1.elb.amazonaws.com', port=80): Read timed out. (read timeout=30)"
2026-09-20T23:41:19.882644+00:00,0,30100.34,"HTTPConnectionPool(host='cheapest-alb-1599766835.us-east-1.elb.amazonaws.com', port=80): Read timed out. (read timeout=30)"
2026-09-20T23:41:19.894518+00:00,0,30103.89,"HTTPConnectionPool(host='cheapest-alb-1599766835.us-east-1.elb.amazonaws.com', port=80): Read timed out. (read timeout=30)"
2026-09-20T23:41:19.916481+00:00,0,30083.26,"HTTPConnectionPool(host='cheapest-alb-1599766835.us-east-1.elb.amazonaws.com', port=80): Read timed out. (read timeout=30)"
2026-09-20T23:41:19.906703+00:00,0,30107.77,"HTTPConnectionPool(host='cheapest-alb-1599766835.us-east-1.elb.amazonaws.com', port=80): Read timed out. (read timeout=30)"
2026-09-20T23:41:19.938783+00:00,0,30091.07,"HTTPConnectionPool(host='cheapest-alb-1599766835.us-east-1.elb.amazonaws.com', port=80): Read timed out. (read timeout=30)"
2026-09-20T23:41:19.950235+00:00,0,30081.74,"HTTPConnectionPool(host='cheapest-alb-1599766835.us-east-1.elb.amazonaws.com', port=80): Read timed out. (read timeout=30)"
2026-09-20T23:41:19.926786+00:00,0,30105.33,"HTTPConnectionPool(host='cheapest-alb-1599766835.us-east-1.elb.amazonaws.com', port=80): Read timed out. (read timeout=30)"
2026-09-20T23:41:19.960517+00:00,0,30102.29,"HTTPConnectionPool(host='cheapest-alb-1599766835.us-east-1.elb.amazonaws.com', port=80): Read timed out. (read timeout=30)"
2026-09-20T23:41:19.981914+00:00,0,30081.55,"HTTPConnectionPool(host='cheapest-alb-1599766835.us-east-1.elb.amazonaws.com', port=80): Read timed out. (read timeout=30)"
2026-09-20T23:41:19.972329+00:00,0,30089.43,"HTTPConnectionPool(host='cheapest-alb-1599766835.us-east-1.elb.amazonaws.com', port=80): Read timed out. (read timeout=30)"
2026-09-20T23:41:19.994030+00:00,0,30083.52,"HTTPConnectionPool(host='cheapest-alb-1599766835.us-east-1.elb.amazonaws.com', port=80): Read timed out. (read timeout=30)"
2026-09-20T23:41:20.005457+00:00,0,30105.29,"HTTPConnectionPool(host='cheapest-alb-1599766835.us-east-1.elb.amazonaws.com', port=80): Read timed out. (read timeout=30)"
2026-09-20T23:41:20.016506+00:00,0,30094.36,"HTTPConnectionPool(host='cheapest-alb-1599766835.us-east-1.elb.amazonaws.com', port=80): Read timed out. (read timeout=30)"
2026-09-20T23:41:20.026937+00:00,0,30099.9,"HTTPConnectionPool(host='cheapest-alb-1599766835.us-east-1.elb.amazonaws.com', port=80): Read timed out. (read timeout=30)"
2026-09-20T23:41:20.049772+00:00,0,30077.46,"HTTPConnectionPool(host='cheapest-alb-1599766835.us-east-1.elb.amazonaws.com', port=80): Read timed out. (read timeout=30)"
2026-09-20T23:41:20.037831+00:00,0,30089.29,"HTTPConnectionPool(host='cheapest-alb-1599766835.us-east-1.elb.amazonaws.com', port=80): Read timed out. (read timeout=30)"
2026-09-20T23:41:20.071288+00:00,0,30087.63,"HTTPConnectionPool(host='cheapest-alb-1599766835.us-east-1.elb.amazonaws.com', port=80): Read timed out. (read timeout=30)"
2026-09-20T23:41:20.060716+00:00,0,30106.4,"HTTPConnectionPool(host='cheapest-alb-1599766835.us-east-1.elb.amazonaws.com', port=80): Read timed out. (read timeout=30)"
2026-09-20T23:41:20.082489+00:00,0,30083.28,"HTTPConnectionPool(host='cheapest-alb-1599766835.us-east-1.elb.amazonaws.com', port=80): Read timed out. (read timeout=30)"
2026-09-20T23:41:20.093972+00:00,0,30088.88,"HTTPConnectionPool(host='cheapest-alb-1599766835.us-east-1.elb.amazonaws.com', port=80): Read timed out. (read timeout=30)"
2026-09-20T23:41:20.104198+00:00,0,30094.29,"HTTPConnectionPool(host='cheapest-alb-1599766835.us-east-1.elb.amazonaws.com', port=80): Read timed out. (read timeout=30)"
2026-09-20T23:41:20.126293+00:00,0,30087.96,"HTTPConnectionPool(host='cheapest-alb-1599766835.us-east-1.elb.amazonaws.com', port=80): Read timed out. (read timeout=30)"
2026-09-20T23:41:20.116099+00:00,0,30094.65,"HTTPConnectionPool(host='cheapest-alb-1599766835.us-east-1.elb.amazonaws.com', port=80): Read timed out. (read timeout=30)"
2026-09-20T23:41:20.137319+00:00,0,30098.49,"HTTPConnectionPool(host='cheapest-alb-1599766835.us-east-1.elb.amazonaws.com', port=80): Read timed out. (read timeout=30)"
2026-09-20T23:41:20.149513+00:00,0,30086.23,"HTTPConnectionPool(host='cheapest-alb-1599766835.us-east-1.elb.amazonaws.com', port=80): Read timed out. (read timeout=30)"
2026-09-20T23:41:20.183585+00:00,0,30078.98,"HTTPConnectionPool(host='cheapest-alb-1599766835.us-east-1.elb.amazonaws.com', port=80): Read timed out. (read timeout=30)"
2026-09-20T23:41:20.159659+00:00,0,30103.18,"HTTPConnectionPool(host='cheapest-alb-1599766835.us-east-1.elb.amazonaws.com', port=80): Read timed out. (read timeout=30)"
2026-09-20T23:41:20.171779+00:00,0,30108.82,"HTTPConnectionPool(host='cheapest-alb-1599766835.us-east-1.elb.amazonaws.com', port=80): Read timed out. (read timeout=30)"
2026-09-20T23:41:20.194096+00:00,0,30086.92,"HTTPConnectionPool(host='cheapest-alb-1599766835.us-east-1.elb.amazonaws.com', port=80): Read timed out. (read timeout=30)"
2026-09-20T23:41:20.205331+00:00,0,30089.76,"HTTPConnectionPool(host='cheapest-alb-1599766835.us-east-1.elb.amazonaws.com', port=80): Read timed out. (read timeout=30)"
2026-09-20T23:41:20.215615+00:00,0,30096.46,"HTTPConnectionPool(host='cheapest-alb-1599766835.us-east-1.elb.amazonaws.com', port=80): Read timed out. (read timeout=30)"
2026-09-20T23:41:20.226690+00:00,0,30102.65,"HTTPConnectionPool(host='cheapest-alb-1599766835.us-east-1.elb.amazonaws.com', port=80): Read timed out. (read timeout=30)"
2026-09-20T23:41:20.237462+00:00,0,30092.23,"HTTPConnectionPool(host='cheapest-alb-1599766835.us-east-1.elb.amazonaws.com', port=80): Read timed out. (read timeout=30)"
2026-09-20T23:41:20.249378+00:00,0,30092.16,"HTTPConnectionPool(host='cheapest-alb-1599766835.us-east-1.elb.amazonaws.com', port=80): Read timed out. (read timeout=30)"
2026-09-20T23:41:20.271591+00:00,0,30089.63,"HTTPConnectionPool(host='cheapest-alb-1599766835.us-east-1.elb.amazonaws.com', port=80): Read timed out. (read timeout=30)"
2026-09-20T23:41:20.261016+00:00,0,30116.64,"HTTPConnectionPool(host='cheapest-alb-1599766835.us-east-1.elb.amazonaws.com', port=80): Read timed out. (read timeout=30)"
2026-09-20T23:41:20.283854+00:00,0,30093.57,"HTTPConnectionPool(host='cheapest-alb-1599766835.us-east-1.elb.amazonaws.com', port=80): Read timed out. (read timeout=30)"
2026-09-20T23:41:20.293400+00:00,0,30083.51,"HTTPConnectionPool(host='cheapest-alb-1599766835.us-east-1.elb.amazonaws.com', port=80): Read timed out. (read timeout=30)"
2026-09-20T23:41:20.305705+00:00,0,30085.78,"HTTPConnectionPool(host='cheapest-alb-1599766835.us-east-1.elb.amazonaws.com', port=80): Read timed out. (read timeout=30)"
2026-09-20T23:41:20.316101+00:00,0,30092.35,"HTTPConnectionPool(host='cheapest-alb-1599766835.us-east-1.elb.amazonaws.com', port=80): Read timed out. (read timeout=30)"
2026-09-20T23:41:20.327922+00:00,0,30096.61,"HTTPConnectionPool(host='cheapest-alb-1599766835.us-east-1.elb.amazonaws.com', port=80): Read timed out. (read timeout=30)"
2026-09-20T23:41:20.337927+00:00,0,30086.96,"HTTPConnectionPool(host='cheapest-alb-1599766835.us-east-1.elb.amazonaws.com', port=80): Read timed out. (read timeout=30)"
2026-09-20T23:41:20.361145+00:00,0,30080.77,"HTTPConnectionPool(host='cheapest-alb-1599766835.us-east-1.elb.amazonaws.com', port=80): Read timed out. (read timeout=30)"
2026-09-20T23:41:20.350344+00:00,0,30090.51,"HTTPConnectionPool(host='cheapest-alb-1599766835.us-east-1.elb.amazonaws.com', port=80): Read timed out. (read timeout=30)"
2026-09-20T23:41:20.372332+00:00,0,30077.65,"HTTPConnectionPool(host='cheapest-alb-1599766835.us-east-1.elb.amazonaws.com', port=80): Read timed out. (read timeout=30)"
2026-09-20T23:41:20.382054+00:00,0,30081.2,"HTTPConnectionPool(host='cheapest-alb-1599766835.us-east-1.elb.amazonaws.com', port=80): Read timed out. (read timeout=30)"
2026-09-20T23:41:20.415685+00:00,0,30082.81,"HTTPConnectionPool(host='cheapest-alb-1599766835.us-east-1.elb.amazonaws.com', port=80): Read timed out. (read timeout=30)"
2026-09-20T23:41:20.393510+00:00,0,30105.27,"HTTPConnectionPool(host='cheapest-alb-1599766835.us-east-1.elb.amazonaws.com', port=80): Read timed out. (read timeout=30)"
2026-09-20T23:41:20.405767+00:00,0,30093.21,"HTTPConnectionPool(host='cheapest-alb-1599766835.us-east-1.elb.amazonaws.com', port=80): Read timed out. (read timeout=30)"
2026-09-20T23:41:20.427416+00:00,0,30116.76,"HTTPConnectionPool(host='cheapest-alb-1599766835.us-east-1.elb.amazonaws.com', port=80): Read timed out. (read timeout=30)"
2026-09-20T23:41:20.437603+00:00,0,30108.84,"HTTPConnectionPool(host='cheapest-alb-1599766835.us-east-1.elb.amazonaws.com', port=80): Read timed out. (read timeout=30)"
2026-09-20T23:41:20.461045+00:00,0,30085.04,"HTTPConnectionPool(host='cheapest-alb-1599766835.us-east-1.elb.amazonaws.com', port=80): Read timed out. (read timeout=30)"
2026-09-20T23:41:20.450217+00:00,0,30094.82,"HTTPConnectionPool(host='cheapest-alb-1599766835.us-east-1.elb.amazonaws.com', port=80): Read timed out. (read timeout=30)"
2026-09-20T23:41:20.482303+00:00,0,30080.18,"HTTPConnectionPool(host='cheapest-alb-1599766835.us-east-1.elb.amazonaws.com', port=80): Read timed out. (read timeout=30)"
2026-09-20T23:41:20.471901+00:00,0,30106.81,"HTTPConnectionPool(host='cheapest-alb-1599766835.us-east-1.elb.amazonaws.com', port=80): Read timed out. (read timeout=30)"
2026-09-20T23:41:20.493511+00:00,0,30085.61,"HTTPConnectionPool(host='cheapest-alb-1599766835.us-east-1.elb.amazonaws.com', port=80): Read timed out. (read timeout=30)"
2026-09-20T23:41:20.505066+00:00,0,30089.98,"HTTPConnectionPool(host='cheapest-alb-1599766835.us-east-1.elb.amazonaws.com', port=80): Read timed out. (read timeout=30)"
2026-09-20T23:41:20.538214+00:00,0,30072.54,"HTTPConnectionPool(host='cheapest-alb-1599766835.us-east-1.elb.amazonaws.com', port=80): Read timed out. (read timeout=30)"
2026-09-20T23:41:20.515720+00:00,0,30095.56,"HTTPConnectionPool(host='cheapest-alb-1599766835.us-east-1.elb.amazonaws.com', port=80): Read timed out. (read timeout=30)"
2026-09-20T23:41:20.527535+00:00,0,30098.87,"HTTPConnectionPool(host='cheapest-alb-1599766835.us-east-1.elb.amazonaws.com', port=80): Read timed out. (read timeout=30)"
2026-09-20T23:41:20.562984+00:00,0,30079.03,"HTTPConnectionPool(host='cheapest-alb-1599766835.us-east-1.elb.amazonaws.com', port=80): Read timed out. (read timeout=30)"
2026-09-20T23:41:20.549976+00:00,0,30092.44,"HTTPConnectionPool(host='cheapest-alb-1599766835.us-east-1.elb.amazonaws.com', port=80): Read timed out. (read timeout=30)"
2026-09-20T23:41:20.572003+00:00,0,30086.34,"HTTPConnectionPool(host='cheapest-alb-1599766835.us-east-1.elb.amazonaws.com', port=80): Read timed out. (read timeout=30)"
2026-09-20T23:41:20.583041+00:00,0,30091.8,"HTTPConnectionPool(host='cheapest-alb-1599766835.us-east-1.elb.amazonaws.com', port=80): Read timed out. (read timeout=30)"
2026-09-20T23:41:20.592971+00:00,0,30087.57,"HTTPConnectionPool(host='cheapest-alb-1599766835.us-east-1.elb.amazonaws.com', port=80): Read timed out. (read timeout=30)"
2026-09-20T23:41:20.604069+00:00,0,30093.59,"HTTPConnectionPool(host='cheapest-alb-1599766835.us-east-1.elb.amazonaws.com', port=80): Read timed out. (read timeout=30)"
2026-09-20T23:41:20.615948+00:00,0,30081.83,"HTTPConnectionPool(host='cheapest-alb-1599766835.us-east-1.elb.amazonaws.com', port=80): Read timed out. (read timeout=30)"
2026-09-20T23:41:20.626251+00:00,0,30087.55,"HTTPConnectionPool(host='cheapest-alb-1599766835.us-east-1.elb.amazonaws.com', port=80): Read timed out. (read timeout=30)"
2026-09-20T23:41:20.637694+00:00,0,30093.64,"HTTPConnectionPool(host='cheapest-alb-1599766835.us-east-1.elb.amazonaws.com', port=80): Read timed out. (read timeout=30)"
2026-09-20T23:41:20.649984+00:00,0,30097.99,"HTTPConnectionPool(host='cheapest-alb-1599766835.us-east-1.elb.amazonaws.com', port=80): Read timed out. (read timeout=30)"
2026-09-20T23:41:20.671510+00:00,0,30092.49,"HTTPConnectionPool(host='cheapest-alb-1599766835.us-east-1.elb.amazonaws.com', port=80): Read timed out. (read timeout=30)"
2026-09-20T23:41:20.659852+00:00,0,30103.17,"HTTPConnectionPool(host='cheapest-alb-1599766835.us-east-1.elb.amazonaws.com', port=80): Read timed out. (read timeout=30)"
2026-09-20T23:41:20.683288+00:00,0,30080.2,"HTTPConnectionPool(host='cheapest-alb-1599766835.us-east-1.elb.amazonaws.com', port=80): Read timed out. (read timeout=30)"
2026-09-20T23:41:20.693256+00:00,0,30086.85,"HTTPConnectionPool(host='cheapest-alb-1599766835.us-east-1.elb.amazonaws.com', port=80): Read timed out. (read timeout=30)"
2026-09-20T23:41:20.704772+00:00,0,30088.65,"HTTPConnectionPool(host='cheapest-alb-1599766835.us-east-1.elb.amazonaws.com', port=80): Read timed out. (read timeout=30)"
2026-09-20T23:41:20.716792+00:00,0,30079.2,"HTTPConnectionPool(host='cheapest-alb-1599766835.us-east-1.elb.amazonaws.com', port=80): Read timed out. (read timeout=30)"
2026-09-20T23:41:20.727364+00:00,0,30084.98,"HTTPConnectionPool(host='cheapest-alb-1599766835.us-east-1.elb.amazonaws.com', port=80): Read timed out. (read timeout=30)"
2026-09-20T23:41:20.749253+00:00,0,30082.52,"HTTPConnectionPool(host='cheapest-alb-1599766835.us-east-1.elb.amazonaws.com', port=80): Read timed out. (read timeout=30)"
2026-09-20T23:41:20.738014+00:00,0,30093.25,"HTTPConnectionPool(host='cheapest-alb-1599766835.us-east-1.elb.amazonaws.com', port=80): Read timed out. (read timeout=30)"
2026-09-20T23:41:20.760167+00:00,0,30081.75,"HTTPConnectionPool(host='cheapest-alb-1599766835.us-east-1.elb.amazonaws.com', port=80): Read timed out. (read timeout=30)"
2026-09-20T23:41:20.771844+00:00,0,30087.08,"HTTPConnectionPool(host='cheapest-alb-1599766835.us-east-1.elb.amazonaws.com', port=80): Read timed out. (read timeout=30)"
2026-09-20T23:41:20.793428+00:00,0,30082.06,"HTTPConnectionPool(host='cheapest-alb-1599766835.us-east-1.elb.amazonaws.com', port=80): Read timed out. (read timeout=30)"
2026-09-20T23:41:20.782751+00:00,0,30108.2,"HTTPConnectionPool(host='cheapest-alb-1599766835.us-east-1.elb.amazonaws.com', port=80): Read timed out. (read timeout=30)"
2026-09-20T23:41:20.804084+00:00,0,30087.25,"HTTPConnectionPool(host='cheapest-alb-1599766835.us-east-1.elb.amazonaws.com', port=80): Read timed out. (read timeout=30)"
2026-09-20T23:41:20.815893+00:00,0,30084.81,"HTTPConnectionPool(host='cheapest-alb-1599766835.us-east-1.elb.amazonaws.com', port=80): Read timed out. (read timeout=30)"
2026-09-20T23:41:20.837891+00:00,0,30079.15,"HTTPConnectionPool(host='cheapest-alb-1599766835.us-east-1.elb.amazonaws.com', port=80): Read timed out. (read timeout=30)"
2026-09-20T23:41:20.826363+00:00,0,30087.65,"HTTPConnectionPool(host='cheapest-alb-1599766835.us-east-1.elb.amazonaws.com', port=80): Read timed out. (read timeout=30)"
2026-09-20T23:41:20.849376+00:00,0,30083.77,"HTTPConnectionPool(host='cheapest-alb-1599766835.us-east-1.elb.amazonaws.com', port=80): Read timed out. (read timeout=30)"
2026-09-20T23:41:20.870817+00:00,0,30077.06,"HTTPConnectionPool(host='cheapest-alb-1599766835.us-east-1.elb.amazonaws.com', port=80): Read timed out. (read timeout=30)"
2026-09-20T23:41:20.882836+00:00,0,30080.7,"HTTPConnectionPool(host='cheapest-alb-1599766835.us-east-1.elb.amazonaws.com', port=80): Read timed out. (read timeout=30)"
2026-09-20T23:41:20.860506+00:00,0,30105.25,"HTTPConnectionPool(host='cheapest-alb-1599766835.us-east-1.elb.amazonaws.com', port=80): Read timed out. (read timeout=30)"
2026-09-20T23:41:20.915674+00:00,0,30081.9,"HTTPConnectionPool(host='cheapest-alb-1599766835.us-east-1.elb.amazonaws.com', port=80): Read timed out. (read timeout=30)"
2026-09-20T23:41:20.893491+00:00,0,30118.06,"HTTPConnectionPool(host='cheapest-alb-1599766835.us-east-1.elb.amazonaws.com', port=80): Read timed out. (read timeout=30)"
2026-09-20T23:41:20.904406+00:00,0,30110.18,"HTTPConnectionPool(host='cheapest-alb-1599766835.us-east-1.elb.amazonaws.com', port=80): Read timed out. (read timeout=30)"
2026-09-20T23:41:20.926937+00:00,0,30087.68,"HTTPConnectionPool(host='cheapest-alb-1599766835.us-east-1.elb.amazonaws.com', port=80): Read timed out. (read timeout=30)"
2026-09-20T23:41:20.937756+00:00,0,30091.89,"HTTPConnectionPool(host='cheapest-alb-1599766835.us-east-1.elb.amazonaws.com', port=80): Read timed out. (read timeout=30)"
2026-09-20T23:41:20.949359+00:00,0,30096.68,"HTTPConnectionPool(host='cheapest-alb-1599766835.us-east-1.elb.amazonaws.com', port=80): Read timed out. (read timeout=30)"
2026-09-20T23:41:20.971622+00:00,0,30074.75,"HTTPConnectionPool(host='cheapest-alb-1599766835.us-east-1.elb.amazonaws.com', port=80): Read timed out. (read timeout=30)"
2026-09-20T23:41:20.960333+00:00,0,30101.95,"HTTPConnectionPool(host='cheapest-alb-1599766835.us-east-1.elb.amazonaws.com', port=80): Read timed out. (read timeout=30)"
2026-09-20T23:41:20.993889+00:00,0,30084.07,"HTTPConnectionPool(host='cheapest-alb-1599766835.us-east-1.elb.amazonaws.com', port=80): Read timed out. (read timeout=30)"
2026-09-20T23:41:20.981885+00:00,0,30111.69,"HTTPConnectionPool(host='cheapest-alb-1599766835.us-east-1.elb.amazonaws.com', port=80): Read timed out. (read timeout=30)"
2026-09-20T23:41:21.016130+00:00,0,30076.0,"HTTPConnectionPool(host='cheapest-alb-1599766835.us-east-1.elb.amazonaws.com', port=80): Read timed out. (read timeout=30)"
2026-09-20T23:41:21.004521+00:00,0,30103.84,"HTTPConnectionPool(host='cheapest-alb-1599766835.us-east-1.elb.amazonaws.com', port=80): Read timed out. (read timeout=30)"
2026-09-20T23:41:21.037873+00:00,0,30086.38,"HTTPConnectionPool(host='cheapest-alb-1599766835.us-east-1.elb.amazonaws.com', port=80): Read timed out. (read timeout=30)"
2026-09-20T23:41:21.026298+00:00,0,30105.76,"HTTPConnectionPool(host='cheapest-alb-1599766835.us-east-1.elb.amazonaws.com', port=80): Read timed out. (read timeout=30)"
2026-09-20T23:41:21.049086+00:00,0,30100.26,"HTTPConnectionPool(host='cheapest-alb-1599766835.us-east-1.elb.amazonaws.com', port=80): Read timed out. (read timeout=30)"
2026-09-20T23:41:21.060695+00:00,0,30087.42,"HTTPConnectionPool(host='cheapest-alb-1599766835.us-east-1.elb.amazonaws.com', port=80): Read timed out. (read timeout=30)"
2026-09-20T23:41:21.071226+00:00,0,30093.34,"HTTPConnectionPool(host='cheapest-alb-1599766835.us-east-1.elb.amazonaws.com', port=80): Read timed out. (read timeout=30)"
2026-09-20T23:41:21.082408+00:00,0,30099.1,"HTTPConnectionPool(host='cheapest-alb-1599766835.us-east-1.elb.amazonaws.com', port=80): Read timed out. (read timeout=30)"
2026-09-20T23:41:21.094351+00:00,0,30085.9,"HTTPConnectionPool(host='cheapest-alb-1599766835.us-east-1.elb.amazonaws.com', port=80): Read timed out. (read timeout=30)"
2026-09-20T23:41:21.105556+00:00,0,30090.74,"HTTPConnectionPool(host='cheapest-alb-1599766835.us-east-1.elb.amazonaws.com', port=80): Read timed out. (read timeout=30)"
2026-09-20T23:41:21.116649+00:00,0,30097.17,"HTTPConnectionPool(host='cheapest-alb-1599766835.us-east-1.elb.amazonaws.com', port=80): Read timed out. (read timeout=30)"
2026-09-20T23:41:21.140576+00:00,0,30089.44,"HTTPConnectionPool(host='cheapest-alb-1599766835.us-east-1.elb.amazonaws.com', port=80): Read timed out. (read timeout=30)"
2026-09-20T23:41:21.151591+00:00,0,30094.5,"HTTPConnectionPool(host='cheapest-alb-1599766835.us-east-1.elb.amazonaws.com', port=80): Read timed out. (read timeout=30)"
2026-09-20T23:41:21.127415+00:00,0,30116.27,"HTTPConnectionPool(host='cheapest-alb-1599766835.us-east-1.elb.amazonaws.com', port=80): Read timed out. (read timeout=30)"
2026-09-20T23:41:21.161935+00:00,0,30097.5,"HTTPConnectionPool(host='cheapest-alb-1599766835.us-east-1.elb.amazonaws.com', port=80): Read timed out. (read timeout=30)"
2026-09-20T23:41:21.176043+00:00,0,30099.5,"HTTPConnectionPool(host='cheapest-alb-1599766835.us-east-1.elb.amazonaws.com', port=80): Read timed out. (read timeout=30)"
2026-09-20T23:41:21.194057+00:00,0,30082.15,"HTTPConnectionPool(host='cheapest-alb-1599766835.us-east-1.elb.amazonaws.com', port=80): Read timed out. (read timeout=30)"
2026-09-20T23:41:21.183575+00:00,0,30092.79,"HTTPConnectionPool(host='cheapest-alb-1599766835.us-east-1.elb.amazonaws.com', port=80): Read timed out. (read timeout=30)"
2026-09-20T23:41:21.204692+00:00,0,30095.03,"HTTPConnectionPool(host='cheapest-alb-1599766835.us-east-1.elb.amazonaws.com', port=80): Read timed out. (read timeout=30)"
2026-09-20T23:41:21.219460+00:00,0,30080.23,"HTTPConnectionPool(host='cheapest-alb-1599766835.us-east-1.elb.amazonaws.com', port=80): Read timed out. (read timeout=30)"
2026-09-20T23:41:21.236547+00:00,0,30091.01,"HTTPConnectionPool(host='cheapest-alb-1599766835.us-east-1.elb.amazonaws.com', port=80): Read timed out. (read timeout=30)"
2026-09-20T23:41:21.228317+00:00,0,30102.16,"HTTPConnectionPool(host='cheapest-alb-1599766835.us-east-1.elb.amazonaws.com', port=80): Read timed out. (read timeout=30)"
2026-09-20T23:41:21.262117+00:00,0,30084.77,"HTTPConnectionPool(host='cheapest-alb-1599766835.us-east-1.elb.amazonaws.com', port=80): Read timed out. (read timeout=30)"
2026-09-20T23:41:21.249471+00:00,0,30112.3,"HTTPConnectionPool(host='cheapest-alb-1599766835.us-east-1.elb.amazonaws.com', port=80): Read timed out. (read timeout=30)"
2026-09-20T23:41:21.283366+00:00,0,30096.32,"HTTPConnectionPool(host='cheapest-alb-1599766835.us-east-1.elb.amazonaws.com', port=80): Read timed out. (read timeout=30)"
2026-09-20T23:41:21.270773+00:00,0,30107.59,"HTTPConnectionPool(host='cheapest-alb-1599766835.us-east-1.elb.amazonaws.com', port=80): Read timed out. (read timeout=30)"
2026-09-20T23:41:21.294837+00:00,0,30085.57,"HTTPConnectionPool(host='cheapest-alb-1599766835.us-east-1.elb.amazonaws.com', port=80): Read timed out. (read timeout=30)"
2026-09-20T23:41:21.303341+00:00,0,30089.25,"HTTPConnectionPool(host='cheapest-alb-1599766835.us-east-1.elb.amazonaws.com', port=80): Read timed out. (read timeout=30)"
2026-09-20T23:41:21.316770+00:00,0,30079.27,"HTTPConnectionPool(host='cheapest-alb-1599766835.us-east-1.elb.amazonaws.com', port=80): Read timed out. (read timeout=30)"
2026-09-20T23:41:21.338315+00:00,0,30091.96,"HTTPConnectionPool(host='cheapest-alb-1599766835.us-east-1.elb.amazonaws.com', port=80): Read timed out. (read timeout=30)"
2026-09-20T23:41:21.326473+00:00,0,30105.67,"HTTPConnectionPool(host='cheapest-alb-1599766835.us-east-1.elb.amazonaws.com', port=80): Read timed out. (read timeout=30)"
2026-09-20T23:41:21.360419+00:00,0,30082.03,"HTTPConnectionPool(host='cheapest-alb-1599766835.us-east-1.elb.amazonaws.com', port=80): Read timed out. (read timeout=30)"
2026-09-20T23:41:21.349402+00:00,0,30109.24,"HTTPConnectionPool(host='cheapest-alb-1599766835.us-east-1.elb.amazonaws.com', port=80): Read timed out. (read timeout=30)"
2026-09-20T23:41:21.373106+00:00,0,30103.07,"HTTPConnectionPool(host='cheapest-alb-1599766835.us-east-1.elb.amazonaws.com', port=80): Read timed out. (read timeout=30)"
2026-09-20T23:41:21.393266+00:00,0,30083.46,"HTTPConnectionPool(host='cheapest-alb-1599766835.us-east-1.elb.amazonaws.com', port=80): Read timed out. (read timeout=30)"
2026-09-20T23:41:21.382665+00:00,0,30109.03,"HTTPConnectionPool(host='cheapest-alb-1599766835.us-east-1.elb.amazonaws.com', port=80): Read timed out. (read timeout=30)"
2026-09-20T23:41:21.405763+00:00,0,30103.6,"HTTPConnectionPool(host='cheapest-alb-1599766835.us-east-1.elb.amazonaws.com', port=80): Read timed out. (read timeout=30)"
2026-09-20T23:41:21.416112+00:00,0,30092.69,"HTTPConnectionPool(host='cheapest-alb-1599766835.us-east-1.elb.amazonaws.com', port=80): Read timed out. (read timeout=30)"
2026-09-20T23:41:21.427778+00:00,0,30089.16,"HTTPConnectionPool(host='cheapest-alb-1599766835.us-east-1.elb.amazonaws.com', port=80): Read timed out. (read timeout=30)"
2026-09-20T23:41:21.437702+00:00,0,30095.13,"HTTPConnectionPool(host='cheapest-alb-1599766835.us-east-1.elb.amazonaws.com', port=80): Read timed out. (read timeout=30)"
2026-09-20T23:41:21.448654+00:00,0,30084.39,"HTTPConnectionPool(host='cheapest-alb-1599766835.us-east-1.elb.amazonaws.com', port=80): Read timed out. (read timeout=30)"
2026-09-20T23:41:21.471346+00:00,0,30077.45,"HTTPConnectionPool(host='cheapest-alb-1599766835.us-east-1.elb.amazonaws.com', port=80): Read timed out. (read timeout=30)"
2026-09-20T23:41:21.482382+00:00,0,30082.94,"HTTPConnectionPool(host='cheapest-alb-1599766835.us-east-1.elb.amazonaws.com', port=80): Read timed out. (read timeout=30)"
2026-09-20T23:41:21.460463+00:00,0,30105.16,"HTTPConnectionPool(host='cheapest-alb-1599766835.us-east-1.elb.amazonaws.com', port=80): Read timed out. (read timeout=30)"
2026-09-20T23:41:21.505780+00:00,0,30074.64,"HTTPConnectionPool(host='cheapest-alb-1599766835.us-east-1.elb.amazonaws.com', port=80): Read timed out. (read timeout=30)"
2026-09-20T23:41:21.493661+00:00,0,30086.6,"HTTPConnectionPool(host='cheapest-alb-1599766835.us-east-1.elb.amazonaws.com', port=80): Read timed out. (read timeout=30)"
2026-09-20T23:41:21.517551+00:00,0,30079.28,"HTTPConnectionPool(host='cheapest-alb-1599766835.us-east-1.elb.amazonaws.com', port=80): Read timed out. (read timeout=30)"
2026-09-20T23:41:21.538698+00:00,0,30074.08,"HTTPConnectionPool(host='cheapest-alb-1599766835.us-east-1.elb.amazonaws.com', port=80): Read timed out. (read timeout=30)"
2026-09-20T23:41:21.527910+00:00,0,30102.12,"HTTPConnectionPool(host='cheapest-alb-1599766835.us-east-1.elb.amazonaws.com', port=80): Read timed out. (read timeout=30)"
2026-09-20T23:41:21.561252+00:00,0,30082.85,"HTTPConnectionPool(host='cheapest-alb-1599766835.us-east-1.elb.amazonaws.com', port=80): Read timed out. (read timeout=30)"
2026-09-20T23:41:21.549668+00:00,0,30112.25,"HTTPConnectionPool(host='cheapest-alb-1599766835.us-east-1.elb.amazonaws.com', port=80): Read timed out. (read timeout=30)"
2026-09-20T23:41:21.571088+00:00,0,30089.32,"HTTPConnectionPool(host='cheapest-alb-1599766835.us-east-1.elb.amazonaws.com', port=80): Read timed out. (read timeout=30)"
2026-09-20T23:41:21.582968+00:00,0,30079.3,"HTTPConnectionPool(host='cheapest-alb-1599766835.us-east-1.elb.amazonaws.com', port=80): Read timed out. (read timeout=30)"
2026-09-20T23:41:21.593194+00:00,0,30100.95,"HTTPConnectionPool(host='cheapest-alb-1599766835.us-east-1.elb.amazonaws.com', port=80): Read timed out. (read timeout=30)"
2026-09-20T23:41:21.604630+00:00,0,30087.63,"HTTPConnectionPool(host='cheapest-alb-1599766835.us-east-1.elb.amazonaws.com', port=80): Read timed out. (read timeout=30)"
2026-09-20T23:41:21.616056+00:00,0,30079.1,"HTTPConnectionPool(host='cheapest-alb-1599766835.us-east-1.elb.amazonaws.com', port=80): Read timed out. (read timeout=30)"
2026-09-20T23:41:21.649298+00:00,0,30077.06,"HTTPConnectionPool(host='cheapest-alb-1599766835.us-east-1.elb.amazonaws.com', port=80): Read timed out. (read timeout=30)"
2026-09-20T23:41:21.637857+00:00,0,30087.48,"HTTPConnectionPool(host='cheapest-alb-1599766835.us-east-1.elb.amazonaws.com', port=80): Read timed out. (read timeout=30)"
2026-09-20T23:41:21.626660+00:00,0,30114.91,"HTTPConnectionPool(host='cheapest-alb-1599766835.us-east-1.elb.amazonaws.com', port=80): Read timed out. (read timeout=30)"
2026-09-20T23:41:21.671996+00:00,0,30078.01,"HTTPConnectionPool(host='cheapest-alb-1599766835.us-east-1.elb.amazonaws.com', port=80): Read timed out. (read timeout=30)"
2026-09-20T23:41:21.660075+00:00,0,30106.04,"HTTPConnectionPool(host='cheapest-alb-1599766835.us-east-1.elb.amazonaws.com', port=80): Read timed out. (read timeout=30)"
2026-09-20T23:41:21.682279+00:00,0,30082.52,"HTTPConnectionPool(host='cheapest-alb-1599766835.us-east-1.elb.amazonaws.com', port=80): Read timed out. (read timeout=30)"
2026-09-20T23:41:21.704854+00:00,0,30092.59,"HTTPConnectionPool(host='cheapest-alb-1599766835.us-east-1.elb.amazonaws.com', port=80): Read timed out. (read timeout=30)"
2026-09-20T23:41:21.694517+00:00,0,30103.23,"HTTPConnectionPool(host='cheapest-alb-1599766835.us-east-1.elb.amazonaws.com', port=80): Read timed out. (read timeout=30)"
2026-09-20T23:41:21.727146+00:00,0,30085.89,"HTTPConnectionPool(host='cheapest-alb-1599766835.us-east-1.elb.amazonaws.com', port=80): Read timed out. (read timeout=30)"
2026-09-20T23:41:21.716175+00:00,0,30112.34,"HTTPConnectionPool(host='cheapest-alb-1599766835.us-east-1.elb.amazonaws.com', port=80): Read timed out. (read timeout=30)"
2026-09-20T23:41:21.737466+00:00,0,30108.15,"HTTPConnectionPool(host='cheapest-alb-1599766835.us-east-1.elb.amazonaws.com', port=80): Read timed out. (read timeout=30)"
2026-09-20T23:41:21.760670+00:00,0,30085.64,"HTTPConnectionPool(host='cheapest-alb-1599766835.us-east-1.elb.amazonaws.com', port=80): Read timed out. (read timeout=30)"
2026-09-20T23:41:21.748501+00:00,0,30097.87,"HTTPConnectionPool(host='cheapest-alb-1599766835.us-east-1.elb.amazonaws.com', port=80): Read timed out. (read timeout=30)"
2026-09-20T23:41:21.772325+00:00,0,30089.5,"HTTPConnectionPool(host='cheapest-alb-1599766835.us-east-1.elb.amazonaws.com', port=80): Read timed out. (read timeout=30)"
2026-09-20T23:41:21.794493+00:00,0,30081.9,"HTTPConnectionPool(host='cheapest-alb-1599766835.us-east-1.elb.amazonaws.com', port=80): Read timed out. (read timeout=30)"
2026-09-20T23:41:21.805090+00:00,0,30089.34,"HTTPConnectionPool(host='cheapest-alb-1599766835.us-east-1.elb.amazonaws.com', port=80): Read timed out. (read timeout=30)"
2026-09-20T23:41:21.781967+00:00,0,30112.76,"HTTPConnectionPool(host='cheapest-alb-1599766835.us-east-1.elb.amazonaws.com', port=80): Read timed out. (read timeout=30)"
2026-09-20T23:41:21.816216+00:00,0,30094.18,"HTTPConnectionPool(host='cheapest-alb-1599766835.us-east-1.elb.amazonaws.com', port=80): Read timed out. (read timeout=30)"
2026-09-20T23:41:21.827554+00:00,0,30099.07,"HTTPConnectionPool(host='cheapest-alb-1599766835.us-east-1.elb.amazonaws.com', port=80): Read timed out. (read timeout=30)"
2026-09-20T23:41:21.838474+00:00,0,30087.25,"HTTPConnectionPool(host='cheapest-alb-1599766835.us-east-1.elb.amazonaws.com', port=80): Read timed out. (read timeout=30)"
2026-09-20T23:41:21.860465+00:00,0,30082.33,"HTTPConnectionPool(host='cheapest-alb-1599766835.us-east-1.elb.amazonaws.com', port=80): Read timed out. (read timeout=30)"
2026-09-20T23:41:21.849458+00:00,0,30091.18,"HTTPConnectionPool(host='cheapest-alb-1599766835.us-east-1.elb.amazonaws.com', port=80): Read timed out. (read timeout=30)"
2026-09-20T23:41:21.872555+00:00,0,30086.26,"HTTPConnectionPool(host='cheapest-alb-1599766835.us-east-1.elb.amazonaws.com', port=80): Read timed out. (read timeout=30)"
2026-09-20T23:41:21.893808+00:00,0,30088.75,"HTTPConnectionPool(host='cheapest-alb-1599766835.us-east-1.elb.amazonaws.com', port=80): Read timed out. (read timeout=30)"
2026-09-20T23:41:21.882262+00:00,0,30100.74,"HTTPConnectionPool(host='cheapest-alb-1599766835.us-east-1.elb.amazonaws.com', port=80): Read timed out. (read timeout=30)"
2026-09-20T23:41:21.915628+00:00,0,30083.28,"HTTPConnectionPool(host='cheapest-alb-1599766835.us-east-1.elb.amazonaws.com', port=80): Read timed out. (read timeout=30)"
2026-09-20T23:41:21.904756+00:00,0,30094.32,"HTTPConnectionPool(host='cheapest-alb-1599766835.us-east-1.elb.amazonaws.com', port=80): Read timed out. (read timeout=30)"
2026-09-20T23:41:21.938871+00:00,0,30096.85,"HTTPConnectionPool(host='cheapest-alb-1599766835.us-east-1.elb.amazonaws.com', port=80): Read timed out. (read timeout=30)"
2026-09-20T23:41:21.926445+00:00,0,30109.36,"HTTPConnectionPool(host='cheapest-alb-1599766835.us-east-1.elb.amazonaws.com', port=80): Read timed out. (read timeout=30)"
2026-09-20T23:41:21.971974+00:00,0,30243.02,"HTTPConnectionPool(host='cheapest-alb-1599766835.us-east-1.elb.amazonaws.com', port=80): Read timed out. (read timeout=30)"
2026-09-20T23:41:22.018565+00:00,0,30198.68,"HTTPConnectionPool(host='cheapest-alb-1599766835.us-east-1.elb.amazonaws.com', port=80): Read timed out. (read timeout=30)"
2026-09-20T23:41:21.992988+00:00,0,30224.0,"HTTPConnectionPool(host='cheapest-alb-1599766835.us-east-1.elb.amazonaws.com', port=80): Read timed out. (read timeout=30)"
2026-09-20T23:41:21.961993+00:00,0,30255.49,"HTTPConnectionPool(host='cheapest-alb-1599766835.us-east-1.elb.amazonaws.com', port=80): Read timed out. (read timeout=30)"
2026-09-20T23:41:22.004426+00:00,0,30212.79,"HTTPConnectionPool(host='cheapest-alb-1599766835.us-east-1.elb.amazonaws.com', port=80): Read timed out. (read timeout=30)"
2026-09-20T23:41:21.984136+00:00,0,30233.34,"HTTPConnectionPool(host='cheapest-alb-1599766835.us-east-1.elb.amazonaws.com', port=80): Read timed out. (read timeout=30)"
2026-09-20T23:41:21.948995+00:00,0,30266.79,"HTTPConnectionPool(host='cheapest-alb-1599766835.us-east-1.elb.amazonaws.com', port=80): Read timed out. (read timeout=30)"
2026-09-20T23:41:22.204584+00:00,0,30095.01,"HTTPConnectionPool(host='cheapest-alb-1599766835.us-east-1.elb.amazonaws.com', port=80): Read timed out. (read timeout=30)"
2026-09-20T23:41:22.210351+00:00,0,30103.99,"HTTPConnectionPool(host='cheapest-alb-1599766835.us-east-1.elb.amazonaws.com', port=80): Read timed out. (read timeout=30)"
2026-09-20T23:41:22.214717+00:00,0,30101.3,"HTTPConnectionPool(host='cheapest-alb-1599766835.us-east-1.elb.amazonaws.com', port=80): Read timed out. (read timeout=30)"
2026-09-20T23:41:22.215660+00:00,0,30092.73,"HTTPConnectionPool(host='cheapest-alb-1599766835.us-east-1.elb.amazonaws.com', port=80): Read timed out. (read timeout=30)"
2026-09-20T23:41:22.215660+00:00,0,30097.3,"HTTPConnectionPool(host='cheapest-alb-1599766835.us-east-1.elb.amazonaws.com', port=80): Read timed out. (read timeout=30)"
2026-09-20T23:41:22.204584+00:00,0,30108.35,"HTTPConnectionPool(host='cheapest-alb-1599766835.us-east-1.elb.amazonaws.com', port=80): Read timed out. (read timeout=30)"
2026-09-20T23:41:22.240624+00:00,0,30104.66,"HTTPConnectionPool(host='cheapest-alb-1599766835.us-east-1.elb.amazonaws.com', port=80): Read timed out. (read timeout=30)"
2026-09-20T23:41:22.256811+00:00,0,30090.57,"HTTPConnectionPool(host='cheapest-alb-1599766835.us-east-1.elb.amazonaws.com', port=80): Read timed out. (read timeout=30)"
2026-09-20T23:41:22.224440+00:00,0,30120.69,"HTTPConnectionPool(host='cheapest-alb-1599766835.us-east-1.elb.amazonaws.com', port=80): Read timed out. (read timeout=30)"
2026-09-20T23:41:22.224440+00:00,0,30120.51,"HTTPConnectionPool(host='cheapest-alb-1599766835.us-east-1.elb.amazonaws.com', port=80): Read timed out. (read timeout=30)"
2026-09-20T23:41:22.232150+00:00,0,30113.69,"HTTPConnectionPool(host='cheapest-alb-1599766835.us-east-1.elb.amazonaws.com', port=80): Read timed out. (read timeout=30)"
2026-09-20T23:41:22.248996+00:00,0,30093.65,"HTTPConnectionPool(host='cheapest-alb-1599766835.us-east-1.elb.amazonaws.com', port=80): Read timed out. (read timeout=30)"
2026-09-20T23:41:22.240624+00:00,0,30109.54,"HTTPConnectionPool(host='cheapest-alb-1599766835.us-east-1.elb.amazonaws.com', port=80): Read timed out. (read timeout=30)"
2026-09-20T23:41:22.248996+00:00,0,30097.64,"HTTPConnectionPool(host='cheapest-alb-1599766835.us-east-1.elb.amazonaws.com', port=80): Read timed out. (read timeout=30)"
2026-09-20T23:41:22.224440+00:00,0,30119.2,"HTTPConnectionPool(host='cheapest-alb-1599766835.us-east-1.elb.amazonaws.com', port=80): Read timed out. (read timeout=30)"
2026-09-20T23:41:22.272782+00:00,0,30090.58,"HTTPConnectionPool(host='cheapest-alb-1599766835.us-east-1.elb.amazonaws.com', port=80): Read timed out. (read timeout=30)"
2026-09-20T23:41:22.265016+00:00,0,30094.87,"HTTPConnectionPool(host='cheapest-alb-1599766835.us-east-1.elb.amazonaws.com', port=80): Read timed out. (read timeout=30)"
2026-09-20T23:41:22.265016+00:00,0,30097.24,"HTTPConnectionPool(host='cheapest-alb-1599766835.us-east-1.elb.amazonaws.com', port=80): Read timed out. (read timeout=30)"
2026-09-20T23:41:22.265016+00:00,0,30108.11,"HTTPConnectionPool(host='cheapest-alb-1599766835.us-east-1.elb.amazonaws.com', port=80): Read timed out. (read timeout=30)"
2026-09-20T23:41:22.272782+00:00,0,30103.29,"HTTPConnectionPool(host='cheapest-alb-1599766835.us-east-1.elb.amazonaws.com', port=80): Read timed out. (read timeout=30)"
2026-09-20T23:41:22.282850+00:00,0,30093.4,"HTTPConnectionPool(host='cheapest-alb-1599766835.us-east-1.elb.amazonaws.com', port=80): Read timed out. (read timeout=30)"
2026-09-20T23:41:22.302538+00:00,0,30087.57,"HTTPConnectionPool(host='cheapest-alb-1599766835.us-east-1.elb.amazonaws.com', port=80): Read timed out. (read timeout=30)"
2026-09-20T23:41:22.297602+00:00,0,30098.33,"HTTPConnectionPool(host='cheapest-alb-1599766835.us-east-1.elb.amazonaws.com', port=80): Read timed out. (read timeout=30)"
2026-09-20T23:41:22.289200+00:00,0,30105.43,"HTTPConnectionPool(host='cheapest-alb-1599766835.us-east-1.elb.amazonaws.com', port=80): Read timed out. (read timeout=30)"
2026-09-20T23:41:22.327511+00:00,0,30084.31,"HTTPConnectionPool(host='cheapest-alb-1599766835.us-east-1.elb.amazonaws.com', port=80): Read timed out. (read timeout=30)"
2026-09-20T23:41:22.282850+00:00,0,30128.63,"HTTPConnectionPool(host='cheapest-alb-1599766835.us-east-1.elb.amazonaws.com', port=80): Read timed out. (read timeout=30)"
2026-09-20T23:41:22.294959+00:00,0,30116.38,"HTTPConnectionPool(host='cheapest-alb-1599766835.us-east-1.elb.amazonaws.com', port=80): Read timed out. (read timeout=30)"
2026-09-20T23:41:22.315990+00:00,0,30096.57,"HTTPConnectionPool(host='cheapest-alb-1599766835.us-east-1.elb.amazonaws.com', port=80): Read timed out. (read timeout=30)"
2026-09-20T23:41:22.339040+00:00,0,30089.1,"HTTPConnectionPool(host='cheapest-alb-1599766835.us-east-1.elb.amazonaws.com', port=80): Read timed out. (read timeout=30)"
2026-09-20T23:41:22.360044+00:00,0,30083.43,"HTTPConnectionPool(host='cheapest-alb-1599766835.us-east-1.elb.amazonaws.com', port=80): Read timed out. (read timeout=30)"
2026-09-20T23:41:22.349166+00:00,0,30102.43,"HTTPConnectionPool(host='cheapest-alb-1599766835.us-east-1.elb.amazonaws.com', port=80): Read timed out. (read timeout=30)"
2026-09-20T23:41:22.371883+00:00,0,30095.01,"HTTPConnectionPool(host='cheapest-alb-1599766835.us-east-1.elb.amazonaws.com', port=80): Read timed out. (read timeout=30)"
2026-09-20T23:41:22.382676+00:00,0,30100.56,"HTTPConnectionPool(host='cheapest-alb-1599766835.us-east-1.elb.amazonaws.com', port=80): Read timed out. (read timeout=30)"
2026-09-20T23:41:22.393698+00:00,0,30089.11,"HTTPConnectionPool(host='cheapest-alb-1599766835.us-east-1.elb.amazonaws.com', port=80): Read timed out. (read timeout=30)"
2026-09-20T23:41:22.404767+00:00,0,30110.06,"HTTPConnectionPool(host='cheapest-alb-1599766835.us-east-1.elb.amazonaws.com', port=80): Read timed out. (read timeout=30)"
2026-09-20T23:41:22.426767+00:00,0,30088.24,"HTTPConnectionPool(host='cheapest-alb-1599766835.us-east-1.elb.amazonaws.com', port=80): Read timed out. (read timeout=30)"
2026-09-20T23:41:22.438070+00:00,0,30093.09,"HTTPConnectionPool(host='cheapest-alb-1599766835.us-east-1.elb.amazonaws.com', port=80): Read timed out. (read timeout=30)"
2026-09-20T23:41:22.416604+00:00,0,30114.88,"HTTPConnectionPool(host='cheapest-alb-1599766835.us-east-1.elb.amazonaws.com', port=80): Read timed out. (read timeout=30)"
2026-09-20T23:41:22.460851+00:00,0,30086.18,"HTTPConnectionPool(host='cheapest-alb-1599766835.us-east-1.elb.amazonaws.com', port=80): Read timed out. (read timeout=30)"
2026-09-20T23:41:22.471074+00:00,0,30090.44,"HTTPConnectionPool(host='cheapest-alb-1599766835.us-east-1.elb.amazonaws.com', port=80): Read timed out. (read timeout=30)"
2026-09-20T23:41:22.449684+00:00,0,30112.82,"HTTPConnectionPool(host='cheapest-alb-1599766835.us-east-1.elb.amazonaws.com', port=80): Read timed out. (read timeout=30)"
2026-09-20T23:41:22.495625+00:00,0,30082.83,"HTTPConnectionPool(host='cheapest-alb-1599766835.us-east-1.elb.amazonaws.com', port=80): Read timed out. (read timeout=30)"
2026-09-20T23:41:22.483143+00:00,0,30093.59,"HTTPConnectionPool(host='cheapest-alb-1599766835.us-east-1.elb.amazonaws.com', port=80): Read timed out. (read timeout=30)"
2026-09-20T23:41:22.505296+00:00,0,30088.91,"HTTPConnectionPool(host='cheapest-alb-1599766835.us-east-1.elb.amazonaws.com', port=80): Read timed out. (read timeout=30)"
2026-09-20T23:41:22.517240+00:00,0,30098.92,"HTTPConnectionPool(host='cheapest-alb-1599766835.us-east-1.elb.amazonaws.com', port=80): Read timed out. (read timeout=30)"
2026-09-20T23:41:22.526291+00:00,0,30090.08,"HTTPConnectionPool(host='cheapest-alb-1599766835.us-east-1.elb.amazonaws.com', port=80): Read timed out. (read timeout=30)"
2026-09-20T23:41:22.538307+00:00,0,30079.77,"HTTPConnectionPool(host='cheapest-alb-1599766835.us-east-1.elb.amazonaws.com', port=80): Read timed out. (read timeout=30)"
2026-09-20T23:41:22.561330+00:00,0,30087.5,"HTTPConnectionPool(host='cheapest-alb-1599766835.us-east-1.elb.amazonaws.com', port=80): Read timed out. (read timeout=30)"
2026-09-20T23:41:22.549183+00:00,0,30099.79,"HTTPConnectionPool(host='cheapest-alb-1599766835.us-east-1.elb.amazonaws.com', port=80): Read timed out. (read timeout=30)"
2026-09-20T23:41:22.571280+00:00,0,30076.36,"HTTPConnectionPool(host='cheapest-alb-1599766835.us-east-1.elb.amazonaws.com', port=80): Read timed out. (read timeout=30)"
2026-09-20T23:41:22.582366+00:00,0,30096.93,"HTTPConnectionPool(host='cheapest-alb-1599766835.us-east-1.elb.amazonaws.com', port=80): Read timed out. (read timeout=30)"
2026-09-20T23:41:22.595938+00:00,0,30085.18,"HTTPConnectionPool(host='cheapest-alb-1599766835.us-east-1.elb.amazonaws.com', port=80): Read timed out. (read timeout=30)"
2026-09-20T23:41:22.604328+00:00,0,30090.82,"HTTPConnectionPool(host='cheapest-alb-1599766835.us-east-1.elb.amazonaws.com', port=80): Read timed out. (read timeout=30)"
2026-09-20T23:41:22.626381+00:00,0,30084.76,"HTTPConnectionPool(host='cheapest-alb-1599766835.us-east-1.elb.amazonaws.com', port=80): Read timed out. (read timeout=30)"
2026-09-20T23:41:22.615837+00:00,0,30111.22,"HTTPConnectionPool(host='cheapest-alb-1599766835.us-east-1.elb.amazonaws.com', port=80): Read timed out. (read timeout=30)"
2026-09-20T23:41:22.639126+00:00,0,30135.79,"HTTPConnectionPool(host='cheapest-alb-1599766835.us-east-1.elb.amazonaws.com', port=80): Read timed out. (read timeout=30)"
2026-09-20T23:41:22.682276+00:00,0,30094.46,"HTTPConnectionPool(host='cheapest-alb-1599766835.us-east-1.elb.amazonaws.com', port=80): Read timed out. (read timeout=30)"
2026-09-20T23:41:22.693618+00:00,0,30083.24,"HTTPConnectionPool(host='cheapest-alb-1599766835.us-east-1.elb.amazonaws.com', port=80): Read timed out. (read timeout=30)"
2026-09-20T23:41:22.660354+00:00,0,30116.25,"HTTPConnectionPool(host='cheapest-alb-1599766835.us-east-1.elb.amazonaws.com', port=80): Read timed out. (read timeout=30)"
2026-09-20T23:41:22.704261+00:00,0,30088.09,"HTTPConnectionPool(host='cheapest-alb-1599766835.us-east-1.elb.amazonaws.com', port=80): Read timed out. (read timeout=30)"
2026-09-20T23:41:22.671150+00:00,0,30121.32,"HTTPConnectionPool(host='cheapest-alb-1599766835.us-east-1.elb.amazonaws.com', port=80): Read timed out. (read timeout=30)"
2026-09-20T23:41:22.648829+00:00,0,30142.24,"HTTPConnectionPool(host='cheapest-alb-1599766835.us-east-1.elb.amazonaws.com', port=80): Read timed out. (read timeout=30)"
2026-09-20T23:41:22.737931+00:00,0,30110.54,"HTTPConnectionPool(host='cheapest-alb-1599766835.us-east-1.elb.amazonaws.com', port=80): Read timed out. (read timeout=30)"
2026-09-20T23:41:22.748722+00:00,0,30100.38,"HTTPConnectionPool(host='cheapest-alb-1599766835.us-east-1.elb.amazonaws.com', port=80): Read timed out. (read timeout=30)"
2026-09-20T23:41:22.716141+00:00,0,30130.6,"HTTPConnectionPool(host='cheapest-alb-1599766835.us-east-1.elb.amazonaws.com', port=80): Read timed out. (read timeout=30)"
2026-09-20T23:41:22.772028+00:00,0,30077.4,"HTTPConnectionPool(host='cheapest-alb-1599766835.us-east-1.elb.amazonaws.com', port=80): Read timed out. (read timeout=30)"
2026-09-20T23:41:22.762126+00:00,0,30086.02,"HTTPConnectionPool(host='cheapest-alb-1599766835.us-east-1.elb.amazonaws.com', port=80): Read timed out. (read timeout=30)"
2026-09-20T23:41:22.727592+00:00,0,30122.42,"HTTPConnectionPool(host='cheapest-alb-1599766835.us-east-1.elb.amazonaws.com', port=80): Read timed out. (read timeout=30)"
2026-09-20T23:41:22.816316+00:00,0,30095.07,"HTTPConnectionPool(host='cheapest-alb-1599766835.us-east-1.elb.amazonaws.com', port=80): Read timed out. (read timeout=30)"
2026-09-20T23:41:22.827253+00:00,0,30085.42,"HTTPConnectionPool(host='cheapest-alb-1599766835.us-east-1.elb.amazonaws.com', port=80): Read timed out. (read timeout=30)"
2026-09-20T23:41:22.782819+00:00,0,30130.41,"HTTPConnectionPool(host='cheapest-alb-1599766835.us-east-1.elb.amazonaws.com', port=80): Read timed out. (read timeout=30)"
2026-09-20T23:41:22.805177+00:00,0,30122.61,"HTTPConnectionPool(host='cheapest-alb-1599766835.us-east-1.elb.amazonaws.com', port=80): Read timed out. (read timeout=30)"
2026-09-20T23:41:22.792830+00:00,0,30135.1,"HTTPConnectionPool(host='cheapest-alb-1599766835.us-east-1.elb.amazonaws.com', port=80): Read timed out. (read timeout=30)"
2026-09-20T23:41:22.838428+00:00,0,30105.16,"HTTPConnectionPool(host='cheapest-alb-1599766835.us-east-1.elb.amazonaws.com', port=80): Read timed out. (read timeout=30)"
2026-09-20T23:41:22.870719+00:00,0,30105.6,"HTTPConnectionPool(host='cheapest-alb-1599766835.us-east-1.elb.amazonaws.com', port=80): Read timed out. (read timeout=30)"
2026-09-20T23:41:22.883366+00:00,0,30091.64,"HTTPConnectionPool(host='cheapest-alb-1599766835.us-east-1.elb.amazonaws.com', port=80): Read timed out. (read timeout=30)"
2026-09-20T23:41:22.860918+00:00,0,30116.15,"HTTPConnectionPool(host='cheapest-alb-1599766835.us-east-1.elb.amazonaws.com', port=80): Read timed out. (read timeout=30)"
2026-09-20T23:41:22.849352+00:00,0,30128.01,"HTTPConnectionPool(host='cheapest-alb-1599766835.us-east-1.elb.amazonaws.com', port=80): Read timed out. (read timeout=30)"
2026-09-20T23:41:22.894723+00:00,0,30097.91,"HTTPConnectionPool(host='cheapest-alb-1599766835.us-east-1.elb.amazonaws.com', port=80): Read timed out. (read timeout=30)"
2026-09-20T23:41:22.904648+00:00,0,30088.3,"HTTPConnectionPool(host='cheapest-alb-1599766835.us-east-1.elb.amazonaws.com', port=80): Read timed out. (read timeout=30)"
2026-09-20T23:41:22.916552+00:00,0,30131.67,"HTTPConnectionPool(host='cheapest-alb-1599766835.us-east-1.elb.amazonaws.com', port=80): Read timed out. (read timeout=30)"
2026-09-20T23:41:22.926820+00:00,0,30121.66,"HTTPConnectionPool(host='cheapest-alb-1599766835.us-east-1.elb.amazonaws.com', port=80): Read timed out. (read timeout=30)"
2026-09-20T23:41:22.960834+00:00,0,30087.0,"HTTPConnectionPool(host='cheapest-alb-1599766835.us-east-1.elb.amazonaws.com', port=80): Read timed out. (read timeout=30)"
2026-09-20T23:41:22.949310+00:00,0,30099.42,"HTTPConnectionPool(host='cheapest-alb-1599766835.us-east-1.elb.amazonaws.com', port=80): Read timed out. (read timeout=30)"
2026-09-20T23:41:22.937899+00:00,0,30110.96,"HTTPConnectionPool(host='cheapest-alb-1599766835.us-east-1.elb.amazonaws.com', port=80): Read timed out. (read timeout=30)"
2026-09-20T23:41:22.972698+00:00,0,30107.42,"HTTPConnectionPool(host='cheapest-alb-1599766835.us-east-1.elb.amazonaws.com', port=80): Read timed out. (read timeout=30)"
2026-09-20T23:41:22.983607+00:00,0,30112.36,"HTTPConnectionPool(host='cheapest-alb-1599766835.us-east-1.elb.amazonaws.com', port=80): Read timed out. (read timeout=30)"
2026-09-20T23:41:23.028049+00:00,0,30083.32,"HTTPConnectionPool(host='cheapest-alb-1599766835.us-east-1.elb.amazonaws.com', port=80): Read timed out. (read timeout=30)"
2026-09-20T23:41:23.016137+00:00,0,30095.44,"HTTPConnectionPool(host='cheapest-alb-1599766835.us-east-1.elb.amazonaws.com', port=80): Read timed out. (read timeout=30)"
2026-09-20T23:41:22.992293+00:00,0,30117.26,"HTTPConnectionPool(host='cheapest-alb-1599766835.us-east-1.elb.amazonaws.com', port=80): Read timed out. (read timeout=30)"
2026-09-20T23:41:23.004314+00:00,0,30107.65,"HTTPConnectionPool(host='cheapest-alb-1599766835.us-east-1.elb.amazonaws.com', port=80): Read timed out. (read timeout=30)"
2026-09-20T23:41:23.037813+00:00,0,30089.76,"HTTPConnectionPool(host='cheapest-alb-1599766835.us-east-1.elb.amazonaws.com', port=80): Read timed out. (read timeout=30)"
2026-09-20T23:41:23.049811+00:00,0,30093.38,"HTTPConnectionPool(host='cheapest-alb-1599766835.us-east-1.elb.amazonaws.com', port=80): Read timed out. (read timeout=30)"
2026-09-20T23:41:23.072458+00:00,0,30109.73,"HTTPConnectionPool(host='cheapest-alb-1599766835.us-east-1.elb.amazonaws.com', port=80): Read timed out. (read timeout=30)"
2026-09-20T23:41:23.061304+00:00,0,30121.3,"HTTPConnectionPool(host='cheapest-alb-1599766835.us-east-1.elb.amazonaws.com', port=80): Read timed out. (read timeout=30)"
2026-09-20T23:41:23.104324+00:00,0,30093.31,"HTTPConnectionPool(host='cheapest-alb-1599766835.us-east-1.elb.amazonaws.com', port=80): Read timed out. (read timeout=30)"
2026-09-20T23:41:23.082455+00:00,0,30132.16,"HTTPConnectionPool(host='cheapest-alb-1599766835.us-east-1.elb.amazonaws.com', port=80): Read timed out. (read timeout=30)"
2026-09-20T23:41:23.093103+00:00,0,30121.75,"HTTPConnectionPool(host='cheapest-alb-1599766835.us-east-1.elb.amazonaws.com', port=80): Read timed out. (read timeout=30)"
2026-09-20T23:41:23.115820+00:00,0,30114.32,"HTTPConnectionPool(host='cheapest-alb-1599766835.us-east-1.elb.amazonaws.com', port=80): Read timed out. (read timeout=30)"
2026-09-20T23:41:23.137577+00:00,0,30113.46,"HTTPConnectionPool(host='cheapest-alb-1599766835.us-east-1.elb.amazonaws.com', port=80): Read timed out. (read timeout=30)"
2026-09-20T23:41:23.129623+00:00,0,30121.78,"HTTPConnectionPool(host='cheapest-alb-1599766835.us-east-1.elb.amazonaws.com', port=80): Read timed out. (read timeout=30)"
2026-09-20T23:41:23.149274+00:00,0,30101.94,"HTTPConnectionPool(host='cheapest-alb-1599766835.us-east-1.elb.amazonaws.com', port=80): Read timed out. (read timeout=30)"
2026-09-20T23:41:23.161196+00:00,0,30090.08,"HTTPConnectionPool(host='cheapest-alb-1599766835.us-east-1.elb.amazonaws.com', port=80): Read timed out. (read timeout=30)"
2026-09-20T23:41:23.171156+00:00,0,30082.84,"HTTPConnectionPool(host='cheapest-alb-1599766835.us-east-1.elb.amazonaws.com', port=80): Read timed out. (read timeout=30)"
2026-09-20T23:41:23.227299+00:00,0,30084.74,"HTTPConnectionPool(host='cheapest-alb-1599766835.us-east-1.elb.amazonaws.com', port=80): Read timed out. (read timeout=30)"
2026-09-20T23:41:23.183553+00:00,0,30128.77,"HTTPConnectionPool(host='cheapest-alb-1599766835.us-east-1.elb.amazonaws.com', port=80): Read timed out. (read timeout=30)"
2026-09-20T23:41:23.215671+00:00,0,30097.08,"HTTPConnectionPool(host='cheapest-alb-1599766835.us-east-1.elb.amazonaws.com', port=80): Read timed out. (read timeout=30)"
2026-09-20T23:41:23.204629+00:00,0,30108.3,"HTTPConnectionPool(host='cheapest-alb-1599766835.us-east-1.elb.amazonaws.com', port=80): Read timed out. (read timeout=30)"
2026-09-20T23:41:23.193940+00:00,0,30119.01,"HTTPConnectionPool(host='cheapest-alb-1599766835.us-east-1.elb.amazonaws.com', port=80): Read timed out. (read timeout=30)"
2026-09-20T23:41:23.238893+00:00,0,30105.21,"HTTPConnectionPool(host='cheapest-alb-1599766835.us-east-1.elb.amazonaws.com', port=80): Read timed out. (read timeout=30)"
2026-09-20T23:41:23.282664+00:00,0,30094.26,"HTTPConnectionPool(host='cheapest-alb-1599766835.us-east-1.elb.amazonaws.com', port=80): Read timed out. (read timeout=30)"
2026-09-20T23:41:23.293505+00:00,0,30083.62,"HTTPConnectionPool(host='cheapest-alb-1599766835.us-east-1.elb.amazonaws.com', port=80): Read timed out. (read timeout=30)"
2026-09-20T23:41:23.249109+00:00,0,30128.2,"HTTPConnectionPool(host='cheapest-alb-1599766835.us-east-1.elb.amazonaws.com', port=80): Read timed out. (read timeout=30)"
2026-09-20T23:41:23.271468+00:00,0,30137.45,"HTTPConnectionPool(host='cheapest-alb-1599766835.us-east-1.elb.amazonaws.com', port=80): Read timed out. (read timeout=30)"
2026-09-20T23:41:23.304311+00:00,0,30104.83,"HTTPConnectionPool(host='cheapest-alb-1599766835.us-east-1.elb.amazonaws.com', port=80): Read timed out. (read timeout=30)"
2026-09-20T23:41:23.261219+00:00,0,30147.95,"HTTPConnectionPool(host='cheapest-alb-1599766835.us-east-1.elb.amazonaws.com', port=80): Read timed out. (read timeout=30)"
2026-09-20T23:41:23.316578+00:00,0,30108.51,"HTTPConnectionPool(host='cheapest-alb-1599766835.us-east-1.elb.amazonaws.com', port=80): Read timed out. (read timeout=30)"
2026-09-20T23:41:23.350242+00:00,0,30090.81,"HTTPConnectionPool(host='cheapest-alb-1599766835.us-east-1.elb.amazonaws.com', port=80): Read timed out. (read timeout=30)"
2026-09-20T23:41:23.338603+00:00,0,30102.52,"HTTPConnectionPool(host='cheapest-alb-1599766835.us-east-1.elb.amazonaws.com', port=80): Read timed out. (read timeout=30)"
2026-09-20T23:41:23.361454+00:00,0,30089.0,"HTTPConnectionPool(host='cheapest-alb-1599766835.us-east-1.elb.amazonaws.com', port=80): Read timed out. (read timeout=30)"
2026-09-20T23:41:23.371538+00:00,0,30094.16,"HTTPConnectionPool(host='cheapest-alb-1599766835.us-east-1.elb.amazonaws.com', port=80): Read timed out. (read timeout=30)"
2026-09-20T23:41:23.328414+00:00,0,30137.58,"HTTPConnectionPool(host='cheapest-alb-1599766835.us-east-1.elb.amazonaws.com', port=80): Read timed out. (read timeout=30)"
2026-09-20T23:41:23.382115+00:00,0,30099.73,"HTTPConnectionPool(host='cheapest-alb-1599766835.us-east-1.elb.amazonaws.com', port=80): Read timed out. (read timeout=30)"
2026-09-20T23:41:23.393413+00:00,0,30120.47,"HTTPConnectionPool(host='cheapest-alb-1599766835.us-east-1.elb.amazonaws.com', port=80): Read timed out. (read timeout=30)"
2026-09-20T23:41:23.404312+00:00,0,30109.94,"HTTPConnectionPool(host='cheapest-alb-1599766835.us-east-1.elb.amazonaws.com', port=80): Read timed out. (read timeout=30)"
2026-09-20T23:41:23.416554+00:00,0,30097.96,"HTTPConnectionPool(host='cheapest-alb-1599766835.us-east-1.elb.amazonaws.com', port=80): Read timed out. (read timeout=30)"
2026-09-20T23:41:23.427522+00:00,0,30087.15,"HTTPConnectionPool(host='cheapest-alb-1599766835.us-east-1.elb.amazonaws.com', port=80): Read timed out. (read timeout=30)"
2026-09-20T23:41:23.438999+00:00,0,30091.12,"HTTPConnectionPool(host='cheapest-alb-1599766835.us-east-1.elb.amazonaws.com', port=80): Read timed out. (read timeout=30)"
2026-09-20T23:41:23.460434+00:00,0,30118.12,"HTTPConnectionPool(host='cheapest-alb-1599766835.us-east-1.elb.amazonaws.com', port=80): Read timed out. (read timeout=30)"
2026-09-20T23:41:23.471894+00:00,0,30106.8,"HTTPConnectionPool(host='cheapest-alb-1599766835.us-east-1.elb.amazonaws.com', port=80): Read timed out. (read timeout=30)"
2026-09-20T23:41:23.449989+00:00,0,30128.83,"HTTPConnectionPool(host='cheapest-alb-1599766835.us-east-1.elb.amazonaws.com', port=80): Read timed out. (read timeout=30)"
2026-09-20T23:41:23.494528+00:00,0,30084.43,"HTTPConnectionPool(host='cheapest-alb-1599766835.us-east-1.elb.amazonaws.com', port=80): Read timed out. (read timeout=30)"
2026-09-20T23:41:23.481876+00:00,0,30128.93,"HTTPConnectionPool(host='cheapest-alb-1599766835.us-east-1.elb.amazonaws.com', port=80): Read timed out. (read timeout=30)"
2026-09-20T23:41:23.515892+00:00,0,30095.29,"HTTPConnectionPool(host='cheapest-alb-1599766835.us-east-1.elb.amazonaws.com', port=80): Read timed out. (read timeout=30)"
2026-09-20T23:41:23.504614+00:00,0,30106.71,"HTTPConnectionPool(host='cheapest-alb-1599766835.us-east-1.elb.amazonaws.com', port=80): Read timed out. (read timeout=30)"
2026-09-20T23:41:23.538067+00:00,0,30104.94,"HTTPConnectionPool(host='cheapest-alb-1599766835.us-east-1.elb.amazonaws.com', port=80): Read timed out. (read timeout=30)"
2026-09-20T23:41:23.550215+00:00,0,30092.99,"HTTPConnectionPool(host='cheapest-alb-1599766835.us-east-1.elb.amazonaws.com', port=80): Read timed out. (read timeout=30)"
2026-09-20T23:41:23.526744+00:00,0,30116.9,"HTTPConnectionPool(host='cheapest-alb-1599766835.us-east-1.elb.amazonaws.com', port=80): Read timed out. (read timeout=30)"
2026-09-20T23:41:23.562585+00:00,0,30081.0,"HTTPConnectionPool(host='cheapest-alb-1599766835.us-east-1.elb.amazonaws.com', port=80): Read timed out. (read timeout=30)"
2026-09-20T23:41:23.572421+00:00,0,30086.38,"HTTPConnectionPool(host='cheapest-alb-1599766835.us-east-1.elb.amazonaws.com', port=80): Read timed out. (read timeout=30)"
2026-09-20T23:41:23.582613+00:00,0,30083.56,"HTTPConnectionPool(host='cheapest-alb-1599766835.us-east-1.elb.amazonaws.com', port=80): Read timed out. (read timeout=30)"
2026-09-20T23:41:23.638241+00:00,0,30092.82,"HTTPConnectionPool(host='cheapest-alb-1599766835.us-east-1.elb.amazonaws.com', port=80): Read timed out. (read timeout=30)"
2026-09-20T23:41:23.627518+00:00,0,30103.76,"HTTPConnectionPool(host='cheapest-alb-1599766835.us-east-1.elb.amazonaws.com', port=80): Read timed out. (read timeout=30)"
2026-09-20T23:41:23.594338+00:00,0,30136.8,"HTTPConnectionPool(host='cheapest-alb-1599766835.us-east-1.elb.amazonaws.com', port=80): Read timed out. (read timeout=30)"
2026-09-20T23:41:23.616379+00:00,0,30115.29,"HTTPConnectionPool(host='cheapest-alb-1599766835.us-east-1.elb.amazonaws.com', port=80): Read timed out. (read timeout=30)"
2026-09-20T23:41:23.660378+00:00,0,30086.28,"HTTPConnectionPool(host='cheapest-alb-1599766835.us-east-1.elb.amazonaws.com', port=80): Read timed out. (read timeout=30)"
2026-09-20T23:41:23.605459+00:00,0,30141.41,"HTTPConnectionPool(host='cheapest-alb-1599766835.us-east-1.elb.amazonaws.com', port=80): Read timed out. (read timeout=30)"
2026-09-20T23:41:23.648975+00:00,0,30098.44,"HTTPConnectionPool(host='cheapest-alb-1599766835.us-east-1.elb.amazonaws.com', port=80): Read timed out. (read timeout=30)"
2026-09-20T23:41:23.682412+00:00,0,30112.87,"HTTPConnectionPool(host='cheapest-alb-1599766835.us-east-1.elb.amazonaws.com', port=80): Read timed out. (read timeout=30)"
2026-09-20T23:41:23.704429+00:00,0,30090.87,"HTTPConnectionPool(host='cheapest-alb-1599766835.us-east-1.elb.amazonaws.com', port=80): Read timed out. (read timeout=30)"
2026-09-20T23:41:23.693494+00:00,0,30102.41,"HTTPConnectionPool(host='cheapest-alb-1599766835.us-east-1.elb.amazonaws.com', port=80): Read timed out. (read timeout=30)"
2026-09-20T23:41:23.671522+00:00,0,30124.24,"HTTPConnectionPool(host='cheapest-alb-1599766835.us-east-1.elb.amazonaws.com', port=80): Read timed out. (read timeout=30)"
2026-09-20T23:41:23.716148+00:00,0,30094.92,"HTTPConnectionPool(host='cheapest-alb-1599766835.us-east-1.elb.amazonaws.com', port=80): Read timed out. (read timeout=30)"
2026-09-20T23:41:23.728024+00:00,0,30106.5,"HTTPConnectionPool(host='cheapest-alb-1599766835.us-east-1.elb.amazonaws.com', port=80): Read timed out. (read timeout=30)"
2026-09-20T23:41:23.783020+00:00,0,30083.17,"HTTPConnectionPool(host='cheapest-alb-1599766835.us-east-1.elb.amazonaws.com', port=80): Read timed out. (read timeout=30)"
2026-09-20T23:41:23.748860+00:00,0,30141.67,"HTTPConnectionPool(host='cheapest-alb-1599766835.us-east-1.elb.amazonaws.com', port=80): Read timed out. (read timeout=30)"
2026-09-20T23:41:23.738521+00:00,0,30152.26,"HTTPConnectionPool(host='cheapest-alb-1599766835.us-east-1.elb.amazonaws.com', port=80): Read timed out. (read timeout=30)"
2026-09-20T23:41:23.760898+00:00,0,30129.84,"HTTPConnectionPool(host='cheapest-alb-1599766835.us-east-1.elb.amazonaws.com', port=80): Read timed out. (read timeout=30)"
2026-09-20T23:41:23.770799+00:00,0,30120.17,"HTTPConnectionPool(host='cheapest-alb-1599766835.us-east-1.elb.amazonaws.com', port=80): Read timed out. (read timeout=30)"
2026-09-20T23:41:23.804025+00:00,0,30093.58,"HTTPConnectionPool(host='cheapest-alb-1599766835.us-east-1.elb.amazonaws.com', port=80): Read timed out. (read timeout=30)"
2026-09-20T23:41:23.794009+00:00,0,30103.71,"HTTPConnectionPool(host='cheapest-alb-1599766835.us-east-1.elb.amazonaws.com', port=80): Read timed out. (read timeout=30)"
2026-09-20T23:41:23.816768+00:00,0,30097.17,"HTTPConnectionPool(host='cheapest-alb-1599766835.us-east-1.elb.amazonaws.com', port=80): Read timed out. (read timeout=30)"
2026-09-20T23:41:23.827808+00:00,0,30101.99,"HTTPConnectionPool(host='cheapest-alb-1599766835.us-east-1.elb.amazonaws.com', port=80): Read timed out. (read timeout=30)"
2026-09-20T23:41:23.849428+00:00,0,30096.48,"HTTPConnectionPool(host='cheapest-alb-1599766835.us-east-1.elb.amazonaws.com', port=80): Read timed out. (read timeout=30)"
2026-09-20T23:41:23.838091+00:00,0,30124.45,"HTTPConnectionPool(host='cheapest-alb-1599766835.us-east-1.elb.amazonaws.com', port=80): Read timed out. (read timeout=30)"
2026-09-20T23:41:23.860244+00:00,0,30117.63,"HTTPConnectionPool(host='cheapest-alb-1599766835.us-east-1.elb.amazonaws.com', port=80): Read timed out. (read timeout=30)"
2026-09-20T23:41:23.882199+00:00,0,30095.66,"HTTPConnectionPool(host='cheapest-alb-1599766835.us-east-1.elb.amazonaws.com', port=80): Read timed out. (read timeout=30)"
2026-09-20T23:41:23.871592+00:00,0,30106.49,"HTTPConnectionPool(host='cheapest-alb-1599766835.us-east-1.elb.amazonaws.com', port=80): Read timed out. (read timeout=30)"
2026-09-20T23:41:23.915941+00:00,0,30093.63,"HTTPConnectionPool(host='cheapest-alb-1599766835.us-east-1.elb.amazonaws.com', port=80): Read timed out. (read timeout=30)"
2026-09-20T23:41:23.894916+00:00,0,30114.67,"HTTPConnectionPool(host='cheapest-alb-1599766835.us-east-1.elb.amazonaws.com', port=80): Read timed out. (read timeout=30)"
2026-09-20T23:41:23.904326+00:00,0,30105.6,"HTTPConnectionPool(host='cheapest-alb-1599766835.us-east-1.elb.amazonaws.com', port=80): Read timed out. (read timeout=30)"
2026-09-20T23:41:23.926617+00:00,0,30098.88,"HTTPConnectionPool(host='cheapest-alb-1599766835.us-east-1.elb.amazonaws.com', port=80): Read timed out. (read timeout=30)"
2026-09-20T23:41:23.939581+00:00,0,30094.69,"HTTPConnectionPool(host='cheapest-alb-1599766835.us-east-1.elb.amazonaws.com', port=80): Read timed out. (read timeout=30)"
2026-09-20T23:41:23.960380+00:00,0,30089.28,"HTTPConnectionPool(host='cheapest-alb-1599766835.us-east-1.elb.amazonaws.com', port=80): Read timed out. (read timeout=30)"
2026-09-20T23:41:23.951057+00:00,0,30098.94,"HTTPConnectionPool(host='cheapest-alb-1599766835.us-east-1.elb.amazonaws.com', port=80): Read timed out. (read timeout=30)"
2026-09-20T23:41:23.982399+00:00,0,30083.41,"HTTPConnectionPool(host='cheapest-alb-1599766835.us-east-1.elb.amazonaws.com', port=80): Read timed out. (read timeout=30)"
2026-09-20T23:41:23.972076+00:00,0,30109.93,"HTTPConnectionPool(host='cheapest-alb-1599766835.us-east-1.elb.amazonaws.com', port=80): Read timed out. (read timeout=30)"
2026-09-20T23:41:24.026575+00:00,0,30103.26,"HTTPConnectionPool(host='cheapest-alb-1599766835.us-east-1.elb.amazonaws.com', port=80): Read timed out. (read timeout=30)"
2026-09-20T23:41:24.015239+00:00,0,30115.03,"HTTPConnectionPool(host='cheapest-alb-1599766835.us-east-1.elb.amazonaws.com', port=80): Read timed out. (read timeout=30)"
2026-09-20T23:41:24.005132+00:00,0,30125.34,"HTTPConnectionPool(host='cheapest-alb-1599766835.us-east-1.elb.amazonaws.com', port=80): Read timed out. (read timeout=30)"
2026-09-20T23:41:23.993157+00:00,0,30137.36,"HTTPConnectionPool(host='cheapest-alb-1599766835.us-east-1.elb.amazonaws.com', port=80): Read timed out. (read timeout=30)"
2026-09-20T23:41:24.038684+00:00,0,30106.94,"HTTPConnectionPool(host='cheapest-alb-1599766835.us-east-1.elb.amazonaws.com', port=80): Read timed out. (read timeout=30)"
2026-09-20T23:41:24.060306+00:00,0,30085.79,"HTTPConnectionPool(host='cheapest-alb-1599766835.us-east-1.elb.amazonaws.com', port=80): Read timed out. (read timeout=30)"
2026-09-20T23:41:24.071457+00:00,0,30090.1,"HTTPConnectionPool(host='cheapest-alb-1599766835.us-east-1.elb.amazonaws.com', port=80): Read timed out. (read timeout=30)"
2026-09-20T23:41:24.048606+00:00,0,30113.29,"HTTPConnectionPool(host='cheapest-alb-1599766835.us-east-1.elb.amazonaws.com', port=80): Read timed out. (read timeout=30)"
2026-09-20T23:41:24.116475+00:00,0,30100.86,"HTTPConnectionPool(host='cheapest-alb-1599766835.us-east-1.elb.amazonaws.com', port=80): Read timed out. (read timeout=30)"
2026-09-20T23:41:24.094140+00:00,0,30123.19,"HTTPConnectionPool(host='cheapest-alb-1599766835.us-east-1.elb.amazonaws.com', port=80): Read timed out. (read timeout=30)"
2026-09-20T23:41:24.104322+00:00,0,30113.12,"HTTPConnectionPool(host='cheapest-alb-1599766835.us-east-1.elb.amazonaws.com', port=80): Read timed out. (read timeout=30)"
2026-09-20T23:41:24.083710+00:00,0,30134.19,"HTTPConnectionPool(host='cheapest-alb-1599766835.us-east-1.elb.amazonaws.com', port=80): Read timed out. (read timeout=30)"
2026-09-20T23:41:24.126290+00:00,0,30091.47,"HTTPConnectionPool(host='cheapest-alb-1599766835.us-east-1.elb.amazonaws.com', port=80): Read timed out. (read timeout=30)"
2026-09-20T23:41:24.138542+00:00,0,30093.53,"HTTPConnectionPool(host='cheapest-alb-1599766835.us-east-1.elb.amazonaws.com', port=80): Read timed out. (read timeout=30)"
2026-09-20T23:41:24.171659+00:00,0,30104.1,"HTTPConnectionPool(host='cheapest-alb-1599766835.us-east-1.elb.amazonaws.com', port=80): Read timed out. (read timeout=30)"
2026-09-20T23:41:24.149005+00:00,0,30126.95,"HTTPConnectionPool(host='cheapest-alb-1599766835.us-east-1.elb.amazonaws.com', port=80): Read timed out. (read timeout=30)"
2026-09-20T23:41:24.194164+00:00,0,30082.39,"HTTPConnectionPool(host='cheapest-alb-1599766835.us-east-1.elb.amazonaws.com', port=80): Read timed out. (read timeout=30)"
2026-09-20T23:41:24.160914+00:00,0,30115.53,"HTTPConnectionPool(host='cheapest-alb-1599766835.us-east-1.elb.amazonaws.com', port=80): Read timed out. (read timeout=30)"
2026-09-20T23:41:24.182653+00:00,0,30094.01,"HTTPConnectionPool(host='cheapest-alb-1599766835.us-east-1.elb.amazonaws.com', port=80): Read timed out. (read timeout=30)"
2026-09-20T23:41:24.204391+00:00,0,30086.54,"HTTPConnectionPool(host='cheapest-alb-1599766835.us-east-1.elb.amazonaws.com', port=80): Read timed out. (read timeout=30)"
2026-09-20T23:41:24.249518+00:00,0,30089.86,"HTTPConnectionPool(host='cheapest-alb-1599766835.us-east-1.elb.amazonaws.com', port=80): Read timed out. (read timeout=30)"
2026-09-20T23:41:24.215686+00:00,0,30124.06,"HTTPConnectionPool(host='cheapest-alb-1599766835.us-east-1.elb.amazonaws.com', port=80): Read timed out. (read timeout=30)"
2026-09-20T23:41:24.227128+00:00,0,30113.0,"HTTPConnectionPool(host='cheapest-alb-1599766835.us-east-1.elb.amazonaws.com', port=80): Read timed out. (read timeout=30)"
2026-09-20T23:41:24.237859+00:00,0,30102.3,"HTTPConnectionPool(host='cheapest-alb-1599766835.us-east-1.elb.amazonaws.com', port=80): Read timed out. (read timeout=30)"
2026-09-20T23:41:24.260434+00:00,0,30094.73,"HTTPConnectionPool(host='cheapest-alb-1599766835.us-east-1.elb.amazonaws.com', port=80): Read timed out. (read timeout=30)"
2026-09-20T23:41:24.271395+00:00,0,30099.4,"HTTPConnectionPool(host='cheapest-alb-1599766835.us-east-1.elb.amazonaws.com', port=80): Read timed out. (read timeout=30)"
2026-09-20T23:41:24.305655+00:00,0,30113.36,"HTTPConnectionPool(host='cheapest-alb-1599766835.us-east-1.elb.amazonaws.com', port=80): Read timed out. (read timeout=30)"
2026-09-20T23:41:24.326490+00:00,0,30093.17,"HTTPConnectionPool(host='cheapest-alb-1599766835.us-east-1.elb.amazonaws.com', port=80): Read timed out. (read timeout=30)"
2026-09-20T23:41:24.293400+00:00,0,30142.07,"HTTPConnectionPool(host='cheapest-alb-1599766835.us-east-1.elb.amazonaws.com', port=80): Read timed out. (read timeout=30)"
2026-09-20T23:41:24.282071+00:00,0,30153.45,"HTTPConnectionPool(host='cheapest-alb-1599766835.us-east-1.elb.amazonaws.com', port=80): Read timed out. (read timeout=30)"
2026-09-20T23:41:24.315909+00:00,0,30119.79,"HTTPConnectionPool(host='cheapest-alb-1599766835.us-east-1.elb.amazonaws.com', port=80): Read timed out. (read timeout=30)"
2026-09-20T23:41:24.338515+00:00,0,30097.31,"HTTPConnectionPool(host='cheapest-alb-1599766835.us-east-1.elb.amazonaws.com', port=80): Read timed out. (read timeout=30)"
2026-09-20T23:41:24.348751+00:00,0,30101.04,"HTTPConnectionPool(host='cheapest-alb-1599766835.us-east-1.elb.amazonaws.com', port=80): Read timed out. (read timeout=30)"
2026-09-20T23:41:24.372485+00:00,0,30109.66,"HTTPConnectionPool(host='cheapest-alb-1599766835.us-east-1.elb.amazonaws.com', port=80): Read timed out. (read timeout=30)"
2026-09-20T23:41:24.360540+00:00,0,30121.87,"HTTPConnectionPool(host='cheapest-alb-1599766835.us-east-1.elb.amazonaws.com', port=80): Read timed out. (read timeout=30)"
2026-09-20T23:41:24.383082+00:00,0,30099.69,"HTTPConnectionPool(host='cheapest-alb-1599766835.us-east-1.elb.amazonaws.com', port=80): Read timed out. (read timeout=30)"
2026-09-20T23:41:24.405126+00:00,0,30093.34,"HTTPConnectionPool(host='cheapest-alb-1599766835.us-east-1.elb.amazonaws.com', port=80): Read timed out. (read timeout=30)"
2026-09-20T23:41:24.392798+00:00,0,30105.41,"HTTPConnectionPool(host='cheapest-alb-1599766835.us-east-1.elb.amazonaws.com', port=80): Read timed out. (read timeout=30)"
2026-09-20T23:41:24.415610+00:00,0,30108.17,"HTTPConnectionPool(host='cheapest-alb-1599766835.us-east-1.elb.amazonaws.com', port=80): Read timed out. (read timeout=30)"
2026-09-20T23:41:24.449262+00:00,0,30113.82,"HTTPConnectionPool(host='cheapest-alb-1599766835.us-east-1.elb.amazonaws.com', port=80): Read timed out. (read timeout=30)"
2026-09-20T23:41:24.427660+00:00,0,30135.54,"HTTPConnectionPool(host='cheapest-alb-1599766835.us-east-1.elb.amazonaws.com', port=80): Read timed out. (read timeout=30)"
2026-09-20T23:41:24.459614+00:00,0,30103.56,"HTTPConnectionPool(host='cheapest-alb-1599766835.us-east-1.elb.amazonaws.com', port=80): Read timed out. (read timeout=30)"
2026-09-20T23:41:24.471393+00:00,0,30091.99,"HTTPConnectionPool(host='cheapest-alb-1599766835.us-east-1.elb.amazonaws.com', port=80): Read timed out. (read timeout=30)"
2026-09-20T23:41:24.439006+00:00,0,30124.4,"HTTPConnectionPool(host='cheapest-alb-1599766835.us-east-1.elb.amazonaws.com', port=80): Read timed out. (read timeout=30)"
2026-09-20T23:41:24.493336+00:00,0,30102.2,"HTTPConnectionPool(host='cheapest-alb-1599766835.us-east-1.elb.amazonaws.com', port=80): Read timed out. (read timeout=30)"
2026-09-20T23:41:24.483155+00:00,0,30112.75,"HTTPConnectionPool(host='cheapest-alb-1599766835.us-east-1.elb.amazonaws.com', port=80): Read timed out. (read timeout=30)"
2026-09-20T23:41:24.505496+00:00,0,30105.12,"HTTPConnectionPool(host='cheapest-alb-1599766835.us-east-1.elb.amazonaws.com', port=80): Read timed out. (read timeout=30)"
2026-09-20T23:41:24.516000+00:00,0,30110.44,"HTTPConnectionPool(host='cheapest-alb-1599766835.us-east-1.elb.amazonaws.com', port=80): Read timed out. (read timeout=30)"
2026-09-20T23:41:24.583130+00:00,0,30098.96,"HTTPConnectionPool(host='cheapest-alb-1599766835.us-east-1.elb.amazonaws.com', port=80): Read timed out. (read timeout=30)"
2026-09-20T23:41:24.594504+00:00,0,30088.07,"HTTPConnectionPool(host='cheapest-alb-1599766835.us-east-1.elb.amazonaws.com', port=80): Read timed out. (read timeout=30)"
2026-09-20T23:41:24.537612+00:00,0,30145.71,"HTTPConnectionPool(host='cheapest-alb-1599766835.us-east-1.elb.amazonaws.com', port=80): Read timed out. (read timeout=30)"
2026-09-20T23:41:24.550286+00:00,0,30133.25,"HTTPConnectionPool(host='cheapest-alb-1599766835.us-east-1.elb.amazonaws.com', port=80): Read timed out. (read timeout=30)"
2026-09-20T23:41:24.528324+00:00,0,30155.08,"HTTPConnectionPool(host='cheapest-alb-1599766835.us-east-1.elb.amazonaws.com', port=80): Read timed out. (read timeout=30)"
2026-09-20T23:41:24.572356+00:00,0,30111.54,"HTTPConnectionPool(host='cheapest-alb-1599766835.us-east-1.elb.amazonaws.com', port=80): Read timed out. (read timeout=30)"
2026-09-20T23:41:24.604044+00:00,0,30094.49,"HTTPConnectionPool(host='cheapest-alb-1599766835.us-east-1.elb.amazonaws.com', port=80): Read timed out. (read timeout=30)"
2026-09-20T23:41:24.560188+00:00,0,30138.57,"HTTPConnectionPool(host='cheapest-alb-1599766835.us-east-1.elb.amazonaws.com', port=80): Read timed out. (read timeout=30)"
2026-09-20T23:41:24.659741+00:00,0,30087.27,"HTTPConnectionPool(host='cheapest-alb-1599766835.us-east-1.elb.amazonaws.com', port=80): Read timed out. (read timeout=30)"
2026-09-20T23:41:24.637468+00:00,0,30109.87,"HTTPConnectionPool(host='cheapest-alb-1599766835.us-east-1.elb.amazonaws.com', port=80): Read timed out. (read timeout=30)"
2026-09-20T23:41:24.649319+00:00,0,30098.12,"HTTPConnectionPool(host='cheapest-alb-1599766835.us-east-1.elb.amazonaws.com', port=80): Read timed out. (read timeout=30)"
2026-09-20T23:41:24.627311+00:00,0,30119.68,"HTTPConnectionPool(host='cheapest-alb-1599766835.us-east-1.elb.amazonaws.com', port=80): Read timed out. (read timeout=30)"
2026-09-20T23:41:24.616195+00:00,0,30131.58,"HTTPConnectionPool(host='cheapest-alb-1599766835.us-east-1.elb.amazonaws.com', port=80): Read timed out. (read timeout=30)"
2026-09-20T23:41:24.671842+00:00,0,30090.95,"HTTPConnectionPool(host='cheapest-alb-1599766835.us-east-1.elb.amazonaws.com', port=80): Read timed out. (read timeout=30)"
2026-09-20T23:41:24.683171+00:00,0,30112.06,"HTTPConnectionPool(host='cheapest-alb-1599766835.us-east-1.elb.amazonaws.com', port=80): Read timed out. (read timeout=30)"
2026-09-20T23:41:24.727974+00:00,0,30083.34,"HTTPConnectionPool(host='cheapest-alb-1599766835.us-east-1.elb.amazonaws.com', port=80): Read timed out. (read timeout=30)"
2026-09-20T23:41:24.695137+00:00,0,30116.82,"HTTPConnectionPool(host='cheapest-alb-1599766835.us-east-1.elb.amazonaws.com', port=80): Read timed out. (read timeout=30)"
2026-09-20T23:41:24.715412+00:00,0,30096.79,"HTTPConnectionPool(host='cheapest-alb-1599766835.us-east-1.elb.amazonaws.com', port=80): Read timed out. (read timeout=30)"
2026-09-20T23:41:24.705462+00:00,0,30107.06,"HTTPConnectionPool(host='cheapest-alb-1599766835.us-east-1.elb.amazonaws.com', port=80): Read timed out. (read timeout=30)"
2026-09-20T23:41:24.738296+00:00,0,30089.49,"HTTPConnectionPool(host='cheapest-alb-1599766835.us-east-1.elb.amazonaws.com', port=80): Read timed out. (read timeout=30)"
2026-09-20T23:41:24.750279+00:00,0,30093.41,"HTTPConnectionPool(host='cheapest-alb-1599766835.us-east-1.elb.amazonaws.com', port=80): Read timed out. (read timeout=30)"
2026-09-20T23:41:24.760143+00:00,0,30131.53,"HTTPConnectionPool(host='cheapest-alb-1599766835.us-east-1.elb.amazonaws.com', port=80): Read timed out. (read timeout=30)"
2026-09-20T23:41:24.804430+00:00,0,30087.93,"HTTPConnectionPool(host='cheapest-alb-1599766835.us-east-1.elb.amazonaws.com', port=80): Read timed out. (read timeout=30)"
2026-09-20T23:41:24.772203+00:00,0,30120.21,"HTTPConnectionPool(host='cheapest-alb-1599766835.us-east-1.elb.amazonaws.com', port=80): Read timed out. (read timeout=30)"
2026-09-20T23:41:24.782377+00:00,0,30110.26,"HTTPConnectionPool(host='cheapest-alb-1599766835.us-east-1.elb.amazonaws.com', port=80): Read timed out. (read timeout=30)"
2026-09-20T23:41:24.793324+00:00,0,30099.51,"HTTPConnectionPool(host='cheapest-alb-1599766835.us-east-1.elb.amazonaws.com', port=80): Read timed out. (read timeout=30)"
2026-09-20T23:41:24.816272+00:00,0,30083.22,"HTTPConnectionPool(host='cheapest-alb-1599766835.us-east-1.elb.amazonaws.com', port=80): Read timed out. (read timeout=30)"
2026-09-20T23:41:24.828262+00:00,0,30120.16,"HTTPConnectionPool(host='cheapest-alb-1599766835.us-east-1.elb.amazonaws.com', port=80): Read timed out. (read timeout=30)"
2026-09-20T23:41:24.838777+00:00,0,30109.96,"HTTPConnectionPool(host='cheapest-alb-1599766835.us-east-1.elb.amazonaws.com', port=80): Read timed out. (read timeout=30)"
2026-09-20T23:41:24.860302+00:00,0,30088.42,"HTTPConnectionPool(host='cheapest-alb-1599766835.us-east-1.elb.amazonaws.com', port=80): Read timed out. (read timeout=30)"
2026-09-20T23:41:24.849769+00:00,0,30099.18,"HTTPConnectionPool(host='cheapest-alb-1599766835.us-east-1.elb.amazonaws.com', port=80): Read timed out. (read timeout=30)"
2026-09-20T23:41:24.882928+00:00,0,30080.9,"HTTPConnectionPool(host='cheapest-alb-1599766835.us-east-1.elb.amazonaws.com', port=80): Read timed out. (read timeout=30)"
2026-09-20T23:41:24.872373+00:00,0,30091.39,"HTTPConnectionPool(host='cheapest-alb-1599766835.us-east-1.elb.amazonaws.com', port=80): Read timed out. (read timeout=30)"
2026-09-20T23:41:24.927459+00:00,0,30100.89,"HTTPConnectionPool(host='cheapest-alb-1599766835.us-east-1.elb.amazonaws.com', port=80): Read timed out. (read timeout=30)"
2026-09-20T23:41:24.938103+00:00,0,30090.48,"HTTPConnectionPool(host='cheapest-alb-1599766835.us-east-1.elb.amazonaws.com', port=80): Read timed out. (read timeout=30)"
2026-09-20T23:41:24.915487+00:00,0,30113.12,"HTTPConnectionPool(host='cheapest-alb-1599766835.us-east-1.elb.amazonaws.com', port=80): Read timed out. (read timeout=30)"
2026-09-20T23:41:24.893916+00:00,0,30135.24,"HTTPConnectionPool(host='cheapest-alb-1599766835.us-east-1.elb.amazonaws.com', port=80): Read timed out. (read timeout=30)"
2026-09-20T23:41:24.949099+00:00,0,30094.77,"HTTPConnectionPool(host='cheapest-alb-1599766835.us-east-1.elb.amazonaws.com', port=80): Read timed out. (read timeout=30)"
2026-09-20T23:41:24.905392+00:00,0,30138.57,"HTTPConnectionPool(host='cheapest-alb-1599766835.us-east-1.elb.amazonaws.com', port=80): Read timed out. (read timeout=30)"
2026-09-20T23:41:25.004103+00:00,0,30087.11,"HTTPConnectionPool(host='cheapest-alb-1599766835.us-east-1.elb.amazonaws.com', port=80): Read timed out. (read timeout=30)"
2026-09-20T23:41:24.994858+00:00,0,30096.25,"HTTPConnectionPool(host='cheapest-alb-1599766835.us-east-1.elb.amazonaws.com', port=80): Read timed out. (read timeout=30)"
2026-09-20T23:41:24.971827+00:00,0,30120.04,"HTTPConnectionPool(host='cheapest-alb-1599766835.us-east-1.elb.amazonaws.com', port=80): Read timed out. (read timeout=30)"
2026-09-20T23:41:24.963081+00:00,0,30129.09,"HTTPConnectionPool(host='cheapest-alb-1599766835.us-east-1.elb.amazonaws.com', port=80): Read timed out. (read timeout=30)"
2026-09-20T23:41:24.982238+00:00,0,30117.38,"HTTPConnectionPool(host='cheapest-alb-1599766835.us-east-1.elb.amazonaws.com', port=80): Read timed out. (read timeout=30)"
2026-09-20T23:41:25.026638+00:00,0,30089.07,"HTTPConnectionPool(host='cheapest-alb-1599766835.us-east-1.elb.amazonaws.com', port=80): Read timed out. (read timeout=30)"
2026-09-20T23:41:25.016007+00:00,0,30099.73,"HTTPConnectionPool(host='cheapest-alb-1599766835.us-east-1.elb.amazonaws.com', port=80): Read timed out. (read timeout=30)"
2026-09-20T23:41:25.049410+00:00,0,30121.6,"HTTPConnectionPool(host='cheapest-alb-1599766835.us-east-1.elb.amazonaws.com', port=80): Read timed out. (read timeout=30)"
2026-09-20T23:41:25.038970+00:00,0,30132.24,"HTTPConnectionPool(host='cheapest-alb-1599766835.us-east-1.elb.amazonaws.com', port=80): Read timed out. (read timeout=30)"
2026-09-20T23:41:25.059802+00:00,0,30111.68,"HTTPConnectionPool(host='cheapest-alb-1599766835.us-east-1.elb.amazonaws.com', port=80): Read timed out. (read timeout=30)"
2026-09-20T23:41:25.071394+00:00,0,30100.24,"HTTPConnectionPool(host='cheapest-alb-1599766835.us-east-1.elb.amazonaws.com', port=80): Read timed out. (read timeout=30)"
2026-09-20T23:41:25.082608+00:00,0,30096.02,"HTTPConnectionPool(host='cheapest-alb-1599766835.us-east-1.elb.amazonaws.com', port=80): Read timed out. (read timeout=30)"
2026-09-20T23:41:25.093940+00:00,0,30101.38,"HTTPConnectionPool(host='cheapest-alb-1599766835.us-east-1.elb.amazonaws.com', port=80): Read timed out. (read timeout=30)"
2026-09-20T23:41:25.127415+00:00,0,30099.84,"HTTPConnectionPool(host='cheapest-alb-1599766835.us-east-1.elb.amazonaws.com', port=80): Read timed out. (read timeout=30)"
2026-09-20T23:41:25.116194+00:00,0,30127.71,"HTTPConnectionPool(host='cheapest-alb-1599766835.us-east-1.elb.amazonaws.com', port=80): Read timed out. (read timeout=30)"
2026-09-20T23:41:25.104501+00:00,0,30139.7,"HTTPConnectionPool(host='cheapest-alb-1599766835.us-east-1.elb.amazonaws.com', port=80): Read timed out. (read timeout=30)"
2026-09-20T23:41:25.149759+00:00,0,30094.46,"HTTPConnectionPool(host='cheapest-alb-1599766835.us-east-1.elb.amazonaws.com', port=80): Read timed out. (read timeout=30)"
2026-09-20T23:41:25.137393+00:00,0,30121.6,"HTTPConnectionPool(host='cheapest-alb-1599766835.us-east-1.elb.amazonaws.com', port=80): Read timed out. (read timeout=30)"
2026-09-20T23:41:25.159556+00:00,0,30099.62,"HTTPConnectionPool(host='cheapest-alb-1599766835.us-east-1.elb.amazonaws.com', port=80): Read timed out. (read timeout=30)"
2026-09-20T23:41:25.205049+00:00,0,30094.56,"HTTPConnectionPool(host='cheapest-alb-1599766835.us-east-1.elb.amazonaws.com', port=80): Read timed out. (read timeout=30)"
2026-09-20T23:41:25.182664+00:00,0,30117.16,"HTTPConnectionPool(host='cheapest-alb-1599766835.us-east-1.elb.amazonaws.com', port=80): Read timed out. (read timeout=30)"
2026-09-20T23:41:25.215430+00:00,0,30084.61,"HTTPConnectionPool(host='cheapest-alb-1599766835.us-east-1.elb.amazonaws.com', port=80): Read timed out. (read timeout=30)"
2026-09-20T23:41:25.171709+00:00,0,30128.89,"HTTPConnectionPool(host='cheapest-alb-1599766835.us-east-1.elb.amazonaws.com', port=80): Read timed out. (read timeout=30)"
2026-09-20T23:41:25.193278+00:00,0,30107.33,"HTTPConnectionPool(host='cheapest-alb-1599766835.us-east-1.elb.amazonaws.com', port=80): Read timed out. (read timeout=30)"
2026-09-20T23:41:25.227124+00:00,0,30118.25,"HTTPConnectionPool(host='cheapest-alb-1599766835.us-east-1.elb.amazonaws.com', port=80): Read timed out. (read timeout=30)"
2026-09-20T23:41:25.250339+00:00,0,30111.19,"HTTPConnectionPool(host='cheapest-alb-1599766835.us-east-1.elb.amazonaws.com', port=80): Read timed out. (read timeout=30)"
2026-09-20T23:41:25.270961+00:00,0,30107.44,"HTTPConnectionPool(host='cheapest-alb-1599766835.us-east-1.elb.amazonaws.com', port=80): Read timed out. (read timeout=30)"
2026-09-20T23:41:25.281989+00:00,0,30096.35,"HTTPConnectionPool(host='cheapest-alb-1599766835.us-east-1.elb.amazonaws.com', port=80): Read timed out. (read timeout=30)"
2026-09-20T23:41:25.293819+00:00,0,30084.87,"HTTPConnectionPool(host='cheapest-alb-1599766835.us-east-1.elb.amazonaws.com', port=80): Read timed out. (read timeout=30)"
2026-09-20T23:41:25.260751+00:00,0,30118.02,"HTTPConnectionPool(host='cheapest-alb-1599766835.us-east-1.elb.amazonaws.com', port=80): Read timed out. (read timeout=30)"
2026-09-20T23:41:25.238926+00:00,0,30139.76,"HTTPConnectionPool(host='cheapest-alb-1599766835.us-east-1.elb.amazonaws.com', port=80): Read timed out. (read timeout=30)"
2026-09-20T23:41:25.359958+00:00,0,30082.79,"HTTPConnectionPool(host='cheapest-alb-1599766835.us-east-1.elb.amazonaws.com', port=80): Read timed out. (read timeout=30)"
2026-09-20T23:41:25.305235+00:00,0,30137.76,"HTTPConnectionPool(host='cheapest-alb-1599766835.us-east-1.elb.amazonaws.com', port=80): Read timed out. (read timeout=30)"
2026-09-20T23:41:25.327721+00:00,0,30115.45,"HTTPConnectionPool(host='cheapest-alb-1599766835.us-east-1.elb.amazonaws.com', port=80): Read timed out. (read timeout=30)"
2026-09-20T23:41:25.348977+00:00,0,30094.16,"HTTPConnectionPool(host='cheapest-alb-1599766835.us-east-1.elb.amazonaws.com', port=80): Read timed out. (read timeout=30)"
2026-09-20T23:41:25.315223+00:00,0,30128.47,"HTTPConnectionPool(host='cheapest-alb-1599766835.us-east-1.elb.amazonaws.com', port=80): Read timed out. (read timeout=30)"
2026-09-20T23:41:25.338984+00:00,0,30104.95,"HTTPConnectionPool(host='cheapest-alb-1599766835.us-east-1.elb.amazonaws.com', port=80): Read timed out. (read timeout=30)"
2026-09-20T23:41:25.371768+00:00,0,30111.47,"HTTPConnectionPool(host='cheapest-alb-1599766835.us-east-1.elb.amazonaws.com', port=80): Read timed out. (read timeout=30)"
2026-09-20T23:41:25.416697+00:00,0,30083.37,"HTTPConnectionPool(host='cheapest-alb-1599766835.us-east-1.elb.amazonaws.com', port=80): Read timed out. (read timeout=30)"
2026-09-20T23:41:25.394341+00:00,0,30106.11,"HTTPConnectionPool(host='cheapest-alb-1599766835.us-east-1.elb.amazonaws.com', port=80): Read timed out. (read timeout=30)"
2026-09-20T23:41:25.406017+00:00,0,30094.55,"HTTPConnectionPool(host='cheapest-alb-1599766835.us-east-1.elb.amazonaws.com', port=80): Read timed out. (read timeout=30)"
2026-09-20T23:41:25.382257+00:00,0,30118.59,"HTTPConnectionPool(host='cheapest-alb-1599766835.us-east-1.elb.amazonaws.com', port=80): Read timed out. (read timeout=30)"
2026-09-20T23:41:25.437868+00:00,0,30093.81,"HTTPConnectionPool(host='cheapest-alb-1599766835.us-east-1.elb.amazonaws.com', port=80): Read timed out. (read timeout=30)"
2026-09-20T23:41:25.426655+00:00,0,30120.56,"HTTPConnectionPool(host='cheapest-alb-1599766835.us-east-1.elb.amazonaws.com', port=80): Read timed out. (read timeout=30)"
2026-09-20T23:41:25.449599+00:00,0,30113.73,"HTTPConnectionPool(host='cheapest-alb-1599766835.us-east-1.elb.amazonaws.com', port=80): Read timed out. (read timeout=30)"
2026-09-20T23:41:25.482026+00:00,0,30081.71,"HTTPConnectionPool(host='cheapest-alb-1599766835.us-east-1.elb.amazonaws.com', port=80): Read timed out. (read timeout=30)"
2026-09-20T23:41:25.495187+00:00,0,30084.46,"HTTPConnectionPool(host='cheapest-alb-1599766835.us-east-1.elb.amazonaws.com', port=80): Read timed out. (read timeout=30)"
2026-09-20T23:41:25.471945+00:00,0,30124.02,"HTTPConnectionPool(host='cheapest-alb-1599766835.us-east-1.elb.amazonaws.com', port=80): Read timed out. (read timeout=30)"
2026-09-20T23:41:25.461193+00:00,0,30134.79,"HTTPConnectionPool(host='cheapest-alb-1599766835.us-east-1.elb.amazonaws.com', port=80): Read timed out. (read timeout=30)"
2026-09-20T23:41:25.505634+00:00,0,30090.71,"HTTPConnectionPool(host='cheapest-alb-1599766835.us-east-1.elb.amazonaws.com', port=80): Read timed out. (read timeout=30)"
2026-09-20T23:41:25.528286+00:00,0,30082.53,"HTTPConnectionPool(host='cheapest-alb-1599766835.us-east-1.elb.amazonaws.com', port=80): Read timed out. (read timeout=30)"
2026-09-20T23:41:25.515527+00:00,0,30111.62,"HTTPConnectionPool(host='cheapest-alb-1599766835.us-east-1.elb.amazonaws.com', port=80): Read timed out. (read timeout=30)"
2026-09-20T23:41:25.604577+00:00,0,30111.24,"HTTPConnectionPool(host='cheapest-alb-1599766835.us-east-1.elb.amazonaws.com', port=80): Read timed out. (read timeout=30)"
2026-09-20T23:41:25.570948+00:00,0,30145.43,"HTTPConnectionPool(host='cheapest-alb-1599766835.us-east-1.elb.amazonaws.com', port=80): Read timed out. (read timeout=30)"
2026-09-20T23:41:25.593903+00:00,0,30122.71,"HTTPConnectionPool(host='cheapest-alb-1599766835.us-east-1.elb.amazonaws.com', port=80): Read timed out. (read timeout=30)"
2026-09-20T23:41:25.582547+00:00,0,30134.37,"HTTPConnectionPool(host='cheapest-alb-1599766835.us-east-1.elb.amazonaws.com', port=80): Read timed out. (read timeout=30)"
2026-09-20T23:41:25.628556+00:00,0,30088.64,"HTTPConnectionPool(host='cheapest-alb-1599766835.us-east-1.elb.amazonaws.com', port=80): Read timed out. (read timeout=30)"
2026-09-20T23:41:25.560262+00:00,0,30157.26,"HTTPConnectionPool(host='cheapest-alb-1599766835.us-east-1.elb.amazonaws.com', port=80): Read timed out. (read timeout=30)"
2026-09-20T23:41:25.538720+00:00,0,30179.02,"HTTPConnectionPool(host='cheapest-alb-1599766835.us-east-1.elb.amazonaws.com', port=80): Read timed out. (read timeout=30)"
2026-09-20T23:41:25.549796+00:00,0,30197.63,"HTTPConnectionPool(host='cheapest-alb-1599766835.us-east-1.elb.amazonaws.com', port=80): Read timed out. (read timeout=30)"
2026-09-20T23:41:25.660698+00:00,0,30087.12,"HTTPConnectionPool(host='cheapest-alb-1599766835.us-east-1.elb.amazonaws.com', port=80): Read timed out. (read timeout=30)"
2026-09-20T23:41:25.615344+00:00,0,30132.53,"HTTPConnectionPool(host='cheapest-alb-1599766835.us-east-1.elb.amazonaws.com', port=80): Read timed out. (read timeout=30)"
2026-09-20T23:41:25.638170+00:00,0,30109.96,"HTTPConnectionPool(host='cheapest-alb-1599766835.us-east-1.elb.amazonaws.com', port=80): Read timed out. (read timeout=30)"
2026-09-20T23:41:25.649880+00:00,0,30112.33,"HTTPConnectionPool(host='cheapest-alb-1599766835.us-east-1.elb.amazonaws.com', port=80): Read timed out. (read timeout=30)"
2026-09-20T23:41:25.682964+00:00,0,30095.89,"HTTPConnectionPool(host='cheapest-alb-1599766835.us-east-1.elb.amazonaws.com', port=80): Read timed out. (read timeout=30)"
2026-09-20T23:41:25.693884+00:00,0,30092.43,"HTTPConnectionPool(host='cheapest-alb-1599766835.us-east-1.elb.amazonaws.com', port=80): Read timed out. (read timeout=30)"
2026-09-20T23:41:25.670713+00:00,0,30115.78,"HTTPConnectionPool(host='cheapest-alb-1599766835.us-east-1.elb.amazonaws.com', port=80): Read timed out. (read timeout=30)"
2026-09-20T23:41:25.705672+00:00,0,30088.68,"HTTPConnectionPool(host='cheapest-alb-1599766835.us-east-1.elb.amazonaws.com', port=80): Read timed out. (read timeout=30)"
2026-09-20T23:41:25.716286+00:00,0,30086.23,"HTTPConnectionPool(host='cheapest-alb-1599766835.us-east-1.elb.amazonaws.com', port=80): Read timed out. (read timeout=30)"
2026-09-20T23:41:25.738555+00:00,0,30078.64,"HTTPConnectionPool(host='cheapest-alb-1599766835.us-east-1.elb.amazonaws.com', port=80): Read timed out. (read timeout=30)"
2026-09-20T23:41:25.726923+00:00,0,30106.13,"HTTPConnectionPool(host='cheapest-alb-1599766835.us-east-1.elb.amazonaws.com', port=80): Read timed out. (read timeout=30)"
2026-09-20T23:41:25.749317+00:00,0,30099.79,"HTTPConnectionPool(host='cheapest-alb-1599766835.us-east-1.elb.amazonaws.com', port=80): Read timed out. (read timeout=30)"
2026-09-20T23:41:25.771654+00:00,0,30093.2,"HTTPConnectionPool(host='cheapest-alb-1599766835.us-east-1.elb.amazonaws.com', port=80): Read timed out. (read timeout=30)"
2026-09-20T23:41:25.759649+00:00,0,30105.29,"HTTPConnectionPool(host='cheapest-alb-1599766835.us-east-1.elb.amazonaws.com', port=80): Read timed out. (read timeout=30)"
2026-09-20T23:41:25.782239+00:00,0,30083.1,"HTTPConnectionPool(host='cheapest-alb-1599766835.us-east-1.elb.amazonaws.com', port=80): Read timed out. (read timeout=30)"
2026-09-20T23:41:25.793409+00:00,0,30087.01,"HTTPConnectionPool(host='cheapest-alb-1599766835.us-east-1.elb.amazonaws.com', port=80): Read timed out. (read timeout=30)"
2026-09-20T23:41:25.805422+00:00,0,30090.56,"HTTPConnectionPool(host='cheapest-alb-1599766835.us-east-1.elb.amazonaws.com', port=80): Read timed out. (read timeout=30)"
2026-09-20T23:41:25.826804+00:00,0,30085.6,"HTTPConnectionPool(host='cheapest-alb-1599766835.us-east-1.elb.amazonaws.com', port=80): Read timed out. (read timeout=30)"
2026-09-20T23:41:25.816181+00:00,0,30112.45,"HTTPConnectionPool(host='cheapest-alb-1599766835.us-east-1.elb.amazonaws.com', port=80): Read timed out. (read timeout=30)"
2026-09-20T23:41:25.838727+00:00,0,30105.85,"HTTPConnectionPool(host='cheapest-alb-1599766835.us-east-1.elb.amazonaws.com', port=80): Read timed out. (read timeout=30)"
2026-09-20T23:41:25.849633+00:00,0,30095.27,"HTTPConnectionPool(host='cheapest-alb-1599766835.us-east-1.elb.amazonaws.com', port=80): Read timed out. (read timeout=30)"
2026-09-20T23:41:25.882604+00:00,0,30078.02,"HTTPConnectionPool(host='cheapest-alb-1599766835.us-east-1.elb.amazonaws.com', port=80): Read timed out. (read timeout=30)"
2026-09-20T23:41:25.860120+00:00,0,30100.72,"HTTPConnectionPool(host='cheapest-alb-1599766835.us-east-1.elb.amazonaws.com', port=80): Read timed out. (read timeout=30)"
2026-09-20T23:41:25.870855+00:00,0,30105.16,"HTTPConnectionPool(host='cheapest-alb-1599766835.us-east-1.elb.amazonaws.com', port=80): Read timed out. (read timeout=30)"
2026-09-20T23:41:25.904258+00:00,0,30087.62,"HTTPConnectionPool(host='cheapest-alb-1599766835.us-east-1.elb.amazonaws.com', port=80): Read timed out. (read timeout=30)"
2026-09-20T23:41:25.893005+00:00,0,30106.43,"HTTPConnectionPool(host='cheapest-alb-1599766835.us-east-1.elb.amazonaws.com', port=80): Read timed out. (read timeout=30)"
2026-09-20T23:41:25.916360+00:00,0,30083.02,"HTTPConnectionPool(host='cheapest-alb-1599766835.us-east-1.elb.amazonaws.com', port=80): Read timed out. (read timeout=30)"
2026-09-20T23:41:25.926796+00:00,0,30088.35,"HTTPConnectionPool(host='cheapest-alb-1599766835.us-east-1.elb.amazonaws.com', port=80): Read timed out. (read timeout=30)"
2026-09-20T23:41:25.937626+00:00,0,30094.48,"HTTPConnectionPool(host='cheapest-alb-1599766835.us-east-1.elb.amazonaws.com', port=80): Read timed out. (read timeout=30)"
2026-09-20T23:41:25.948636+00:00,0,30098.66,"HTTPConnectionPool(host='cheapest-alb-1599766835.us-east-1.elb.amazonaws.com', port=80): Read timed out. (read timeout=30)"
2026-09-20T23:41:25.970915+00:00,0,30076.7,"HTTPConnectionPool(host='cheapest-alb-1599766835.us-east-1.elb.amazonaws.com', port=80): Read timed out. (read timeout=30)"
2026-09-20T23:41:25.962327+00:00,0,30101.37,"HTTPConnectionPool(host='cheapest-alb-1599766835.us-east-1.elb.amazonaws.com', port=80): Read timed out. (read timeout=30)"
2026-09-20T23:41:25.993483+00:00,0,30085.58,"HTTPConnectionPool(host='cheapest-alb-1599766835.us-east-1.elb.amazonaws.com', port=80): Read timed out. (read timeout=30)"
2026-09-20T23:41:25.982377+00:00,0,30097.26,"HTTPConnectionPool(host='cheapest-alb-1599766835.us-east-1.elb.amazonaws.com', port=80): Read timed out. (read timeout=30)"
2026-09-20T23:41:26.004143+00:00,0,30091.52,"HTTPConnectionPool(host='cheapest-alb-1599766835.us-east-1.elb.amazonaws.com', port=80): Read timed out. (read timeout=30)"
2026-09-20T23:41:26.017153+00:00,0,30078.96,"HTTPConnectionPool(host='cheapest-alb-1599766835.us-east-1.elb.amazonaws.com', port=80): Read timed out. (read timeout=30)"
2026-09-20T23:41:26.027856+00:00,0,30100.75,"HTTPConnectionPool(host='cheapest-alb-1599766835.us-east-1.elb.amazonaws.com', port=80): Read timed out. (read timeout=30)"
2026-09-20T23:41:26.038072+00:00,0,30106.48,"HTTPConnectionPool(host='cheapest-alb-1599766835.us-east-1.elb.amazonaws.com', port=80): Read timed out. (read timeout=30)"
2026-09-20T23:41:26.060248+00:00,0,30084.71,"HTTPConnectionPool(host='cheapest-alb-1599766835.us-east-1.elb.amazonaws.com', port=80): Read timed out. (read timeout=30)"
2026-09-20T23:41:26.049451+00:00,0,30110.52,"HTTPConnectionPool(host='cheapest-alb-1599766835.us-east-1.elb.amazonaws.com', port=80): Read timed out. (read timeout=30)"
2026-09-20T23:41:26.082851+00:00,0,30093.31,"HTTPConnectionPool(host='cheapest-alb-1599766835.us-east-1.elb.amazonaws.com', port=80): Read timed out. (read timeout=30)"
2026-09-20T23:41:26.071915+00:00,0,30104.67,"HTTPConnectionPool(host='cheapest-alb-1599766835.us-east-1.elb.amazonaws.com', port=80): Read timed out. (read timeout=30)"
2026-09-20T23:41:26.105403+00:00,0,30078.45,"HTTPConnectionPool(host='cheapest-alb-1599766835.us-east-1.elb.amazonaws.com', port=80): Read timed out. (read timeout=30)"
2026-09-20T23:41:26.093243+00:00,0,30107.14,"HTTPConnectionPool(host='cheapest-alb-1599766835.us-east-1.elb.amazonaws.com', port=80): Read timed out. (read timeout=30)"
2026-09-20T23:41:26.115345+00:00,0,30085.03,"HTTPConnectionPool(host='cheapest-alb-1599766835.us-east-1.elb.amazonaws.com', port=80): Read timed out. (read timeout=30)"
2026-09-20T23:41:26.137655+00:00,0,30094.52,"HTTPConnectionPool(host='cheapest-alb-1599766835.us-east-1.elb.amazonaws.com', port=80): Read timed out. (read timeout=30)"
2026-09-20T23:41:26.127826+00:00,0,30104.95,"HTTPConnectionPool(host='cheapest-alb-1599766835.us-east-1.elb.amazonaws.com', port=80): Read timed out. (read timeout=30)"
2026-09-20T23:41:26.149260+00:00,0,30083.41,"HTTPConnectionPool(host='cheapest-alb-1599766835.us-east-1.elb.amazonaws.com', port=80): Read timed out. (read timeout=30)"
2026-09-20T23:41:26.159984+00:00,0,30088.32,"HTTPConnectionPool(host='cheapest-alb-1599766835.us-east-1.elb.amazonaws.com', port=80): Read timed out. (read timeout=30)"
2026-09-20T23:41:26.171615+00:00,0,30083.93,"HTTPConnectionPool(host='cheapest-alb-1599766835.us-east-1.elb.amazonaws.com', port=80): Read timed out. (read timeout=30)"
