timestamp_iso,status_code,latency_ms,error
2026-09-12T04:02:23.621073+00:00,201,73.91,
2026-09-12T04:02:23.597350+00:00,201,98.14,
2026-09-12T04:02:23.610212+00:00,201,87.31,
2026-09-12T04:02:23.632207+00:00,201,81.61,
2026-09-12T04:02:23.654291+00:00,201,79.32,
2026-09-12T04:02:23.665479+00:00,201,73.47,
2026-09-12T04:02:23.643779+00:00,201,96.73,
2026-09-12T04:02:23.686943+00:00,201,55.13,
2026-09-12T04:02:23.676127+00:00,201,75.95,
2026-09-12T04:02:23.698511+00:00,201,56.7,
2026-09-12T04:02:23.709611+00:00,201,52.0,
2026-09-12T04:02:23.720777+00:00,201,48.89,
2026-09-12T04:02:23.731772+00:00,201,47.17,
2026-09-12T04:02:23.753988+00:00,201,50.47,
2026-09-12T04:02:23.742969+00:00,201,71.17,
2026-09-12T04:02:23.764708+00:00,201,60.47,
2026-09-12T04:02:23.775894+00:00,201,51.51,
2026-09-12T04:02:23.798255+00:00,201,44.68,
2026-09-12T04:02:23.787299+00:00,201,63.77,
2026-09-12T04:02:23.809262+00:00,201,42.09,
2026-09-12T04:02:23.820342+00:00,201,54.62,
2026-09-12T04:02:23.832590+00:00,201,61.58,
2026-09-12T04:02:23.854644+00:00,201,40.67,
2026-09-12T04:02:23.843687+00:00,201,52.59,
2026-09-12T04:02:23.876501+00:00,201,39.74,
2026-09-12T04:02:23.865297+00:00,201,60.3,
2026-09-12T04:02:23.887449+00:00,201,39.86,
2026-09-12T04:02:23.898824+00:00,201,39.98,
2026-09-12T04:02:23.920790+00:00,201,36.21,
2026-09-12T04:02:23.909855+00:00,201,59.36,
2026-09-12T04:02:23.942966+00:00,201,37.95,
2026-09-12T04:02:23.931926+00:00,201,55.66,
2026-09-12T04:02:23.964861+00:00,201,38.88,
2026-09-12T04:02:23.954035+00:00,201,50.28,
2026-09-12T04:02:23.975967+00:00,201,38.43,
2026-09-12T04:02:23.986996+00:00,201,38.97,
2026-09-12T04:02:23.998030+00:00,201,37.45,
2026-09-12T04:02:24.010444+00:00,201,36.83,
2026-09-12T04:02:24.021390+00:00,201,35.98,
2026-09-12T04:02:24.032336+00:00,201,36.81,
2026-09-12T04:02:24.043427+00:00,201,36.29,
2026-09-12T04:02:24.054509+00:00,201,34.31,
2026-09-12T04:02:24.076322+00:00,201,31.32,
2026-09-12T04:02:24.087522+00:00,201,41.45,
2026-09-12T04:02:24.065463+00:00,201,69.56,
2026-09-12T04:02:24.098487+00:00,201,44.79,
2026-09-12T04:02:24.109255+00:00,201,42.63,
2026-09-12T04:02:24.120424+00:00,201,40.85,
2026-09-12T04:02:24.131820+00:00,201,39.26,
2026-09-12T04:02:24.154080+00:00,201,38.7,
2026-09-12T04:02:24.143163+00:00,201,50.79,
2026-09-12T04:02:24.164909+00:00,201,41.0,
2026-09-12T04:02:24.175942+00:00,201,41.39,
2026-09-12T04:02:24.187257+00:00,201,39.75,
2026-09-12T04:02:24.199315+00:00,201,37.9,
2026-09-12T04:02:24.210533+00:00,201,35.82,
2026-09-12T04:02:24.221272+00:00,201,47.68,
2026-09-12T04:02:24.232292+00:00,201,36.87,
2026-09-12T04:02:24.243037+00:00,201,38.21,
2026-09-12T04:02:24.254185+00:00,201,39.42,
2026-09-12T04:02:24.276290+00:00,201,60.14,
2026-09-12T04:02:24.265656+00:00,201,77.02,
2026-09-12T04:02:24.287137+00:00,201,66.42,
2026-09-12T04:02:24.300703+00:00,201,67.59,
2026-09-12T04:02:24.309829+00:00,201,66.91,
2026-09-12T04:02:24.320448+00:00,201,63.67,
2026-09-12T04:02:24.332751+00:00,201,57.29,
2026-09-12T04:02:24.353880+00:00,201,50.45,
2026-09-12T04:02:24.342517+00:00,201,62.84,
2026-09-12T04:02:24.364671+00:00,201,48.88,
2026-09-12T04:02:24.375973+00:00,201,46.34,
2026-09-12T04:02:24.386823+00:00,201,56.56,
2026-09-12T04:02:24.399182+00:00,201,59.09,
2026-09-12T04:02:24.420731+00:00,201,53.1,
2026-09-12T04:02:24.409718+00:00,201,65.64,
2026-09-12T04:02:24.442708+00:00,201,41.61,
2026-09-12T04:02:24.431671+00:00,201,61.54,
2026-09-12T04:02:24.453733+00:00,201,53.66,
2026-09-12T04:02:24.464650+00:00,201,57.52,
2026-09-12T04:02:24.488213+00:00,201,41.08,
2026-09-12T04:02:24.477235+00:00,201,64.39,
2026-09-12T04:02:24.499067+00:00,201,44.58,
2026-09-12T04:02:24.510006+00:00,201,43.0,
2026-09-12T04:02:24.520967+00:00,201,42.94,
2026-09-12T04:02:24.531974+00:00,201,42.17,
2026-09-12T04:02:24.543108+00:00,201,40.99,
2026-09-12T04:02:24.554004+00:00,201,38.71,
2026-09-12T04:02:24.565129+00:00,201,48.32,
2026-09-12T04:02:24.576329+00:00,201,40.29,
2026-09-12T04:02:24.587461+00:00,201,40.13,
2026-09-12T04:02:24.598609+00:00,201,43.23,
2026-09-12T04:02:24.609603+00:00,201,40.55,
2026-09-12T04:02:24.620715+00:00,201,37.93,
2026-09-12T04:02:24.642750+00:00,201,34.96,
2026-09-12T04:02:24.631691+00:00,201,58.55,
2026-09-12T04:02:24.653673+00:00,201,53.64,
2026-09-12T04:02:24.676351+00:00,201,40.45,
2026-09-12T04:02:24.665875+00:00,201,60.22,
2026-09-12T04:02:24.687521+00:00,201,40.75,
2026-09-12T04:02:24.709818+00:00,201,43.27,
2026-09-12T04:02:24.698632+00:00,201,60.87,
2026-09-12T04:02:24.720893+00:00,201,42.0,
2026-09-12T04:02:24.731767+00:00,201,44.87,
2026-09-12T04:02:24.743004+00:00,201,42.67,
2026-09-12T04:02:24.754129+00:00,201,40.7,
2026-09-12T04:02:24.765090+00:00,201,43.49,
2026-09-12T04:02:24.776678+00:00,201,41.45,
2026-09-12T04:02:24.788281+00:00,201,38.52,
2026-09-12T04:02:24.799344+00:00,201,38.13,
2026-09-12T04:02:24.810288+00:00,201,59.38,
2026-09-12T04:02:24.831714+00:00,201,38.35,
2026-09-12T04:02:24.820606+00:00,201,65.86,
2026-09-12T04:02:24.854039+00:00,201,44.85,
2026-09-12T04:02:24.842958+00:00,201,58.88,
2026-09-12T04:02:24.864763+00:00,201,44.85,
2026-09-12T04:02:24.876164+00:00,201,43.27,
2026-09-12T04:02:24.887622+00:00,201,41.21,
2026-09-12T04:02:24.898746+00:00,201,42.16,
2026-09-12T04:02:24.910040+00:00,201,40.9,
2026-09-12T04:02:24.921170+00:00,201,41.78,
2026-09-12T04:02:24.932141+00:00,201,41.7,
2026-09-12T04:02:24.943131+00:00,201,39.98,
2026-09-12T04:02:24.954185+00:00,201,41.47,
2026-09-12T04:02:24.965368+00:00,201,43.15,
2026-09-12T04:02:24.976360+00:00,201,42.76,
2026-09-12T04:02:24.987218+00:00,201,42.74,
2026-09-12T04:02:24.998390+00:00,201,40.82,
2026-09-12T04:02:25.009393+00:00,201,40.35,
2026-09-12T04:02:25.020128+00:00,201,39.39,
2026-09-12T04:02:25.042500+00:00,201,37.59,
2026-09-12T04:02:25.032696+00:00,201,52.24,
2026-09-12T04:02:25.065965+00:00,201,42.23,
2026-09-12T04:02:25.076829+00:00,201,41.13,
2026-09-12T04:02:25.054949+00:00,201,68.02,
2026-09-12T04:02:25.086909+00:00,201,43.42,
2026-09-12T04:02:25.097856+00:00,201,43.92,
2026-09-12T04:02:25.108954+00:00,201,41.64,
2026-09-12T04:02:25.120234+00:00,201,39.97,
2026-09-12T04:02:25.131176+00:00,201,38.23,
2026-09-12T04:02:25.142478+00:00,201,38.57,
2026-09-12T04:02:25.154728+00:00,201,38.65,
2026-09-12T04:02:25.165771+00:00,201,38.29,
2026-09-12T04:02:25.187913+00:00,201,40.31,
2026-09-12T04:02:25.176672+00:00,201,54.23,
2026-09-12T04:02:25.198986+00:00,201,42.49,
2026-09-12T04:02:25.209815+00:00,201,43.6,
2026-09-12T04:02:25.220913+00:00,201,40.75,
2026-09-12T04:02:25.232018+00:00,201,41.71,
2026-09-12T04:02:25.254349+00:00,201,40.19,
2026-09-12T04:02:25.243331+00:00,201,51.3,
2026-09-12T04:02:25.265223+00:00,201,39.14,
2026-09-12T04:02:25.276127+00:00,201,43.74,
2026-09-12T04:02:25.287104+00:00,201,41.88,
2026-09-12T04:02:25.298043+00:00,201,38.28,
2026-09-12T04:02:25.320611+00:00,201,34.25,
2026-09-12T04:02:25.309629+00:00,201,60.2,
2026-09-12T04:02:25.343651+00:00,201,37.68,
2026-09-12T04:02:25.331578+00:00,201,55.87,
2026-09-12T04:02:25.365584+00:00,201,40.87,
2026-09-12T04:02:25.376690+00:00,201,41.9,
2026-09-12T04:02:25.355142+00:00,201,66.31,
2026-09-12T04:02:25.387830+00:00,201,44.06,
2026-09-12T04:02:25.398858+00:00,201,42.93,
2026-09-12T04:02:25.409835+00:00,201,40.48,
2026-09-12T04:02:25.420993+00:00,201,40.26,
2026-09-12T04:02:25.442768+00:00,201,38.4,
2026-09-12T04:02:25.432237+00:00,201,50.52,
2026-09-12T04:02:25.454161+00:00,201,41.5,
2026-09-12T04:02:25.465238+00:00,201,39.08,
2026-09-12T04:02:25.476117+00:00,201,39.61,
2026-09-12T04:02:25.488327+00:00,201,36.96,
2026-09-12T04:02:25.499462+00:00,201,34.77,
2026-09-12T04:02:25.509180+00:00,201,43.84,
2026-09-12T04:02:25.532431+00:00,201,35.31,
2026-09-12T04:02:25.521455+00:00,201,51.59,
2026-09-12T04:02:25.543049+00:00,201,38.25,
2026-09-12T04:02:25.554245+00:00,201,38.57,
2026-09-12T04:02:25.564810+00:00,201,35.83,
2026-09-12T04:02:25.587326+00:00,201,31.78,
2026-09-12T04:02:25.598178+00:00,201,38.19,
2026-09-12T04:02:25.575792+00:00,201,61.82,
2026-09-12T04:02:25.609355+00:00,201,37.07,
2026-09-12T04:02:25.620633+00:00,201,37.84,
2026-09-12T04:02:25.631554+00:00,201,36.85,
2026-09-12T04:02:25.642549+00:00,201,39.85,
2026-09-12T04:02:25.653555+00:00,201,46.78,
2026-09-12T04:02:25.664637+00:00,201,47.58,
2026-09-12T04:02:25.675764+00:00,201,44.18,
2026-09-12T04:02:25.688047+00:00,201,40.04,
2026-09-12T04:02:25.698988+00:00,201,41.77,
2026-09-12T04:02:25.710028+00:00,201,41.26,
2026-09-12T04:02:25.720997+00:00,201,39.77,
2026-09-12T04:02:25.732023+00:00,201,38.79,
2026-09-12T04:02:25.743242+00:00,201,38.81,
2026-09-12T04:02:25.754377+00:00,201,35.89,
2026-09-12T04:02:25.776427+00:00,201,32.65,
2026-09-12T04:02:25.787376+00:00,201,38.03,
2026-09-12T04:02:25.765514+00:00,201,61.58,
2026-09-12T04:02:25.798359+00:00,201,37.86,
2026-09-12T04:02:25.809405+00:00,201,40.42,
2026-09-12T04:02:25.820424+00:00,201,37.95,
2026-09-12T04:02:25.832616+00:00,201,37.06,
2026-09-12T04:02:25.843800+00:00,201,36.64,
2026-09-12T04:02:25.854789+00:00,201,36.48,
2026-09-12T04:02:25.865686+00:00,201,35.88,
2026-09-12T04:02:25.876740+00:00,201,37.23,
2026-09-12T04:02:25.887286+00:00,201,37.4,
2026-09-12T04:02:25.898307+00:00,201,36.83,
2026-09-12T04:02:25.910567+00:00,201,35.68,
2026-09-12T04:02:25.920290+00:00,201,36.87,
2026-09-12T04:02:25.932739+00:00,201,36.25,
2026-09-12T04:02:25.943765+00:00,201,35.64,
2026-09-12T04:02:25.953968+00:00,201,35.85,
2026-09-12T04:02:25.964937+00:00,201,37.33,
2026-09-12T04:02:25.975848+00:00,201,46.14,
2026-09-12T04:02:25.988104+00:00,201,48.39,
2026-09-12T04:02:25.999728+00:00,201,44.21,
2026-09-12T04:02:26.009461+00:00,201,44.29,
2026-09-12T04:02:26.021162+00:00,201,41.29,
2026-09-12T04:02:26.032385+00:00,201,40.06,
2026-09-12T04:02:26.043419+00:00,201,39.27,
2026-09-12T04:02:26.054582+00:00,201,36.94,
2026-09-12T04:02:26.065261+00:00,201,35.99,
2026-09-12T04:02:26.076150+00:00,201,37.41,
2026-09-12T04:02:26.087066+00:00,201,37.95,
2026-09-12T04:02:26.099448+00:00,201,38.38,
2026-09-12T04:02:26.109058+00:00,201,34.54,
2026-09-12T04:02:26.121595+00:00,201,36.16,
2026-09-12T04:02:26.132489+00:00,201,32.95,
2026-09-12T04:02:26.154528+00:00,201,33.29,
2026-09-12T04:02:26.143483+00:00,201,56.89,
2026-09-12T04:02:26.165527+00:00,201,37.73,
2026-09-12T04:02:26.176454+00:00,201,37.67,
2026-09-12T04:02:26.187836+00:00,201,37.01,
2026-09-12T04:02:26.198339+00:00,201,37.94,
2026-09-12T04:02:26.220315+00:00,201,40.17,
2026-09-12T04:02:26.209064+00:00,201,54.52,
2026-09-12T04:02:26.231281+00:00,201,38.53,
2026-09-12T04:02:26.243726+00:00,201,38.66,
2026-09-12T04:02:26.254667+00:00,201,36.75,
2026-09-12T04:02:26.276754+00:00,201,36.88,
2026-09-12T04:02:26.287778+00:00,201,40.54,
2026-09-12T04:02:26.265770+00:00,201,63.46,
2026-09-12T04:02:26.298742+00:00,201,39.9,
2026-09-12T04:02:26.310289+00:00,201,40.53,
2026-09-12T04:02:26.321109+00:00,201,37.1,
2026-09-12T04:02:26.342811+00:00,201,35.68,
2026-09-12T04:02:26.332143+00:00,201,54.87,
2026-09-12T04:02:26.353956+00:00,201,38.14,
2026-09-12T04:02:26.364919+00:00,201,39.37,
2026-09-12T04:02:26.377118+00:00,201,36.43,
2026-09-12T04:02:26.387990+00:00,201,38.92,
2026-09-12T04:02:26.398898+00:00,201,38.52,
2026-09-12T04:02:26.409987+00:00,201,37.52,
2026-09-12T04:02:26.421156+00:00,201,38.36,
2026-09-12T04:02:26.431992+00:00,201,39.23,
2026-09-12T04:02:26.442929+00:00,201,38.28,
2026-09-12T04:02:26.453948+00:00,201,37.64,
2026-09-12T04:02:26.464653+00:00,201,35.21,
2026-09-12T04:02:26.477005+00:00,201,53.75,
2026-09-12T04:02:26.499475+00:00,201,34.67,
2026-09-12T04:02:26.486923+00:00,201,57.0,
2026-09-12T04:02:26.521617+00:00,201,38.33,
2026-09-12T04:02:26.509195+00:00,201,50.84,
2026-09-12T04:02:26.532580+00:00,201,38.41,
2026-09-12T04:02:26.543254+00:00,201,37.71,
2026-09-12T04:02:26.554204+00:00,201,35.21,
2026-09-12T04:02:26.576030+00:00,201,31.89,
2026-09-12T04:02:26.565341+00:00,201,54.62,
2026-09-12T04:02:26.598048+00:00,201,35.71,
2026-09-12T04:02:26.587240+00:00,201,47.69,
2026-09-12T04:02:26.620187+00:00,201,34.97,
2026-09-12T04:02:26.631281+00:00,201,35.3,
2026-09-12T04:02:26.609104+00:00,201,59.95,
2026-09-12T04:02:26.655194+00:00,201,33.97,
2026-09-12T04:02:26.643737+00:00,201,55.39,
2026-09-12T04:02:26.665925+00:00,201,38.42,
2026-09-12T04:02:26.676225+00:00,201,36.36,
2026-09-12T04:02:26.686869+00:00,201,36.46,
2026-09-12T04:02:26.699431+00:00,201,50.1,
2026-09-12T04:02:26.710568+00:00,201,39.57,
2026-09-12T04:02:26.721528+00:00,201,38.26,
2026-09-12T04:02:26.732317+00:00,201,37.49,
2026-09-12T04:02:26.743278+00:00,201,33.93,
2026-09-12T04:02:26.766102+00:00,201,33.64,
2026-09-12T04:02:26.755022+00:00,201,55.75,
2026-09-12T04:02:26.777163+00:00,201,37.59,
2026-09-12T04:02:26.788141+00:00,201,37.35,
2026-09-12T04:02:26.799053+00:00,201,36.54,
2026-09-12T04:02:26.810357+00:00,201,36.61,
2026-09-12T04:02:26.820220+00:00,201,36.98,
2026-09-12T04:02:26.832703+00:00,201,36.24,
2026-09-12T04:02:26.843605+00:00,201,35.03,
2026-09-12T04:02:26.854517+00:00,201,35.51,
2026-09-12T04:02:26.865429+00:00,201,35.6,
2026-09-12T04:02:26.876382+00:00,201,34.57,
2026-09-12T04:02:26.886876+00:00,201,35.18,
2026-09-12T04:02:26.910458+00:00,201,35.01,
2026-09-12T04:02:26.899434+00:00,201,52.39,
2026-09-12T04:02:26.921569+00:00,201,37.15,
2026-09-12T04:02:26.932448+00:00,201,37.4,
2026-09-12T04:02:26.942547+00:00,201,37.1,
2026-09-12T04:02:26.953497+00:00,201,35.18,
2026-09-12T04:02:26.966134+00:00,201,35.81,
2026-09-12T04:02:26.977032+00:00,201,34.73,
2026-09-12T04:02:26.987955+00:00,201,36.5,
2026-09-12T04:02:26.999371+00:00,201,35.99,
2026-09-12T04:02:27.010474+00:00,201,35.54,
2026-09-12T04:02:27.021389+00:00,201,35.71,
2026-09-12T04:02:27.032347+00:00,201,34.63,
2026-09-12T04:02:27.043429+00:00,201,34.8,
2026-09-12T04:02:27.054598+00:00,201,34.93,
2026-09-12T04:02:27.065586+00:00,201,35.25,
2026-09-12T04:02:27.076492+00:00,201,35.13,
2026-09-12T04:02:27.087487+00:00,201,34.4,
2026-09-12T04:02:27.098919+00:00,201,34.77,
2026-09-12T04:02:27.109623+00:00,201,34.46,
2026-09-12T04:02:27.120638+00:00,201,35.9,
2026-09-12T04:02:27.131681+00:00,201,33.64,
2026-09-12T04:02:27.155030+00:00,201,35.3,
2026-09-12T04:02:27.165976+00:00,201,38.99,
2026-09-12T04:02:27.143826+00:00,201,61.36,
2026-09-12T04:02:27.176670+00:00,201,37.14,
2026-09-12T04:02:27.187810+00:00,201,35.4,
2026-09-12T04:02:27.210116+00:00,201,35.58,
2026-09-12T04:02:27.198753+00:00,201,47.62,
2026-09-12T04:02:27.221011+00:00,201,38.94,
2026-09-12T04:02:27.231905+00:00,201,39.24,
2026-09-12T04:02:27.242815+00:00,201,42.53,
2026-09-12T04:02:27.254200+00:00,201,42.69,
2026-09-12T04:02:27.265340+00:00,201,43.23,
2026-09-12T04:02:27.276007+00:00,201,40.47,
2026-09-12T04:02:27.286926+00:00,201,39.82,
2026-09-12T04:02:27.297979+00:00,201,38.7,
2026-09-12T04:02:27.310286+00:00,201,37.03,
2026-09-12T04:02:27.321266+00:00,201,36.19,
2026-09-12T04:02:27.332319+00:00,201,35.32,
2026-09-12T04:02:27.353789+00:00,201,37.17,
2026-09-12T04:02:27.364762+00:00,201,40.88,
2026-09-12T04:02:27.342756+00:00,201,66.36,
2026-09-12T04:02:27.377023+00:00,201,41.96,
2026-09-12T04:02:27.387602+00:00,201,41.0,
2026-09-12T04:02:27.398470+00:00,201,38.35,
2026-09-12T04:02:27.420751+00:00,201,34.64,
2026-09-12T04:02:27.409827+00:00,201,56.51,
2026-09-12T04:02:27.442614+00:00,201,39.52,
2026-09-12T04:02:27.431790+00:00,201,52.71,
2026-09-12T04:02:27.453818+00:00,201,41.38,
2026-09-12T04:02:27.465066+00:00,201,39.33,
2026-09-12T04:02:27.487129+00:00,201,34.88,
2026-09-12T04:02:27.476153+00:00,201,51.96,
2026-09-12T04:02:27.499411+00:00,201,36.08,
2026-09-12T04:02:27.510172+00:00,201,36.98,
2026-09-12T04:02:27.521279+00:00,201,38.19,
2026-09-12T04:02:27.532197+00:00,201,35.71,
2026-09-12T04:02:27.543114+00:00,201,35.76,
2026-09-12T04:02:27.576252+00:00,201,49.18,
2026-09-12T04:02:27.554241+00:00,201,71.89,
2026-09-12T04:02:27.565170+00:00,201,73.68,
2026-09-12T04:02:27.587397+00:00,201,53.41,
2026-09-12T04:02:27.598467+00:00,201,49.25,
2026-09-12T04:02:27.609441+00:00,201,55.01,
2026-09-12T04:02:27.620589+00:00,201,55.29,
2026-09-12T04:02:27.631567+00:00,201,59.03,
2026-09-12T04:02:27.642670+00:00,201,62.71,
2026-09-12T04:02:27.654087+00:00,201,62.52,
2026-09-12T04:02:27.664691+00:00,201,57.47,
2026-09-12T04:02:27.676524+00:00,201,57.17,
2026-09-12T04:02:27.687939+00:00,201,50.74,
2026-09-12T04:02:27.698462+00:00,201,48.39,
2026-09-12T04:02:27.709769+00:00,201,42.74,
2026-09-12T04:02:27.731685+00:00,201,38.82,
2026-09-12T04:02:27.720699+00:00,201,63.03,
2026-09-12T04:02:27.742648+00:00,201,60.26,
2026-09-12T04:02:27.765702+00:00,201,43.08,
2026-09-12T04:02:27.754732+00:00,201,62.97,
2026-09-12T04:02:27.776831+00:00,201,42.7,
2026-09-12T04:02:27.798846+00:00,201,38.43,
2026-09-12T04:02:27.787887+00:00,201,58.87,
2026-09-12T04:02:27.810134+00:00,201,37.94,
2026-09-12T04:02:27.820571+00:00,201,38.32,
2026-09-12T04:02:27.842656+00:00,201,36.57,
2026-09-12T04:02:27.831528+00:00,201,59.58,
2026-09-12T04:02:27.853700+00:00,201,53.76,
2026-09-12T04:02:27.876093+00:00,201,38.74,
2026-09-12T04:02:27.865181+00:00,201,60.88,
2026-09-12T04:02:27.898103+00:00,201,39.58,
2026-09-12T04:02:27.886956+00:00,201,53.88,
2026-09-12T04:02:27.921508+00:00,201,39.88,
2026-09-12T04:02:27.910518+00:00,201,62.05,
2026-09-12T04:02:27.932446+00:00,201,58.03,
2026-09-12T04:02:27.954255+00:00,201,37.95,
2026-09-12T04:02:27.943535+00:00,201,61.41,
2026-09-12T04:02:27.965213+00:00,201,41.75,
2026-09-12T04:02:27.976168+00:00,201,39.82,
2026-09-12T04:02:27.998353+00:00,201,35.63,
2026-09-12T04:02:28.010440+00:00,201,36.82,
2026-09-12T04:02:27.987044+00:00,201,62.8,
2026-09-12T04:02:28.021314+00:00,201,37.05,
2026-09-12T04:02:28.032197+00:00,201,38.17,
2026-09-12T04:02:28.043189+00:00,201,35.76,
2026-09-12T04:02:28.053758+00:00,201,54.56,
2026-09-12T04:02:28.076135+00:00,201,51.92,
2026-09-12T04:02:28.064843+00:00,201,63.84,
2026-09-12T04:02:28.098821+00:00,201,41.77,
2026-09-12T04:02:28.087284+00:00,201,59.8,
2026-09-12T04:02:28.109667+00:00,201,43.27,
2026-09-12T04:02:28.120714+00:00,201,41.15,
2026-09-12T04:02:28.131995+00:00,201,36.57,
2026-09-12T04:02:28.154406+00:00,201,34.09,
2026-09-12T04:02:28.165489+00:00,201,35.64,
2026-09-12T04:02:28.143004+00:00,201,63.61,
2026-09-12T04:02:28.187619+00:00,201,38.51,
2026-09-12T04:02:28.198350+00:00,201,36.61,
2026-09-12T04:02:28.176518+00:00,201,58.91,
2026-09-12T04:02:28.209073+00:00,201,37.19,
2026-09-12T04:02:28.221533+00:00,201,35.59,
2026-09-12T04:02:28.232839+00:00,201,35.87,
2026-09-12T04:02:28.243388+00:00,201,33.91,
2026-09-12T04:02:28.265139+00:00,201,36.99,
2026-09-12T04:02:28.254219+00:00,201,61.21,
2026-09-12T04:02:28.276008+00:00,201,39.82,
2026-09-12T04:02:28.287003+00:00,201,39.35,
2026-09-12T04:02:28.299057+00:00,201,37.9,
2026-09-12T04:02:28.310179+00:00,201,38.15,
2026-09-12T04:02:28.321107+00:00,201,37.8,
2026-09-12T04:02:28.331967+00:00,201,36.83,
2026-09-12T04:02:28.342781+00:00,201,36.15,
2026-09-12T04:02:28.353949+00:00,201,34.37,
2026-09-12T04:02:28.387062+00:00,201,39.66,
2026-09-12T04:02:28.365096+00:00,201,62.06,
2026-09-12T04:02:28.376067+00:00,201,51.49,
2026-09-12T04:02:28.398603+00:00,201,39.89,
2026-09-12T04:02:28.409720+00:00,201,40.87,
2026-09-12T04:02:28.420767+00:00,201,37.62,
2026-09-12T04:02:28.431454+00:00,201,35.44,
2026-09-12T04:02:28.442502+00:00,201,35.82,
2026-09-12T04:02:28.453850+00:00,201,36.01,
2026-09-12T04:02:28.477226+00:00,201,33.32,
2026-09-12T04:02:28.464729+00:00,201,52.73,
2026-09-12T04:02:28.486875+00:00,201,48.45,
2026-09-12T04:02:28.499386+00:00,201,39.51,
2026-09-12T04:02:28.510287+00:00,201,39.42,
2026-09-12T04:02:28.521595+00:00,201,37.63,
2026-09-12T04:02:28.532525+00:00,201,48.47,
2026-09-12T04:02:28.554399+00:00,201,36.95,
2026-09-12T04:02:28.543755+00:00,201,55.66,
2026-09-12T04:02:28.565576+00:00,201,39.32,
2026-09-12T04:02:28.576525+00:00,201,39.67,
2026-09-12T04:02:28.587628+00:00,201,37.93,
2026-09-12T04:02:28.598745+00:00,201,38.08,
2026-09-12T04:02:28.610171+00:00,201,36.41,
2026-09-12T04:02:28.620307+00:00,201,36.2,
2026-09-12T04:02:28.631302+00:00,201,35.25,
2026-09-12T04:02:28.643898+00:00,201,34.16,
2026-09-12T04:02:28.654812+00:00,201,34.95,
2026-09-12T04:02:28.665920+00:00,201,35.98,
2026-09-12T04:02:28.676977+00:00,201,35.59,
2026-09-12T04:02:28.687988+00:00,201,35.76,
2026-09-12T04:02:28.698496+00:00,201,35.64,
2026-09-12T04:02:28.709105+00:00,201,35.74,
2026-09-12T04:02:28.720366+00:00,201,36.32,
2026-09-12T04:02:28.732337+00:00,201,35.21,
2026-09-12T04:02:28.743563+00:00,201,35.68,
2026-09-12T04:02:28.754658+00:00,201,35.25,
2026-09-12T04:02:28.776256+00:00,201,34.89,
2026-09-12T04:02:28.765464+00:00,201,51.51,
2026-09-12T04:02:28.787277+00:00,201,38.1,
2026-09-12T04:02:28.798327+00:00,201,37.71,
2026-09-12T04:02:28.809148+00:00,201,38.05,
2026-09-12T04:02:28.821707+00:00,201,36.55,
2026-09-12T04:02:28.832697+00:00,201,37.63,
2026-09-12T04:02:28.843732+00:00,201,37.0,
2026-09-12T04:02:28.854873+00:00,201,37.99,
2026-09-12T04:02:28.865771+00:00,201,37.26,
2026-09-12T04:02:28.876688+00:00,201,37.39,
2026-09-12T04:02:28.887506+00:00,201,37.96,
2026-09-12T04:02:28.898384+00:00,201,37.21,
2026-09-12T04:02:28.909449+00:00,201,47.02,
2026-09-12T04:02:28.920697+00:00,201,37.04,
2026-09-12T04:02:28.942607+00:00,201,32.87,
2026-09-12T04:02:28.931553+00:00,201,54.76,
2026-09-12T04:02:28.953470+00:00,201,35.04,
2026-09-12T04:02:28.976995+00:00,201,32.92,
2026-09-12T04:02:28.965673+00:00,201,52.83,
2026-09-12T04:02:28.998934+00:00,201,37.31,
2026-09-12T04:02:28.987959+00:00,201,48.83,
2026-09-12T04:02:29.010253+00:00,201,39.33,
2026-09-12T04:02:29.021086+00:00,201,36.24,
2026-09-12T04:02:29.032404+00:00,201,36.44,
2026-09-12T04:02:29.042789+00:00,201,36.03,
2026-09-12T04:02:29.053768+00:00,201,35.49,
2026-09-12T04:02:29.064670+00:00,201,34.78,
2026-09-12T04:02:29.087961+00:00,201,35.06,
2026-09-12T04:02:29.077129+00:00,201,50.4,
2026-09-12T04:02:29.120875+00:00,201,50.13,
2026-09-12T04:02:29.099134+00:00,201,71.96,
2026-09-12T04:02:29.131683+00:00,201,40.0,
2026-09-12T04:02:29.109897+00:00,201,63.39,
2026-09-12T04:02:29.143917+00:00,201,42.24,
2026-09-12T04:02:29.153666+00:00,201,41.72,
2026-09-12T04:02:29.176697+00:00,201,36.14,
2026-09-12T04:02:29.166226+00:00,201,57.02,
2026-09-12T04:02:29.187579+00:00,201,38.37,
2026-09-12T04:02:29.198871+00:00,201,35.89,
2026-09-12T04:02:29.220928+00:00,201,34.44,
2026-09-12T04:02:29.209804+00:00,201,58.83,
2026-09-12T04:02:29.242756+00:00,201,37.03,
2026-09-12T04:02:29.231853+00:00,201,56.03,
2026-09-12T04:02:29.253699+00:00,201,37.8,
2026-09-12T04:02:29.275943+00:00,201,42.37,
2026-09-12T04:02:29.264662+00:00,201,55.75,
2026-09-12T04:02:29.288093+00:00,201,38.42,
2026-09-12T04:02:29.309800+00:00,201,35.17,
2026-09-12T04:02:29.298805+00:00,201,48.81,
2026-09-12T04:02:29.320829+00:00,201,37.44,
2026-09-12T04:02:29.331889+00:00,201,35.99,
2026-09-12T04:02:29.342767+00:00,201,37.93,
2026-09-12T04:02:29.354080+00:00,201,36.22,
2026-09-12T04:02:29.364996+00:00,201,39.78,
2026-09-12T04:02:29.375921+00:00,201,39.06,
2026-09-12T04:02:29.386874+00:00,201,35.99,
2026-09-12T04:02:29.399090+00:00,201,34.94,
2026-09-12T04:02:29.409996+00:00,201,35.51,
2026-09-12T04:02:29.420881+00:00,201,36.08,
2026-09-12T04:02:29.431633+00:00,201,35.09,
2026-09-12T04:02:29.442521+00:00,201,36.91,
2026-09-12T04:02:29.455021+00:00,201,36.03,
2026-09-12T04:02:29.464647+00:00,201,37.65,
2026-09-12T04:02:29.477076+00:00,201,35.23,
2026-09-12T04:02:29.487701+00:00,201,43.23,
2026-09-12T04:02:29.498592+00:00,201,54.92,
2026-09-12T04:02:29.521386+00:00,201,36.54,
2026-09-12T04:02:29.532443+00:00,201,40.97,
2026-09-12T04:02:29.509579+00:00,201,64.25,
2026-09-12T04:02:29.543422+00:00,201,39.98,
2026-09-12T04:02:29.554018+00:00,201,38.77,
2026-09-12T04:02:29.565518+00:00,201,36.47,
2026-09-12T04:02:29.587680+00:00,201,36.42,
2026-09-12T04:02:29.576043+00:00,201,59.25,
2026-09-12T04:02:29.598388+00:00,201,42.89,
2026-09-12T04:02:29.609591+00:00,201,40.83,
2026-09-12T04:02:29.620817+00:00,201,37.9,
2026-09-12T04:02:29.631954+00:00,201,43.74,
2026-09-12T04:02:29.654197+00:00,201,36.14,
2026-09-12T04:02:29.643188+00:00,201,52.9,
2026-09-12T04:02:29.676467+00:00,201,37.38,
2026-09-12T04:02:29.688124+00:00,201,37.1,
2026-09-12T04:02:29.665274+00:00,201,65.1,
2026-09-12T04:02:29.698784+00:00,201,38.95,
2026-09-12T04:02:29.709633+00:00,201,39.4,
2026-09-12T04:02:29.720535+00:00,201,37.01,
2026-09-12T04:02:29.731479+00:00,201,34.85,
2026-09-12T04:02:29.764670+00:00,201,37.64,
2026-09-12T04:02:29.753675+00:00,201,51.44,
2026-09-12T04:02:29.742519+00:00,201,62.84,
2026-09-12T04:02:29.788218+00:00,201,39.08,
2026-09-12T04:02:29.775849+00:00,201,61.77,
2026-09-12T04:02:29.799229+00:00,201,39.32,
2026-09-12T04:02:29.810322+00:00,201,39.75,
2026-09-12T04:02:29.821399+00:00,201,39.89,
2026-09-12T04:02:29.832425+00:00,201,37.27,
2026-09-12T04:02:29.843185+00:00,201,37.92,
2026-09-12T04:02:29.854297+00:00,201,36.33,
2026-09-12T04:02:29.865218+00:00,201,37.59,
2026-09-12T04:02:29.876119+00:00,201,37.04,
2026-09-12T04:02:29.888139+00:00,201,36.32,
2026-09-12T04:02:29.899473+00:00,201,34.9,
2026-09-12T04:02:29.921382+00:00,201,41.52,
2026-09-12T04:02:29.910284+00:00,201,57.35,
2026-09-12T04:02:29.932569+00:00,201,46.0,
2026-09-12T04:02:29.943606+00:00,201,42.42,
2026-09-12T04:02:29.965964+00:00,201,45.99,
2026-09-12T04:02:29.954238+00:00,201,68.74,
2026-09-12T04:02:29.977209+00:00,201,48.34,
2026-09-12T04:02:29.987017+00:00,201,48.7,
2026-09-12T04:02:29.999315+00:00,201,46.1,
2026-09-12T04:02:30.010014+00:00,201,42.0,
2026-09-12T04:02:30.020241+00:00,201,40.48,
2026-09-12T04:02:30.043050+00:00,201,39.19,
2026-09-12T04:02:30.032135+00:00,201,56.57,
2026-09-12T04:02:30.054069+00:00,201,39.5,
2026-09-12T04:02:30.064939+00:00,201,39.06,
2026-09-12T04:02:30.087982+00:00,201,34.19,
2026-09-12T04:02:30.075921+00:00,201,58.67,
2026-09-12T04:02:30.110159+00:00,201,38.59,
2026-09-12T04:02:30.099199+00:00,201,52.01,
2026-09-12T04:02:30.121141+00:00,201,39.82,
2026-09-12T04:02:30.132215+00:00,201,38.14,
2026-09-12T04:02:30.142890+00:00,201,35.54,
2026-09-12T04:02:30.165088+00:00,201,33.39,
2026-09-12T04:02:30.176018+00:00,201,36.85,
2026-09-12T04:02:30.153955+00:00,201,59.65,
2026-09-12T04:02:30.187069+00:00,201,35.75,
2026-09-12T04:02:30.210599+00:00,201,32.93,
2026-09-12T04:02:30.221567+00:00,201,36.96,
2026-09-12T04:02:30.198509+00:00,201,60.58,
2026-09-12T04:02:30.232711+00:00,201,35.95,
2026-09-12T04:02:30.243779+00:00,201,47.29,
2026-09-12T04:02:30.254892+00:00,201,37.82,
2026-09-12T04:02:30.265638+00:00,201,39.35,
2026-09-12T04:02:30.276637+00:00,201,37.11,
2026-09-12T04:02:30.287555+00:00,201,36.89,
2026-09-12T04:02:30.299189+00:00,201,37.44,
2026-09-12T04:02:30.310067+00:00,201,36.46,
2026-09-12T04:02:30.321145+00:00,201,44.97,
2026-09-12T04:02:30.342961+00:00,201,35.53,
2026-09-12T04:02:30.331894+00:00,201,54.49,
2026-09-12T04:02:30.353981+00:00,201,37.53,
2026-09-12T04:02:30.364916+00:00,201,39.64,
2026-09-12T04:02:30.375826+00:00,201,37.71,
2026-09-12T04:02:30.387094+00:00,201,38.74,
2026-09-12T04:02:30.398106+00:00,201,39.26,
2026-09-12T04:02:30.409208+00:00,201,38.32,
2026-09-12T04:02:30.420366+00:00,201,37.26,
2026-09-12T04:02:30.431340+00:00,201,37.87,
2026-09-12T04:02:30.443796+00:00,201,34.89,
2026-09-12T04:02:30.465910+00:00,201,31.8,
2026-09-12T04:02:30.454865+00:00,201,57.85,
2026-09-12T04:02:30.476943+00:00,201,37.59,
2026-09-12T04:02:30.487968+00:00,201,37.16,
2026-09-12T04:02:30.499208+00:00,201,36.01,
2026-09-12T04:02:30.510252+00:00,201,35.7,
2026-09-12T04:02:30.532323+00:00,201,36.45,
2026-09-12T04:02:30.521293+00:00,201,52.57,
2026-09-12T04:02:30.543221+00:00,201,37.82,
2026-09-12T04:02:30.564882+00:00,201,36.73,
2026-09-12T04:02:30.554137+00:00,201,51.02,
2026-09-12T04:02:30.576050+00:00,201,37.36,
2026-09-12T04:02:30.586920+00:00,201,35.96,
2026-09-12T04:02:30.609082+00:00,201,35.88,
2026-09-12T04:02:30.597945+00:00,201,55.29,
2026-09-12T04:02:30.621587+00:00,201,38.54,
2026-09-12T04:02:30.632510+00:00,201,38.61,
2026-09-12T04:02:30.643455+00:00,201,37.0,
2026-09-12T04:02:30.654760+00:00,201,37.13,
2026-09-12T04:02:30.665621+00:00,201,37.88,
2026-09-12T04:02:30.676668+00:00,201,36.01,
2026-09-12T04:02:30.688104+00:00,201,34.83,
2026-09-12T04:02:30.698521+00:00,201,46.82,
2026-09-12T04:02:30.709356+00:00,201,37.26,
2026-09-12T04:02:30.721649+00:00,201,36.75,
2026-09-12T04:02:30.732598+00:00,201,36.14,
2026-09-12T04:02:30.743478+00:00,201,47.42,
2026-09-12T04:02:30.754507+00:00,201,56.09,
2026-09-12T04:02:30.776421+00:00,201,59.73,
2026-09-12T04:02:30.765384+00:00,201,80.23,
2026-09-12T04:02:30.787116+00:00,201,59.74,
2026-09-12T04:02:30.799486+00:00,201,57.91,
2026-09-12T04:02:30.810388+00:00,201,54.54,
2026-09-12T04:02:30.820418+00:00,201,54.87,
2026-09-12T04:02:30.831817+00:00,201,53.96,
2026-09-12T04:02:30.843148+00:00,201,50.22,
2026-09-12T04:02:30.854115+00:00,201,45.92,
2026-09-12T04:02:30.876841+00:00,201,40.75,
2026-09-12T04:02:30.865390+00:00,201,58.72,
2026-09-12T04:02:30.898887+00:00,201,39.82,
2026-09-12T04:02:30.887896+00:00,201,51.22,
2026-09-12T04:02:30.920922+00:00,201,39.2,
2026-09-12T04:02:30.909784+00:00,201,62.56,
2026-09-12T04:02:30.931880+00:00,201,41.57,
2026-09-12T04:02:30.943075+00:00,201,40.87,
2026-09-12T04:02:30.954214+00:00,201,42.28,
2026-09-12T04:02:30.965177+00:00,201,37.99,
2026-09-12T04:02:30.987195+00:00,201,36.78,
2026-09-12T04:02:30.976035+00:00,201,55.4,
2026-09-12T04:02:30.999450+00:00,201,39.75,
2026-09-12T04:02:31.010246+00:00,201,38.7,
2026-09-12T04:02:31.021352+00:00,201,37.11,
2026-09-12T04:02:31.054315+00:00,201,38.97,
2026-09-12T04:02:31.043277+00:00,201,50.27,
2026-09-12T04:02:31.032390+00:00,201,65.21,
2026-09-12T04:02:31.076760+00:00,201,39.04,
2026-09-12T04:02:31.087736+00:00,201,38.44,
2026-09-12T04:02:31.065570+00:00,201,61.89,
2026-09-12T04:02:31.098797+00:00,201,39.02,
2026-09-12T04:02:31.109726+00:00,201,38.6,
2026-09-12T04:02:31.131986+00:00,201,35.62,
2026-09-12T04:02:31.120715+00:00,201,53.66,
2026-09-12T04:02:31.142747+00:00,201,38.31,
2026-09-12T04:02:31.153728+00:00,201,38.25,
2026-09-12T04:02:31.164673+00:00,201,35.4,
2026-09-12T04:02:31.187087+00:00,201,33.51,
2026-09-12T04:02:31.197965+00:00,201,36.99,
2026-09-12T04:02:31.175875+00:00,201,59.59,
2026-09-12T04:02:31.210122+00:00,201,38.92,
2026-09-12T04:02:31.221426+00:00,201,35.92,
2026-09-12T04:02:31.231904+00:00,201,36.87,
2026-09-12T04:02:31.253624+00:00,201,40.83,
2026-09-12T04:02:31.242400+00:00,201,66.24,
2026-09-12T04:02:31.265660+00:00,201,57.03,
2026-09-12T04:02:31.277214+00:00,201,53.14,
2026-09-12T04:02:31.287990+00:00,201,53.44,
2026-09-12T04:02:31.298811+00:00,201,63.8,
2026-09-12T04:02:31.309637+00:00,201,74.16,
2026-09-12T04:02:31.320188+00:00,201,65.52,
2026-09-12T04:02:31.331341+00:00,201,65.78,
2026-09-12T04:02:31.343184+00:00,201,67.3,
2026-09-12T04:02:31.353500+00:00,201,69.44,
2026-09-12T04:02:31.364884+00:00,201,67.48,
2026-09-12T04:02:31.376401+00:00,201,64.23,
2026-09-12T04:02:31.387583+00:00,201,59.54,
2026-09-12T04:02:31.398719+00:00,201,58.31,
2026-09-12T04:02:31.409499+00:00,201,57.33,
2026-09-12T04:02:31.420596+00:00,201,52.05,
2026-09-12T04:02:31.431579+00:00,201,49.68,
2026-09-12T04:02:31.442786+00:00,201,46.49,
2026-09-12T04:02:31.454804+00:00,201,45.64,
2026-09-12T04:02:31.464956+00:00,201,44.02,
2026-09-12T04:02:31.476240+00:00,201,42.83,
2026-09-12T04:02:31.487411+00:00,201,41.13,
2026-09-12T04:02:31.498180+00:00,201,39.23,
2026-09-12T04:02:31.521699+00:00,201,36.01,
2026-09-12T04:02:31.509114+00:00,201,49.19,
2026-09-12T04:02:31.532717+00:00,201,59.49,
2026-09-12T04:02:31.543626+00:00,201,49.6,
2026-09-12T04:02:31.565495+00:00,201,38.88,
2026-09-12T04:02:31.554530+00:00,201,56.55,
2026-09-12T04:02:31.576151+00:00,201,40.97,
2026-09-12T04:02:31.587093+00:00,201,43.07,
2026-09-12T04:02:31.599451+00:00,201,38.41,
2026-09-12T04:02:31.609233+00:00,201,37.94,
2026-09-12T04:02:31.620333+00:00,201,48.21,
2026-09-12T04:02:31.632794+00:00,201,38.23,
2026-09-12T04:02:31.643856+00:00,201,36.67,
2026-09-12T04:02:31.653827+00:00,201,38.81,
2026-09-12T04:02:31.664713+00:00,201,38.67,
2026-09-12T04:02:31.677139+00:00,201,36.35,
2026-09-12T04:02:31.699231+00:00,201,43.38,
2026-09-12T04:02:31.688239+00:00,201,65.66,
2026-09-12T04:02:31.710283+00:00,201,45.83,
2026-09-12T04:02:31.732396+00:00,201,49.49,
2026-09-12T04:02:31.744053+00:00,201,50.96,
2026-09-12T04:02:31.721276+00:00,201,76.63,
2026-09-12T04:02:31.754255+00:00,201,58.18,
2026-09-12T04:02:31.764815+00:00,201,55.57,
2026-09-12T04:02:31.776749+00:00,201,55.64,
2026-09-12T04:02:31.787849+00:00,201,57.1,
2026-09-12T04:02:31.798873+00:00,201,51.97,
2026-09-12T04:02:31.809633+00:00,201,48.95,
2026-09-12T04:02:31.820510+00:00,201,46.11,
2026-09-12T04:02:31.832249+00:00,201,43.78,
2026-09-12T04:02:31.843323+00:00,201,43.3,
2026-09-12T04:02:31.854287+00:00,201,41.67,
2026-09-12T04:02:31.865280+00:00,201,41.88,
2026-09-12T04:02:31.876189+00:00,201,39.82,
2026-09-12T04:02:31.887340+00:00,201,40.21,
2026-09-12T04:02:31.898251+00:00,201,39.19,
2026-09-12T04:02:31.909447+00:00,201,40.2,
2026-09-12T04:02:31.920872+00:00,201,37.53,
2026-09-12T04:02:31.931871+00:00,201,38.89,
2026-09-12T04:02:31.942793+00:00,201,36.86,
2026-09-12T04:02:31.953735+00:00,201,37.59,
2026-09-12T04:02:31.964773+00:00,201,38.61,
2026-09-12T04:02:31.977133+00:00,201,39.28,
2026-09-12T04:02:31.999326+00:00,201,37.65,
2026-09-12T04:02:31.987963+00:00,201,55.42,
2026-09-12T04:02:32.010255+00:00,201,36.81,
2026-09-12T04:02:32.021076+00:00,201,38.6,
2026-09-12T04:02:32.031529+00:00,201,37.07,
2026-09-12T04:02:32.043685+00:00,201,38.52,
2026-09-12T04:02:32.065852+00:00,201,36.38,
2026-09-12T04:02:32.054777+00:00,201,50.97,
2026-09-12T04:02:32.076854+00:00,201,38.07,
2026-09-12T04:02:32.087755+00:00,201,38.44,
2026-09-12T04:02:32.098296+00:00,201,38.5,
2026-09-12T04:02:32.109562+00:00,201,36.76,
2026-09-12T04:02:32.120547+00:00,201,37.18,
2026-09-12T04:02:32.131742+00:00,201,34.91,
2026-09-12T04:02:32.142524+00:00,201,34.85,
2026-09-12T04:02:32.154494+00:00,201,45.96,
2026-09-12T04:02:32.165368+00:00,201,36.37,
2026-09-12T04:02:32.176066+00:00,201,37.43,
2026-09-12T04:02:32.186989+00:00,201,37.45,
2026-09-12T04:02:32.197912+00:00,201,39.01,
2026-09-12T04:02:32.210474+00:00,201,36.79,
2026-09-12T04:02:32.221516+00:00,201,35.94,
2026-09-12T04:02:32.232505+00:00,201,36.11,
2026-09-12T04:02:32.243472+00:00,201,41.78,
2026-09-12T04:02:32.254576+00:00,201,42.76,
2026-09-12T04:02:32.266520+00:00,201,43.81,
2026-09-12T04:02:32.287140+00:00,201,36.63,
2026-09-12T04:02:32.276314+00:00,201,49.12,
2026-09-12T04:02:32.309246+00:00,201,36.84,
2026-09-12T04:02:32.298208+00:00,201,59.27,
2026-09-12T04:02:32.321270+00:00,201,37.06,
2026-09-12T04:02:32.332336+00:00,201,39.07,
2026-09-12T04:02:32.343249+00:00,201,38.25,
2026-09-12T04:02:32.354131+00:00,201,38.26,
2026-09-12T04:02:32.376190+00:00,201,33.93,
2026-09-12T04:02:32.365206+00:00,201,51.15,
2026-09-12T04:02:32.386938+00:00,201,48.44,
2026-09-12T04:02:32.399332+00:00,201,40.64,
2026-09-12T04:02:32.421379+00:00,201,45.7,
2026-09-12T04:02:32.410290+00:00,201,65.26,
2026-09-12T04:02:32.443431+00:00,201,46.58,
2026-09-12T04:02:32.432312+00:00,201,73.03,
2026-09-12T04:02:32.465704+00:00,201,48.05,
2026-09-12T04:02:32.476520+00:00,201,46.79,
2026-09-12T04:02:32.454723+00:00,201,70.08,
2026-09-12T04:02:32.487604+00:00,201,48.58,
2026-09-12T04:02:32.498722+00:00,201,47.34,
2026-09-12T04:02:32.509966+00:00,201,43.52,
2026-09-12T04:02:32.520708+00:00,201,44.57,
2026-09-12T04:02:32.531998+00:00,201,66.23,
2026-09-12T04:02:32.543350+00:00,201,56.65,
2026-09-12T04:02:32.554625+00:00,201,58.11,
2026-09-12T04:02:32.576753+00:00,201,43.16,
2026-09-12T04:02:32.565640+00:00,201,65.03,
2026-09-12T04:02:32.598777+00:00,201,44.35,
2026-09-12T04:02:32.587691+00:00,201,57.48,
2026-09-12T04:02:32.610177+00:00,201,47.0,
2026-09-12T04:02:32.621396+00:00,201,54.24,
2026-09-12T04:02:32.631702+00:00,201,58.66,
2026-09-12T04:02:32.655315+00:00,201,40.37,
2026-09-12T04:02:32.643900+00:00,201,61.14,
2026-09-12T04:02:32.665424+00:00,201,40.67,
2026-09-12T04:02:32.676559+00:00,201,40.34,
2026-09-12T04:02:32.698437+00:00,201,36.6,
2026-09-12T04:02:32.709339+00:00,201,36.34,
2026-09-12T04:02:32.687493+00:00,201,61.25,
2026-09-12T04:02:32.731264+00:00,201,37.22,
2026-09-12T04:02:32.720321+00:00,201,58.62,
2026-09-12T04:02:32.743804+00:00,201,36.63,
2026-09-12T04:02:32.754517+00:00,201,56.95,
2026-09-12T04:02:32.776733+00:00,201,36.55,
2026-09-12T04:02:32.787196+00:00,201,37.6,
2026-09-12T04:02:32.765454+00:00,201,62.65,
2026-09-12T04:02:32.798354+00:00,201,39.37,
2026-09-12T04:02:32.809278+00:00,201,38.78,
2026-09-12T04:02:32.820364+00:00,201,35.35,
2026-09-12T04:02:32.842416+00:00,201,50.81,
2026-09-12T04:02:32.831387+00:00,201,64.41,
2026-09-12T04:02:32.854913+00:00,201,42.74,
2026-09-12T04:02:32.877218+00:00,201,40.92,
2026-09-12T04:02:32.866096+00:00,201,56.08,
2026-09-12T04:02:32.887286+00:00,201,38.34,
2026-09-12T04:02:32.898170+00:00,201,38.88,
2026-09-12T04:02:32.910547+00:00,201,38.16,
2026-09-12T04:02:32.920175+00:00,201,36.83,
2026-09-12T04:02:32.932723+00:00,201,37.88,
2026-09-12T04:02:32.943629+00:00,201,41.83,
2026-09-12T04:02:32.953599+00:00,201,44.72,
2026-09-12T04:02:32.965407+00:00,201,36.28,
2026-09-12T04:02:32.976105+00:00,201,56.54,
2026-09-12T04:02:32.987106+00:00,201,61.68,
2026-09-12T04:02:33.010508+00:00,201,39.2,
2026-09-12T04:02:32.998188+00:00,201,53.63,
2026-09-12T04:02:33.021565+00:00,201,39.15,
2026-09-12T04:02:33.032709+00:00,201,38.34,
2026-09-12T04:02:33.043568+00:00,201,35.31,
2026-09-12T04:02:33.076916+00:00,201,35.16,
2026-09-12T04:02:33.053524+00:00,201,61.11,
2026-09-12T04:02:33.087992+00:00,201,37.32,
2026-09-12T04:02:33.066022+00:00,201,61.19,
2026-09-12T04:02:33.109554+00:00,201,38.78,
2026-09-12T04:02:33.120554+00:00,201,39.84,
2026-09-12T04:02:33.098527+00:00,201,63.88,
2026-09-12T04:02:33.143851+00:00,201,37.59,
2026-09-12T04:02:33.131405+00:00,201,55.36,
2026-09-12T04:02:33.153373+00:00,201,36.04,
2026-09-12T04:02:33.176850+00:00,201,33.98,
2026-09-12T04:02:33.165837+00:00,201,51.69,
2026-09-12T04:02:33.187625+00:00,201,38.87,
2026-09-12T04:02:33.198638+00:00,201,38.89,
2026-09-12T04:02:33.209668+00:00,201,39.32,
2026-09-12T04:02:33.220761+00:00,201,37.17,
2026-09-12T04:02:33.231880+00:00,201,34.63,
2026-09-12T04:02:33.253978+00:00,201,34.87,
2026-09-12T04:02:33.242838+00:00,201,57.19,
2026-09-12T04:02:33.264997+00:00,201,39.04,
2026-09-12T04:02:33.275899+00:00,201,38.38,
2026-09-12T04:02:33.287387+00:00,201,36.92,
2026-09-12T04:02:33.299360+00:00,201,38.45,
2026-09-12T04:02:33.310708+00:00,201,36.23,
2026-09-12T04:02:33.321092+00:00,201,34.69,
2026-09-12T04:02:33.332134+00:00,201,34.79,
2026-09-12T04:02:33.343228+00:00,201,35.45,
2026-09-12T04:02:33.354056+00:00,201,35.6,
2026-09-12T04:02:33.365188+00:00,201,37.12,
2026-09-12T04:02:33.376329+00:00,201,36.73,
2026-09-12T04:02:33.387273+00:00,201,38.01,
2026-09-12T04:02:33.398373+00:00,201,36.12,
2026-09-12T04:02:33.420247+00:00,201,40.96,
2026-09-12T04:02:33.432550+00:00,201,40.64,
2026-09-12T04:02:33.409353+00:00,201,67.14,
2026-09-12T04:02:33.442846+00:00,201,43.65,
2026-09-12T04:02:33.453538+00:00,201,40.96,
2026-09-12T04:02:33.465541+00:00,201,40.61,
2026-09-12T04:02:33.476853+00:00,201,37.36,
2026-09-12T04:02:33.498787+00:00,201,35.13,
2026-09-12T04:02:33.509654+00:00,201,36.44,
2026-09-12T04:02:33.487841+00:00,201,58.95,
2026-09-12T04:02:33.531599+00:00,201,37.51,
2026-09-12T04:02:33.520646+00:00,201,59.19,
2026-09-12T04:02:33.543122+00:00,201,37.62,
2026-09-12T04:02:33.554113+00:00,201,36.06,
2026-09-12T04:02:33.576113+00:00,201,37.74,
2026-09-12T04:02:33.587100+00:00,201,38.42,
2026-09-12T04:02:33.565089+00:00,201,62.61,
2026-09-12T04:02:33.598124+00:00,201,40.88,
2026-09-12T04:02:33.609082+00:00,201,39.33,
2026-09-12T04:02:33.621659+00:00,201,38.2,
2026-09-12T04:02:33.632476+00:00,201,38.33,
2026-09-12T04:02:33.643129+00:00,201,38.4,
2026-09-12T04:02:33.654103+00:00,201,38.11,
2026-09-12T04:02:33.664668+00:00,201,40.26,
2026-09-12T04:02:33.677220+00:00,201,37.43,
2026-09-12T04:02:33.686913+00:00,201,36.04,
2026-09-12T04:02:33.721678+00:00,201,35.8,
2026-09-12T04:02:33.698081+00:00,201,61.08,
2026-09-12T04:02:33.732768+00:00,201,39.23,
2026-09-12T04:02:33.709111+00:00,201,63.09,
2026-09-12T04:02:33.743809+00:00,201,38.82,
2026-09-12T04:02:33.754561+00:00,201,38.76,
2026-09-12T04:02:33.765693+00:00,201,38.1,
2026-09-12T04:02:33.776863+00:00,201,34.92,
2026-09-12T04:02:33.788022+00:00,201,34.35,
2026-09-12T04:02:33.798952+00:00,201,33.59,
2026-09-12T04:02:33.810028+00:00,201,34.83,
2026-09-12T04:02:33.820793+00:00,201,34.88,
2026-09-12T04:02:33.831934+00:00,201,35.81,
2026-09-12T04:02:33.842869+00:00,201,36.13,
2026-09-12T04:02:33.853572+00:00,201,35.79,
2026-09-12T04:02:33.866054+00:00,201,35.97,
2026-09-12T04:02:33.876673+00:00,201,36.11,
2026-09-12T04:02:33.887647+00:00,201,37.96,
2026-09-12T04:02:33.898554+00:00,201,36.34,
2026-09-12T04:02:33.909491+00:00,201,36.29,
2026-09-12T04:02:33.920483+00:00,201,48.94,
2026-09-12T04:02:33.931324+00:00,201,39.56,
2026-09-12T04:02:33.943856+00:00,201,52.16,
2026-09-12T04:02:33.954506+00:00,201,59.45,
2026-09-12T04:02:33.965496+00:00,201,63.01,
2026-09-12T04:02:33.976072+00:00,201,63.28,
2026-09-12T04:02:33.987013+00:00,201,58.9,
2026-09-12T04:02:33.998280+00:00,201,55.65,
2026-09-12T04:02:34.010306+00:00,201,50.33,
2026-09-12T04:02:34.021008+00:00,201,48.71,
2026-09-12T04:02:34.043113+00:00,201,43.62,
2026-09-12T04:02:34.032522+00:00,201,54.77,
2026-09-12T04:02:34.054322+00:00,201,42.27,
2026-09-12T04:02:34.065274+00:00,201,48.87,
2026-09-12T04:02:34.087292+00:00,201,36.46,
2026-09-12T04:02:34.076301+00:00,201,55.2,
2026-09-12T04:02:34.098236+00:00,201,49.26,
2026-09-12T04:02:34.109069+00:00,201,38.92,
2026-09-12T04:02:34.121390+00:00,201,39.17,
2026-09-12T04:02:34.132514+00:00,201,37.91,
2026-09-12T04:02:34.143433+00:00,201,36.99,
2026-09-12T04:02:34.154328+00:00,201,38.5,
2026-09-12T04:02:34.165336+00:00,201,36.91,
2026-09-12T04:02:34.176321+00:00,201,43.46,
2026-09-12T04:02:34.187210+00:00,201,48.33,
2026-09-12T04:02:34.198058+00:00,201,52.93,
2026-09-12T04:02:34.209182+00:00,201,62.56,
2026-09-12T04:02:34.221638+00:00,201,51.51,
2026-09-12T04:02:34.243188+00:00,201,38.79,
2026-09-12T04:02:34.232481+00:00,201,58.25,
2026-09-12T04:02:34.254060+00:00,201,40.65,
2026-09-12T04:02:34.276320+00:00,201,41.18,
2026-09-12T04:02:34.264956+00:00,201,58.2,
2026-09-12T04:02:34.287092+00:00,201,43.62,
2026-09-12T04:02:34.297953+00:00,201,40.96,
2026-09-12T04:02:34.310400+00:00,201,39.39,
2026-09-12T04:02:34.321591+00:00,201,37.98,
2026-09-12T04:02:34.332623+00:00,201,36.66,
2026-09-12T04:02:34.343678+00:00,201,37.46,
2026-09-12T04:02:34.354372+00:00,201,34.44,
2026-09-12T04:02:34.376398+00:00,201,32.78,
2026-09-12T04:02:34.387357+00:00,201,35.29,
2026-09-12T04:02:34.365559+00:00,201,61.48,
2026-09-12T04:02:34.409355+00:00,201,34.03,
2026-09-12T04:02:34.398310+00:00,201,57.32,
2026-09-12T04:02:34.421612+00:00,201,47.62,
2026-09-12T04:02:34.432699+00:00,201,57.62,
2026-09-12T04:02:34.443802+00:00,201,65.45,
2026-09-12T04:02:34.454780+00:00,201,55.25,
2026-09-12T04:02:34.476629+00:00,201,42.29,
2026-09-12T04:02:34.465648+00:00,201,60.87,
2026-09-12T04:02:34.487672+00:00,201,41.6,
2026-09-12T04:02:34.498349+00:00,201,40.23,
2026-09-12T04:02:34.521102+00:00,201,38.84,
2026-09-12T04:02:34.510246+00:00,201,60.78,
2026-09-12T04:02:34.532007+00:00,201,41.38,
2026-09-12T04:02:34.543227+00:00,201,43.11,
2026-09-12T04:02:34.554172+00:00,201,39.88,
2026-09-12T04:02:34.576835+00:00,201,37.7,
2026-09-12T04:02:34.565495+00:00,201,49.6,
2026-09-12T04:02:34.587991+00:00,201,37.32,
2026-09-12T04:02:34.598868+00:00,201,39.29,
2026-09-12T04:02:34.609735+00:00,201,37.15,
2026-09-12T04:02:34.621093+00:00,201,35.24,
2026-09-12T04:02:34.632352+00:00,201,35.94,
2026-09-12T04:02:34.643329+00:00,201,35.08,
2026-09-12T04:02:34.654585+00:00,201,36.5,
2026-09-12T04:02:34.665888+00:00,201,35.19,
2026-09-12T04:02:34.676820+00:00,201,37.13,
2026-09-12T04:02:34.687900+00:00,201,37.6,
2026-09-12T04:02:34.698925+00:00,201,36.16,
2026-09-12T04:02:34.709781+00:00,201,37.26,
2026-09-12T04:02:34.720451+00:00,201,36.63,
2026-09-12T04:02:34.731329+00:00,201,37.09,
2026-09-12T04:02:34.743851+00:00,201,36.26,
2026-09-12T04:02:34.753555+00:00,201,35.77,
2026-09-12T04:02:34.764924+00:00,201,34.24,
2026-09-12T04:02:34.788305+00:00,201,32.32,
2026-09-12T04:02:34.775818+00:00,201,58.2,
2026-09-12T04:02:34.799169+00:00,201,35.23,
2026-09-12T04:02:34.821234+00:00,201,36.16,
2026-09-12T04:02:34.810279+00:00,201,59.94,
2026-09-12T04:02:34.832220+00:00,201,38.0,
2026-09-12T04:02:34.843292+00:00,201,40.06,
2026-09-12T04:02:34.854230+00:00,201,39.61,
2026-09-12T04:02:34.875841+00:00,201,36.96,
2026-09-12T04:02:34.864896+00:00,201,49.88,
2026-09-12T04:02:34.886943+00:00,201,36.63,
2026-09-12T04:02:34.898001+00:00,201,50.79,
2026-09-12T04:02:34.910558+00:00,201,39.54,
2026-09-12T04:02:34.920467+00:00,201,40.27,
2026-09-12T04:02:34.931504+00:00,201,39.45,
2026-09-12T04:02:34.942585+00:00,201,38.09,
2026-09-12T04:02:34.953535+00:00,201,36.48,
2026-09-12T04:02:34.964643+00:00,201,39.87,
2026-09-12T04:02:34.977194+00:00,201,42.34,
2026-09-12T04:02:34.988125+00:00,201,40.01,
2026-09-12T04:02:34.999207+00:00,201,80.82,
2026-09-12T04:02:35.021194+00:00,201,59.84,
2026-09-12T04:02:35.010182+00:00,201,112.13,
2026-09-12T04:02:35.043625+00:00,201,93.76,
2026-09-12T04:02:35.032368+00:00,201,113.39,
2026-09-12T04:02:35.054947+00:00,201,95.57,
2026-09-12T04:02:35.066094+00:00,201,98.98,
2026-09-12T04:02:35.075753+00:00,201,98.84,
2026-09-12T04:02:35.110177+00:00,201,99.97,
2026-09-12T04:02:35.087392+00:00,201,151.18,
2026-09-12T04:02:35.121547+00:00,201,119.95,
2026-09-12T04:02:35.132380+00:00,201,123.05,
2026-09-12T04:02:35.098422+00:00,201,162.88,
2026-09-12T04:02:35.143618+00:00,201,123.75,
2026-09-12T04:02:35.154912+00:00,201,137.73,
2026-09-12T04:02:35.176160+00:00,201,137.25,
2026-09-12T04:02:35.165469+00:00,201,163.78,
2026-09-12T04:02:35.209819+00:00,201,131.96,
2026-09-12T04:02:35.221492+00:00,201,135.89,
2026-09-12T04:02:35.234586+00:00,201,126.08,
2026-09-12T04:02:35.242694+00:00,201,128.86,
2026-09-12T04:02:35.187102+00:00,201,195.45,
2026-09-12T04:02:35.253558+00:00,201,130.79,
2026-09-12T04:02:35.198344+00:00,201,192.55,
2026-09-12T04:02:35.276586+00:00,201,132.95,
2026-09-12T04:02:35.265052+00:00,201,151.91,
2026-09-12T04:02:35.287782+00:00,201,136.19,
2026-09-12T04:02:35.298931+00:00,201,135.83,
2026-09-12T04:02:35.309370+00:00,201,141.12,
2026-09-12T04:02:35.331770+00:00,201,133.21,
2026-09-12T04:02:35.320925+00:00,201,154.86,
2026-09-12T04:02:35.354513+00:00,201,129.51,
2026-09-12T04:02:35.343151+00:00,201,145.53,
2026-09-12T04:02:35.366151+00:00,201,132.01,
2026-09-12T04:02:35.376843+00:00,201,128.15,
2026-09-12T04:02:35.387698+00:00,201,125.19,
2026-09-12T04:02:35.399117+00:00,201,124.21,
2026-09-12T04:02:35.410119+00:00,201,118.52,
2026-09-12T04:02:35.421203+00:00,201,115.8,
2026-09-12T04:02:35.432156+00:00,201,111.31,
2026-09-12T04:02:35.443496+00:00,201,105.36,
2026-09-12T04:02:35.454507+00:00,201,100.43,
2026-09-12T04:02:35.466079+00:00,201,95.87,
2026-09-12T04:02:35.476914+00:00,201,87.03,
2026-09-12T04:02:35.487795+00:00,201,85.87,
2026-09-12T04:02:35.498623+00:00,201,79.49,
2026-09-12T04:02:35.509794+00:00,201,75.79,
2026-09-12T04:02:35.520756+00:00,201,79.91,
2026-09-12T04:02:35.543228+00:00,201,61.58,
2026-09-12T04:02:35.531826+00:00,201,77.49,
2026-09-12T04:02:35.554929+00:00,201,61.01,
2026-09-12T04:02:35.566088+00:00,201,59.52,
2026-09-12T04:02:35.577184+00:00,201,57.69,
2026-09-12T04:02:35.586780+00:00,201,58.08,
2026-09-12T04:02:35.598471+00:00,201,53.28,
2026-09-12T04:02:35.610183+00:00,201,49.52,
2026-09-12T04:02:35.621449+00:00,201,62.95,
2026-09-12T04:02:35.632677+00:00,201,53.05,
2026-09-12T04:02:35.642716+00:00,201,52.16,
2026-09-12T04:02:35.653738+00:00,201,52.18,
2026-09-12T04:02:35.664741+00:00,201,52.46,
2026-09-12T04:02:35.677214+00:00,201,63.99,
2026-09-12T04:02:35.687554+00:00,201,69.25,
2026-09-12T04:02:35.698611+00:00,201,58.79,
2026-09-12T04:02:35.709441+00:00,201,65.08,
2026-09-12T04:02:35.720548+00:00,201,72.41,
2026-09-12T04:02:35.743760+00:00,201,54.74,
2026-09-12T04:02:35.754641+00:00,201,55.0,
2026-09-12T04:02:35.731683+00:00,201,79.08,
2026-09-12T04:02:35.765459+00:00,201,52.04,
2026-09-12T04:02:35.776488+00:00,201,54.98,
2026-09-12T04:02:35.787614+00:00,201,54.3,
2026-09-12T04:02:35.798300+00:00,201,54.3,
2026-09-12T04:02:35.809921+00:00,201,52.55,
2026-09-12T04:02:35.821144+00:00,201,51.76,
2026-09-12T04:02:35.832311+00:00,201,67.58,
2026-09-12T04:02:35.854883+00:00,201,61.72,
2026-09-12T04:02:35.843643+00:00,201,73.83,
2026-09-12T04:02:35.876972+00:00,201,50.52,
2026-09-12T04:02:35.865725+00:00,201,70.85,
2026-09-12T04:02:35.888264+00:00,201,65.97,
2026-09-12T04:02:35.899765+00:00,201,55.89,
2026-09-12T04:02:35.921620+00:00,201,57.76,
2026-09-12T04:02:35.910353+00:00,201,82.27,
2026-09-12T04:02:35.943805+00:00,201,64.24,
2026-09-12T04:02:35.932501+00:00,201,76.94,
2026-09-12T04:02:35.954693+00:00,201,65.93,
2026-09-12T04:02:35.965937+00:00,201,65.72,
2026-09-12T04:02:35.976296+00:00,201,65.41,
2026-09-12T04:02:35.987524+00:00,201,62.53,
2026-09-12T04:02:35.998875+00:00,201,59.88,
2026-09-12T04:02:36.009981+00:00,201,58.93,
2026-09-12T04:02:36.021050+00:00,201,57.08,
2026-09-12T04:02:36.032433+00:00,201,54.11,
2026-09-12T04:02:36.054249+00:00,201,51.91,
2026-09-12T04:02:36.043559+00:00,201,68.42,
2026-09-12T04:02:36.065423+00:00,201,53.13,
2026-09-12T04:02:36.076453+00:00,201,54.75,
2026-09-12T04:02:36.098902+00:00,201,53.96,
2026-09-12T04:02:36.087586+00:00,201,71.96,
2026-09-12T04:02:36.109771+00:00,201,55.14,
2026-09-12T04:02:36.132281+00:00,201,58.17,
2026-09-12T04:02:36.121140+00:00,201,70.99,
2026-09-12T04:02:36.143271+00:00,201,57.44,
2026-09-12T04:02:36.164915+00:00,201,56.29,
2026-09-12T04:02:36.154960+00:00,201,67.95,
2026-09-12T04:02:36.176692+00:00,201,57.56,
2026-09-12T04:02:36.187925+00:00,201,55.76,
2026-09-12T04:02:36.198267+00:00,201,75.16,
2026-09-12T04:02:36.220454+00:00,201,53.07,
2026-09-12T04:02:36.209231+00:00,201,64.93,
2026-09-12T04:02:36.231629+00:00,201,48.2,
2026-09-12T04:02:36.243533+00:00,201,53.38,
2026-09-12T04:02:36.266351+00:00,201,55.66,
2026-09-12T04:02:36.276717+00:00,201,52.89,
2026-09-12T04:02:36.254700+00:00,201,75.89,
2026-09-12T04:02:36.288256+00:00,201,51.79,
2026-09-12T04:02:36.299334+00:00,201,53.58,
2026-09-12T04:02:36.310579+00:00,201,78.55,
2026-09-12T04:02:36.321942+00:00,201,69.53,
2026-09-12T04:02:36.332683+00:00,201,74.99,
2026-09-12T04:02:36.343864+00:00,201,66.68,
2026-09-12T04:02:36.354974+00:00,201,72.66,
2026-09-12T04:02:36.365904+00:00,201,78.01,
2026-09-12T04:02:36.376952+00:00,201,70.35,
2026-09-12T04:02:36.399081+00:00,201,59.15,
2026-09-12T04:02:36.387868+00:00,201,75.36,
2026-09-12T04:02:36.421195+00:00,201,63.91,
2026-09-12T04:02:36.431912+00:00,201,66.47,
2026-09-12T04:02:36.409862+00:00,201,88.73,
2026-09-12T04:02:36.442907+00:00,201,64.93,
2026-09-12T04:02:36.454114+00:00,201,59.15,
2026-09-12T04:02:36.476713+00:00,201,60.41,
2026-09-12T04:02:36.465580+00:00,201,76.94,
2026-09-12T04:02:36.487620+00:00,201,60.37,
2026-09-12T04:02:36.498702+00:00,201,58.3,
2026-09-12T04:02:36.509954+00:00,201,61.15,
2026-09-12T04:02:36.520913+00:00,201,57.07,
2026-09-12T04:02:36.532177+00:00,201,57.24,
2026-09-12T04:02:36.542807+00:00,201,76.85,
2026-09-12T04:02:36.565158+00:00,201,60.25,
2026-09-12T04:02:36.576246+00:00,201,62.8,
2026-09-12T04:02:36.554290+00:00,201,85.8,
2026-09-12T04:02:36.587503+00:00,201,64.0,
2026-09-12T04:02:36.598763+00:00,201,60.71,
2026-09-12T04:02:36.609803+00:00,201,57.09,
2026-09-12T04:02:36.621481+00:00,201,58.53,
2026-09-12T04:02:36.643175+00:00,201,69.82,
2026-09-12T04:02:36.632054+00:00,201,84.94,
2026-09-12T04:02:36.665218+00:00,201,55.0,
2026-09-12T04:02:36.654520+00:00,201,73.36,
2026-09-12T04:02:36.676424+00:00,201,57.79,
2026-09-12T04:02:36.687542+00:00,201,58.0,
2026-09-12T04:02:36.698857+00:00,201,54.36,
2026-09-12T04:02:36.709767+00:00,201,52.08,
2026-09-12T04:02:36.720607+00:00,201,49.88,
2026-09-12T04:02:36.731877+00:00,201,49.97,
2026-09-12T04:02:36.743169+00:00,201,48.5,
2026-09-12T04:02:36.765356+00:00,201,45.79,
2026-09-12T04:02:36.754256+00:00,201,58.15,
2026-09-12T04:02:36.787444+00:00,201,40.51,
2026-09-12T04:02:36.776237+00:00,201,61.87,
2026-09-12T04:02:36.809553+00:00,201,39.99,
2026-09-12T04:02:36.798569+00:00,201,56.72,
2026-09-12T04:02:36.820694+00:00,201,48.74,
2026-09-12T04:02:36.831723+00:00,201,52.78,
2026-09-12T04:02:36.853850+00:00,201,39.17,
2026-09-12T04:02:36.842922+00:00,201,60.51,
2026-09-12T04:02:36.864759+00:00,201,41.76,
2026-09-12T04:02:36.875846+00:00,201,43.45,
2026-09-12T04:02:36.888349+00:00,201,40.33,
2026-09-12T04:02:36.897993+00:00,201,38.45,
2026-09-12T04:02:36.909224+00:00,201,38.06,
2026-09-12T04:02:36.920229+00:00,201,37.81,
2026-09-12T04:02:36.932728+00:00,201,38.35,
2026-09-12T04:02:36.943682+00:00,201,37.1,
2026-09-12T04:02:36.953896+00:00,201,40.06,
2026-09-12T04:02:36.965068+00:00,201,38.54,
2026-09-12T04:02:36.986908+00:00,201,36.53,
2026-09-12T04:02:36.976034+00:00,201,48.38,
2026-09-12T04:02:37.010494+00:00,201,33.77,
2026-09-12T04:02:36.998116+00:00,201,57.16,
2026-09-12T04:02:37.021348+00:00,201,38.9,
2026-09-12T04:02:37.043550+00:00,201,36.62,
2026-09-12T04:02:37.032442+00:00,201,55.15,
2026-09-12T04:02:37.054065+00:00,201,39.95,
2026-09-12T04:02:37.065139+00:00,201,37.96,
2026-09-12T04:02:37.076063+00:00,201,46.74,
2026-09-12T04:02:37.087320+00:00,201,57.08,
2026-09-12T04:02:37.099325+00:00,201,61.4,
2026-09-12T04:02:37.110138+00:00,201,59.8,
2026-09-12T04:02:37.121528+00:00,201,57.17,
2026-09-12T04:02:37.131406+00:00,201,55.14,
2026-09-12T04:02:37.143194+00:00,201,49.38,
2026-09-12T04:02:37.154272+00:00,201,46.56,
2026-09-12T04:02:37.165382+00:00,201,54.78,
2026-09-12T04:02:37.176241+00:00,201,45.14,
2026-09-12T04:02:37.187047+00:00,201,42.44,
2026-09-12T04:02:37.198182+00:00,201,42.26,
2026-09-12T04:02:37.220533+00:00,201,39.02,
2026-09-12T04:02:37.209480+00:00,201,53.09,
2026-09-12T04:02:37.254952+00:00,201,40.41,
2026-09-12T04:02:37.231529+00:00,201,64.45,
2026-09-12T04:02:37.242492+00:00,201,53.51,
2026-09-12T04:02:37.275821+00:00,201,42.07,
2026-09-12T04:02:37.265867+00:00,201,61.04,
2026-09-12T04:02:37.288352+00:00,201,41.95,
2026-09-12T04:02:37.299417+00:00,201,40.65,
2026-09-12T04:02:37.310433+00:00,201,39.61,
2026-09-12T04:02:37.332574+00:00,201,37.4,
2026-09-12T04:02:37.321526+00:00,201,48.56,
2026-09-12T04:02:37.343567+00:00,201,37.08,
2026-09-12T04:02:37.354772+00:00,201,37.92,
2026-09-12T04:02:37.365658+00:00,201,36.61,
2026-09-12T04:02:37.387776+00:00,201,33.29,
2026-09-12T04:02:37.376783+00:00,201,56.97,
2026-09-12T04:02:37.398872+00:00,201,38.94,
2026-09-12T04:02:37.410001+00:00,201,39.84,
2026-09-12T04:02:37.421107+00:00,201,37.6,
2026-09-12T04:02:37.432306+00:00,201,37.56,
2026-09-12T04:02:37.443279+00:00,201,39.27,
2026-09-12T04:02:37.454448+00:00,201,39.92,
2026-09-12T04:02:37.476812+00:00,201,64.51,
2026-09-12T04:02:37.465437+00:00,201,76.3,
2026-09-12T04:02:37.498754+00:00,201,49.76,
2026-09-12T04:02:37.487412+00:00,201,71.28,
2026-09-12T04:02:37.509837+00:00,201,53.17,
2026-09-12T04:02:37.520867+00:00,201,55.6,
2026-09-12T04:02:37.532001+00:00,201,52.92,
2026-09-12T04:02:37.542461+00:00,201,46.75,
2026-09-12T04:02:37.554139+00:00,201,44.08,
2026-09-12T04:02:37.565284+00:00,201,44.71,
2026-09-12T04:02:37.587529+00:00,201,45.61,
2026-09-12T04:02:37.598635+00:00,201,45.9,
2026-09-12T04:02:37.576678+00:00,201,68.58,
2026-09-12T04:02:37.609392+00:00,201,47.97,
2026-09-12T04:02:37.620331+00:00,201,48.24,
2026-09-12T04:02:37.631328+00:00,201,47.66,
2026-09-12T04:02:37.642585+00:00,201,46.62,
2026-09-12T04:02:37.654825+00:00,201,45.34,
2026-09-12T04:02:37.665839+00:00,201,45.77,
2026-09-12T04:02:37.676975+00:00,201,45.58,
2026-09-12T04:02:37.687913+00:00,201,44.43,
2026-09-12T04:02:37.698612+00:00,201,44.13,
2026-09-12T04:02:37.720606+00:00,201,51.06,
2026-09-12T04:02:37.709502+00:00,201,72.47,
2026-09-12T04:02:37.731635+00:00,201,58.91,
2026-09-12T04:02:37.744201+00:00,201,58.85,
2026-09-12T04:02:37.754599+00:00,201,55.79,
2026-09-12T04:02:37.765679+00:00,201,54.77,
2026-09-12T04:02:37.775686+00:00,201,53.61,
2026-09-12T04:02:37.788356+00:00,201,56.96,
2026-09-12T04:02:37.810482+00:00,201,58.5,
2026-09-12T04:02:37.799314+00:00,201,78.62,
2026-09-12T04:02:37.820290+00:00,201,60.8,
2026-09-12T04:02:37.843671+00:00,201,57.51,
2026-09-12T04:02:37.832627+00:00,201,80.89,
2026-09-12T04:02:37.854629+00:00,201,59.73,
2026-09-12T04:02:37.865747+00:00,201,58.06,
2026-09-12T04:02:37.876182+00:00,201,55.78,
2026-09-12T04:02:37.898176+00:00,201,57.18,
2026-09-12T04:02:37.887066+00:00,201,69.69,
2026-09-12T04:02:37.910401+00:00,201,56.36,
2026-09-12T04:02:37.920160+00:00,201,67.36,
2026-09-12T04:02:37.932740+00:00,201,59.15,
2026-09-12T04:02:37.942427+00:00,201,60.94,
2026-09-12T04:02:37.953486+00:00,201,58.72,
2026-09-12T04:02:37.966167+00:00,201,60.19,
2026-09-12T04:02:37.976310+00:00,201,60.64,
2026-09-12T04:02:37.987812+00:00,201,59.32,
2026-09-12T04:02:37.999059+00:00,201,57.8,
2026-09-12T04:02:38.010087+00:00,201,54.9,
2026-09-12T04:02:38.021251+00:00,201,53.41,
2026-09-12T04:02:38.043463+00:00,201,51.48,
2026-09-12T04:02:38.054490+00:00,201,49.22,
2026-09-12T04:02:38.032292+00:00,201,75.95,
2026-09-12T04:02:38.077163+00:00,201,49.96,
2026-09-12T04:02:38.065809+00:00,201,70.97,
2026-09-12T04:02:38.088218+00:00,201,68.14,
2026-09-12T04:02:38.121513+00:00,201,49.91,
2026-09-12T04:02:38.110473+00:00,201,61.58,
2026-09-12T04:02:38.099262+00:00,201,74.13,
2026-09-12T04:02:38.153547+00:00,201,51.62,
2026-09-12T04:02:38.142482+00:00,201,62.9,
2026-09-12T04:02:38.131274+00:00,201,77.12,
2026-09-12T04:02:38.164770+00:00,201,53.14,
2026-09-12T04:02:38.176255+00:00,201,48.58,
2026-09-12T04:02:38.187363+00:00,201,49.44,
2026-09-12T04:02:38.198526+00:00,201,49.08,
2026-09-12T04:02:38.221314+00:00,201,47.87,
2026-09-12T04:02:38.210157+00:00,201,70.3,
2026-09-12T04:02:38.232332+00:00,201,51.34,
2026-09-12T04:02:38.243640+00:00,201,48.02,
2026-09-12T04:02:38.254865+00:00,201,49.72,
2026-09-12T04:02:38.266219+00:00,201,48.04,
2026-09-12T04:02:38.276607+00:00,201,44.91,
2026-09-12T04:02:38.287558+00:00,201,43.65,
2026-09-12T04:02:38.298105+00:00,201,51.51,
2026-09-12T04:02:38.309179+00:00,201,60.94,
2026-09-12T04:02:38.321460+00:00,201,64.66,
2026-09-12T04:02:38.331468+00:00,201,56.08,
2026-09-12T04:02:38.344110+00:00,201,45.7,
2026-09-12T04:02:38.365857+00:00,201,47.49,
2026-09-12T04:02:38.354758+00:00,201,62.7,
2026-09-12T04:02:38.376861+00:00,201,43.04,
2026-09-12T04:02:38.387950+00:00,201,46.06,
2026-09-12T04:02:38.409966+00:00,201,39.18,
2026-09-12T04:02:38.399033+00:00,201,63.92,
2026-09-12T04:02:38.420958+00:00,201,46.43,
2026-09-12T04:02:38.432062+00:00,201,47.15,
2026-09-12T04:02:38.443223+00:00,201,44.56,
2026-09-12T04:02:38.465287+00:00,201,40.93,
2026-09-12T04:02:38.454217+00:00,201,52.37,
2026-09-12T04:02:38.498320+00:00,201,43.6,
2026-09-12T04:02:38.476441+00:00,201,65.96,
2026-09-12T04:02:38.509303+00:00,201,47.1,
2026-09-12T04:02:38.487812+00:00,201,73.47,
2026-09-12T04:02:38.520191+00:00,201,49.85,
2026-09-12T04:02:38.531567+00:00,201,48.2,
2026-09-12T04:02:38.543589+00:00,201,44.64,
2026-09-12T04:02:38.554122+00:00,201,42.44,
2026-09-12T04:02:38.565529+00:00,201,42.44,
2026-09-12T04:02:38.576575+00:00,201,41.55,
2026-09-12T04:02:38.587616+00:00,201,40.06,
2026-09-12T04:02:38.598876+00:00,201,47.09,
2026-09-12T04:02:38.609742+00:00,201,48.55,
2026-09-12T04:02:38.620630+00:00,201,55.47,
2026-09-12T04:02:38.642392+00:00,201,38.23,
2026-09-12T04:02:38.654886+00:00,201,38.57,
2026-09-12T04:02:38.631605+00:00,201,66.22,
2026-09-12T04:02:38.665802+00:00,201,38.91,
2026-09-12T04:02:38.676921+00:00,201,42.34,
2026-09-12T04:02:38.688127+00:00,201,40.5,
2026-09-12T04:02:38.699398+00:00,201,37.55,
2026-09-12T04:02:38.709880+00:00,201,36.58,
2026-09-12T04:02:38.721004+00:00,201,37.31,
2026-09-12T04:02:38.732015+00:00,201,36.99,
2026-09-12T04:02:38.743096+00:00,201,37.34,
2026-09-12T04:02:38.754318+00:00,201,35.77,
2026-09-12T04:02:38.765420+00:00,201,35.1,
2026-09-12T04:02:38.776648+00:00,201,35.31,
2026-09-12T04:02:38.787606+00:00,201,36.04,
2026-09-12T04:02:38.798662+00:00,201,35.41,
2026-09-12T04:02:38.809720+00:00,201,36.26,
2026-09-12T04:02:38.820772+00:00,201,36.42,
2026-09-12T04:02:38.832029+00:00,201,36.9,
2026-09-12T04:02:38.842665+00:00,201,36.26,
2026-09-12T04:02:38.853503+00:00,201,38.61,
2026-09-12T04:02:38.864718+00:00,201,38.1,
2026-09-12T04:02:38.875955+00:00,201,36.78,
2026-09-12T04:02:38.886909+00:00,201,35.3,
2026-09-12T04:02:38.899364+00:00,201,35.39,
2026-09-12T04:02:38.910489+00:00,201,34.81,
2026-09-12T04:02:38.921567+00:00,201,35.04,
2026-09-12T04:02:38.932468+00:00,201,36.2,
2026-09-12T04:02:38.943458+00:00,201,35.79,
2026-09-12T04:02:38.954324+00:00,201,35.29,
2026-09-12T04:02:38.965544+00:00,201,36.09,
2026-09-12T04:02:38.976629+00:00,201,37.73,
2026-09-12T04:02:38.987584+00:00,201,35.47,
2026-09-12T04:02:39.009499+00:00,201,36.02,
2026-09-12T04:02:38.998371+00:00,201,60.09,
2026-09-12T04:02:39.020572+00:00,201,40.03,
2026-09-12T04:02:39.031619+00:00,201,37.53,
2026-09-12T04:02:39.055018+00:00,201,31.45,
2026-09-12T04:02:39.042630+00:00,201,58.66,
2026-09-12T04:02:39.077166+00:00,201,39.39,
2026-09-12T04:02:39.064665+00:00,201,59.2,
2026-09-12T04:02:39.098943+00:00,201,40.68,
2026-09-12T04:02:39.109726+00:00,201,41.76,
2026-09-12T04:02:39.088120+00:00,201,66.72,
2026-09-12T04:02:39.120867+00:00,201,41.56,
2026-09-12T04:02:39.131826+00:00,201,39.48,
2026-09-12T04:02:39.154155+00:00,201,36.55,
2026-09-12T04:02:39.143046+00:00,201,53.41,
2026-09-12T04:02:39.176228+00:00,201,37.21,
2026-09-12T04:02:39.165302+00:00,201,48.23,
2026-09-12T04:02:39.198783+00:00,201,34.58,
2026-09-12T04:02:39.186922+00:00,201,58.68,
2026-09-12T04:02:39.209696+00:00,201,37.5,
2026-09-12T04:02:39.220874+00:00,201,41.02,
2026-09-12T04:02:39.231905+00:00,201,40.81,
2026-09-12T04:02:39.242930+00:00,201,39.19,
2026-09-12T04:02:39.254433+00:00,201,36.98,
2026-09-12T04:02:39.265128+00:00,201,40.5,
2026-09-12T04:02:39.276221+00:00,201,41.44,
2026-09-12T04:02:39.287115+00:00,201,40.88,
2026-09-12T04:02:39.298224+00:00,201,40.88,
2026-09-12T04:02:39.320251+00:00,201,35.97,
2026-09-12T04:02:39.309420+00:00,201,61.23,
2026-09-12T04:02:39.343870+00:00,201,38.47,
2026-09-12T04:02:39.332823+00:00,201,56.96,
2026-09-12T04:02:39.354945+00:00,201,42.18,
2026-09-12T04:02:39.365845+00:00,201,43.54,
2026-09-12T04:02:39.376338+00:00,201,39.52,
2026-09-12T04:02:39.387325+00:00,201,37.85,
2026-09-12T04:02:39.398597+00:00,201,51.6,
2026-09-12T04:02:39.421492+00:00,201,42.13,
2026-09-12T04:02:39.409246+00:00,201,62.38,
2026-09-12T04:02:39.443592+00:00,201,45.65,
2026-09-12T04:02:39.432523+00:00,201,57.58,
2026-09-12T04:02:39.454853+00:00,201,44.51,
2026-09-12T04:02:39.465979+00:00,201,42.39,
2026-09-12T04:02:39.477323+00:00,201,43.04,
2026-09-12T04:02:39.487794+00:00,201,42.84,
2026-09-12T04:02:39.499074+00:00,201,38.72,
2026-09-12T04:02:39.509344+00:00,201,40.21,
2026-09-12T04:02:39.520229+00:00,201,40.95,
2026-09-12T04:02:39.531242+00:00,201,40.84,
2026-09-12T04:02:39.543838+00:00,201,38.69,
2026-09-12T04:02:39.554929+00:00,201,38.78,
2026-09-12T04:02:39.566055+00:00,201,38.5,
2026-09-12T04:02:39.577116+00:00,201,37.35,
2026-09-12T04:02:39.588226+00:00,201,35.94,
2026-09-12T04:02:39.610276+00:00,201,33.75,
2026-09-12T04:02:39.599205+00:00,201,51.71,
2026-09-12T04:02:39.621285+00:00,201,46.88,
2026-09-12T04:02:39.632130+00:00,201,37.58,
2026-09-12T04:02:39.643219+00:00,201,38.52,
2026-09-12T04:02:39.654441+00:00,201,38.39,
2026-09-12T04:02:39.665330+00:00,201,39.07,
2026-09-12T04:02:39.676707+00:00,201,37.18,
2026-09-12T04:02:39.687824+00:00,201,36.57,
2026-09-12T04:02:39.698977+00:00,201,36.9,
2026-09-12T04:02:39.709968+00:00,201,35.92,
2026-09-12T04:02:39.720882+00:00,201,34.81,
2026-09-12T04:02:39.743205+00:00,201,32.68,
2026-09-12T04:02:39.754289+00:00,201,34.65,
2026-09-12T04:02:39.732293+00:00,201,58.93,
2026-09-12T04:02:39.776259+00:00,201,33.65,
2026-09-12T04:02:39.787067+00:00,201,35.72,
2026-09-12T04:02:39.765170+00:00,201,59.03,
2026-09-12T04:02:39.798355+00:00,201,37.49,
2026-09-12T04:02:39.810357+00:00,201,36.63,
2026-09-12T04:02:39.821387+00:00,201,36.45,
2026-09-12T04:02:39.843588+00:00,201,33.18,
2026-09-12T04:02:39.832629+00:00,201,55.78,
2026-09-12T04:02:39.854831+00:00,201,38.35,
2026-09-12T04:02:39.865766+00:00,201,38.56,
2026-09-12T04:02:39.876803+00:00,201,38.15,
2026-09-12T04:02:39.887311+00:00,201,38.84,
2026-09-12T04:02:39.898408+00:00,201,38.8,
2026-09-12T04:02:39.909890+00:00,201,37.8,
2026-09-12T04:02:39.920788+00:00,201,37.08,
2026-09-12T04:02:39.931555+00:00,201,36.57,
2026-09-12T04:02:39.943804+00:00,201,36.79,
2026-09-12T04:02:39.954925+00:00,201,34.96,
2026-09-12T04:02:39.965853+00:00,201,37.08,
2026-09-12T04:02:39.976792+00:00,201,43.02,
2026-09-12T04:02:39.987725+00:00,201,48.12,
2026-09-12T04:02:39.998701+00:00,201,49.17,
2026-09-12T04:02:40.021183+00:00,201,48.69,
2026-09-12T04:02:40.009995+00:00,201,60.55,
2026-09-12T04:02:40.031871+00:00,201,50.8,
2026-09-12T04:02:40.043489+00:00,201,50.24,
2026-09-12T04:02:40.065977+00:00,201,46.05,
2026-09-12T04:02:40.054970+00:00,201,58.22,
2026-09-12T04:02:40.075736+00:00,201,46.02,
2026-09-12T04:02:40.087890+00:00,201,44.25,
2026-09-12T04:02:40.110242+00:00,201,39.15,
2026-09-12T04:02:40.099330+00:00,201,58.56,
2026-09-12T04:02:40.121433+00:00,201,39.82,
2026-09-12T04:02:40.132362+00:00,201,39.95,
2026-09-12T04:02:40.143400+00:00,201,38.08,
2026-09-12T04:02:40.154483+00:00,201,48.32,
2026-09-12T04:02:40.165390+00:00,201,39.28,
2026-09-12T04:02:40.176386+00:00,201,38.14,
2026-09-12T04:02:40.186986+00:00,201,38.33,
2026-09-12T04:02:40.197897+00:00,201,38.83,
2026-09-12T04:02:40.210322+00:00,201,41.25,
2026-09-12T04:02:40.221283+00:00,201,42.12,
2026-09-12T04:02:40.232453+00:00,201,49.37,
2026-09-12T04:02:40.243404+00:00,201,40.66,
2026-09-12T04:02:40.254252+00:00,201,39.01,
2026-09-12T04:02:40.265377+00:00,201,39.55,
2026-09-12T04:02:40.276305+00:00,201,39.04,
2026-09-12T04:02:40.287351+00:00,201,38.73,
2026-09-12T04:02:40.298290+00:00,201,38.93,
2026-09-12T04:02:40.310327+00:00,201,38.28,
2026-09-12T04:02:40.321559+00:00,201,36.55,
2026-09-12T04:02:40.332664+00:00,201,36.44,
2026-09-12T04:02:40.343641+00:00,201,36.91,
2026-09-12T04:02:40.354764+00:00,201,37.23,
2026-09-12T04:02:40.365785+00:00,201,36.76,
2026-09-12T04:02:40.376040+00:00,201,37.44,
2026-09-12T04:02:40.387109+00:00,201,36.15,
2026-09-12T04:02:40.399349+00:00,201,39.01,
2026-09-12T04:02:40.410018+00:00,201,36.83,
2026-09-12T04:02:40.420774+00:00,201,36.86,
2026-09-12T04:02:40.431776+00:00,201,38.79,
2026-09-12T04:02:40.443007+00:00,201,38.4,
2026-09-12T04:02:40.454172+00:00,201,37.34,
2026-09-12T04:02:40.465460+00:00,201,38.37,
2026-09-12T04:02:40.476018+00:00,201,36.7,
2026-09-12T04:02:40.487119+00:00,201,34.73,
2026-09-12T04:02:40.498096+00:00,201,47.45,
2026-09-12T04:02:40.510553+00:00,201,35.49,
2026-09-12T04:02:40.520215+00:00,201,49.38,
2026-09-12T04:02:40.531291+00:00,201,59.75,
2026-09-12T04:02:40.543747+00:00,201,64.45,
2026-09-12T04:02:40.554004+00:00,201,59.06,
2026-09-12T04:02:40.565774+00:00,201,60.27,
2026-09-12T04:02:40.577149+00:00,201,56.71,
2026-09-12T04:02:40.587019+00:00,201,51.81,
2026-09-12T04:02:40.598349+00:00,201,51.5,
2026-09-12T04:02:40.609702+00:00,201,47.5,
2026-09-12T04:02:40.620721+00:00,201,46.47,
2026-09-12T04:02:40.631762+00:00,201,42.35,
2026-09-12T04:02:40.642780+00:00,201,41.08,
2026-09-12T04:02:40.653807+00:00,201,40.13,
2026-09-12T04:02:40.666100+00:00,201,37.76,
2026-09-12T04:02:40.688141+00:00,201,34.33,
2026-09-12T04:02:40.677204+00:00,201,57.21,
2026-09-12T04:02:40.698980+00:00,201,51.23,
2026-09-12T04:02:40.720438+00:00,201,45.08,
2026-09-12T04:02:40.709554+00:00,201,58.39,
2026-09-12T04:02:40.731293+00:00,201,49.55,
2026-09-12T04:02:40.743782+00:00,201,55.67,
2026-09-12T04:02:40.765849+00:00,201,39.51,
2026-09-12T04:02:40.754937+00:00,201,62.82,
2026-09-12T04:02:40.776880+00:00,201,41.96,
2026-09-12T04:02:40.787946+00:00,201,41.68,
2026-09-12T04:02:40.799240+00:00,201,42.89,
2026-09-12T04:02:40.809567+00:00,201,38.35,
2026-09-12T04:02:40.820485+00:00,201,37.06,
2026-09-12T04:02:40.831389+00:00,201,36.57,
2026-09-12T04:02:40.853699+00:00,201,37.63,
2026-09-12T04:02:40.842349+00:00,201,50.3,
2026-09-12T04:02:40.864720+00:00,201,38.35,
2026-09-12T04:02:40.877250+00:00,201,39.81,
2026-09-12T04:02:40.888199+00:00,201,38.75,
2026-09-12T04:02:40.899127+00:00,201,38.94,
2026-09-12T04:02:40.909660+00:00,201,38.45,
2026-09-12T04:02:40.931604+00:00,201,38.48,
2026-09-12T04:02:40.920591+00:00,201,51.71,
2026-09-12T04:02:40.942770+00:00,201,38.39,
2026-09-12T04:02:40.953816+00:00,201,38.38,
2026-09-12T04:02:40.964645+00:00,201,38.74,
2026-09-12T04:02:40.976064+00:00,201,34.6,
2026-09-12T04:02:40.986969+00:00,201,46.78,
2026-09-12T04:02:40.999883+00:00,201,37.49,
2026-09-12T04:02:41.010677+00:00,201,40.75,
2026-09-12T04:02:41.020980+00:00,201,41.28,
2026-09-12T04:02:41.031928+00:00,201,44.85,
2026-09-12T04:02:41.042997+00:00,201,39.9,
2026-09-12T04:02:41.054010+00:00,201,41.28,
2026-09-12T04:02:41.065243+00:00,201,51.85,
2026-09-12T04:02:41.076185+00:00,201,43.38,
2026-09-12T04:02:41.087183+00:00,201,41.5,
2026-09-12T04:02:41.097932+00:00,201,40.87,
2026-09-12T04:02:41.110469+00:00,201,39.44,
2026-09-12T04:02:41.132195+00:00,201,34.76,
2026-09-12T04:02:41.121253+00:00,201,53.66,
2026-09-12T04:02:41.143139+00:00,201,49.91,
2026-09-12T04:02:41.154053+00:00,201,39.49,
2026-09-12T04:02:41.165064+00:00,201,36.72,
2026-09-12T04:02:41.187322+00:00,201,34.41,
2026-09-12T04:02:41.198450+00:00,201,35.52,
2026-09-12T04:02:41.176437+00:00,201,61.67,
2026-09-12T04:02:41.232781+00:00,201,42.35,
2026-09-12T04:02:41.209533+00:00,201,66.09,
2026-09-12T04:02:41.220407+00:00,201,55.41,
2026-09-12T04:02:41.254649+00:00,201,46.65,
2026-09-12T04:02:41.243794+00:00,201,68.59,
2026-09-12T04:02:41.264807+00:00,201,51.41,
2026-09-12T04:02:41.276616+00:00,201,56.11,
2026-09-12T04:02:41.287480+00:00,201,58.57,
2026-09-12T04:02:41.298559+00:00,201,60.67,
2026-09-12T04:02:41.309518+00:00,201,61.6,
2026-09-12T04:02:41.320977+00:00,201,62.52,
2026-09-12T04:02:41.331235+00:00,201,64.87,
2026-09-12T04:02:41.343153+00:00,201,66.79,
2026-09-12T04:02:41.354392+00:00,201,68.3,
2026-09-12T04:02:41.365844+00:00,201,71.0,
2026-09-12T04:02:41.376505+00:00,201,71.16,
2026-09-12T04:02:41.388019+00:00,201,68.39,
2026-09-12T04:02:41.399474+00:00,201,63.83,
2026-09-12T04:02:41.410330+00:00,201,61.8,
2026-09-12T04:02:41.421485+00:00,201,57.63,
2026-09-12T04:02:41.433085+00:00,201,53.76,
2026-09-12T04:02:41.442979+00:00,201,50.26,
2026-09-12T04:02:41.465299+00:00,201,42.9,
2026-09-12T04:02:41.454524+00:00,201,63.07,
2026-09-12T04:02:41.476343+00:00,201,43.21,
2026-09-12T04:02:41.498117+00:00,201,48.9,
2026-09-12T04:02:41.487171+00:00,201,61.12,
2026-09-12T04:02:41.510449+00:00,201,52.4,
2026-09-12T04:02:41.521620+00:00,201,57.64,
2026-09-12T04:02:41.554496+00:00,201,42.42,
2026-09-12T04:02:41.532536+00:00,201,64.94,
2026-09-12T04:02:41.543474+00:00,201,56.53,
2026-09-12T04:02:41.564779+00:00,201,44.11,
2026-09-12T04:02:41.587121+00:00,201,39.3,
2026-09-12T04:02:41.598424+00:00,201,36.41,
2026-09-12T04:02:41.577421+00:00,201,64.74,
2026-09-12T04:02:41.620254+00:00,201,38.02,
2026-09-12T04:02:41.609473+00:00,201,49.62,
2026-09-12T04:02:41.632690+00:00,201,37.48,
2026-09-12T04:02:41.654584+00:00,201,36.25,
2026-09-12T04:02:41.665592+00:00,201,38.2,
2026-09-12T04:02:41.643877+00:00,201,61.83,
2026-09-12T04:02:41.676626+00:00,201,42.35,
2026-09-12T04:02:41.687621+00:00,201,48.45,
2026-09-12T04:02:41.709398+00:00,201,46.59,
2026-09-12T04:02:41.698583+00:00,201,62.53,
2026-09-12T04:02:41.720463+00:00,201,49.63,
2026-09-12T04:02:41.731499+00:00,201,50.91,
2026-09-12T04:02:41.743322+00:00,201,53.52,
2026-09-12T04:02:41.754290+00:00,201,52.9,
2026-09-12T04:02:41.764865+00:00,201,52.95,
2026-09-12T04:02:41.776149+00:00,201,54.64,
2026-09-12T04:02:41.788284+00:00,201,52.03,
2026-09-12T04:02:41.798324+00:00,201,51.31,
2026-09-12T04:02:41.809376+00:00,201,48.72,
2026-09-12T04:02:41.821531+00:00,201,45.43,
2026-09-12T04:02:41.831986+00:00,201,42.52,
2026-09-12T04:02:41.843148+00:00,201,42.69,
2026-09-12T04:02:41.854323+00:00,201,38.71,
2026-09-12T04:02:41.865473+00:00,201,39.01,
2026-09-12T04:02:41.876545+00:00,201,39.49,
2026-09-12T04:02:41.887388+00:00,201,39.5,
2026-09-12T04:02:41.898427+00:00,201,37.59,
2026-09-12T04:02:41.909222+00:00,201,34.5,
2026-09-12T04:02:41.920350+00:00,201,45.17,
2026-09-12T04:02:41.932675+00:00,201,33.52,
2026-09-12T04:02:41.954986+00:00,201,33.09,
2026-09-12T04:02:41.943841+00:00,201,58.91,
2026-09-12T04:02:41.966403+00:00,201,36.85,
2026-09-12T04:02:41.988120+00:00,201,36.07,
2026-09-12T04:02:41.975820+00:00,201,55.67,
2026-09-12T04:02:42.010492+00:00,201,39.45,
2026-09-12T04:02:41.998362+00:00,201,52.27,
2026-09-12T04:02:42.021542+00:00,201,38.45,
2026-09-12T04:02:42.031187+00:00,201,40.59,
2026-09-12T04:02:42.043515+00:00,201,38.14,
2026-09-12T04:02:42.054633+00:00,201,36.69,
2026-09-12T04:02:42.065726+00:00,201,40.08,
2026-09-12T04:02:42.076695+00:00,201,40.47,
2026-09-12T04:02:42.087826+00:00,201,39.29,
2026-09-12T04:02:42.098422+00:00,201,37.69,
2026-09-12T04:02:42.110380+00:00,201,34.81,
2026-09-12T04:02:42.121432+00:00,201,60.97,
2026-09-12T04:02:42.143392+00:00,201,39.13,
2026-09-12T04:02:42.132371+00:00,201,62.26,
2026-09-12T04:02:42.154722+00:00,201,41.88,
2026-09-12T04:02:42.165694+00:00,201,40.59,
2026-09-12T04:02:42.176323+00:00,201,39.69,
2026-09-12T04:02:42.187458+00:00,201,36.5,
2026-09-12T04:02:42.198439+00:00,201,35.8,
2026-09-12T04:02:42.209254+00:00,201,36.02,
2026-09-12T04:02:42.220297+00:00,201,37.92,
2026-09-12T04:02:42.232711+00:00,201,37.18,
2026-09-12T04:02:42.242945+00:00,201,38.47,
2026-09-12T04:02:42.265639+00:00,201,36.54,
2026-09-12T04:02:42.254952+00:00,201,57.06,
2026-09-12T04:02:42.287552+00:00,201,37.06,
2026-09-12T04:02:42.276534+00:00,201,55.56,
2026-09-12T04:02:42.298593+00:00,201,38.83,
2026-09-12T04:02:42.309442+00:00,201,39.65,
2026-09-12T04:02:42.321507+00:00,201,39.96,
2026-09-12T04:02:42.332637+00:00,201,37.94,
2026-09-12T04:02:42.342216+00:00,201,38.4,
2026-09-12T04:02:42.354834+00:00,201,37.33,
2026-09-12T04:02:42.365556+00:00,201,37.1,
2026-09-12T04:02:42.376041+00:00,201,36.76,
2026-09-12T04:02:42.387004+00:00,201,36.71,
2026-09-12T04:02:42.398321+00:00,201,37.17,
2026-09-12T04:02:42.409316+00:00,201,37.9,
2026-09-12T04:02:42.420135+00:00,201,43.67,
2026-09-12T04:02:42.431490+00:00,201,49.06,
2026-09-12T04:02:42.442522+00:00,201,47.37,
2026-09-12T04:02:42.453707+00:00,201,46.23,
2026-09-12T04:02:42.464527+00:00,201,47.37,
2026-09-12T04:02:42.477141+00:00,201,47.17,
2026-09-12T04:02:42.488050+00:00,201,44.91,
2026-09-12T04:02:42.499199+00:00,201,43.4,
2026-09-12T04:02:42.521591+00:00,201,45.28,
2026-09-12T04:02:42.510094+00:00,201,66.27,
2026-09-12T04:02:42.532798+00:00,201,49.61,
2026-09-12T04:02:42.543311+00:00,201,47.98,
2026-09-12T04:02:42.554396+00:00,201,47.75,
2026-09-12T04:02:42.565632+00:00,201,46.18,
2026-09-12T04:02:42.576638+00:00,201,46.34,
2026-09-12T04:02:42.587780+00:00,201,44.46,
2026-09-12T04:02:42.598797+00:00,201,46.29,
2026-09-12T04:02:42.610128+00:00,201,46.69,
2026-09-12T04:02:42.621047+00:00,201,46.51,
2026-09-12T04:02:42.632226+00:00,201,45.48,
2026-09-12T04:02:42.642739+00:00,201,42.11,
2026-09-12T04:02:42.654370+00:00,201,40.75,
2026-09-12T04:02:42.676494+00:00,201,35.74,
2026-09-12T04:02:42.665508+00:00,201,55.29,
2026-09-12T04:02:42.687821+00:00,201,50.43,
2026-09-12T04:02:42.709603+00:00,201,39.29,
2026-09-12T04:02:42.698698+00:00,201,55.41,
2026-09-12T04:02:42.720833+00:00,201,42.59,
2026-09-12T04:02:42.732132+00:00,201,41.7,
2026-09-12T04:02:42.742965+00:00,201,37.98,
2026-09-12T04:02:42.754417+00:00,201,36.1,
2026-09-12T04:02:42.765593+00:00,201,34.82,
2026-09-12T04:02:42.787170+00:00,201,35.28,
2026-09-12T04:02:42.776299+00:00,201,49.55,
2026-09-12T04:02:42.799356+00:00,201,35.86,
2026-09-12T04:02:42.821071+00:00,201,35.54,
2026-09-12T04:02:42.810207+00:00,201,46.57,
2026-09-12T04:02:42.842544+00:00,201,35.04,
2026-09-12T04:02:42.831665+00:00,201,60.62,
2026-09-12T04:02:42.854995+00:00,201,39.49,
2026-09-12T04:02:42.866035+00:00,201,36.37,
2026-09-12T04:02:42.888122+00:00,201,35.98,
2026-09-12T04:02:42.899189+00:00,201,34.92,
2026-09-12T04:02:42.876964+00:00,201,62.2,
2026-09-12T04:02:42.910505+00:00,201,37.55,
2026-09-12T04:02:42.921459+00:00,201,36.93,
2026-09-12T04:02:42.932152+00:00,201,35.25,
2026-09-12T04:02:42.953903+00:00,201,33.74,
2026-09-12T04:02:42.964814+00:00,201,38.23,
2026-09-12T04:02:42.943040+00:00,201,61.62,
2026-09-12T04:02:42.975894+00:00,201,41.06,
2026-09-12T04:02:42.986975+00:00,201,42.99,
2026-09-12T04:02:42.998509+00:00,201,38.77,
2026-09-12T04:02:43.020443+00:00,201,37.92,
2026-09-12T04:02:43.009329+00:00,201,55.99,
2026-09-12T04:02:43.032678+00:00,201,41.33,
2026-09-12T04:02:43.043654+00:00,201,42.52,
2026-09-12T04:02:43.054660+00:00,201,38.74,
2026-09-12T04:02:43.065395+00:00,201,40.24,
2026-09-12T04:02:43.076309+00:00,201,41.03,
2026-09-12T04:02:43.087368+00:00,201,37.52,
2026-09-12T04:02:43.098430+00:00,201,38.37,
2026-09-12T04:02:43.109317+00:00,201,40.13,
2026-09-12T04:02:43.120582+00:00,201,39.45,
2026-09-12T04:02:43.131520+00:00,201,38.15,
2026-09-12T04:02:43.142518+00:00,201,39.31,
2026-09-12T04:02:43.153627+00:00,201,37.8,
2026-09-12T04:02:43.164781+00:00,201,36.06,
2026-09-12T04:02:43.175868+00:00,201,36.24,
2026-09-12T04:02:43.186738+00:00,201,36.13,
2026-09-12T04:02:43.199282+00:00,201,34.59,
2026-09-12T04:02:43.210324+00:00,201,37.9,
2026-09-12T04:02:43.221218+00:00,201,36.26,
2026-09-12T04:02:43.232256+00:00,201,36.37,
2026-09-12T04:02:43.253983+00:00,201,33.12,
2026-09-12T04:02:43.243042+00:00,201,57.7,
2026-09-12T04:02:43.275788+00:00,201,37.27,
2026-09-12T04:02:43.264864+00:00,201,50.92,
2026-09-12T04:02:43.287275+00:00,201,38.71,
2026-09-12T04:02:43.299258+00:00,201,38.44,
2026-09-12T04:02:43.310154+00:00,201,35.93,
2026-09-12T04:02:43.320556+00:00,201,36.91,
2026-09-12T04:02:43.331659+00:00,201,37.59,
2026-09-12T04:02:43.342558+00:00,201,37.55,
2026-09-12T04:02:43.353488+00:00,201,37.0,
2026-09-12T04:02:43.366086+00:00,201,35.42,
2026-09-12T04:02:43.377257+00:00,201,34.5,
2026-09-12T04:02:43.388150+00:00,201,34.27,
2026-09-12T04:02:43.399044+00:00,201,35.09,
2026-09-12T04:02:43.410075+00:00,201,34.57,
2026-09-12T04:02:43.432320+00:00,201,40.08,
2026-09-12T04:02:43.421360+00:00,201,52.86,
2026-09-12T04:02:43.454705+00:00,201,37.24,
2026-09-12T04:02:43.443308+00:00,201,57.97,
2026-09-12T04:02:43.465204+00:00,201,52.33,
2026-09-12T04:02:43.487586+00:00,201,37.56,
2026-09-12T04:02:43.476672+00:00,201,60.76,
2026-09-12T04:02:43.498793+00:00,201,45.17,
2026-09-12T04:02:43.509865+00:00,201,43.31,
2026-09-12T04:02:43.520829+00:00,201,41.44,
2026-09-12T04:02:43.531882+00:00,201,40.71,
2026-09-12T04:02:43.543164+00:00,201,37.39,
2026-09-12T04:02:43.554174+00:00,201,53.28,
2026-09-12T04:02:43.564844+00:00,201,60.67,
2026-09-12T04:02:43.575618+00:00,201,50.5,
2026-09-12T04:02:43.586863+00:00,201,82.4,
2026-09-12T04:02:43.610216+00:00,201,70.52,
2026-09-12T04:02:43.599372+00:00,201,94.11,
2026-09-12T04:02:43.621171+00:00,201,72.91,
2026-09-12T04:02:43.631189+00:00,201,74.83,
2026-09-12T04:02:43.643771+00:00,201,75.61,
2026-09-12T04:02:43.655606+00:00,201,66.81,
2026-09-12T04:02:43.665652+00:00,201,63.65,
2026-09-12T04:02:43.676511+00:00,201,60.71,
2026-09-12T04:02:43.687375+00:00,201,55.04,
2026-09-12T04:02:43.698212+00:00,201,51.8,
2026-09-12T04:02:43.709381+00:00,201,47.61,
2026-09-12T04:02:43.731634+00:00,201,41.22,
2026-09-12T04:02:43.720572+00:00,201,62.77,
2026-09-12T04:02:43.742882+00:00,201,54.8,
2026-09-12T04:02:43.775755+00:00,201,39.04,
2026-09-12T04:02:43.753925+00:00,201,62.16,
2026-09-12T04:02:43.764938+00:00,201,51.98,
2026-09-12T04:02:43.788057+00:00,201,57.5,
2026-09-12T04:02:43.821032+00:00,201,38.17,
2026-09-12T04:02:43.810095+00:00,201,52.54,
2026-09-12T04:02:43.799290+00:00,201,65.43,
2026-09-12T04:02:43.832021+00:00,201,42.04,
2026-09-12T04:02:43.843016+00:00,201,41.93,
2026-09-12T04:02:43.854128+00:00,201,39.47,
2026-09-12T04:02:43.865091+00:00,201,41.64,
2026-09-12T04:02:43.876071+00:00,201,38.09,
2026-09-12T04:02:43.887164+00:00,201,36.49,
2026-09-12T04:02:43.909120+00:00,201,34.54,
2026-09-12T04:02:43.898251+00:00,201,57.41,
2026-09-12T04:02:43.921660+00:00,201,37.18,
2026-09-12T04:02:43.932493+00:00,201,37.68,
2026-09-12T04:02:43.943554+00:00,201,37.67,
2026-09-12T04:02:43.954346+00:00,201,38.49,
2026-09-12T04:02:43.965452+00:00,201,37.5,
2026-09-12T04:02:43.976383+00:00,201,37.8,
2026-09-12T04:02:43.987605+00:00,201,37.51,
2026-09-12T04:02:43.998578+00:00,201,37.46,
2026-09-12T04:02:44.009880+00:00,201,34.34,
2026-09-12T04:02:44.042533+00:00,201,40.36,
2026-09-12T04:02:44.020753+00:00,201,62.44,
2026-09-12T04:02:44.031631+00:00,201,51.89,
2026-09-12T04:02:44.064652+00:00,201,39.36,
2026-09-12T04:02:44.053582+00:00,201,58.36,
2026-09-12T04:02:44.077433+00:00,201,50.12,
2026-09-12T04:02:44.087121+00:00,201,54.67,
2026-09-12T04:02:44.099438+00:00,201,60.02,
2026-09-12T04:02:44.108788+00:00,201,51.49,
2026-09-12T04:02:44.120703+00:00,201,58.76,
2026-09-12T04:02:44.142720+00:00,201,44.56,
2026-09-12T04:02:44.153693+00:00,201,46.3,
2026-09-12T04:02:44.131891+00:00,201,69.68,
2026-09-12T04:02:44.166083+00:00,201,45.36,
2026-09-12T04:02:44.177181+00:00,201,43.62,
2026-09-12T04:02:44.188096+00:00,201,54.21,
2026-09-12T04:02:44.198967+00:00,201,43.9,
2026-09-12T04:02:44.210166+00:00,201,44.42,
2026-09-12T04:02:44.221141+00:00,201,42.48,
2026-09-12T04:02:44.232244+00:00,201,41.66,
2026-09-12T04:02:44.254613+00:00,201,40.98,
2026-09-12T04:02:44.243126+00:00,201,59.79,
2026-09-12T04:02:44.265343+00:00,201,40.58,
2026-09-12T04:02:44.276499+00:00,201,55.26,
2026-09-12T04:02:44.298924+00:00,201,49.43,
2026-09-12T04:02:44.287852+00:00,201,61.16,
2026-09-12T04:02:44.309956+00:00,201,55.86,
2026-09-12T04:02:44.332004+00:00,201,40.82,
2026-09-12T04:02:44.343059+00:00,201,41.09,
2026-09-12T04:02:44.320894+00:00,201,64.5,
2026-09-12T04:02:44.354346+00:00,201,40.12,
2026-09-12T04:02:44.365483+00:00,201,38.74,
2026-09-12T04:02:44.376711+00:00,201,37.11,
2026-09-12T04:02:44.399028+00:00,201,33.92,
2026-09-12T04:02:44.387890+00:00,201,55.89,
2026-09-12T04:02:44.421399+00:00,201,38.16,
2026-09-12T04:02:44.409999+00:00,201,50.04,
2026-09-12T04:02:44.432316+00:00,201,40.2,
2026-09-12T04:02:44.443572+00:00,201,40.71,
2026-09-12T04:02:44.454032+00:00,201,39.49,
2026-09-12T04:02:44.464792+00:00,201,37.56,
2026-09-12T04:02:44.475799+00:00,201,36.72,
2026-09-12T04:02:44.488311+00:00,201,36.37,
2026-09-12T04:02:44.499349+00:00,201,35.94,
2026-09-12T04:02:44.521035+00:00,201,32.87,
2026-09-12T04:02:44.531912+00:00,201,35.3,
2026-09-12T04:02:44.509989+00:00,201,59.47,
2026-09-12T04:02:44.554288+00:00,201,35.99,
2026-09-12T04:02:44.543170+00:00,201,59.42,
2026-09-12T04:02:44.565600+00:00,201,39.17,
2026-09-12T04:02:44.576388+00:00,201,40.08,
2026-09-12T04:02:44.587889+00:00,201,40.38,
2026-09-12T04:02:44.598984+00:00,201,38.12,
2026-09-12T04:02:44.609711+00:00,201,37.66,
2026-09-12T04:02:44.620571+00:00,201,36.52,
2026-09-12T04:02:44.631911+00:00,201,34.92,
2026-09-12T04:02:44.653923+00:00,201,35.56,
2026-09-12T04:02:44.642737+00:00,201,51.63,
2026-09-12T04:02:44.664958+00:00,201,38.52,
2026-09-12T04:02:44.675881+00:00,201,40.47,
2026-09-12T04:02:44.686867+00:00,201,37.8,
2026-09-12T04:02:44.698123+00:00,201,37.66,
2026-09-12T04:02:44.710272+00:00,201,36.71,
2026-09-12T04:02:44.721191+00:00,201,34.36,
2026-09-12T04:02:44.742863+00:00,201,32.55,
2026-09-12T04:02:44.731896+00:00,201,55.85,
2026-09-12T04:02:44.754261+00:00,201,36.53,
2026-09-12T04:02:44.765876+00:00,201,35.3,
2026-09-12T04:02:44.776430+00:00,201,35.18,
2026-09-12T04:02:44.787461+00:00,201,35.22,
2026-09-12T04:02:44.798736+00:00,201,36.46,
2026-09-12T04:02:44.809802+00:00,201,34.89,
2026-09-12T04:02:44.821440+00:00,201,39.07,
2026-09-12T04:02:44.832497+00:00,201,39.73,
2026-09-12T04:02:44.843536+00:00,201,38.6,
2026-09-12T04:02:44.865562+00:00,201,34.75,
2026-09-12T04:02:44.876452+00:00,201,37.32,
2026-09-12T04:02:44.854455+00:00,201,60.61,
2026-09-12T04:02:44.887555+00:00,201,37.76,
2026-09-12T04:02:44.898514+00:00,201,39.18,
2026-09-12T04:02:44.909564+00:00,201,36.59,
2026-09-12T04:02:44.920647+00:00,201,34.22,
2026-09-12T04:02:44.942617+00:00,201,32.65,
2026-09-12T04:02:44.954996+00:00,201,37.08,
2026-09-12T04:02:44.931638+00:00,201,62.32,
2026-09-12T04:02:44.966014+00:00,201,37.2,
2026-09-12T04:02:44.977056+00:00,201,36.76,
2026-09-12T04:02:44.988036+00:00,201,36.09,
2026-09-12T04:02:45.010402+00:00,201,32.31,
2026-09-12T04:02:44.999295+00:00,201,57.18,
2026-09-12T04:02:45.032193+00:00,201,37.93,
2026-09-12T04:02:45.021210+00:00,201,51.09,
2026-09-12T04:02:45.043079+00:00,201,38.48,
2026-09-12T04:02:45.054152+00:00,201,40.32,
2026-09-12T04:02:45.065258+00:00,201,39.92,
2026-09-12T04:02:45.076435+00:00,201,37.05,
2026-09-12T04:02:45.087421+00:00,201,38.64,
2026-09-12T04:02:45.098528+00:00,201,38.76,
2026-09-12T04:02:45.109336+00:00,201,38.01,
2026-09-12T04:02:45.120539+00:00,201,38.42,
2026-09-12T04:02:45.131553+00:00,201,37.55,
2026-09-12T04:02:45.142621+00:00,201,37.42,
2026-09-12T04:02:45.154871+00:00,201,34.64,
2026-09-12T04:02:45.165830+00:00,201,49.12,
2026-09-12T04:02:45.176932+00:00,201,39.32,
2026-09-12T04:02:45.188263+00:00,201,39.42,
2026-09-12T04:02:45.199219+00:00,201,41.85,
2026-09-12T04:02:45.210296+00:00,201,40.55,
2026-09-12T04:02:45.221349+00:00,201,37.9,
2026-09-12T04:02:45.232277+00:00,201,38.11,
2026-09-12T04:02:45.242821+00:00,201,38.83,
2026-09-12T04:02:45.253696+00:00,201,37.43,
2026-09-12T04:02:45.264940+00:00,201,37.61,
2026-09-12T04:02:45.275877+00:00,201,36.07,
2026-09-12T04:02:45.298091+00:00,201,34.51,
2026-09-12T04:02:45.286889+00:00,201,50.4,
2026-09-12T04:02:45.310585+00:00,201,36.01,
2026-09-12T04:02:45.321397+00:00,201,36.58,
2026-09-12T04:02:45.332641+00:00,201,37.25,
2026-09-12T04:02:45.343081+00:00,201,34.01,
2026-09-12T04:02:45.354061+00:00,201,44.56,
2026-09-12T04:02:45.365074+00:00,201,34.34,
2026-09-12T04:02:45.377237+00:00,201,37.6,
2026-09-12T04:02:45.387884+00:00,201,36.63,
2026-09-12T04:02:45.398818+00:00,201,38.52,
2026-09-12T04:02:45.420768+00:00,201,38.29,
2026-09-12T04:02:45.409797+00:00,201,52.71,
2026-09-12T04:02:45.431684+00:00,201,38.25,
2026-09-12T04:02:45.442672+00:00,201,38.79,
2026-09-12T04:02:45.453788+00:00,201,38.85,
2026-09-12T04:02:45.464918+00:00,201,38.62,
2026-09-12T04:02:45.475825+00:00,201,37.39,
2026-09-12T04:02:45.486978+00:00,201,36.63,
2026-09-12T04:02:45.498066+00:00,201,38.26,
2026-09-12T04:02:45.510027+00:00,201,39.0,
2026-09-12T04:02:45.521137+00:00,201,40.07,
2026-09-12T04:02:45.532206+00:00,201,38.77,
2026-09-12T04:02:45.543211+00:00,201,38.8,
2026-09-12T04:02:45.554170+00:00,201,38.01,
2026-09-12T04:02:45.565238+00:00,201,36.24,
2026-09-12T04:02:45.575962+00:00,201,36.59,
2026-09-12T04:02:45.586996+00:00,201,38.58,
2026-09-12T04:02:45.599468+00:00,201,38.66,
2026-09-12T04:02:45.609204+00:00,201,37.86,
2026-09-12T04:02:45.620415+00:00,201,37.27,
2026-09-12T04:02:45.631419+00:00,201,36.71,
2026-09-12T04:02:45.654671+00:00,201,33.46,
2026-09-12T04:02:45.643848+00:00,201,53.27,
2026-09-12T04:02:45.665834+00:00,201,36.44,
2026-09-12T04:02:45.676751+00:00,201,40.82,
2026-09-12T04:02:45.687850+00:00,201,40.77,
2026-09-12T04:02:45.698187+00:00,201,41.94,
2026-09-12T04:02:45.710394+00:00,201,39.66,
2026-09-12T04:02:45.720159+00:00,201,36.83,
2026-09-12T04:02:45.732818+00:00,201,35.72,
2026-09-12T04:02:45.754114+00:00,201,35.24,
2026-09-12T04:02:45.744084+00:00,201,49.21,
2026-09-12T04:02:45.765207+00:00,201,35.85,
2026-09-12T04:02:45.788213+00:00,201,35.75,
2026-09-12T04:02:45.775745+00:00,201,49.38,
2026-09-12T04:02:45.799355+00:00,201,37.93,
2026-09-12T04:02:45.810369+00:00,201,37.58,
2026-09-12T04:02:45.821637+00:00,201,38.6,
2026-09-12T04:02:45.832133+00:00,201,36.45,
2026-09-12T04:02:45.842932+00:00,201,35.99,
2026-09-12T04:02:45.853754+00:00,201,36.0,
2026-09-12T04:02:45.864799+00:00,201,35.67,
2026-09-12T04:02:45.875865+00:00,201,34.28,
2026-09-12T04:02:45.886798+00:00,201,36.72,
2026-09-12T04:02:45.899902+00:00,201,36.69,
2026-09-12T04:02:45.910269+00:00,201,34.68,
2026-09-12T04:02:45.921146+00:00,201,36.62,
2026-09-12T04:02:45.932226+00:00,201,35.94,
2026-09-12T04:02:45.943101+00:00,201,34.86,
2026-09-12T04:02:45.954245+00:00,201,34.92,
2026-09-12T04:02:45.965231+00:00,201,37.37,
2026-09-12T04:02:45.976222+00:00,201,39.93,
2026-09-12T04:02:45.987439+00:00,201,39.65,
2026-09-12T04:02:45.998122+00:00,201,38.85,
2026-09-12T04:02:46.009401+00:00,201,42.88,
2026-09-12T04:02:46.020724+00:00,201,39.96,
2026-09-12T04:02:46.031899+00:00,201,40.37,
2026-09-12T04:02:46.042759+00:00,201,38.89,
2026-09-12T04:02:46.053995+00:00,201,38.75,
2026-09-12T04:02:46.064825+00:00,201,39.11,
2026-09-12T04:02:46.075802+00:00,201,38.48,
2026-09-12T04:02:46.088636+00:00,201,38.08,
2026-09-12T04:02:46.099082+00:00,201,38.93,
2026-09-12T04:02:46.110262+00:00,201,39.43,
2026-09-12T04:02:46.120938+00:00,201,38.32,
2026-09-12T04:02:46.131975+00:00,201,37.87,
2026-09-12T04:02:46.143026+00:00,201,38.28,
2026-09-12T04:02:46.153681+00:00,201,38.03,
2026-09-12T04:02:46.164763+00:00,201,38.5,
2026-09-12T04:02:46.176052+00:00,201,37.46,
2026-09-12T04:02:46.199458+00:00,201,36.17,
2026-09-12T04:02:46.210341+00:00,201,38.92,
2026-09-12T04:02:46.188363+00:00,201,63.06,
2026-09-12T04:02:46.221340+00:00,201,38.91,
2026-09-12T04:02:46.232364+00:00,201,41.11,
2026-09-12T04:02:46.243427+00:00,201,39.55,
2026-09-12T04:02:46.254160+00:00,201,39.67,
2026-09-12T04:02:46.264881+00:00,201,39.45,
2026-09-12T04:02:46.276198+00:00,201,37.47,
2026-09-12T04:02:46.288116+00:00,201,36.03,
2026-09-12T04:02:46.310214+00:00,201,32.54,
2026-09-12T04:02:46.320561+00:00,201,37.64,
2026-09-12T04:02:46.299276+00:00,201,59.44,
2026-09-12T04:02:46.331584+00:00,201,38.52,
2026-09-12T04:02:46.342602+00:00,201,39.02,
2026-09-12T04:02:46.353642+00:00,201,37.3,
2026-09-12T04:02:46.364826+00:00,201,35.23,
2026-09-12T04:02:46.387781+00:00,201,32.04,
2026-09-12T04:02:46.377229+00:00,201,58.96,
2026-09-12T04:02:46.398814+00:00,201,38.18,
2026-09-12T04:02:46.409870+00:00,201,38.54,
2026-09-12T04:02:46.420665+00:00,201,36.67,
2026-09-12T04:02:46.443159+00:00,201,36.2,
2026-09-12T04:02:46.431547+00:00,201,49.98,
2026-09-12T04:02:46.454137+00:00,201,36.56,
2026-09-12T04:02:46.465059+00:00,201,36.28,
2026-09-12T04:02:46.487331+00:00,201,33.58,
2026-09-12T04:02:46.476140+00:00,201,50.36,
2026-09-12T04:02:46.509169+00:00,201,37.79,
2026-09-12T04:02:46.498200+00:00,201,49.09,
2026-09-12T04:02:46.521376+00:00,201,38.95,
2026-09-12T04:02:46.532302+00:00,201,37.0,
2026-09-12T04:02:46.543529+00:00,201,35.8,
2026-09-12T04:02:46.554404+00:00,201,56.54,
2026-09-12T04:02:46.565709+00:00,201,60.3,
2026-09-12T04:02:46.576272+00:00,201,50.33,
2026-09-12T04:02:46.587430+00:00,201,40.38,
2026-09-12T04:02:46.609523+00:00,201,39.1,
2026-09-12T04:02:46.598544+00:00,201,58.85,
2026-09-12T04:02:46.620548+00:00,201,39.47,
2026-09-12T04:02:46.632391+00:00,201,40.38,
2026-09-12T04:02:46.643347+00:00,201,38.37,
2026-09-12T04:02:46.654090+00:00,201,39.17,
2026-09-12T04:02:46.665221+00:00,201,38.19,
2026-09-12T04:02:46.676283+00:00,201,40.69,
2026-09-12T04:02:46.686961+00:00,201,40.21,
2026-09-12T04:02:46.697899+00:00,201,39.04,
2026-09-12T04:02:46.721264+00:00,201,35.73,
2026-09-12T04:02:46.709085+00:00,201,53.44,
2026-09-12T04:02:46.732315+00:00,201,47.73,
2026-09-12T04:02:46.743309+00:00,201,38.39,
2026-09-12T04:02:46.765162+00:00,201,57.78,
2026-09-12T04:02:46.754035+00:00,201,81.57,
2026-09-12T04:02:46.775997+00:00,201,64.18,
2026-09-12T04:02:46.787672+00:00,201,62.3,
2026-09-12T04:02:46.799465+00:00,201,58.46,
2026-09-12T04:02:46.809361+00:00,201,56.17,
2026-09-12T04:02:46.820297+00:00,201,51.07,
2026-09-12T04:02:46.831354+00:00,201,50.02,
2026-09-12T04:02:46.842819+00:00,201,46.02,
2026-09-12T04:02:46.853841+00:00,201,43.67,
2026-09-12T04:02:46.876055+00:00,201,39.58,
2026-09-12T04:02:46.864755+00:00,201,59.93,
2026-09-12T04:02:46.887051+00:00,201,40.63,
2026-09-12T04:02:46.898133+00:00,201,40.48,
2026-09-12T04:02:46.909119+00:00,201,38.98,
2026-09-12T04:02:46.921776+00:00,201,36.62,
2026-09-12T04:02:46.932686+00:00,201,36.45,
2026-09-12T04:02:46.954707+00:00,201,34.91,
2026-09-12T04:02:46.943731+00:00,201,58.6,
2026-09-12T04:02:46.965609+00:00,201,39.2,
2026-09-12T04:02:46.976285+00:00,201,37.99,
2026-09-12T04:02:46.988351+00:00,201,37.53,
2026-09-12T04:02:46.998774+00:00,201,36.0,
2026-09-12T04:02:47.009655+00:00,201,37.13,
2026-09-12T04:02:47.021291+00:00,201,34.5,
2026-09-12T04:02:47.032431+00:00,201,36.58,
2026-09-12T04:02:47.043346+00:00,201,34.78,
2026-09-12T04:02:47.054651+00:00,201,37.01,
2026-09-12T04:02:47.065436+00:00,201,35.81,
2026-09-12T04:02:47.076375+00:00,201,37.66,
2026-09-12T04:02:47.087065+00:00,201,36.74,
2026-09-12T04:02:47.098086+00:00,201,37.74,
2026-09-12T04:02:47.110438+00:00,201,37.31,
2026-09-12T04:02:47.121258+00:00,201,39.23,
2026-09-12T04:02:47.132473+00:00,201,41.08,
2026-09-12T04:02:47.143087+00:00,201,41.77,
2026-09-12T04:02:47.154154+00:00,201,42.71,
2026-09-12T04:02:47.165244+00:00,201,39.58,
2026-09-12T04:02:47.176635+00:00,201,37.11,
2026-09-12T04:02:47.187856+00:00,201,42.03,
2026-09-12T04:02:47.198770+00:00,201,41.36,
2026-09-12T04:02:47.209844+00:00,201,37.48,
2026-09-12T04:02:47.231815+00:00,201,36.39,
2026-09-12T04:02:47.242932+00:00,201,37.67,
2026-09-12T04:02:47.221198+00:00,201,67.82,
2026-09-12T04:02:47.254021+00:00,201,43.57,
2026-09-12T04:02:47.264916+00:00,201,45.45,
2026-09-12T04:02:47.276574+00:00,201,42.58,
2026-09-12T04:02:47.287606+00:00,201,39.29,
2026-09-12T04:02:47.299086+00:00,201,40.49,
2026-09-12T04:02:47.310061+00:00,201,38.39,
2026-09-12T04:02:47.332543+00:00,201,36.4,
2026-09-12T04:02:47.321544+00:00,201,56.19,
2026-09-12T04:02:47.354423+00:00,201,35.69,
2026-09-12T04:02:47.343448+00:00,201,48.92,
2026-09-12T04:02:47.376330+00:00,201,35.55,
2026-09-12T04:02:47.365624+00:00,201,57.83,
2026-09-12T04:02:47.387248+00:00,201,52.71,
2026-09-12T04:02:47.410504+00:00,201,38.01,
2026-09-12T04:02:47.398232+00:00,201,61.54,
2026-09-12T04:02:47.421523+00:00,201,41.99,
2026-09-12T04:02:47.432375+00:00,201,40.7,
2026-09-12T04:02:47.443787+00:00,201,40.82,
2026-09-12T04:02:47.453604+00:00,201,38.17,
2026-09-12T04:02:47.465579+00:00,201,38.45,
2026-09-12T04:02:47.476308+00:00,201,37.83,
2026-09-12T04:02:47.487181+00:00,201,35.24,
2026-09-12T04:02:47.498220+00:00,201,57.86,
2026-09-12T04:02:47.521224+00:00,201,35.97,
2026-09-12T04:02:47.509184+00:00,201,58.27,
2026-09-12T04:02:47.532266+00:00,201,50.24,
2026-09-12T04:02:47.543140+00:00,201,40.78,
2026-09-12T04:02:47.553906+00:00,201,40.25,
2026-09-12T04:02:47.564717+00:00,201,39.14,
2026-09-12T04:02:47.575781+00:00,201,39.42,
2026-09-12T04:02:47.588096+00:00,201,38.83,
2026-09-12T04:02:47.599252+00:00,201,40.55,
2026-09-12T04:02:47.610282+00:00,201,39.87,
2026-09-12T04:02:47.621401+00:00,201,36.78,
2026-09-12T04:02:47.632499+00:00,201,36.97,
2026-09-12T04:02:47.643533+00:00,201,47.82,
2026-09-12T04:02:47.654425+00:00,201,48.03,
2026-09-12T04:02:47.665332+00:00,201,50.11,
2026-09-12T04:02:47.676982+00:00,201,48.68,
2026-09-12T04:02:47.687283+00:00,201,50.07,
2026-09-12T04:02:47.699210+00:00,201,56.3,
2026-09-12T04:02:47.720951+00:00,201,43.8,
2026-09-12T04:02:47.709903+00:00,201,64.84,
2026-09-12T04:02:47.731955+00:00,201,45.09,
2026-09-12T04:02:47.743005+00:00,201,43.69,
2026-09-12T04:02:47.754122+00:00,201,42.7,
2026-09-12T04:02:47.765396+00:00,201,39.12,
2026-09-12T04:02:47.776387+00:00,201,37.47,
2026-09-12T04:02:47.798518+00:00,201,36.77,
2026-09-12T04:02:47.809439+00:00,201,38.47,
2026-09-12T04:02:47.787420+00:00,201,62.88,
2026-09-12T04:02:47.820409+00:00,201,40.12,
2026-09-12T04:02:47.831353+00:00,201,38.56,
2026-09-12T04:02:47.844212+00:00,201,37.7,
2026-09-12T04:02:47.854908+00:00,201,37.05,
2026-09-12T04:02:47.865988+00:00,201,37.87,
2026-09-12T04:02:47.877017+00:00,201,38.07,
2026-09-12T04:02:47.888037+00:00,201,37.94,
2026-09-12T04:02:47.899024+00:00,201,38.32,
2026-09-12T04:02:47.909923+00:00,201,40.57,
2026-09-12T04:02:47.920735+00:00,201,50.09,
2026-09-12T04:02:47.932410+00:00,201,48.86,
2026-09-12T04:02:47.943558+00:00,201,45.71,
2026-09-12T04:02:47.954901+00:00,201,42.81,
2026-09-12T04:02:47.977105+00:00,201,38.37,
2026-09-12T04:02:47.966103+00:00,201,57.94,
2026-09-12T04:02:47.988222+00:00,201,40.3,
2026-09-12T04:02:47.999009+00:00,201,43.18,
2026-09-12T04:02:48.009300+00:00,201,41.07,
2026-09-12T04:02:48.020449+00:00,201,39.44,
2026-09-12T04:02:48.031596+00:00,201,38.24,
2026-09-12T04:02:48.042615+00:00,201,37.17,
2026-09-12T04:02:48.053783+00:00,201,37.64,
2026-09-12T04:02:48.064693+00:00,201,37.59,
2026-09-12T04:02:48.077244+00:00,201,39.57,
2026-09-12T04:02:48.087958+00:00,201,38.23,
2026-09-12T04:02:48.098701+00:00,201,38.15,
2026-09-12T04:02:48.109607+00:00,201,38.74,
2026-09-12T04:02:48.121075+00:00,201,37.59,
2026-09-12T04:02:48.132169+00:00,201,37.23,
2026-09-12T04:02:48.143282+00:00,201,38.58,
2026-09-12T04:02:48.154521+00:00,201,37.12,
2026-09-12T04:02:48.165937+00:00,201,38.4,
2026-09-12T04:02:48.176557+00:00,201,39.08,
2026-09-12T04:02:48.187509+00:00,201,40.25,
2026-09-12T04:02:48.198676+00:00,201,39.37,
2026-09-12T04:02:48.209877+00:00,201,36.75,
2026-09-12T04:02:48.220554+00:00,201,38.41,
2026-09-12T04:02:48.231629+00:00,201,36.62,
2026-09-12T04:02:48.242929+00:00,201,38.9,
2026-09-12T04:02:48.254012+00:00,201,38.01,
2026-09-12T04:02:48.265266+00:00,201,39.61,
2026-09-12T04:02:48.276421+00:00,201,39.03,
2026-09-12T04:02:48.287375+00:00,201,39.02,
2026-09-12T04:02:48.298417+00:00,201,38.37,
2026-09-12T04:02:48.321251+00:00,201,35.71,
2026-09-12T04:02:48.309486+00:00,201,57.59,
2026-09-12T04:02:48.331543+00:00,201,37.65,
2026-09-12T04:02:48.353650+00:00,201,35.56,
2026-09-12T04:02:48.342919+00:00,201,57.45,
2026-09-12T04:02:48.365001+00:00,201,35.86,
2026-09-12T04:02:48.387803+00:00,201,36.87,
2026-09-12T04:02:48.375809+00:00,201,53.39,
2026-09-12T04:02:48.398762+00:00,201,38.3,
2026-09-12T04:02:48.409828+00:00,201,37.83,
2026-09-12T04:02:48.420564+00:00,201,39.31,
2026-09-12T04:02:48.431543+00:00,201,38.25,
2026-09-12T04:02:48.442597+00:00,201,36.18,
2026-09-12T04:02:48.453513+00:00,201,39.71,
2026-09-12T04:02:48.466019+00:00,201,37.38,
2026-09-12T04:02:48.477013+00:00,201,36.42,
2026-09-12T04:02:48.488049+00:00,201,36.0,
2026-09-12T04:02:48.509940+00:00,201,34.01,
2026-09-12T04:02:48.498991+00:00,201,56.49,
2026-09-12T04:02:48.531727+00:00,201,37.03,
2026-09-12T04:02:48.520804+00:00,201,51.65,
2026-09-12T04:02:48.542675+00:00,201,40.53,
2026-09-12T04:02:48.553744+00:00,201,39.63,
2026-09-12T04:02:48.564714+00:00,201,37.65,
2026-09-12T04:02:48.575762+00:00,201,34.84,
2026-09-12T04:02:48.586912+00:00,201,42.87,
2026-09-12T04:02:48.609086+00:00,201,35.9,
2026-09-12T04:02:48.598012+00:00,201,50.32,
2026-09-12T04:02:48.621256+00:00,201,61.15,
2026-09-12T04:02:48.643142+00:00,201,40.09,
2026-09-12T04:02:48.632248+00:00,201,51.74,
2026-09-12T04:02:48.654655+00:00,201,40.11,
2026-09-12T04:02:48.665648+00:00,201,42.48,
2026-09-12T04:02:48.676656+00:00,201,40.64,
2026-09-12T04:02:48.687354+00:00,201,41.19,
2026-09-12T04:02:48.698382+00:00,201,39.45,
2026-09-12T04:02:48.709318+00:00,201,38.32,
2026-09-12T04:02:48.720309+00:00,201,37.53,
2026-09-12T04:02:48.732627+00:00,201,38.03,
2026-09-12T04:02:48.743567+00:00,201,36.33,
2026-09-12T04:02:48.754551+00:00,201,38.56,
2026-09-12T04:02:48.765710+00:00,201,37.5,
2026-09-12T04:02:48.776884+00:00,201,35.99,
2026-09-12T04:02:48.798202+00:00,201,37.97,
2026-09-12T04:02:48.787773+00:00,201,49.3,
2026-09-12T04:02:48.810492+00:00,201,38.29,
2026-09-12T04:02:48.821453+00:00,201,37.47,
2026-09-12T04:02:48.832381+00:00,201,37.52,
2026-09-12T04:02:48.843513+00:00,201,36.23,
2026-09-12T04:02:48.854554+00:00,201,37.15,
2026-09-12T04:02:48.865998+00:00,201,36.4,
2026-09-12T04:02:48.876418+00:00,201,36.86,
2026-09-12T04:02:48.887633+00:00,201,36.54,
2026-09-12T04:02:48.898789+00:00,201,35.51,
2026-09-12T04:02:48.909751+00:00,201,36.44,
2026-09-12T04:02:48.920541+00:00,201,36.29,
2026-09-12T04:02:48.932562+00:00,201,34.97,
2026-09-12T04:02:48.943603+00:00,201,36.09,
2026-09-12T04:02:48.954596+00:00,201,34.95,
2026-09-12T04:02:48.965548+00:00,201,36.13,
2026-09-12T04:02:48.976238+00:00,201,36.82,
2026-09-12T04:02:48.987082+00:00,201,35.0,
2026-09-12T04:02:48.998169+00:00,201,37.71,
2026-09-12T04:02:49.009164+00:00,201,35.39,
2026-09-12T04:02:49.020225+00:00,201,36.27,
2026-09-12T04:02:49.032270+00:00,201,35.07,
2026-09-12T04:02:49.043240+00:00,201,35.73,
2026-09-12T04:02:49.054323+00:00,201,35.84,
2026-09-12T04:02:49.064800+00:00,201,37.33,
2026-09-12T04:02:49.087062+00:00,201,34.02,
2026-09-12T04:02:49.075886+00:00,201,59.71,
2026-09-12T04:02:49.098150+00:00,201,39.05,
2026-09-12T04:02:49.110521+00:00,201,36.6,
2026-09-12T04:02:49.132766+00:00,201,61.18,
2026-09-12T04:02:49.121412+00:00,201,73.32,
2026-09-12T04:02:49.153693+00:00,201,47.39,
2026-09-12T04:02:49.142518+00:00,201,67.34,
2026-09-12T04:02:49.165021+00:00,201,58.23,
2026-09-12T04:02:49.176037+00:00,201,50.3,
2026-09-12T04:02:49.187069+00:00,201,44.18,
2026-09-12T04:02:49.198037+00:00,201,46.13,
2026-09-12T04:02:49.221027+00:00,201,39.71,
2026-09-12T04:02:49.209145+00:00,201,54.63,
2026-09-12T04:02:49.232044+00:00,201,40.28,
2026-09-12T04:02:49.242967+00:00,201,37.93,
2026-09-12T04:02:49.253898+00:00,201,64.13,
2026-09-12T04:02:49.276029+00:00,201,42.57,
2026-09-12T04:02:49.287257+00:00,201,41.11,
2026-09-12T04:02:49.264929+00:00,201,65.61,
2026-09-12T04:02:49.309479+00:00,201,40.49,
2026-09-12T04:02:49.298450+00:00,201,59.26,
2026-09-12T04:02:49.319934+00:00,201,38.55,
2026-09-12T04:02:49.332574+00:00,201,43.33,
2026-09-12T04:02:49.343580+00:00,201,40.81,
2026-09-12T04:02:49.354635+00:00,201,36.78,
2026-09-12T04:02:49.365715+00:00,201,36.86,
2026-09-12T04:02:49.387477+00:00,201,34.7,
2026-09-12T04:02:49.376777+00:00,201,57.08,
2026-09-12T04:02:49.398545+00:00,201,39.42,
2026-09-12T04:02:49.409601+00:00,201,39.55,
2026-09-12T04:02:49.420465+00:00,201,39.23,
2026-09-12T04:02:49.431570+00:00,201,38.38,
2026-09-12T04:02:49.442653+00:00,201,35.38,
2026-09-12T04:02:49.453906+00:00,201,59.3,
2026-09-12T04:02:49.465073+00:00,201,48.63,
2026-09-12T04:02:49.476156+00:00,201,38.71,
2026-09-12T04:02:49.498590+00:00,201,38.08,
2026-09-12T04:02:49.487437+00:00,201,56.82,
2026-09-12T04:02:49.509893+00:00,201,38.05,
2026-09-12T04:02:49.520269+00:00,201,39.46,
2026-09-12T04:02:49.532453+00:00,201,35.19,
2026-09-12T04:02:49.554699+00:00,201,32.34,
2026-09-12T04:02:49.565894+00:00,201,36.9,
2026-09-12T04:02:49.544276+00:00,201,64.04,
2026-09-12T04:02:49.576534+00:00,201,39.82,
2026-09-12T04:02:49.587362+00:00,201,40.98,
2026-09-12T04:02:49.598741+00:00,201,37.34,
2026-09-12T04:02:49.610003+00:00,201,37.92,
2026-09-12T04:02:49.620936+00:00,201,38.46,
2026-09-12T04:02:49.631912+00:00,201,39.15,
2026-09-12T04:02:49.643089+00:00,201,37.11,
2026-09-12T04:02:49.665098+00:00,201,37.45,
2026-09-12T04:02:49.654123+00:00,201,49.09,
2026-09-12T04:02:49.676317+00:00,201,39.16,
2026-09-12T04:02:49.687116+00:00,201,38.37,
2026-09-12T04:02:49.698050+00:00,201,38.42,
2026-09-12T04:02:49.709071+00:00,201,39.58,
2026-09-12T04:02:49.721619+00:00,201,39.89,
2026-09-12T04:02:49.732113+00:00,201,50.65,
2026-09-12T04:02:49.743009+00:00,201,41.69,
2026-09-12T04:02:49.765752+00:00,201,38.39,
2026-09-12T04:02:49.753945+00:00,201,58.44,
2026-09-12T04:02:49.776744+00:00,201,41.32,
2026-09-12T04:02:49.787816+00:00,201,42.89,
2026-09-12T04:02:49.798321+00:00,201,40.47,
2026-09-12T04:02:49.809345+00:00,201,41.52,
2026-09-12T04:02:49.820330+00:00,201,40.21,
2026-09-12T04:02:49.831282+00:00,201,39.49,
2026-09-12T04:02:49.843849+00:00,201,39.75,
2026-09-12T04:02:49.854916+00:00,201,37.68,
2026-09-12T04:02:49.865879+00:00,201,36.79,
2026-09-12T04:02:49.876952+00:00,201,38.36,
2026-09-12T04:02:49.887840+00:00,201,36.65,
2026-09-12T04:02:49.898770+00:00,201,34.59,
2026-09-12T04:02:49.909763+00:00,201,58.9,
2026-09-12T04:02:49.931730+00:00,201,39.11,
2026-09-12T04:02:49.920827+00:00,201,65.01,
2026-09-12T04:02:49.953974+00:00,201,40.02,
2026-09-12T04:02:49.943115+00:00,201,58.08,
2026-09-12T04:02:49.965020+00:00,201,40.83,
2026-09-12T04:02:49.975965+00:00,201,39.69,
2026-09-12T04:02:49.988141+00:00,201,36.52,
2026-09-12T04:02:49.999157+00:00,201,36.42,
2026-09-12T04:02:50.021131+00:00,201,36.15,
2026-09-12T04:02:50.009952+00:00,201,48.53,
2026-09-12T04:02:50.032064+00:00,201,46.36,
2026-09-12T04:02:50.043377+00:00,201,79.92,
2026-09-12T04:02:50.066624+00:00,201,70.27,
2026-09-12T04:02:50.054329+00:00,201,88.62,
2026-09-12T04:02:50.076672+00:00,201,71.42,
2026-09-12T04:02:50.088444+00:00,201,69.63,
2026-09-12T04:02:50.097921+00:00,201,68.92,
2026-09-12T04:02:50.110582+00:00,201,65.68,
2026-09-12T04:02:50.121403+00:00,201,60.19,
2026-09-12T04:02:50.131635+00:00,201,56.04,
2026-09-12T04:02:50.142532+00:00,201,52.78,
2026-09-12T04:02:50.153894+00:00,201,50.41,
2026-09-12T04:02:50.164631+00:00,201,47.98,
2026-09-12T04:02:50.187224+00:00,201,42.62,
2026-09-12T04:02:50.176932+00:00,201,59.87,
2026-09-12T04:02:50.198884+00:00,201,55.33,
2026-09-12T04:02:50.210852+00:00,201,43.41,
2026-09-12T04:02:50.220761+00:00,201,41.36,
2026-09-12T04:02:50.231653+00:00,201,43.75,
2026-09-12T04:02:50.242605+00:00,201,43.33,
2026-09-12T04:02:50.253628+00:00,201,41.84,
2026-09-12T04:02:50.264710+00:00,201,40.34,
2026-09-12T04:02:50.275771+00:00,201,40.68,
2026-09-12T04:02:50.286806+00:00,201,43.3,
2026-09-12T04:02:50.299363+00:00,201,40.66,
2026-09-12T04:02:50.309057+00:00,201,39.32,
2026-09-12T04:02:50.321933+00:00,201,37.66,
2026-09-12T04:02:50.331630+00:00,201,37.76,
2026-09-12T04:02:50.342553+00:00,201,38.12,
2026-09-12T04:02:50.355003+00:00,201,37.31,
2026-09-12T04:02:50.365928+00:00,201,37.83,
2026-09-12T04:02:50.376639+00:00,201,38.68,
2026-09-12T04:02:50.387598+00:00,201,36.62,
2026-09-12T04:02:50.398693+00:00,201,37.54,
2026-09-12T04:02:50.409629+00:00,201,36.03,
2026-09-12T04:02:50.421687+00:00,201,36.35,
2026-09-12T04:02:50.432639+00:00,201,36.25,
2026-09-12T04:02:50.443597+00:00,201,36.77,
2026-09-12T04:02:50.454632+00:00,201,38.23,
2026-09-12T04:02:50.465912+00:00,201,38.5,
2026-09-12T04:02:50.476867+00:00,201,37.74,
2026-09-12T04:02:50.487885+00:00,201,36.19,
2026-09-12T04:02:50.498561+00:00,201,37.89,
2026-09-12T04:02:50.509549+00:00,201,36.67,
2026-09-12T04:02:50.520686+00:00,201,36.69,
2026-09-12T04:02:50.531570+00:00,201,37.22,
2026-09-12T04:02:50.542653+00:00,201,37.45,
2026-09-12T04:02:50.553913+00:00,201,36.89,
2026-09-12T04:02:50.564814+00:00,201,35.76,
2026-09-12T04:02:50.575750+00:00,201,36.4,
2026-09-12T04:02:50.588277+00:00,201,37.65,
2026-09-12T04:02:50.598760+00:00,201,40.43,
2026-09-12T04:02:50.609993+00:00,201,41.86,
2026-09-12T04:02:50.621040+00:00,201,39.96,
2026-09-12T04:02:50.632107+00:00,201,39.17,
2026-09-12T04:02:50.643539+00:00,201,35.8,
2026-09-12T04:02:50.654425+00:00,201,45.26,
2026-09-12T04:02:50.676263+00:00,201,35.39,
2026-09-12T04:02:50.665217+00:00,201,54.68,
2026-09-12T04:02:50.687224+00:00,201,38.5,
2026-09-12T04:02:50.698114+00:00,201,40.26,
2026-09-12T04:02:50.709066+00:00,201,39.75,
2026-09-12T04:02:50.720590+00:00,201,38.99,
2026-09-12T04:02:50.731396+00:00,201,38.44,
2026-09-12T04:02:50.743498+00:00,201,39.88,
2026-09-12T04:02:50.754504+00:00,201,38.2,
2026-09-12T04:02:50.765748+00:00,201,38.58,
2026-09-12T04:02:50.776680+00:00,201,38.39,
2026-09-12T04:02:50.787415+00:00,201,39.2,
2026-09-12T04:02:50.798760+00:00,201,39.7,
2026-09-12T04:02:50.809715+00:00,201,38.58,
2026-09-12T04:02:50.820687+00:00,201,38.65,
2026-09-12T04:02:50.831659+00:00,201,36.86,
2026-09-12T04:02:50.842641+00:00,201,36.37,
2026-09-12T04:02:50.864636+00:00,201,34.93,
2026-09-12T04:02:50.853533+00:00,201,52.12,
2026-09-12T04:02:50.877258+00:00,201,38.35,
2026-09-12T04:02:50.887866+00:00,201,40.14,
2026-09-12T04:02:50.898738+00:00,201,39.8,
2026-09-12T04:02:50.909777+00:00,201,38.19,
2026-09-12T04:02:50.920613+00:00,201,38.29,
2026-09-12T04:02:50.931353+00:00,201,37.37,
2026-09-12T04:02:50.942410+00:00,201,36.78,
2026-09-12T04:02:50.953746+00:00,201,35.55,
2026-09-12T04:02:50.964658+00:00,201,38.9,
2026-09-12T04:02:50.977244+00:00,201,41.25,
2026-09-12T04:02:50.988155+00:00,201,38.32,
2026-09-12T04:02:50.999150+00:00,201,37.76,
2026-09-12T04:02:51.010091+00:00,201,36.64,
2026-09-12T04:02:51.032276+00:00,201,34.05,
2026-09-12T04:02:51.021121+00:00,201,58.48,
2026-09-12T04:02:51.043300+00:00,201,39.18,
2026-09-12T04:02:51.054513+00:00,201,38.12,
2026-09-12T04:02:51.065566+00:00,201,38.7,
2026-09-12T04:02:51.076934+00:00,201,38.4,
2026-09-12T04:02:51.087612+00:00,201,37.48,
2026-09-12T04:02:51.098317+00:00,201,38.39,
2026-09-12T04:02:51.109419+00:00,201,37.89,
2026-09-12T04:02:51.120318+00:00,201,36.82,
2026-09-12T04:02:51.132760+00:00,201,37.15,
2026-09-12T04:02:51.143843+00:00,201,37.52,
2026-09-12T04:02:51.155157+00:00,201,38.17,
2026-09-12T04:02:51.165681+00:00,201,38.01,
2026-09-12T04:02:51.176572+00:00,201,39.21,
2026-09-12T04:02:51.187139+00:00,201,39.44,
2026-09-12T04:02:51.198073+00:00,201,39.6,
2026-09-12T04:02:51.210590+00:00,201,38.06,
2026-09-12T04:02:51.221264+00:00,201,38.2,
2026-09-12T04:02:51.232867+00:00,201,39.07,
2026-09-12T04:02:51.243860+00:00,201,38.03,
2026-09-12T04:02:51.254564+00:00,201,37.09,
2026-09-12T04:02:51.265065+00:00,201,39.81,
2026-09-12T04:02:51.277091+00:00,201,48.17,
2026-09-12T04:02:51.287772+00:00,201,50.87,
2026-09-12T04:02:51.298763+00:00,201,54.75,
2026-09-12T04:02:51.309308+00:00,201,56.51,
2026-09-12T04:02:51.320972+00:00,201,65.66,
2026-09-12T04:02:51.342997+00:00,201,63.06,
2026-09-12T04:02:51.331966+00:00,201,84.42,
2026-09-12T04:02:51.353895+00:00,201,66.44,
2026-09-12T04:02:51.365357+00:00,201,69.32,
2026-09-12T04:02:51.376266+00:00,201,69.32,
2026-09-12T04:02:51.388153+00:00,201,70.32,
2026-09-12T04:02:51.398606+00:00,201,68.68,
2026-09-12T04:02:51.409356+00:00,201,63.37,
2026-09-12T04:02:51.420990+00:00,201,63.72,
2026-09-12T04:02:51.431991+00:00,201,59.5,
2026-09-12T04:02:51.442749+00:00,201,55.4,
2026-09-12T04:02:51.454259+00:00,201,53.79,
2026-09-12T04:02:51.464641+00:00,201,49.83,
2026-09-12T04:02:51.476964+00:00,201,46.29,
2026-09-12T04:02:51.487738+00:00,201,43.72,
2026-09-12T04:02:51.521348+00:00,201,40.06,
2026-09-12T04:02:51.510324+00:00,201,53.1,
2026-09-12T04:02:51.498779+00:00,201,65.55,
2026-09-12T04:02:51.532196+00:00,201,65.55,
2026-09-12T04:02:51.543222+00:00,201,56.82,
2026-09-12T04:02:51.554198+00:00,201,59.78,
2026-09-12T04:02:51.575764+00:00,201,45.39,
2026-09-12T04:02:51.565229+00:00,201,65.53,
2026-09-12T04:02:51.587931+00:00,201,44.15,
2026-09-12T04:02:51.609512+00:00,201,43.35,
2026-09-12T04:02:51.598525+00:00,201,62.58,
2026-09-12T04:02:51.621330+00:00,201,43.57,
2026-09-12T04:02:51.632519+00:00,201,44.09,
2026-09-12T04:02:51.643518+00:00,201,41.07,
2026-09-12T04:02:51.665303+00:00,201,37.48,
2026-09-12T04:02:51.654486+00:00,201,48.49,
2026-09-12T04:02:51.699116+00:00,201,43.91,
2026-09-12T04:02:51.676715+00:00,201,69.13,
2026-09-12T04:02:51.709601+00:00,201,54.3,
2026-09-12T04:02:51.687930+00:00,201,77.8,
2026-09-12T04:02:51.720572+00:00,201,56.97,
2026-09-12T04:02:51.732820+00:00,201,60.57,
2026-09-12T04:02:51.742718+00:00,201,61.87,
2026-09-12T04:02:51.754315+00:00,201,60.27,
2026-09-12T04:02:51.765353+00:00,201,62.26,
2026-09-12T04:02:51.787148+00:00,201,61.38,
2026-09-12T04:02:51.798193+00:00,201,63.26,
2026-09-12T04:02:51.777274+00:00,201,88.28,
2026-09-12T04:02:51.810432+00:00,201,60.68,
2026-09-12T04:02:51.821223+00:00,201,59.57,
2026-09-12T04:02:51.843940+00:00,201,54.7,
2026-09-12T04:02:51.831660+00:00,201,71.23,
2026-09-12T04:02:51.865115+00:00,201,48.2,
2026-09-12T04:02:51.853564+00:00,201,60.24,
2026-09-12T04:02:51.875753+00:00,201,48.23,
2026-09-12T04:02:51.887091+00:00,201,53.61,
2026-09-12T04:02:51.898648+00:00,201,43.18,
2026-09-12T04:02:51.920277+00:00,201,39.12,
2026-09-12T04:02:51.909266+00:00,201,62.93,
2026-09-12T04:02:51.943431+00:00,201,42.65,
2026-09-12T04:02:51.932792+00:00,201,57.39,
2026-09-12T04:02:51.954471+00:00,201,43.93,
2026-09-12T04:02:51.965645+00:00,201,44.14,
2026-09-12T04:02:51.976336+00:00,201,42.14,
2026-09-12T04:02:51.987669+00:00,201,38.21,
2026-09-12T04:02:51.999288+00:00,201,36.6,
2026-09-12T04:02:52.010245+00:00,201,58.85,
2026-09-12T04:02:52.032561+00:00,201,37.52,
2026-09-12T04:02:52.021591+00:00,201,62.18,
2026-09-12T04:02:52.043877+00:00,201,41.9,
2026-09-12T04:02:52.054996+00:00,201,40.85,
2026-09-12T04:02:52.065950+00:00,201,38.63,
2026-09-12T04:02:52.087911+00:00,201,37.44,
2026-09-12T04:02:52.077137+00:00,201,49.42,
2026-09-12T04:02:52.098935+00:00,201,37.02,
2026-09-12T04:02:52.110051+00:00,201,36.77,
2026-09-12T04:02:52.131349+00:00,201,39.74,
2026-09-12T04:02:52.120919+00:00,201,53.09,
2026-09-12T04:02:52.142464+00:00,201,39.96,
2026-09-12T04:02:52.153742+00:00,201,42.59,
2026-09-12T04:02:52.165831+00:00,201,42.53,
2026-09-12T04:02:52.177070+00:00,201,42.36,
2026-09-12T04:02:52.187992+00:00,201,42.73,
2026-09-12T04:02:52.199045+00:00,201,42.0,
2026-09-12T04:02:52.210354+00:00,201,41.08,
2026-09-12T04:02:52.221386+00:00,201,39.64,
2026-09-12T04:02:52.232877+00:00,201,52.58,
2026-09-12T04:02:52.243368+00:00,201,60.17,
2026-09-12T04:02:52.265277+00:00,201,41.13,
2026-09-12T04:02:52.275892+00:00,201,40.31,
2026-09-12T04:02:52.254231+00:00,201,67.32,
2026-09-12T04:02:52.299004+00:00,201,39.18,
2026-09-12T04:02:52.288202+00:00,201,61.27,
2026-09-12T04:02:52.310667+00:00,201,42.36,
2026-09-12T04:02:52.320974+00:00,201,45.04,
2026-09-12T04:02:52.332094+00:00,201,41.2,
2026-09-12T04:02:52.343394+00:00,201,41.09,
2026-09-12T04:02:52.354488+00:00,201,41.6,
2026-09-12T04:02:52.365599+00:00,201,40.95,
2026-09-12T04:02:52.377031+00:00,201,39.75,
2026-09-12T04:02:52.387895+00:00,201,39.17,
2026-09-12T04:02:52.399142+00:00,201,38.34,
2026-09-12T04:02:52.410135+00:00,201,37.74,
2026-09-12T04:02:52.421080+00:00,201,39.2,
2026-09-12T04:02:52.432013+00:00,201,40.91,
2026-09-12T04:02:52.453883+00:00,201,38.46,
2026-09-12T04:02:52.443043+00:00,201,59.37,
2026-09-12T04:02:52.477213+00:00,201,43.02,
2026-09-12T04:02:52.465188+00:00,201,59.83,
2026-09-12T04:02:52.488164+00:00,201,42.48,
2026-09-12T04:02:52.499637+00:00,201,44.55,
2026-09-12T04:02:52.510300+00:00,201,43.34,
2026-09-12T04:02:52.521434+00:00,201,42.09,
2026-09-12T04:02:52.532446+00:00,201,52.41,
2026-09-12T04:02:52.543341+00:00,201,42.92,
2026-09-12T04:02:52.554244+00:00,201,41.12,
2026-09-12T04:02:52.565491+00:00,201,46.52,
2026-09-12T04:02:52.576489+00:00,201,44.8,
2026-09-12T04:02:52.588381+00:00,201,43.33,
2026-09-12T04:02:52.599023+00:00,201,46.32,
2026-09-12T04:02:52.609784+00:00,201,42.43,
2026-09-12T04:02:52.620895+00:00,201,42.97,
2026-09-12T04:02:52.632079+00:00,201,45.87,
2026-09-12T04:02:52.643136+00:00,201,42.63,
2026-09-12T04:02:52.654221+00:00,201,41.45,
2026-09-12T04:02:52.676067+00:00,201,42.24,
2026-09-12T04:02:52.665055+00:00,201,63.09,
2026-09-12T04:02:52.687529+00:00,201,58.41,
2026-09-12T04:02:52.698867+00:00,201,50.64,
2026-09-12T04:02:52.709952+00:00,201,47.33,
2026-09-12T04:02:52.720558+00:00,201,49.91,
2026-09-12T04:02:52.731711+00:00,201,49.15,
2026-09-12T04:02:52.742923+00:00,201,48.87,
2026-09-12T04:02:52.754153+00:00,201,50.21,
2026-09-12T04:02:52.765853+00:00,201,49.18,
2026-09-12T04:02:52.776199+00:00,201,47.82,
2026-09-12T04:02:52.787891+00:00,201,49.39,
2026-09-12T04:02:52.799076+00:00,201,48.97,
2026-09-12T04:02:52.810120+00:00,201,49.91,
2026-09-12T04:02:52.821612+00:00,201,48.61,
2026-09-12T04:02:52.831270+00:00,201,49.92,
2026-09-12T04:02:52.843890+00:00,201,49.72,
2026-09-12T04:02:52.853719+00:00,201,51.89,
2026-09-12T04:02:52.876406+00:00,201,49.47,
2026-09-12T04:02:52.865025+00:00,201,62.74,
2026-09-12T04:02:52.887612+00:00,201,52.66,
2026-09-12T04:02:52.898738+00:00,201,54.93,
2026-09-12T04:02:52.920951+00:00,201,53.41,
2026-09-12T04:02:52.909764+00:00,201,65.73,
2026-09-12T04:02:52.932684+00:00,201,52.39,
2026-09-12T04:02:52.942665+00:00,201,52.64,
2026-09-12T04:02:52.953726+00:00,201,53.57,
2026-09-12T04:02:52.964862+00:00,201,52.21,
2026-09-12T04:02:52.976199+00:00,201,49.97,
2026-09-12T04:02:52.987624+00:00,201,49.28,
2026-09-12T04:02:52.998849+00:00,201,49.3,
2026-09-12T04:02:53.021194+00:00,201,53.69,
2026-09-12T04:02:53.032347+00:00,201,51.66,
2026-09-12T04:02:53.009961+00:00,201,75.65,
2026-09-12T04:02:53.043518+00:00,201,51.78,
2026-09-12T04:02:53.054954+00:00,201,54.02,
2026-09-12T04:02:53.066138+00:00,201,51.74,
2026-09-12T04:02:53.075945+00:00,201,51.09,
2026-09-12T04:02:53.087379+00:00,201,51.34,
2026-09-12T04:02:53.109804+00:00,201,52.52,
2026-09-12T04:02:53.098587+00:00,201,69.78,
2026-09-12T04:02:53.120692+00:00,201,52.05,
2026-09-12T04:02:53.131742+00:00,201,52.25,
2026-09-12T04:02:53.142948+00:00,201,52.99,
2026-09-12T04:02:53.154656+00:00,201,54.02,
2026-09-12T04:02:53.165548+00:00,201,53.82,
2026-09-12T04:02:53.176978+00:00,201,51.19,
2026-09-12T04:02:53.188337+00:00,201,50.4,
2026-09-12T04:02:53.197992+00:00,201,50.44,
2026-09-12T04:02:53.209064+00:00,201,51.53,
2026-09-12T04:02:53.232529+00:00,201,65.65,
2026-09-12T04:02:53.220118+00:00,201,93.63,
2026-09-12T04:02:53.243625+00:00,201,72.77,
2026-09-12T04:02:53.253554+00:00,201,86.06,
2026-09-12T04:02:53.264714+00:00,201,85.64,
2026-09-12T04:02:53.276670+00:00,201,84.28,
2026-09-12T04:02:53.286872+00:00,201,82.87,
2026-09-12T04:02:53.298153+00:00,201,79.99,
2026-09-12T04:02:53.309273+00:00,201,74.57,
2026-09-12T04:02:53.342688+00:00,201,67.81,
2026-09-12T04:02:53.320258+00:00,201,99.72,
2026-09-12T04:02:53.331654+00:00,201,89.53,
2026-09-12T04:02:53.353790+00:00,201,74.26,
2026-09-12T04:02:53.365008+00:00,201,74.83,
2026-09-12T04:02:53.376015+00:00,201,72.66,
2026-09-12T04:02:53.387767+00:00,201,69.6,
2026-09-12T04:02:53.399027+00:00,201,73.61,
2026-09-12T04:02:53.410638+00:00,201,77.08,
2026-09-12T04:02:53.431423+00:00,201,76.76,
2026-09-12T04:02:53.420938+00:00,201,100.82,
2026-09-12T04:02:53.454441+00:00,201,77.32,
2026-09-12T04:02:53.442628+00:00,201,91.39,
2026-09-12T04:02:53.465572+00:00,201,77.92,
2026-09-12T04:02:53.476822+00:00,201,76.61,
2026-09-12T04:02:53.488244+00:00,201,73.74,
2026-09-12T04:02:53.499059+00:00,201,72.82,
2026-09-12T04:02:53.509847+00:00,201,82.13,
2026-09-12T04:02:53.521182+00:00,201,71.06,
2026-09-12T04:02:53.532634+00:00,201,68.68,
2026-09-12T04:02:53.543149+00:00,201,70.18,
2026-09-12T04:02:53.554036+00:00,201,69.43,
2026-09-12T04:02:53.565414+00:00,201,70.03,
2026-09-12T04:02:53.576772+00:00,201,68.4,
2026-09-12T04:02:53.587880+00:00,201,68.54,
2026-09-12T04:02:53.599396+00:00,201,70.83,
2026-09-12T04:02:53.609941+00:00,201,68.19,
2026-09-12T04:02:53.621214+00:00,201,68.63,
2026-09-12T04:02:53.632654+00:00,201,69.42,
2026-09-12T04:02:53.642564+00:00,201,70.54,
2026-09-12T04:02:53.653812+00:00,201,68.43,
2026-09-12T04:02:53.666106+00:00,201,72.38,
2026-09-12T04:02:53.677235+00:00,201,72.0,
2026-09-12T04:02:53.699056+00:00,201,72.53,
2026-09-12T04:02:53.710537+00:00,201,70.09,
2026-09-12T04:02:53.687838+00:00,201,93.41,
2026-09-12T04:02:53.721496+00:00,201,68.57,
2026-09-12T04:02:53.732717+00:00,201,62.65,
2026-09-12T04:02:53.742493+00:00,201,63.96,
2026-09-12T04:02:53.754764+00:00,201,77.89,
2026-09-12T04:02:53.788143+00:00,201,60.12,
2026-09-12T04:02:53.766065+00:00,201,84.25,
2026-09-12T04:02:53.776987+00:00,201,75.19,
2026-09-12T04:02:53.797991+00:00,201,73.01,
2026-09-12T04:02:53.820550+00:00,201,64.42,
2026-09-12T04:02:53.809060+00:00,201,77.72,
2026-09-12T04:02:53.831807+00:00,201,83.97,
2026-09-12T04:02:53.842991+00:00,201,74.57,
2026-09-12T04:02:53.864842+00:00,201,65.86,
2026-09-12T04:02:53.853592+00:00,201,83.58,
2026-09-12T04:02:53.875998+00:00,201,65.4,
2026-09-12T04:02:53.898411+00:00,201,64.81,
2026-09-12T04:02:53.888072+00:00,201,80.85,
2026-09-12T04:02:53.920991+00:00,201,60.1,
2026-09-12T04:02:53.909834+00:00,201,84.16,
2026-09-12T04:02:53.943554+00:00,201,61.96,
2026-09-12T04:02:53.932677+00:00,201,78.69,
2026-09-12T04:02:53.954613+00:00,201,59.9,
2026-09-12T04:02:53.965832+00:00,201,62.9,
2026-09-12T04:02:53.988144+00:00,201,58.15,
2026-09-12T04:02:53.977081+00:00,201,80.54,
2026-09-12T04:02:53.999166+00:00,201,60.51,
2026-09-12T04:02:54.010460+00:00,201,63.46,
2026-09-12T04:02:54.031378+00:00,201,63.21,
2026-09-12T04:02:54.042949+00:00,201,62.86,
2026-09-12T04:02:54.020161+00:00,201,87.18,
2026-09-12T04:02:54.054057+00:00,201,61.53,
2026-09-12T04:02:54.064986+00:00,201,62.96,
2026-09-12T04:02:54.087144+00:00,201,65.73,
2026-09-12T04:02:54.075796+00:00,201,77.9,
2026-09-12T04:02:54.099451+00:00,201,60.41,
2026-09-12T04:02:54.109410+00:00,201,66.24,
2026-09-12T04:02:54.120988+00:00,201,66.09,
2026-09-12T04:02:54.132129+00:00,201,67.78,
2026-09-12T04:02:54.143332+00:00,201,68.65,
2026-09-12T04:02:54.154360+00:00,201,65.35,
2026-09-12T04:02:54.175608+00:00,201,68.06,
2026-09-12T04:02:54.165949+00:00,201,85.03,
2026-09-12T04:02:54.186699+00:00,201,64.02,
2026-09-12T04:02:54.199196+00:00,201,63.8,
2026-09-12T04:02:54.210381+00:00,201,66.36,
2026-09-12T04:02:54.221323+00:00,201,64.71,
2026-09-12T04:02:54.231415+00:00,201,61.92,
2026-09-12T04:02:54.242820+00:00,201,62.23,
2026-09-12T04:02:54.254699+00:00,201,58.67,
2026-09-12T04:02:54.264489+00:00,201,62.22,
2026-09-12T04:02:54.275776+00:00,201,60.75,
2026-09-12T04:02:54.287034+00:00,201,60.64,
2026-09-12T04:02:54.298629+00:00,201,60.48,
2026-09-12T04:02:54.310404+00:00,201,60.35,
2026-09-12T04:02:54.331496+00:00,201,56.93,
2026-09-12T04:02:54.343288+00:00,201,56.56,
2026-09-12T04:02:54.321666+00:00,201,81.8,
2026-09-12T04:02:54.376544+00:00,201,62.15,
2026-09-12T04:02:54.365709+00:00,201,74.83,
2026-09-12T04:02:54.354389+00:00,201,86.8,
2026-09-12T04:02:54.398019+00:00,201,69.07,
2026-09-12T04:02:54.388271+00:00,201,90.87,
2026-09-12T04:02:54.409392+00:00,201,74.59,
2026-09-12T04:02:54.431620+00:00,201,66.72,
2026-09-12T04:02:54.420644+00:00,201,83.41,
2026-09-12T04:02:54.443811+00:00,201,67.1,
2026-09-12T04:02:54.454223+00:00,201,65.13,
2026-09-12T04:02:54.476150+00:00,201,61.26,
2026-09-12T04:02:54.487559+00:00,201,60.96,
2026-09-12T04:02:54.466013+00:00,201,83.82,
2026-09-12T04:02:54.509668+00:00,201,58.1,
2026-09-12T04:02:54.498526+00:00,201,80.06,
2026-09-12T04:02:54.521265+00:00,201,74.35,
2026-09-12T04:02:54.532323+00:00,201,80.25,
2026-09-12T04:02:54.554348+00:00,201,74.7,
2026-09-12T04:02:54.565501+00:00,201,64.33,
2026-09-12T04:02:54.543311+00:00,201,88.71,
2026-09-12T04:02:54.576722+00:00,201,67.88,
2026-09-12T04:02:54.587864+00:00,201,68.8,
2026-09-12T04:02:54.599071+00:00,201,67.9,
2026-09-12T04:02:54.610550+00:00,201,65.44,
2026-09-12T04:02:54.621656+00:00,201,62.42,
2026-09-12T04:02:54.631723+00:00,201,67.02,
2026-09-12T04:02:54.642464+00:00,201,62.96,
2026-09-12T04:02:54.653870+00:00,201,62.81,
2026-09-12T04:02:54.664941+00:00,201,62.99,
2026-09-12T04:02:54.676490+00:00,201,63.06,
2026-09-12T04:02:54.687553+00:00,201,60.5,
2026-09-12T04:02:54.699048+00:00,201,73.06,
2026-09-12T04:02:54.720618+00:00,201,61.94,
2026-09-12T04:02:54.709463+00:00,201,82.31,
2026-09-12T04:02:54.731716+00:00,201,66.66,
2026-09-12T04:02:54.742908+00:00,201,64.68,
2026-09-12T04:02:54.753792+00:00,201,65.29,
2026-09-12T04:02:54.765085+00:00,201,66.89,
2026-09-12T04:02:54.777098+00:00,201,61.36,
2026-09-12T04:02:54.787799+00:00,201,61.92,
2026-09-12T04:02:54.809669+00:00,201,61.53,
2026-09-12T04:02:54.798600+00:00,201,81.51,
2026-09-12T04:02:54.832164+00:00,201,61.5,
2026-09-12T04:02:54.821365+00:00,201,75.83,
2026-09-12T04:02:54.843790+00:00,201,65.24,
2026-09-12T04:02:54.855289+00:00,201,62.74,
2026-09-12T04:02:54.865955+00:00,201,62.74,
2026-09-12T04:02:54.877078+00:00,201,62.39,
2026-09-12T04:02:54.888374+00:00,201,59.52,
2026-09-12T04:02:54.899333+00:00,201,58.98,
2026-09-12T04:02:54.920425+00:00,201,63.69,
2026-09-12T04:02:54.909301+00:00,201,85.79,
2026-09-12T04:02:54.931323+00:00,201,65.45,
2026-09-12T04:02:54.943876+00:00,201,64.61,
2026-09-12T04:02:54.953738+00:00,201,68.36,
2026-09-12T04:02:54.965380+00:00,201,61.98,
2026-09-12T04:02:54.976153+00:00,201,65.32,
2026-09-12T04:02:54.987484+00:00,201,61.48,
2026-09-12T04:02:54.999008+00:00,201,69.32,
2026-09-12T04:02:55.010312+00:00,201,59.05,
2026-09-12T04:02:55.020531+00:00,201,60.94,
2026-09-12T04:02:55.044152+00:00,201,56.92,
2026-09-12T04:02:55.054613+00:00,201,60.65,
2026-09-12T04:02:55.032177+00:00,201,83.8,
2026-09-12T04:02:55.065762+00:00,201,59.34,
2026-09-12T04:02:55.075731+00:00,201,70.44,
2026-09-12T04:02:55.086922+00:00,201,63.0,
2026-09-12T04:02:55.098427+00:00,201,63.41,
2026-09-12T04:02:55.109716+00:00,201,60.51,
2026-09-12T04:02:55.132139+00:00,201,61.08,
2026-09-12T04:02:55.121073+00:00,201,74.32,
2026-09-12T04:02:55.143279+00:00,201,59.51,
2026-09-12T04:02:55.153419+00:00,201,59.61,
2026-09-12T04:02:55.175781+00:00,201,59.09,
2026-09-12T04:02:55.166124+00:00,201,71.92,
2026-09-12T04:02:55.187107+00:00,201,56.57,
2026-09-12T04:02:55.198512+00:00,201,59.13,
2026-09-12T04:02:55.221042+00:00,201,58.24,
2026-09-12T04:02:55.209858+00:00,201,79.92,
2026-09-12T04:02:55.232068+00:00,201,63.62,
2026-09-12T04:02:55.242839+00:00,201,59.79,
2026-09-12T04:02:55.254264+00:00,201,59.45,
2026-09-12T04:02:55.265460+00:00,201,61.16,
2026-09-12T04:02:55.276532+00:00,201,59.25,
2026-09-12T04:02:55.288040+00:00,201,58.9,
2026-09-12T04:02:55.299265+00:00,201,58.6,
2026-09-12T04:02:55.309259+00:00,201,58.84,
2026-09-12T04:02:55.320308+00:00,201,58.22,
2026-09-12T04:02:55.332764+00:00,201,56.73,
2026-09-12T04:02:55.344123+00:00,201,58.54,
2026-09-12T04:02:55.354500+00:00,201,58.98,
2026-09-12T04:02:55.364704+00:00,201,58.59,
2026-09-12T04:02:55.375814+00:00,201,58.97,
2026-09-12T04:02:55.386920+00:00,201,60.41,
2026-09-12T04:02:55.398853+00:00,201,58.41,
2026-09-12T04:02:55.410002+00:00,201,59.03,
2026-09-12T04:02:55.421153+00:00,201,61.61,
2026-09-12T04:02:55.432250+00:00,201,63.58,
2026-09-12T04:02:55.443442+00:00,201,64.33,
2026-09-12T04:02:55.454847+00:00,201,63.5,
2026-09-12T04:02:55.465472+00:00,201,61.06,
2026-09-12T04:02:55.475701+00:00,201,61.99,
2026-09-12T04:02:55.487370+00:00,201,59.05,
2026-09-12T04:02:55.498488+00:00,201,58.44,
2026-09-12T04:02:55.509819+00:00,201,56.18,
2026-09-12T04:02:55.521315+00:00,201,56.57,
2026-09-12T04:02:55.532665+00:00,201,55.09,
2026-09-12T04:02:55.542396+00:00,201,57.23,
2026-09-12T04:02:55.554342+00:00,201,58.14,
2026-09-12T04:02:55.566224+00:00,201,57.61,
2026-09-12T04:02:55.576894+00:00,201,58.12,
2026-09-12T04:02:55.588034+00:00,201,54.87,
2026-09-12T04:02:55.598045+00:00,201,58.83,
2026-09-12T04:02:55.609784+00:00,201,59.27,
2026-09-12T04:02:55.621014+00:00,201,59.29,
2026-09-12T04:02:55.632313+00:00,201,57.45,
2026-09-12T04:02:55.642700+00:00,201,58.45,
2026-09-12T04:02:55.653598+00:00,201,57.3,
2026-09-12T04:02:55.664962+00:00,201,58.05,
2026-09-12T04:02:55.676601+00:00,201,55.22,
2026-09-12T04:02:55.687886+00:00,201,56.41,
2026-09-12T04:02:55.698627+00:00,201,58.3,
2026-09-12T04:02:55.710657+00:00,201,54.56,
2026-09-12T04:02:55.721097+00:00,201,57.34,
2026-09-12T04:02:55.731990+00:00,201,57.7,
2026-09-12T04:02:55.742633+00:00,201,55.09,
2026-09-12T04:02:55.753769+00:00,201,57.37,
2026-09-12T04:02:55.775811+00:00,201,55.53,
2026-09-12T04:02:55.765474+00:00,201,74.46,
2026-09-12T04:02:55.786918+00:00,201,54.73,
2026-09-12T04:02:55.798263+00:00,201,56.41,
2026-09-12T04:02:55.810857+00:00,201,55.99,
2026-09-12T04:02:55.832449+00:00,201,51.96,
2026-09-12T04:02:55.821633+00:00,201,80.06,
2026-09-12T04:02:55.853891+00:00,201,51.56,
2026-09-12T04:02:55.842454+00:00,201,79.64,
2026-09-12T04:02:55.865071+00:00,201,58.19,
2026-09-12T04:02:55.876530+00:00,201,58.02,
2026-09-12T04:02:55.887727+00:00,201,57.84,
2026-09-12T04:02:55.898811+00:00,201,58.76,
2026-09-12T04:02:55.909286+00:00,201,58.14,
2026-09-12T04:02:55.920159+00:00,201,59.21,
2026-09-12T04:02:55.931370+00:00,201,54.21,
2026-09-12T04:02:55.942391+00:00,201,57.74,
2026-09-12T04:02:55.953627+00:00,201,57.4,
2026-09-12T04:02:55.964936+00:00,201,58.42,
2026-09-12T04:02:55.975942+00:00,201,58.64,
2026-09-12T04:02:55.987486+00:00,201,56.85,
2026-09-12T04:02:55.999124+00:00,201,58.62,
2026-09-12T04:02:56.008916+00:00,201,57.97,
2026-09-12T04:02:56.020209+00:00,201,56.96,
2026-09-12T04:02:56.032115+00:00,201,58.23,
2026-09-12T04:02:56.044364+00:00,201,56.76,
2026-09-12T04:02:56.053817+00:00,201,54.41,
2026-09-12T04:02:56.065156+00:00,201,53.77,
2026-09-12T04:02:56.076229+00:00,201,52.66,
2026-09-12T04:02:56.087393+00:00,201,53.67,
2026-09-12T04:02:56.110353+00:00,201,51.27,
2026-09-12T04:02:56.099199+00:00,201,72.73,
2026-09-12T04:02:56.121557+00:00,201,50.82,
2026-09-12T04:02:56.143731+00:00,201,58.88,
2026-09-12T04:02:56.132480+00:00,201,73.76,
2026-09-12T04:02:56.154995+00:00,201,58.05,
2026-09-12T04:02:56.164710+00:00,201,60.87,
2026-09-12T04:02:56.175911+00:00,201,58.84,
2026-09-12T04:02:56.187215+00:00,201,58.83,
2026-09-12T04:02:56.198231+00:00,201,59.57,
2026-09-12T04:02:56.210595+00:00,201,52.32,
2026-09-12T04:02:56.220499+00:00,201,56.71,
2026-09-12T04:02:56.231857+00:00,201,56.63,
2026-09-12T04:02:56.242828+00:00,201,53.79,
2026-09-12T04:02:56.265624+00:00,201,52.56,
2026-09-12T04:02:56.254055+00:00,201,75.59,
2026-09-12T04:02:56.277194+00:00,201,55.01,
2026-09-12T04:02:56.288481+00:00,201,56.46,
2026-09-12T04:02:56.298553+00:00,201,54.26,
2026-09-12T04:02:56.309615+00:00,201,56.96,
2026-09-12T04:02:56.320821+00:00,201,54.57,
2026-09-12T04:02:56.332634+00:00,201,54.42,
2026-09-12T04:02:56.342496+00:00,201,56.68,
2026-09-12T04:02:56.355247+00:00,201,58.19,
2026-09-12T04:02:56.365995+00:00,201,55.34,
2026-09-12T04:02:56.376239+00:00,201,58.84,
2026-09-12T04:02:56.387669+00:00,201,54.42,
2026-09-12T04:02:56.399206+00:00,201,55.74,
2026-09-12T04:02:56.410409+00:00,201,53.91,
2026-09-12T04:02:56.421579+00:00,201,52.3,
2026-09-12T04:02:56.432761+00:00,201,52.45,
2026-09-12T04:02:56.442682+00:00,201,54.74,
2026-09-12T04:02:56.453995+00:00,201,56.5,
2026-09-12T04:02:56.465391+00:00,201,57.05,
2026-09-12T04:02:56.475719+00:00,201,56.32,
2026-09-12T04:02:56.488354+00:00,201,56.37,
2026-09-12T04:02:56.498662+00:00,201,59.0,
2026-09-12T04:02:56.509079+00:00,201,59.3,
2026-09-12T04:02:56.520479+00:00,201,61.56,
2026-09-12T04:02:56.532857+00:00,201,69.61,
2026-09-12T04:02:56.542463+00:00,201,81.95,
2026-09-12T04:02:56.555056+00:00,201,79.8,
2026-09-12T04:02:56.565300+00:00,201,82.98,
2026-09-12T04:02:56.576626+00:00,201,85.23,
2026-09-12T04:02:56.587997+00:00,201,80.78,
2026-09-12T04:02:56.598638+00:00,201,75.42,
2026-09-12T04:02:56.610570+00:00,201,72.44,
2026-09-12T04:02:56.621278+00:00,201,76.31,
2026-09-12T04:02:56.632621+00:00,201,72.46,
2026-09-12T04:02:56.643100+00:00,201,69.93,
2026-09-12T04:02:56.654908+00:00,201,69.5,
2026-09-12T04:02:56.665895+00:00,201,66.69,
2026-09-12T04:02:56.676334+00:00,201,65.85,
2026-09-12T04:02:56.687835+00:00,201,63.68,
2026-09-12T04:02:56.699307+00:00,201,60.83,
2026-09-12T04:02:56.721276+00:00,201,58.49,
2026-09-12T04:02:56.732522+00:00,201,60.28,
2026-09-12T04:02:56.710231+00:00,201,84.26,
2026-09-12T04:02:56.743687+00:00,201,60.62,
2026-09-12T04:02:56.754922+00:00,201,59.33,
2026-09-12T04:02:56.776837+00:00,201,61.86,
2026-09-12T04:02:56.764929+00:00,201,74.4,
2026-09-12T04:02:56.788097+00:00,201,59.88,
2026-09-12T04:02:56.810092+00:00,201,57.3,
2026-09-12T04:02:56.799045+00:00,201,69.83,
2026-09-12T04:02:56.832559+00:00,201,54.22,
2026-09-12T04:02:56.821402+00:00,201,77.26,
2026-09-12T04:02:56.853737+00:00,201,54.75,
2026-09-12T04:02:56.842494+00:00,201,71.17,
2026-09-12T04:02:56.864728+00:00,201,59.61,
2026-09-12T04:02:56.876563+00:00,201,59.48,
2026-09-12T04:02:56.887744+00:00,201,74.45,
2026-09-12T04:02:56.910263+00:00,201,53.54,
2026-09-12T04:02:56.921509+00:00,201,56.88,
2026-09-12T04:02:56.899161+00:00,201,80.22,
2026-09-12T04:02:56.943917+00:00,201,58.01,
2026-09-12T04:02:56.931466+00:00,201,84.84,
2026-09-12T04:02:56.953816+00:00,201,66.13,
2026-09-12T04:02:56.965285+00:00,201,66.71,
2026-09-12T04:02:56.976431+00:00,201,66.04,
2026-09-12T04:02:56.987376+00:00,201,63.46,
2026-09-12T04:02:56.998678+00:00,201,62.59,
2026-09-12T04:02:57.009896+00:00,201,60.1,
2026-09-12T04:02:57.021429+00:00,201,60.48,
2026-09-12T04:02:57.032518+00:00,201,57.18,
2026-09-12T04:02:57.042487+00:00,201,57.18,
2026-09-12T04:02:57.053802+00:00,201,68.6,
2026-09-12T04:02:57.076807+00:00,201,52.87,
2026-09-12T04:02:57.065382+00:00,201,73.32,
2026-09-12T04:02:57.087778+00:00,201,55.29,
2026-09-12T04:02:57.098928+00:00,201,56.89,
2026-09-12T04:02:57.121254+00:00,201,57.37,
2026-09-12T04:02:57.110219+00:00,201,79.79,
2026-09-12T04:02:57.132319+00:00,201,61.24,
2026-09-12T04:02:57.154005+00:00,201,58.54,
2026-09-12T04:02:57.142888+00:00,201,78.45,
2026-09-12T04:02:57.165447+00:00,201,61.96,
2026-09-12T04:02:57.176563+00:00,201,59.14,
2026-09-12T04:02:57.187840+00:00,201,58.69,
2026-09-12T04:02:57.198776+00:00,201,57.63,
2026-09-12T04:02:57.221460+00:00,201,55.93,
2026-09-12T04:02:57.209906+00:00,201,71.4,
2026-09-12T04:02:57.232839+00:00,201,57.86,
2026-09-12T04:02:57.242423+00:00,201,58.77,
2026-09-12T04:02:57.253719+00:00,201,60.29,
2026-09-12T04:02:57.277580+00:00,201,55.37,
2026-09-12T04:02:57.287067+00:00,201,55.09,
2026-09-12T04:02:57.265165+00:00,201,77.16,
2026-09-12T04:02:57.298852+00:00,201,79.53,
2026-09-12T04:02:57.331288+00:00,201,58.3,
2026-09-12T04:02:57.310113+00:00,201,85.68,
2026-09-12T04:02:57.321120+00:00,201,75.8,
2026-09-12T04:02:57.353923+00:00,201,64.56,
2026-09-12T04:02:57.364764+00:00,201,60.49,
2026-09-12T04:02:57.342486+00:00,201,85.87,
2026-09-12T04:02:57.377154+00:00,201,59.47,
2026-09-12T04:02:57.387259+00:00,201,58.09,
2026-09-12T04:02:57.398449+00:00,201,69.37,
2026-09-12T04:02:57.421665+00:00,201,56.06,
2026-09-12T04:02:57.409612+00:00,201,75.29,
2026-09-12T04:02:57.443747+00:00,201,60.11,
2026-09-12T04:02:57.432594+00:00,201,71.78,
2026-09-12T04:02:57.453626+00:00,201,56.34,
2026-09-12T04:02:57.464959+00:00,201,58.93,
2026-09-12T04:02:57.476721+00:00,201,58.64,
2026-09-12T04:02:57.487572+00:00,201,54.97,
2026-09-12T04:02:57.498770+00:00,201,58.19,
2026-09-12T04:02:57.509699+00:00,201,72.32,
2026-09-12T04:02:57.531588+00:00,201,59.42,
2026-09-12T04:02:57.520536+00:00,201,78.06,
2026-09-12T04:02:57.542631+00:00,201,60.35,
2026-09-12T04:02:57.553691+00:00,201,60.46,
2026-09-12T04:02:57.576608+00:00,201,59.14,
2026-09-12T04:02:57.588227+00:00,201,59.29,
2026-09-12T04:02:57.565157+00:00,201,83.08,
2026-09-12T04:02:57.598329+00:00,201,59.76,
2026-09-12T04:02:57.609175+00:00,201,66.37,
2026-09-12T04:02:57.631815+00:00,201,58.54,
2026-09-12T04:02:57.621506+00:00,201,71.7,
2026-09-12T04:02:57.642771+00:00,201,55.38,
2026-09-12T04:02:57.654232+00:00,201,58.66,
2026-09-12T04:02:57.665335+00:00,201,59.66,
2026-09-12T04:02:57.676605+00:00,201,59.03,
2026-09-12T04:02:57.687550+00:00,201,58.06,
2026-09-12T04:02:57.698569+00:00,201,56.29,
2026-09-12T04:02:57.709568+00:00,201,58.61,
2026-09-12T04:02:57.721403+00:00,201,55.5,
2026-09-12T04:02:57.732280+00:00,201,56.51,
2026-09-12T04:02:57.743060+00:00,201,53.18,
2026-09-12T04:02:57.754564+00:00,201,57.12,
2026-09-12T04:02:57.765499+00:00,201,56.9,
2026-09-12T04:02:57.777169+00:00,201,55.82,
2026-09-12T04:02:57.788102+00:00,201,54.05,
2026-09-12T04:02:57.798112+00:00,201,54.89,
2026-09-12T04:02:57.809217+00:00,201,52.6,
2026-09-12T04:02:57.820628+00:00,201,55.05,
2026-09-12T04:02:57.831952+00:00,201,50.83,
2026-09-12T04:02:57.843788+00:00,201,52.14,
2026-09-12T04:02:57.854706+00:00,201,63.08,
2026-09-12T04:02:57.865624+00:00,201,72.55,
2026-09-12T04:02:57.876588+00:00,201,62.2,
2026-09-12T04:02:57.887454+00:00,201,68.5,
2026-09-12T04:02:57.898479+00:00,201,73.64,
2026-09-12T04:02:57.920760+00:00,201,52.9,
2026-09-12T04:02:57.909685+00:00,201,76.43,
2026-09-12T04:02:57.931753+00:00,201,59.7,
2026-09-12T04:02:57.953809+00:00,201,57.11,
2026-09-12T04:02:57.942851+00:00,201,79.69,
2026-09-12T04:02:57.965066+00:00,201,59.95,
2026-09-12T04:02:57.976138+00:00,201,58.46,
2026-09-12T04:02:57.987156+00:00,201,58.09,
2026-09-12T04:02:57.998019+00:00,201,59.97,
2026-09-12T04:02:58.009220+00:00,201,57.09,
2026-09-12T04:02:58.020689+00:00,201,57.93,
2026-09-12T04:02:58.032090+00:00,201,58.17,
2026-09-12T04:02:58.043326+00:00,201,60.15,
2026-09-12T04:02:58.054032+00:00,201,65.98,
2026-09-12T04:02:58.065189+00:00,201,70.14,
2026-09-12T04:02:58.077044+00:00,201,72.77,
2026-09-12T04:02:58.088187+00:00,201,71.75,
2026-09-12T04:02:58.099294+00:00,201,66.9,
2026-09-12T04:02:58.109688+00:00,201,69.58,
2026-09-12T04:02:58.120880+00:00,201,62.7,
2026-09-12T04:02:58.131885+00:00,201,64.08,
2026-09-12T04:02:58.143905+00:00,201,62.81,
2026-09-12T04:02:58.153930+00:00,201,63.27,
2026-09-12T04:02:58.165654+00:00,201,59.46,
2026-09-12T04:02:58.176777+00:00,201,58.88,
2026-09-12T04:02:58.188114+00:00,201,52.66,
2026-09-12T04:02:58.199313+00:00,201,56.9,
2026-09-12T04:02:58.210378+00:00,201,55.24,
2026-09-12T04:02:58.221539+00:00,201,62.51,
2026-09-12T04:02:58.232511+00:00,201,53.91,
2026-09-12T04:02:58.254876+00:00,201,52.65,
2026-09-12T04:02:58.243377+00:00,201,74.89,
2026-09-12T04:02:58.266113+00:00,201,54.86,
2026-09-12T04:02:58.275951+00:00,201,55.27,
2026-09-12T04:02:58.287121+00:00,201,56.04,
2026-09-12T04:02:58.298492+00:00,201,54.22,
2026-09-12T04:02:58.310078+00:00,201,52.81,
2026-09-12T04:02:58.321347+00:00,201,53.93,
2026-09-12T04:02:58.332402+00:00,201,59.46,
2026-09-12T04:02:58.343522+00:00,201,52.87,
2026-09-12T04:02:58.365127+00:00,201,53.29,
2026-09-12T04:02:58.353635+00:00,201,75.11,
2026-09-12T04:02:58.377258+00:00,201,54.25,
2026-09-12T04:02:58.398978+00:00,201,54.59,
2026-09-12T04:02:58.387600+00:00,201,74.6,
2026-09-12T04:02:58.409696+00:00,201,58.42,
2026-09-12T04:02:58.420804+00:00,201,53.47,
2026-09-12T04:02:58.432367+00:00,201,54.11,
2026-09-12T04:02:58.442829+00:00,201,54.66,
2026-09-12T04:02:58.453844+00:00,201,52.99,
2026-09-12T04:02:58.475827+00:00,201,60.99,
2026-09-12T04:02:58.487342+00:00,201,54.12,
2026-09-12T04:02:58.465513+00:00,201,76.07,
2026-09-12T04:02:58.498072+00:00,201,57.26,
2026-09-12T04:02:58.510598+00:00,201,56.63,
2026-09-12T04:02:58.521717+00:00,201,68.3,
2026-09-12T04:02:58.536657+00:00,201,55.32,
2026-09-12T04:02:58.553927+00:00,201,55.55,
2026-09-12T04:02:58.542322+00:00,201,77.18,
2026-09-12T04:02:58.565170+00:00,201,58.49,
2026-09-12T04:02:58.576181+00:00,201,54.41,
2026-09-12T04:02:58.587401+00:00,201,58.72,
2026-09-12T04:02:58.598286+00:00,201,55.26,
2026-09-12T04:02:58.609551+00:00,201,57.35,
2026-09-12T04:02:58.621594+00:00,201,56.54,
2026-09-12T04:02:58.631497+00:00,201,57.81,
2026-09-12T04:02:58.643046+00:00,201,56.08,
2026-09-12T04:02:58.654550+00:00,201,59.36,
2026-09-12T04:02:58.665817+00:00,201,60.06,
2026-09-12T04:02:58.678068+00:00,201,57.67,
2026-09-12T04:02:58.687253+00:00,201,56.35,
2026-09-12T04:02:58.699479+00:00,201,55.68,
2026-09-12T04:02:58.709243+00:00,201,55.42,
2026-09-12T04:02:58.720480+00:00,201,55.44,
2026-09-12T04:02:58.743018+00:00,201,52.14,
2026-09-12T04:02:58.754173+00:00,201,53.01,
2026-09-12T04:02:58.731918+00:00,201,75.72,
2026-09-12T04:02:58.765145+00:00,201,70.45,
2026-09-12T04:02:58.787438+00:00,201,52.56,
2026-09-12T04:02:58.776452+00:00,201,79.15,
2026-09-12T04:02:58.809767+00:00,201,53.77,
2026-09-12T04:02:58.798688+00:00,201,76.52,
2026-09-12T04:02:58.820968+00:00,201,55.61,
2026-09-12T04:02:58.832066+00:00,201,57.06,
2026-09-12T04:02:58.853844+00:00,201,55.63,
2026-09-12T04:02:58.866046+00:00,201,53.89,
2026-09-12T04:02:58.843603+00:00,201,77.57,
2026-09-12T04:02:58.876940+00:00,201,54.3,
2026-09-12T04:02:58.888132+00:00,201,58.09,
2026-09-12T04:02:58.910342+00:00,201,51.81,
2026-09-12T04:02:58.899032+00:00,201,66.7,
2026-09-12T04:02:58.921145+00:00,201,52.35,
2026-09-12T04:02:58.932583+00:00,201,67.87,
2026-09-12T04:02:58.943765+00:00,201,57.87,
2026-09-12T04:02:58.953962+00:00,201,54.04,
2026-09-12T04:02:58.965408+00:00,201,53.82,
2026-09-12T04:02:58.976189+00:00,201,53.44,
2026-09-12T04:02:58.987183+00:00,201,52.18,
2026-09-12T04:02:58.998084+00:00,201,52.53,
2026-09-12T04:02:59.009361+00:00,201,65.26,
2026-09-12T04:02:59.032088+00:00,201,58.9,
2026-09-12T04:02:59.021154+00:00,201,82.84,
2026-09-12T04:02:59.043005+00:00,201,63.54,
2026-09-12T04:02:59.065623+00:00,201,63.95,
2026-09-12T04:02:59.054076+00:00,201,79.47,
2026-09-12T04:02:59.076697+00:00,201,58.8,
2026-09-12T04:02:59.088211+00:00,201,66.83,
2026-09-12T04:02:59.098952+00:00,201,60.28,
2026-09-12T04:02:59.120584+00:00,201,71.89,
2026-09-12T04:02:59.110297+00:00,201,85.18,
2026-09-12T04:02:59.131420+00:00,201,65.44,
2026-09-12T04:02:59.142803+00:00,201,63.47,
2026-09-12T04:02:59.153921+00:00,201,64.05,
2026-09-12T04:02:59.165914+00:00,201,63.35,
2026-09-12T04:02:59.187719+00:00,201,58.43,
2026-09-12T04:02:59.176747+00:00,201,75.82,
2026-09-12T04:02:59.198336+00:00,201,62.42,
2026-09-12T04:02:59.209775+00:00,201,66.57,
2026-09-12T04:02:59.221053+00:00,201,73.1,
2026-09-12T04:02:59.232227+00:00,201,79.52,
2026-09-12T04:02:59.243444+00:00,201,85.82,
2026-09-12T04:02:59.254966+00:00,201,91.66,
2026-09-12T04:02:59.264663+00:00,201,96.59,
2026-09-12T04:02:59.276391+00:00,201,98.42,
2026-09-12T04:02:59.287989+00:00,201,96.34,
2026-09-12T04:02:59.299127+00:00,201,93.08,
2026-09-12T04:02:59.309094+00:00,201,91.62,
2026-09-12T04:02:59.320767+00:00,201,88.39,
2026-09-12T04:02:59.332469+00:00,201,86.64,
2026-09-12T04:02:59.343758+00:00,201,79.99,
2026-09-12T04:02:59.353602+00:00,201,80.38,
2026-09-12T04:02:59.388380+00:00,201,69.83,
2026-09-12T04:02:59.365683+00:00,201,101.02,
2026-09-12T04:02:59.377035+00:00,201,92.91,
2026-09-12T04:02:59.398207+00:00,201,71.95,
2026-09-12T04:02:59.410200+00:00,201,70.23,
2026-09-12T04:02:59.421388+00:00,201,71.02,
2026-09-12T04:02:59.431409+00:00,201,72.07,
2026-09-12T04:02:59.442611+00:00,201,69.55,
2026-09-12T04:02:59.453880+00:00,201,69.14,
2026-09-12T04:02:59.466311+00:00,201,66.49,
2026-09-12T04:02:59.476767+00:00,201,65.46,
2026-09-12T04:02:59.488392+00:00,201,63.63,
2026-09-12T04:02:59.498059+00:00,201,73.03,
2026-09-12T04:02:59.509349+00:00,201,63.23,
2026-09-12T04:02:59.520658+00:00,201,64.68,
2026-09-12T04:02:59.532397+00:00,201,63.67,
2026-09-12T04:02:59.542697+00:00,201,62.7,
2026-09-12T04:02:59.554677+00:00,201,61.77,
2026-09-12T04:02:59.565917+00:00,201,62.36,
2026-09-12T04:02:59.576897+00:00,201,58.71,
2026-09-12T04:02:59.587792+00:00,201,58.63,
2026-09-12T04:02:59.599995+00:00,201,73.22,
2026-09-12T04:02:59.621384+00:00,201,74.04,
2026-09-12T04:02:59.610214+00:00,201,86.0,
2026-09-12T04:02:59.632515+00:00,201,65.63,
2026-09-12T04:02:59.643626+00:00,201,65.85,
2026-09-12T04:02:59.654781+00:00,201,66.63,
2026-09-12T04:02:59.665893+00:00,201,66.15,
2026-09-12T04:02:59.675831+00:00,201,64.24,
2026-09-12T04:02:59.687841+00:00,201,62.32,
2026-09-12T04:02:59.699557+00:00,201,70.62,
2026-09-12T04:02:59.710651+00:00,201,61.49,
2026-09-12T04:02:59.721455+00:00,201,65.78,
2026-09-12T04:02:59.732449+00:00,201,69.58,
2026-09-12T04:02:59.743563+00:00,201,81.94,
2026-09-12T04:02:59.765607+00:00,201,91.53,
2026-09-12T04:02:59.754472+00:00,201,110.61,
2026-09-12T04:02:59.780129+00:00,201,89.82,
2026-09-12T04:02:59.789132+00:00,201,91.92,
2026-09-12T04:02:59.798537+00:00,201,89.17,
2026-09-12T04:02:59.809949+00:00,201,85.13,
2026-09-12T04:02:59.821134+00:00,201,79.2,
2026-09-12T04:02:59.831633+00:00,201,77.92,
2026-09-12T04:02:59.843122+00:00,201,72.85,
2026-09-12T04:02:59.854268+00:00,201,67.91,
2026-09-12T04:02:59.865824+00:00,201,67.38,
2026-09-12T04:02:59.897997+00:00,201,59.71,
2026-09-12T04:02:59.889247+00:00,201,71.02,
2026-09-12T04:02:59.877157+00:00,201,86.12,
2026-09-12T04:02:59.922243+00:00,201,61.01,
2026-09-12T04:02:59.931355+00:00,201,63.17,
2026-09-12T04:02:59.910519+00:00,201,84.7,
2026-09-12T04:02:59.943447+00:00,201,62.21,
2026-09-12T04:02:59.954718+00:00,201,64.33,
2026-09-12T04:02:59.966044+00:00,201,78.04,
2026-09-12T04:02:59.986875+00:00,201,64.25,
2026-09-12T04:02:59.976945+00:00,201,85.56,
2026-09-12T04:03:00.009111+00:00,201,64.86,
2026-09-12T04:02:59.999439+00:00,201,79.63,
2026-09-12T04:03:00.020576+00:00,201,65.72,
2026-09-12T04:03:00.031737+00:00,201,65.02,
2026-09-12T04:03:00.042967+00:00,201,63.13,
2026-09-12T04:03:00.065253+00:00,201,66.56,
2026-09-12T04:03:00.054082+00:00,201,81.65,
2026-09-12T04:03:00.076264+00:00,201,61.96,
2026-09-12T04:03:00.087126+00:00,201,62.22,
2026-09-12T04:03:00.109437+00:00,201,69.68,
2026-09-12T04:03:00.120407+00:00,201,73.04,
2026-09-12T04:03:00.098347+00:00,201,97.68,
2026-09-12T04:03:00.131879+00:00,201,74.68,
2026-09-12T04:03:00.143448+00:00,201,80.63,
2026-09-12T04:03:00.165242+00:00,201,78.39,
2026-09-12T04:03:00.154545+00:00,201,92.38,
2026-09-12T04:03:00.187705+00:00,201,81.83,
2026-09-12T04:03:00.176072+00:00,201,97.02,
2026-09-12T04:03:00.210054+00:00,201,76.79,
2026-09-12T04:03:00.198911+00:00,201,91.52,
2026-09-12T04:03:00.221116+00:00,201,75.44,
2026-09-12T04:03:00.232541+00:00,201,72.01,
2026-09-12T04:03:00.243949+00:00,201,73.4,
2026-09-12T04:03:00.253749+00:00,201,69.87,
2026-09-12T04:03:00.265451+00:00,201,66.37,
2026-09-12T04:03:00.287231+00:00,201,58.28,
2026-09-12T04:03:00.276421+00:00,201,76.84,
2026-09-12T04:03:00.298641+00:00,201,58.43,
2026-09-12T04:03:00.309829+00:00,201,75.27,
2026-09-12T04:03:00.320891+00:00,201,82.6,
2026-09-12T04:03:00.343000+00:00,201,60.7,
2026-09-12T04:03:00.332037+00:00,201,72.19,
2026-09-12T04:03:00.353968+00:00,201,60.83,
2026-09-12T04:03:00.365368+00:00,201,66.94,
2026-09-12T04:03:00.376549+00:00,201,78.52,
2026-09-12T04:03:00.387637+00:00,201,86.71,
2026-09-12T04:03:00.398988+00:00,201,96.53,
2026-09-12T04:03:00.409251+00:00,201,87.49,
2026-09-12T04:03:00.420762+00:00,201,90.7,
2026-09-12T04:03:00.442677+00:00,201,70.14,
2026-09-12T04:03:00.432310+00:00,201,91.17,
2026-09-12T04:03:00.453916+00:00,201,73.44,
2026-09-12T04:03:00.465279+00:00,201,71.65,
2026-09-12T04:03:00.476326+00:00,201,70.64,
2026-09-12T04:03:00.487986+00:00,201,68.54,
2026-09-12T04:03:00.499355+00:00,201,68.87,
2026-09-12T04:03:00.511132+00:00,201,67.11,
2026-09-12T04:03:00.520350+00:00,201,65.13,
2026-09-12T04:03:00.531566+00:00,201,62.25,
2026-09-12T04:03:00.543312+00:00,201,60.8,
2026-09-12T04:03:00.554338+00:00,201,68.02,
2026-09-12T04:03:00.565082+00:00,201,63.35,
2026-09-12T04:03:00.576426+00:00,201,58.08,
2026-09-12T04:03:00.599101+00:00,201,57.82,
2026-09-12T04:03:00.587633+00:00,201,72.88,
2026-09-12T04:03:00.620513+00:00,201,55.5,
2026-09-12T04:03:00.609058+00:00,201,80.02,
2026-09-12T04:03:00.643108+00:00,201,59.33,
2026-09-12T04:03:00.631737+00:00,201,73.21,
2026-09-12T04:03:00.654345+00:00,201,60.72,
2026-09-12T04:03:00.676785+00:00,201,57.88,
2026-09-12T04:03:00.665485+00:00,201,81.65,
2026-09-12T04:03:00.688118+00:00,201,60.2,
2026-09-12T04:03:00.699503+00:00,201,58.11,
2026-09-12T04:03:00.709109+00:00,201,60.07,
2026-09-12T04:03:00.721584+00:00,201,58.61,
2026-09-12T04:03:00.742478+00:00,201,53.22,
2026-09-12T04:03:00.732667+00:00,201,78.9,
2026-09-12T04:03:00.753616+00:00,201,70.61,
2026-09-12T04:03:00.765351+00:00,201,74.99,
2026-09-12T04:03:00.787573+00:00,201,58.72,
2026-09-12T04:03:00.776652+00:00,201,84.37,
2026-09-12T04:03:00.810045+00:00,201,62.72,
2026-09-12T04:03:00.798760+00:00,201,78.72,
2026-09-12T04:03:00.821679+00:00,201,65.83,
2026-09-12T04:03:00.832603+00:00,201,63.67,
2026-09-12T04:03:00.842934+00:00,201,64.69,
2026-09-12T04:03:00.853716+00:00,201,59.36,
2026-09-12T04:03:00.864619+00:00,201,61.26,
2026-09-12T04:03:00.876443+00:00,201,58.28,
2026-09-12T04:03:00.887612+00:00,201,56.43,
2026-09-12T04:03:00.898331+00:00,201,56.9,
2026-09-12T04:03:00.909386+00:00,201,53.95,
2026-09-12T04:03:00.920362+00:00,201,52.56,
2026-09-12T04:03:00.931284+00:00,201,53.23,
2026-09-12T04:03:00.942416+00:00,201,57.87,
2026-09-12T04:03:00.953573+00:00,201,58.43,
2026-09-12T04:03:00.966193+00:00,201,59.53,
2026-09-12T04:03:00.977074+00:00,201,59.61,
2026-09-12T04:03:00.987386+00:00,201,57.27,
2026-09-12T04:03:00.998380+00:00,201,56.15,
2026-09-12T04:03:01.009616+00:00,201,56.64,
2026-09-12T04:03:01.021309+00:00,201,52.63,
2026-09-12T04:03:01.031662+00:00,201,53.75,
2026-09-12T04:03:01.042610+00:00,201,53.54,
2026-09-12T04:03:01.054135+00:00,201,54.66,
2026-09-12T04:03:01.065198+00:00,201,55.58,
2026-09-12T04:03:01.076182+00:00,201,61.88,
2026-09-12T04:03:01.087160+00:00,201,51.57,
2026-09-12T04:03:01.098083+00:00,201,49.49,
2026-09-12T04:03:01.120798+00:00,201,57.2,
2026-09-12T04:03:01.109088+00:00,201,81.03,
2026-09-12T04:03:01.142510+00:00,201,61.5,
2026-09-12T04:03:01.132578+00:00,201,77.25,
2026-09-12T04:03:01.153527+00:00,201,63.78,
2026-09-12T04:03:01.164638+00:00,201,61.17,
2026-09-12T04:03:01.177760+00:00,201,58.17,
2026-09-12T04:03:01.198502+00:00,201,66.34,
2026-09-12T04:03:01.187463+00:00,201,81.09,
2026-09-12T04:03:01.220477+00:00,201,53.83,
2026-09-12T04:03:01.209932+00:00,201,72.71,
2026-09-12T04:03:01.231348+00:00,201,55.84,
2026-09-12T04:03:01.253834+00:00,201,58.13,
2026-09-12T04:03:01.242629+00:00,201,81.72,
2026-09-12T04:03:01.276012+00:00,201,67.85,
2026-09-12T04:03:01.287325+00:00,201,70.26,
2026-09-12T04:03:01.264948+00:00,201,103.57,
2026-09-12T04:03:01.298708+00:00,201,76.52,
2026-09-12T04:03:01.309902+00:00,201,84.68,
2026-09-12T04:03:01.321155+00:00,201,83.56,
2026-09-12T04:03:01.332300+00:00,201,92.3,
2026-09-12T04:03:01.342798+00:00,201,93.35,
2026-09-12T04:03:01.354831+00:00,201,94.5,
2026-09-12T04:03:01.366013+00:00,201,99.89,
2026-09-12T04:03:01.375734+00:00,201,104.58,
2026-09-12T04:03:01.387457+00:00,201,111.0,
2026-09-12T04:03:01.398889+00:00,201,114.9,
2026-09-12T04:03:01.410007+00:00,201,107.19,
2026-09-12T04:03:01.420536+00:00,201,109.8,
2026-09-12T04:03:01.431485+00:00,201,105.01,
2026-09-12T04:03:01.442440+00:00,201,100.61,
2026-09-12T04:03:01.453601+00:00,201,96.86,
2026-09-12T04:03:01.477196+00:00,201,87.42,
2026-09-12T04:03:01.487120+00:00,201,85.67,
2026-09-12T04:03:01.498146+00:00,201,81.68,
2026-09-12T04:03:01.509215+00:00,201,80.04,
2026-09-12T04:03:01.464804+00:00,201,125.74,
2026-09-12T04:03:01.531487+00:00,201,76.71,
2026-09-12T04:03:01.520320+00:00,201,91.83,
2026-09-12T04:03:01.544864+00:00,201,73.76,
2026-09-12T04:03:01.554208+00:00,201,71.82,
2026-09-12T04:03:01.576999+00:00,201,69.47,
2026-09-12T04:03:01.566113+00:00,201,90.43,
2026-09-12T04:03:01.588799+00:00,201,69.62,
2026-09-12T04:03:01.609206+00:00,201,69.14,
2026-09-12T04:03:01.598335+00:00,201,89.29,
2026-09-12T04:03:01.620606+00:00,201,68.19,
2026-09-12T04:03:01.631883+00:00,201,68.9,
2026-09-12T04:03:01.664715+00:00,201,69.23,
2026-09-12T04:03:01.643022+00:00,201,92.96,
2026-09-12T04:03:01.653747+00:00,201,86.93,
2026-09-12T04:03:01.676258+00:00,201,80.97,
2026-09-12T04:03:01.687292+00:00,201,89.5,
2026-09-12T04:03:01.698886+00:00,201,94.59,
2026-09-12T04:03:01.710273+00:00,201,97.57,
2026-09-12T04:03:01.721616+00:00,201,105.45,
2026-09-12T04:03:01.732687+00:00,201,118.45,
2026-09-12T04:03:01.743309+00:00,201,118.32,
2026-09-12T04:03:01.754089+00:00,201,128.78,
2026-09-12T04:03:01.765174+00:00,201,130.0,
2026-09-12T04:03:01.776235+00:00,201,136.03,
2026-09-12T04:03:01.787034+00:00,201,141.08,
2026-09-12T04:03:01.798143+00:00,201,138.62,
2026-09-12T04:03:01.809561+00:00,201,137.84,
2026-09-12T04:03:01.821223+00:00,201,137.11,
2026-09-12T04:03:01.831405+00:00,201,130.41,
2026-09-12T04:03:01.843436+00:00,201,127.05,
2026-09-12T04:03:01.854649+00:00,201,136.45,
2026-09-12T04:03:01.875741+00:00,201,118.23,
2026-09-12T04:03:01.887207+00:00,201,112.69,
2026-09-12T04:03:01.898852+00:00,201,119.6,
2026-09-12T04:03:01.909381+00:00,201,113.8,
2026-09-12T04:03:01.864662+00:00,201,175.95,
2026-09-12T04:03:01.920795+00:00,201,122.69,
2026-09-12T04:03:01.943361+00:00,201,108.86,
2026-09-12T04:03:01.932135+00:00,201,125.06,
2026-09-12T04:03:01.955007+00:00,201,108.33,
2026-09-12T04:03:01.976157+00:00,201,104.33,
2026-09-12T04:03:01.964798+00:00,201,116.65,
2026-09-12T04:03:01.987654+00:00,201,100.61,
2026-09-12T04:03:01.998927+00:00,201,101.91,
2026-09-12T04:03:02.010337+00:00,201,95.41,
2026-09-12T04:03:02.021099+00:00,201,90.1,
2026-09-12T04:03:02.031231+00:00,201,85.68,
2026-09-12T04:03:02.043682+00:00,201,89.49,
2026-09-12T04:03:02.054388+00:00,201,91.81,
2026-09-12T04:03:02.076799+00:00,201,70.32,
2026-09-12T04:03:02.065091+00:00,201,96.01,
2026-09-12T04:03:02.098072+00:00,201,70.37,
2026-09-12T04:03:02.087304+00:00,201,87.16,
2026-09-12T04:03:02.120941+00:00,201,71.33,
2026-09-12T04:03:02.132715+00:00,201,70.7,
2026-09-12T04:03:02.111219+00:00,201,94.31,
2026-09-12T04:03:02.153915+00:00,201,68.47,
2026-09-12T04:03:02.142500+00:00,201,89.45,
2026-09-12T04:03:02.165801+00:00,201,68.2,
2026-09-12T04:03:02.187851+00:00,201,61.93,
2026-09-12T04:03:02.175859+00:00,201,81.67,
2026-09-12T04:03:02.197952+00:00,201,72.75,
2026-09-12T04:03:02.210531+00:00,201,81.56,
2026-09-12T04:03:02.231175+00:00,201,66.21,
2026-09-12T04:03:02.243223+00:00,201,65.6,
2026-09-12T04:03:02.220124+00:00,201,90.98,
2026-09-12T04:03:02.254469+00:00,201,66.13,
2026-09-12T04:03:02.265746+00:00,201,64.23,
2026-09-12T04:03:02.276352+00:00,201,61.55,
2026-09-12T04:03:02.287768+00:00,201,83.1,
2026-09-12T04:03:02.309829+00:00,201,65.6,
2026-09-12T04:03:02.299460+00:00,201,87.01,
2026-09-12T04:03:02.321214+00:00,201,66.49,
2026-09-12T04:03:02.332505+00:00,201,64.2,
2026-09-12T04:03:02.343218+00:00,201,66.15,
2026-09-12T04:03:02.354695+00:00,201,64.53,
2026-09-12T04:03:02.376142+00:00,201,62.12,
2026-09-12T04:03:02.365050+00:00,201,82.19,
2026-09-12T04:03:02.387612+00:00,201,63.5,
2026-09-12T04:03:02.409868+00:00,201,58.99,
2026-09-12T04:03:02.398800+00:00,201,78.01,
2026-09-12T04:03:02.420345+00:00,201,75.39,
2026-09-12T04:03:02.432763+00:00,201,65.54,
2026-09-12T04:03:02.443736+00:00,201,68.38,
2026-09-12T04:03:02.453525+00:00,201,71.94,
2026-09-12T04:03:02.464821+00:00,201,82.3,
2026-09-12T04:03:02.486976+00:00,201,69.66,
2026-09-12T04:03:02.475758+00:00,201,84.89,
2026-09-12T04:03:02.498987+00:00,201,70.02,
2026-09-12T04:03:02.510258+00:00,201,68.76,
2026-09-12T04:03:02.520766+00:00,201,85.81,
2026-09-12T04:03:02.542749+00:00,201,65.75,
2026-09-12T04:03:02.553964+00:00,201,65.64,
2026-09-12T04:03:02.532032+00:00,201,89.06,
2026-09-12T04:03:02.576342+00:00,201,65.02,
2026-09-12T04:03:02.587236+00:00,201,64.82,
2026-09-12T04:03:02.564798+00:00,201,88.61,
2026-09-12T04:03:02.609816+00:00,201,64.11,
2026-09-12T04:03:02.598469+00:00,201,88.27,
2026-09-12T04:03:02.621085+00:00,201,67.08,
2026-09-12T04:03:02.632320+00:00,201,67.47,
2026-09-12T04:03:02.643400+00:00,201,64.33,
2026-09-12T04:03:02.654607+00:00,201,63.54,
2026-09-12T04:03:02.665783+00:00,201,58.88,
2026-09-12T04:03:02.699786+00:00,201,64.48,
2026-09-12T04:03:02.677218+00:00,201,87.72,
2026-09-12T04:03:02.688207+00:00,201,87.67,
2026-09-12T04:03:02.721101+00:00,201,64.39,
2026-09-12T04:03:02.710091+00:00,201,87.33,
2026-09-12T04:03:02.742468+00:00,201,65.13,
2026-09-12T04:03:02.732722+00:00,201,75.95,
2026-09-12T04:03:02.754608+00:00,201,63.15,
2026-09-12T04:03:02.765719+00:00,201,63.72,
2026-09-12T04:03:02.777059+00:00,201,58.21,
2026-09-12T04:03:02.798472+00:00,201,56.0,
2026-09-12T04:03:02.786872+00:00,201,78.91,
2026-09-12T04:03:02.821555+00:00,201,57.94,
2026-09-12T04:03:02.809554+00:00,201,87.05,
2026-09-12T04:03:02.842665+00:00,201,78.39,
2026-09-12T04:03:02.831600+00:00,201,117.79,
2026-09-12T04:03:02.854537+00:00,201,97.76,
2026-09-12T04:03:02.865787+00:00,201,99.54,
2026-09-12T04:03:02.876938+00:00,201,99.97,
2026-09-12T04:03:02.888217+00:00,201,97.23,
2026-09-12T04:03:02.903000+00:00,201,89.22,
2026-09-12T04:03:02.909480+00:00,201,87.14,
2026-09-12T04:03:02.921510+00:00,201,87.36,
2026-09-12T04:03:02.932681+00:00,201,83.32,
2026-09-12T04:03:02.942648+00:00,201,80.52,
2026-09-12T04:03:02.953703+00:00,201,77.12,
2026-09-12T04:03:02.965383+00:00,201,73.91,
2026-09-12T04:03:02.976197+00:00,201,72.94,
2026-09-12T04:03:02.987812+00:00,201,67.97,
2026-09-12T04:03:02.999415+00:00,201,65.9,
2026-09-12T04:03:03.020763+00:00,201,64.94,
2026-09-12T04:03:03.009099+00:00,201,82.22,
2026-09-12T04:03:03.043135+00:00,201,64.45,
2026-09-12T04:03:03.054737+00:00,201,65.13,
2026-09-12T04:03:03.031901+00:00,201,92.6,
2026-09-12T04:03:03.065747+00:00,201,65.25,
2026-09-12T04:03:03.088390+00:00,201,62.31,
2026-09-12T04:03:03.077099+00:00,201,74.12,
2026-09-12T04:03:03.098285+00:00,201,61.07,
2026-09-12T04:03:03.120952+00:00,201,56.04,
2026-09-12T04:03:03.109501+00:00,201,71.15,
2026-09-12T04:03:03.143575+00:00,201,57.18,
2026-09-12T04:03:03.132474+00:00,201,77.01,
2026-09-12T04:03:03.154874+00:00,201,71.77,
2026-09-12T04:03:03.177237+00:00,201,61.54,
2026-09-12T04:03:03.164757+00:00,201,84.76,
2026-09-12T04:03:03.198598+00:00,201,65.07,
2026-09-12T04:03:03.187191+00:00,201,80.94,
2026-09-12T04:03:03.220543+00:00,201,65.67,
2026-09-12T04:03:03.231964+00:00,201,67.89,
2026-09-12T04:03:03.209629+00:00,201,90.52,
2026-09-12T04:03:03.243141+00:00,201,64.51,
2026-09-12T04:03:03.254561+00:00,201,64.29,
2026-09-12T04:03:03.264498+00:00,201,66.16,
2026-09-12T04:03:03.287612+00:00,201,62.5,
2026-09-12T04:03:03.275966+00:00,201,82.58,
2026-09-12T04:03:03.309417+00:00,201,59.47,
2026-09-12T04:03:03.300185+00:00,201,72.29,
2026-09-12T04:03:03.332289+00:00,201,64.62,
2026-09-12T04:03:03.320784+00:00,201,87.88,
2026-09-12T04:03:03.353482+00:00,201,61.97,
2026-09-12T04:03:03.343291+00:00,201,80.22,
2026-09-12T04:03:03.364807+00:00,201,66.17,
2026-09-12T04:03:03.376713+00:00,201,126.97,
2026-09-12T04:03:03.399283+00:00,201,106.44,
2026-09-12T04:03:03.388058+00:00,201,118.86,
2026-09-12T04:03:03.410446+00:00,201,96.76,
2026-09-12T04:03:03.420364+00:00,201,92.11,
2026-09-12T04:03:03.431436+00:00,201,93.12,
2026-09-12T04:03:03.454645+00:00,201,89.98,
2026-09-12T04:03:03.444346+00:00,201,101.27,
2026-09-12T04:03:03.476375+00:00,201,90.0,
2026-09-12T04:03:03.466060+00:00,201,110.93,
2026-09-12T04:03:03.488299+00:00,201,92.04,
2026-09-12T04:03:03.499409+00:00,201,86.84,
2026-09-12T04:03:03.509509+00:00,201,80.66,
2026-09-12T04:03:03.520903+00:00,201,84.0,
2026-09-12T04:03:03.543628+00:00,201,80.69,
2026-09-12T04:03:03.532730+00:00,201,96.08,
2026-09-12T04:03:03.566009+00:00,201,78.12,
2026-09-12T04:03:03.554301+00:00,201,90.79,
2026-09-12T04:03:03.577162+00:00,201,74.81,
2026-09-12T04:03:03.587297+00:00,201,74.12,
2026-09-12T04:03:03.598549+00:00,201,75.43,
2026-09-12T04:03:03.610369+00:00,201,73.46,
2026-09-12T04:03:03.621195+00:00,201,72.4,
2026-09-12T04:03:03.632170+00:00,201,76.51,
2026-09-12T04:03:03.644014+00:00,201,69.06,
2026-09-12T04:03:03.653740+00:00,201,65.9,
2026-09-12T04:03:03.666114+00:00,201,64.98,
2026-09-12T04:03:03.687140+00:00,201,62.97,
2026-09-12T04:03:03.675873+00:00,201,78.8,
2026-09-12T04:03:03.698757+00:00,201,62.74,
2026-09-12T04:03:03.709545+00:00,201,63.46,
2026-09-12T04:03:03.720704+00:00,201,65.81,
2026-09-12T04:03:03.743221+00:00,201,64.39,
2026-09-12T04:03:03.731990+00:00,201,86.23,
2026-09-12T04:03:03.754647+00:00,201,65.54,
2026-09-12T04:03:03.764850+00:00,201,61.81,
2026-09-12T04:03:03.776516+00:00,201,58.74,
2026-09-12T04:03:03.798780+00:00,201,59.0,
2026-09-12T04:03:03.787489+00:00,201,70.35,
2026-09-12T04:03:03.820821+00:00,201,56.85,
2026-09-12T04:03:03.809773+00:00,201,77.65,
2026-09-12T04:03:03.831557+00:00,201,71.3,
2026-09-12T04:03:03.854125+00:00,201,55.73,
2026-09-12T04:03:03.842572+00:00,201,80.56,
2026-09-12T04:03:03.865535+00:00,201,68.77,
2026-09-12T04:03:03.876643+00:00,201,73.66,
2026-09-12T04:03:03.899383+00:00,201,57.26,
2026-09-12T04:03:03.887808+00:00,201,84.4,
2026-09-12T04:03:03.909864+00:00,201,63.19,
2026-09-12T04:03:03.920661+00:00,201,64.77,
2026-09-12T04:03:03.931694+00:00,201,64.1,
2026-09-12T04:03:03.942520+00:00,201,62.85,
2026-09-12T04:03:03.953595+00:00,201,60.33,
2026-09-12T04:03:03.965124+00:00,201,56.22,
2026-09-12T04:03:03.976753+00:00,201,53.82,
2026-09-12T04:03:03.998148+00:00,201,52.77,
2026-09-12T04:03:03.987179+00:00,201,71.99,
2026-09-12T04:03:04.009548+00:00,201,53.57,
2026-09-12T04:03:04.020873+00:00,201,53.84,
2026-09-12T04:03:04.043390+00:00,201,53.39,
2026-09-12T04:03:04.032139+00:00,201,73.57,
2026-09-12T04:03:04.054910+00:00,201,52.4,
2026-09-12T04:03:04.064645+00:00,201,73.73,
2026-09-12T04:03:04.088281+00:00,201,53.67,
2026-09-12T04:03:04.077139+00:00,201,78.79,
2026-09-12T04:03:04.099188+00:00,201,58.06,
2026-09-12T04:03:04.120496+00:00,201,56.76,
2026-09-12T04:03:04.110549+00:00,201,79.73,
2026-09-12T04:03:04.142591+00:00,201,54.89,
2026-09-12T04:03:04.131413+00:00,201,70.28,
2026-09-12T04:03:04.153873+00:00,201,60.16,
2026-09-12T04:03:04.165935+00:00,201,58.77,
2026-09-12T04:03:04.177298+00:00,201,60.13,
2026-09-12T04:03:04.187540+00:00,201,59.84,
2026-09-12T04:03:04.199020+00:00,201,61.04,
2026-09-12T04:03:04.209923+00:00,201,58.52,
2026-09-12T04:03:04.220807+00:00,201,81.81,
2026-09-12T04:03:04.232017+00:00,201,72.44,
2026-09-12T04:03:04.243260+00:00,201,64.26,
2026-09-12T04:03:04.254537+00:00,201,60.17,
2026-09-12T04:03:04.265686+00:00,201,62.59,
2026-09-12T04:03:04.275880+00:00,201,63.31,
2026-09-12T04:03:04.287143+00:00,201,61.61,
2026-09-12T04:03:04.298343+00:00,201,62.61,
2026-09-12T04:03:04.310114+00:00,201,59.83,
2026-09-12T04:03:04.321281+00:00,201,72.49,
2026-09-12T04:03:04.353620+00:00,201,55.9,
2026-09-12T04:03:04.342550+00:00,201,69.92,
2026-09-12T04:03:04.331409+00:00,201,81.82,
2026-09-12T04:03:04.364739+00:00,201,60.47,
2026-09-12T04:03:04.375800+00:00,201,60.01,
2026-09-12T04:03:04.387044+00:00,201,58.48,
2026-09-12T04:03:04.409336+00:00,201,54.7,
2026-09-12T04:03:04.399481+00:00,201,74.49,
2026-09-12T04:03:04.420812+00:00,201,67.9,
2026-09-12T04:03:04.443390+00:00,201,62.58,
2026-09-12T04:03:04.431681+00:00,201,78.61,
2026-09-12T04:03:04.454299+00:00,201,62.0,
2026-09-12T04:03:04.465577+00:00,201,64.09,
2026-09-12T04:03:04.476644+00:00,201,62.81,
2026-09-12T04:03:04.487944+00:00,201,60.85,
2026-09-12T04:03:04.498644+00:00,201,61.58,
2026-09-12T04:03:04.509923+00:00,201,57.72,
2026-09-12T04:03:04.521664+00:00,201,55.35,
2026-09-12T04:03:04.532370+00:00,201,57.05,
2026-09-12T04:03:04.542855+00:00,201,58.07,
2026-09-12T04:03:04.554876+00:00,201,56.42,
2026-09-12T04:03:04.566079+00:00,201,57.16,
2026-09-12T04:03:04.587040+00:00,201,54.07,
2026-09-12T04:03:04.577258+00:00,201,66.07,
2026-09-12T04:03:04.598259+00:00,201,54.63,
2026-09-12T04:03:04.609479+00:00,201,56.57,
2026-09-12T04:03:04.620264+00:00,201,67.33,
2026-09-12T04:03:04.632231+00:00,201,71.34,
2026-09-12T04:03:04.654970+00:00,201,52.09,
2026-09-12T04:03:04.666021+00:00,201,56.28,
2026-09-12T04:03:04.643579+00:00,201,81.33,
2026-09-12T04:03:04.687564+00:00,201,55.66,
2026-09-12T04:03:04.676340+00:00,201,80.27,
2026-09-12T04:03:04.698572+00:00,201,59.08,
2026-09-12T04:03:04.710138+00:00,201,58.48,
2026-09-12T04:03:04.721437+00:00,201,60.48,
2026-09-12T04:03:04.732617+00:00,201,61.19,
2026-09-12T04:03:04.743703+00:00,201,58.29,
2026-09-12T04:03:04.754859+00:00,201,61.66,
2026-09-12T04:03:04.766372+00:00,201,58.78,
2026-09-12T04:03:04.777012+00:00,201,57.75,
2026-09-12T04:03:04.788064+00:00,201,54.77,
2026-09-12T04:03:04.798577+00:00,201,59.17,
2026-09-12T04:03:04.821161+00:00,201,58.54,
2026-09-12T04:03:04.809874+00:00,201,73.01,
2026-09-12T04:03:04.832382+00:00,201,58.94,
2026-09-12T04:03:04.844052+00:00,201,59.6,
2026-09-12T04:03:04.854610+00:00,201,59.7,
2026-09-12T04:03:04.865891+00:00,201,58.86,
2026-09-12T04:03:04.877140+00:00,201,56.02,
2026-09-12T04:03:04.886878+00:00,201,53.26,
2026-09-12T04:03:04.899306+00:00,201,54.44,
2026-09-12T04:03:04.909051+00:00,201,62.63,
2026-09-12T04:03:04.920669+00:00,201,55.93,
2026-09-12T04:03:04.931588+00:00,201,53.12,
2026-09-12T04:03:04.943244+00:00,201,53.09,
2026-09-12T04:03:04.954621+00:00,201,54.63,
2026-09-12T04:03:04.965630+00:00,201,56.22,
2026-09-12T04:03:04.976683+00:00,201,56.44,
2026-09-12T04:03:04.998840+00:00,201,54.16,
2026-09-12T04:03:04.987887+00:00,201,66.94,
2026-09-12T04:03:05.009868+00:00,201,56.71,
2026-09-12T04:03:05.021864+00:00,201,54.16,
2026-09-12T04:03:05.032181+00:00,201,56.74,
2026-09-12T04:03:05.043060+00:00,201,53.71,
2026-09-12T04:03:05.054018+00:00,201,54.34,
2026-09-12T04:03:05.065380+00:00,201,54.11,
2026-09-12T04:03:05.076624+00:00,201,52.37,
2026-09-12T04:03:05.099461+00:00,201,49.16,
2026-09-12T04:03:05.088668+00:00,201,69.09,
2026-09-12T04:03:05.109352+00:00,201,70.07,
2026-09-12T04:03:05.120499+00:00,201,74.35,
2026-09-12T04:03:05.143838+00:00,201,52.05,
2026-09-12T04:03:05.131613+00:00,201,77.34,
2026-09-12T04:03:05.154878+00:00,201,55.8,
2026-09-12T04:03:05.165098+00:00,201,57.33,
2026-09-12T04:03:05.176242+00:00,201,58.26,
2026-09-12T04:03:05.198738+00:00,201,53.15,
2026-09-12T04:03:05.187108+00:00,201,69.98,
2026-09-12T04:03:05.209749+00:00,201,55.09,
2026-09-12T04:03:05.220907+00:00,201,57.19,
2026-09-12T04:03:05.232022+00:00,201,57.28,
2026-09-12T04:03:05.242489+00:00,201,53.36,
2026-09-12T04:03:05.253812+00:00,201,54.68,
2026-09-12T04:03:05.265874+00:00,201,51.59,
2026-09-12T04:03:05.276578+00:00,201,53.01,
2026-09-12T04:03:05.288284+00:00,201,55.31,
2026-09-12T04:03:05.299492+00:00,201,51.86,
2026-09-12T04:03:05.309140+00:00,201,52.65,
2026-09-12T04:03:05.320260+00:00,201,52.29,
2026-09-12T04:03:05.331741+00:00,201,51.38,
2026-09-12T04:03:05.343388+00:00,201,52.83,
2026-09-12T04:03:05.354016+00:00,201,52.42,
2026-09-12T04:03:05.365124+00:00,201,51.48,
2026-09-12T04:03:05.376286+00:00,201,51.34,
2026-09-12T04:03:05.398692+00:00,201,50.11,
2026-09-12T04:03:05.409743+00:00,201,53.68,
2026-09-12T04:03:05.387808+00:00,201,75.81,
2026-09-12T04:03:05.420749+00:00,201,51.69,
2026-09-12T04:03:05.443601+00:00,201,52.88,
2026-09-12T04:03:05.455016+00:00,201,52.17,
2026-09-12T04:03:05.432554+00:00,201,76.16,
2026-09-12T04:03:05.475739+00:00,201,54.9,
2026-09-12T04:03:05.487277+00:00,201,56.75,
2026-09-12T04:03:05.466147+00:00,201,79.96,
2026-09-12T04:03:05.498331+00:00,201,59.76,
2026-09-12T04:03:05.509350+00:00,201,60.38,
2026-09-12T04:03:05.520514+00:00,201,60.43,
2026-09-12T04:03:05.532177+00:00,201,56.0,
2026-09-12T04:03:05.543187+00:00,201,53.41,
2026-09-12T04:03:05.564731+00:00,201,52.02,
2026-09-12T04:03:05.553771+00:00,201,67.77,
2026-09-12T04:03:05.575844+00:00,201,53.23,
2026-09-12T04:03:05.587275+00:00,201,55.52,
2026-09-12T04:03:05.598486+00:00,201,56.24,
2026-09-12T04:03:05.609306+00:00,201,55.97,
2026-09-12T04:03:05.620610+00:00,201,54.89,
2026-09-12T04:03:05.631678+00:00,201,54.56,
2026-09-12T04:03:05.654473+00:00,201,52.44,
2026-09-12T04:03:05.642620+00:00,201,68.14,
2026-09-12T04:03:05.665176+00:00,201,53.2,
2026-09-12T04:03:05.687810+00:00,201,51.89,
2026-09-12T04:03:05.676532+00:00,201,70.63,
2026-09-12T04:03:05.699083+00:00,201,53.84,
2026-09-12T04:03:05.710098+00:00,201,52.75,
2026-09-12T04:03:05.732168+00:00,201,50.47,
2026-09-12T04:03:05.721168+00:00,201,72.56,
2026-09-12T04:03:05.743374+00:00,201,54.3,
2026-09-12T04:03:05.754661+00:00,201,57.24,
2026-09-12T04:03:05.764763+00:00,201,58.91,
2026-09-12T04:03:05.775829+00:00,201,61.93,
2026-09-12T04:03:05.786948+00:00,201,56.09,
2026-09-12T04:03:05.799498+00:00,201,55.85,
2026-09-12T04:03:05.809457+00:00,201,55.83,
2026-09-12T04:03:05.820960+00:00,201,54.09,
2026-09-12T04:03:05.832509+00:00,201,53.62,
2026-09-12T04:03:05.843582+00:00,201,52.31,
2026-09-12T04:03:05.853811+00:00,201,52.68,
2026-09-12T04:03:05.864954+00:00,201,51.25,
2026-09-12T04:03:05.888328+00:00,201,48.47,
2026-09-12T04:03:05.876904+00:00,201,73.35,
2026-09-12T04:03:05.899474+00:00,201,51.38,
2026-09-12T04:03:05.910504+00:00,201,52.8,
2026-09-12T04:03:05.920154+00:00,201,53.25,
2026-09-12T04:03:05.933082+00:00,201,52.51,
2026-09-12T04:03:05.943642+00:00,201,53.44,
2026-09-12T04:03:05.954931+00:00,201,52.24,
2026-09-12T04:03:05.966014+00:00,201,50.54,
2026-09-12T04:03:05.976376+00:00,201,52.59,
2026-09-12T04:03:05.998067+00:00,201,49.53,
2026-09-12T04:03:05.987414+00:00,201,73.82,
2026-09-12T04:03:06.010947+00:00,201,65.2,
2026-09-12T04:03:06.021493+00:00,201,55.19,
2026-09-12T04:03:06.032709+00:00,201,55.53,
2026-09-12T04:03:06.042597+00:00,201,55.3,
2026-09-12T04:03:06.054759+00:00,201,54.19,
2026-09-12T04:03:06.065874+00:00,201,50.12,
2026-09-12T04:03:06.077510+00:00,201,51.52,
2026-09-12T04:03:06.098681+00:00,201,57.34,
2026-09-12T04:03:06.087803+00:00,201,83.71,
2026-09-12T04:03:06.109375+00:00,201,81.13,
2026-09-12T04:03:06.120730+00:00,201,79.65,
2026-09-12T04:03:06.132033+00:00,201,91.47,
2026-09-12T04:03:06.143592+00:00,201,89.7,
2026-09-12T04:03:06.153454+00:00,201,95.85,
2026-09-12T04:03:06.165388+00:00,201,94.84,
2026-09-12T04:03:06.177124+00:00,201,91.44,
2026-09-12T04:03:06.187979+00:00,201,95.74,
2026-09-12T04:03:06.199228+00:00,201,88.23,
2026-09-12T04:03:06.209088+00:00,201,87.18,
2026-09-12T04:03:06.220545+00:00,201,85.73,
2026-09-12T04:03:06.233264+00:00,201,83.55,
2026-09-12T04:03:06.243867+00:00,201,83.7,
2026-09-12T04:03:06.253494+00:00,201,80.73,
2026-09-12T04:03:06.264730+00:00,201,78.82,
2026-09-12T04:03:06.276589+00:00,201,75.91,
2026-09-12T04:03:06.299474+00:00,201,75.63,
2026-09-12T04:03:06.288086+00:00,201,94.85,
2026-09-12T04:03:06.309220+00:00,201,78.21,
2026-09-12T04:03:06.320829+00:00,201,71.94,
2026-09-12T04:03:06.331519+00:00,201,70.37,
2026-09-12T04:03:06.354250+00:00,201,64.15,
2026-09-12T04:03:06.342370+00:00,201,77.46,
2026-09-12T04:03:06.377224+00:00,201,65.14,
2026-09-12T04:03:06.365340+00:00,201,88.28,
2026-09-12T04:03:06.399440+00:00,201,68.61,
2026-09-12T04:03:06.387067+00:00,201,83.49,
2026-09-12T04:03:06.409296+00:00,201,65.09,
2026-09-12T04:03:06.420354+00:00,201,67.29,
2026-09-12T04:03:06.431721+00:00,201,64.1,
2026-09-12T04:03:06.443012+00:00,201,83.81,
2026-09-12T04:03:06.465424+00:00,201,63.7,
2026-09-12T04:03:06.454794+00:00,201,88.15,
2026-09-12T04:03:06.486924+00:00,201,62.91,
2026-09-12T04:03:06.476282+00:00,201,81.31,
2026-09-12T04:03:06.497834+00:00,201,65.1,
2026-09-12T04:03:06.510579+00:00,201,63.03,
2026-09-12T04:03:06.520188+00:00,201,82.33,
2026-09-12T04:03:06.532114+00:00,201,82.11,
2026-09-12T04:03:06.554006+00:00,201,60.45,
2026-09-12T04:03:06.543437+00:00,201,71.97,
2026-09-12T04:03:06.576385+00:00,201,60.52,
2026-09-12T04:03:06.564925+00:00,201,86.23,
2026-09-12T04:03:06.598940+00:00,201,61.41,
2026-09-12T04:03:06.587640+00:00,201,76.16,
2026-09-12T04:03:06.610486+00:00,201,60.66,
2026-09-12T04:03:06.620222+00:00,201,60.35,
2026-09-12T04:03:06.643366+00:00,201,57.16,
2026-09-12T04:03:06.654482+00:00,201,54.25,
2026-09-12T04:03:06.631266+00:00,201,78.05,
2026-09-12T04:03:06.665595+00:00,201,76.81,
2026-09-12T04:03:06.687884+00:00,201,68.12,
2026-09-12T04:03:06.677139+00:00,201,79.81,
2026-09-12T04:03:06.698823+00:00,201,63.18,
2026-09-12T04:03:06.709786+00:00,201,59.74,
2026-09-12T04:03:06.721455+00:00,201,60.57,
2026-09-12T04:03:06.732522+00:00,201,58.89,
2026-09-12T04:03:06.743521+00:00,201,57.91,
2026-09-12T04:03:06.753951+00:00,201,57.89,
2026-09-12T04:03:06.764965+00:00,201,57.91,
2026-09-12T04:03:06.787122+00:00,201,55.65,
2026-09-12T04:03:06.776100+00:00,201,72.62,
2026-09-12T04:03:06.798564+00:00,201,54.5,
2026-09-12T04:03:06.809706+00:00,201,52.89,
2026-09-12T04:03:06.820808+00:00,201,57.13,
2026-09-12T04:03:06.842864+00:00,201,53.42,
2026-09-12T04:03:06.854974+00:00,201,55.18,
2026-09-12T04:03:06.831962+00:00,201,81.42,
2026-09-12T04:03:06.875869+00:00,201,57.33,
2026-09-12T04:03:06.866046+00:00,201,76.96,
2026-09-12T04:03:06.898509+00:00,201,55.36,
2026-09-12T04:03:06.887463+00:00,201,73.68,
2026-09-12T04:03:06.910198+00:00,201,63.81,
2026-09-12T04:03:06.920990+00:00,201,60.82,
2026-09-12T04:03:06.932838+00:00,201,66.39,
2026-09-12T04:03:06.954718+00:00,201,63.06,
2026-09-12T04:03:06.965352+00:00,201,64.22,
2026-09-12T04:03:06.943321+00:00,201,88.0,
2026-09-12T04:03:06.976437+00:00,201,64.14,
2026-09-12T04:03:06.987358+00:00,201,61.56,
2026-09-12T04:03:07.010202+00:00,201,56.38,
2026-09-12T04:03:06.999076+00:00,201,72.89,
2026-09-12T04:03:07.043181+00:00,201,58.33,
2026-09-12T04:03:07.021139+00:00,201,82.63,
2026-09-12T04:03:07.032170+00:00,201,73.43,
2026-09-12T04:03:07.054355+00:00,201,58.43,
2026-09-12T04:03:07.065503+00:00,201,71.02,
2026-09-12T04:03:07.076797+00:00,201,76.8,
2026-09-12T04:03:07.098762+00:00,201,62.16,
2026-09-12T04:03:07.087788+00:00,201,82.32,
2026-09-12T04:03:07.109546+00:00,201,64.07,
2026-09-12T04:03:07.120845+00:00,201,63.57,
2026-09-12T04:03:07.132077+00:00,201,62.38,
2026-09-12T04:03:07.143380+00:00,201,62.32,
2026-09-12T04:03:07.153922+00:00,201,60.77,
2026-09-12T04:03:07.175954+00:00,201,54.78,
2026-09-12T04:03:07.164752+00:00,201,81.63,
2026-09-12T04:03:07.186959+00:00,201,61.04,
2026-09-12T04:03:07.198273+00:00,201,59.36,
2026-09-12T04:03:07.209366+00:00,201,59.83,
2026-09-12T04:03:07.220618+00:00,201,61.41,
2026-09-12T04:03:07.231818+00:00,201,59.1,
2026-09-12T04:03:07.242931+00:00,201,62.88,
2026-09-12T04:03:07.264968+00:00,201,62.18,
2026-09-12T04:03:07.253999+00:00,201,76.41,
2026-09-12T04:03:07.276559+00:00,201,62.08,
2026-09-12T04:03:07.287766+00:00,201,65.03,
2026-09-12T04:03:07.299385+00:00,201,61.14,
2026-09-12T04:03:07.309114+00:00,201,64.63,
2026-09-12T04:03:07.320562+00:00,201,59.54,
2026-09-12T04:03:07.331298+00:00,201,58.81,
2026-09-12T04:03:07.342750+00:00,201,61.38,
2026-09-12T04:03:07.375882+00:00,201,58.74,
2026-09-12T04:03:07.365966+00:00,201,70.24,
2026-09-12T04:03:07.354816+00:00,201,83.87,
2026-09-12T04:03:07.388362+00:00,201,60.42,
2026-09-12T04:03:07.399331+00:00,201,59.64,
2026-09-12T04:03:07.409034+00:00,201,73.76,
2026-09-12T04:03:07.431661+00:00,201,56.69,
2026-09-12T04:03:07.420668+00:00,201,77.16,
2026-09-12T04:03:07.443530+00:00,201,68.45,
2026-09-12T04:03:07.454961+00:00,201,73.99,
2026-09-12T04:03:07.476137+00:00,201,59.09,
2026-09-12T04:03:07.464946+00:00,201,83.78,
2026-09-12T04:03:07.487501+00:00,201,64.25,
2026-09-12T04:03:07.510009+00:00,201,64.47,
2026-09-12T04:03:07.520187+00:00,201,60.25,
2026-09-12T04:03:07.498827+00:00,201,83.78,
2026-09-12T04:03:07.532813+00:00,201,61.53,
2026-09-12T04:03:07.542993+00:00,201,58.22,
2026-09-12T04:03:07.554003+00:00,201,60.42,
2026-09-12T04:03:07.565077+00:00,201,57.7,
2026-09-12T04:03:07.576419+00:00,201,56.09,
2026-09-12T04:03:07.586840+00:00,201,55.57,
2026-09-12T04:03:07.609341+00:00,201,53.37,
2026-09-12T04:03:07.598015+00:00,201,70.01,
2026-09-12T04:03:07.620415+00:00,201,53.17,
2026-09-12T04:03:07.632600+00:00,201,53.8,
2026-09-12T04:03:07.643936+00:00,201,68.55,
2026-09-12T04:03:07.676900+00:00,201,53.41,
2026-09-12T04:03:07.665322+00:00,201,65.49,
2026-09-12T04:03:07.654085+00:00,201,80.13,
2026-09-12T04:03:07.698599+00:00,201,54.64,
2026-09-12T04:03:07.687509+00:00,201,76.36,
2026-09-12T04:03:07.709914+00:00,201,55.82,
2026-09-12T04:03:07.731786+00:00,201,55.82,
2026-09-12T04:03:07.720687+00:00,201,77.11,
2026-09-12T04:03:07.742386+00:00,201,55.83,
2026-09-12T04:03:07.753671+00:00,201,58.59,
2026-09-12T04:03:07.764826+00:00,201,56.45,
2026-09-12T04:03:07.776112+00:00,201,65.44,
2026-09-12T04:03:07.787691+00:00,201,54.44,
2026-09-12T04:03:07.809900+00:00,201,51.38,
2026-09-12T04:03:07.798558+00:00,201,71.61,
2026-09-12T04:03:07.832283+00:00,201,56.08,
2026-09-12T04:03:07.821303+00:00,201,69.84,
2026-09-12T04:03:07.843701+00:00,201,61.39,
2026-09-12T04:03:07.853442+00:00,201,56.15,
2026-09-12T04:03:07.864619+00:00,201,57.46,
2026-09-12T04:03:07.875851+00:00,201,53.97,
2026-09-12T04:03:07.910762+00:00,201,53.34,
2026-09-12T04:03:07.899338+00:00,201,71.52,
2026-09-12T04:03:07.888271+00:00,201,83.6,
2026-09-12T04:03:07.921347+00:00,201,55.67,
2026-09-12T04:03:07.932412+00:00,201,57.57,
2026-09-12T04:03:07.942913+00:00,201,58.57,
2026-09-12T04:03:07.954320+00:00,201,53.49,
2026-09-12T04:03:07.965702+00:00,201,54.84,
2026-09-12T04:03:07.976504+00:00,201,53.4,
2026-09-12T04:03:07.987818+00:00,201,55.08,
2026-09-12T04:03:07.998964+00:00,201,53.08,
2026-09-12T04:03:08.009865+00:00,201,51.6,
2026-09-12T04:03:08.032426+00:00,201,49.68,
2026-09-12T04:03:08.021174+00:00,201,76.09,
2026-09-12T04:03:08.043455+00:00,201,55.92,
2026-09-12T04:03:08.066135+00:00,201,61.58,
2026-09-12T04:03:08.054639+00:00,201,77.91,
2026-09-12T04:03:08.075629+00:00,201,61.6,
2026-09-12T04:03:08.088363+00:00,201,67.21,
2026-09-12T04:03:08.098488+00:00,201,63.24,
2026-09-12T04:03:08.109965+00:00,201,60.64,
2026-09-12T04:03:08.132265+00:00,201,57.97,
2026-09-12T04:03:08.121063+00:00,201,73.26,
2026-09-12T04:03:08.143809+00:00,201,55.64,
2026-09-12T04:03:08.154556+00:00,201,56.5,
2026-09-12T04:03:08.166133+00:00,201,55.01,
2026-09-12T04:03:08.187047+00:00,201,53.37,
2026-09-12T04:03:08.177190+00:00,201,75.46,
2026-09-12T04:03:08.199318+00:00,201,54.16,
2026-09-12T04:03:08.210424+00:00,201,54.24,
2026-09-12T04:03:08.220798+00:00,201,53.74,
2026-09-12T04:03:08.243104+00:00,201,57.43,
2026-09-12T04:03:08.231440+00:00,201,72.93,
2026-09-12T04:03:08.265258+00:00,201,64.42,
2026-09-12T04:03:08.276459+00:00,201,65.27,
2026-09-12T04:03:08.254324+00:00,201,91.74,
2026-09-12T04:03:08.287813+00:00,201,62.01,
2026-09-12T04:03:08.298186+00:00,201,66.24,
2026-09-12T04:03:08.309942+00:00,201,58.1,
2026-09-12T04:03:08.320364+00:00,201,57.15,
2026-09-12T04:03:08.343602+00:00,201,58.23,
2026-09-12T04:03:08.332569+00:00,201,78.27,
2026-09-12T04:03:08.365103+00:00,201,57.91,
2026-09-12T04:03:08.353850+00:00,201,72.64,
2026-09-12T04:03:08.376601+00:00,201,57.95,
2026-09-12T04:03:08.387798+00:00,201,57.19,
2026-09-12T04:03:08.398827+00:00,201,57.88,
2026-09-12T04:03:08.409984+00:00,201,59.11,
2026-09-12T04:03:08.420413+00:00,201,67.14,
2026-09-12T04:03:08.432124+00:00,201,63.71,
2026-09-12T04:03:08.443308+00:00,201,58.19,
2026-09-12T04:03:08.454759+00:00,201,57.55,
2026-09-12T04:03:08.465663+00:00,201,60.54,
2026-09-12T04:03:08.477072+00:00,201,57.74,
2026-09-12T04:03:08.488266+00:00,201,56.67,
2026-09-12T04:03:08.499378+00:00,201,57.67,
2026-09-12T04:03:08.510384+00:00,201,54.21,
2026-09-12T04:03:08.521183+00:00,201,55.62,
2026-09-12T04:03:08.532331+00:00,201,52.9,
2026-09-12T04:03:08.543186+00:00,201,54.2,
2026-09-12T04:03:08.554621+00:00,201,54.17,
2026-09-12T04:03:08.565336+00:00,201,52.5,
2026-09-12T04:03:08.576279+00:00,201,61.97,
2026-09-12T04:03:08.598956+00:00,201,51.27,
2026-09-12T04:03:08.587579+00:00,201,73.65,
2026-09-12T04:03:08.620520+00:00,201,56.72,
2026-09-12T04:03:08.609782+00:00,201,68.78,
2026-09-12T04:03:08.631615+00:00,201,57.19,
2026-09-12T04:03:08.642499+00:00,201,57.55,
2026-09-12T04:03:08.653609+00:00,201,58.95,
2026-09-12T04:03:08.665103+00:00,201,57.1,
2026-09-12T04:03:08.676137+00:00,201,55.31,
2026-09-12T04:03:08.687879+00:00,201,53.66,
2026-09-12T04:03:08.699145+00:00,201,55.25,
2026-09-12T04:03:08.710143+00:00,201,51.84,
2026-09-12T04:03:08.722031+00:00,201,53.08,
2026-09-12T04:03:08.732549+00:00,201,53.58,
2026-09-12T04:03:08.754890+00:00,201,51.04,
2026-09-12T04:03:08.742627+00:00,201,73.87,
2026-09-12T04:03:08.765919+00:00,201,53.78,
2026-09-12T04:03:08.777010+00:00,201,52.9,
2026-09-12T04:03:08.799182+00:00,201,53.18,
2026-09-12T04:03:08.788073+00:00,201,75.63,
2026-09-12T04:03:08.821696+00:00,201,55.86,
2026-09-12T04:03:08.810293+00:00,201,78.23,
2026-09-12T04:03:08.832822+00:00,201,57.24,
2026-09-12T04:03:08.843865+00:00,201,58.79,
2026-09-12T04:03:08.854036+00:00,201,57.2,
2026-09-12T04:03:08.864730+00:00,201,56.56,
2026-09-12T04:03:08.875815+00:00,201,60.78,
2026-09-12T04:03:08.886864+00:00,201,60.48,
2026-09-12T04:03:08.899478+00:00,201,54.73,
2026-09-12T04:03:08.909228+00:00,201,54.44,
2026-09-12T04:03:08.920341+00:00,201,54.66,
2026-09-12T04:03:08.942847+00:00,201,52.91,
2026-09-12T04:03:08.931650+00:00,201,75.84,
2026-09-12T04:03:08.953850+00:00,201,54.23,
2026-09-12T04:03:08.965713+00:00,201,51.34,
2026-09-12T04:03:08.976719+00:00,201,54.2,
2026-09-12T04:03:08.987963+00:00,201,53.83,
2026-09-12T04:03:08.998967+00:00,201,53.07,
2026-09-12T04:03:09.009019+00:00,201,51.44,
2026-09-12T04:03:09.021184+00:00,201,60.09,
2026-09-12T04:03:09.032426+00:00,201,62.21,
2026-09-12T04:03:09.054775+00:00,201,51.62,
2026-09-12T04:03:09.043548+00:00,201,73.84,
2026-09-12T04:03:09.065838+00:00,201,51.91,
2026-09-12T04:03:09.077123+00:00,201,56.94,
2026-09-12T04:03:09.086828+00:00,201,57.66,
2026-09-12T04:03:09.097939+00:00,201,54.53,
2026-09-12T04:03:09.108997+00:00,201,52.01,
2026-09-12T04:03:09.120512+00:00,201,51.6,
2026-09-12T04:03:09.131712+00:00,201,54.09,
2026-09-12T04:03:09.154294+00:00,201,54.22,
2026-09-12T04:03:09.142780+00:00,201,73.68,
2026-09-12T04:03:09.165825+00:00,201,55.39,
2026-09-12T04:03:09.176994+00:00,201,56.27,
2026-09-12T04:03:09.188356+00:00,201,57.59,
2026-09-12T04:03:09.197964+00:00,201,54.42,
2026-09-12T04:03:09.209526+00:00,201,55.56,
2026-09-12T04:03:09.221312+00:00,201,54.31,
2026-09-12T04:03:09.232771+00:00,201,55.04,
2026-09-12T04:03:09.243788+00:00,201,56.38,
2026-09-12T04:03:09.253923+00:00,201,58.58,
2026-09-12T04:03:09.265649+00:00,201,61.46,
2026-09-12T04:03:09.276670+00:00,201,69.34,
2026-09-12T04:03:09.287681+00:00,201,77.25,
2026-09-12T04:03:09.298360+00:00,201,81.46,
2026-09-12T04:03:09.309577+00:00,201,80.51,
2026-09-12T04:03:09.321723+00:00,201,76.7,
2026-09-12T04:03:09.332116+00:00,201,75.2,
2026-09-12T04:03:09.343724+00:00,201,76.18,
2026-09-12T04:03:09.353861+00:00,201,69.81,
2026-09-12T04:03:09.366652+00:00,201,67.88,
2026-09-12T04:03:09.376737+00:00,201,67.29,
2026-09-12T04:03:09.388051+00:00,201,67.0,
2026-09-12T04:03:09.399575+00:00,201,64.12,
2026-09-12T04:03:09.410007+00:00,201,73.99,
2026-09-12T04:03:09.421045+00:00,201,66.12,
2026-09-12T04:03:09.432057+00:00,201,63.31,
2026-09-12T04:03:09.443796+00:00,201,61.92,
2026-09-12T04:03:09.454122+00:00,201,60.27,
2026-09-12T04:03:09.465528+00:00,201,59.77,
2026-09-12T04:03:09.476562+00:00,201,68.85,
2026-09-12T04:03:09.487833+00:00,201,73.72,
2026-09-12T04:03:09.509829+00:00,201,53.13,
2026-09-12T04:03:09.498813+00:00,201,78.03,
2026-09-12T04:03:09.520914+00:00,201,72.5,
2026-09-12T04:03:09.543248+00:00,201,61.0,
2026-09-12T04:03:09.532208+00:00,201,78.36,
2026-09-12T04:03:09.554474+00:00,201,58.82,
2026-09-12T04:03:09.565528+00:00,201,60.55,
2026-09-12T04:03:09.587682+00:00,201,60.28,
2026-09-12T04:03:09.598841+00:00,201,58.31,
2026-09-12T04:03:09.576285+00:00,201,82.29,
2026-09-12T04:03:09.610126+00:00,201,60.63,
2026-09-12T04:03:09.620365+00:00,201,58.42,
2026-09-12T04:03:09.631588+00:00,201,61.38,
2026-09-12T04:03:09.642401+00:00,201,55.42,
2026-09-12T04:03:09.653512+00:00,201,56.61,
2026-09-12T04:03:09.665233+00:00,201,57.85,
2026-09-12T04:03:09.686978+00:00,201,56.63,
2026-09-12T04:03:09.675723+00:00,201,74.32,
2026-09-12T04:03:09.698180+00:00,201,54.49,
2026-09-12T04:03:09.710146+00:00,201,53.57,
2026-09-12T04:03:09.732524+00:00,201,51.56,
2026-09-12T04:03:09.721122+00:00,201,72.06,
2026-09-12T04:03:09.743703+00:00,201,54.6,
2026-09-12T04:03:09.765614+00:00,201,54.0,
2026-09-12T04:03:09.753692+00:00,201,73.93,
2026-09-12T04:03:09.775746+00:00,201,54.7,
2026-09-12T04:03:09.799195+00:00,201,54.46,
2026-09-12T04:03:09.788387+00:00,201,71.28,
2026-09-12T04:03:09.810402+00:00,201,53.5,
2026-09-12T04:03:09.821437+00:00,201,54.36,
2026-09-12T04:03:09.843858+00:00,201,53.37,
2026-09-12T04:03:09.832733+00:00,201,74.57,
2026-09-12T04:03:09.853722+00:00,201,57.3,
2026-09-12T04:03:09.864562+00:00,201,53.67,
2026-09-12T04:03:09.875977+00:00,201,57.54,
2026-09-12T04:03:09.887149+00:00,201,53.22,
2026-09-12T04:03:09.909290+00:00,201,53.41,
2026-09-12T04:03:09.898209+00:00,201,68.92,
2026-09-12T04:03:09.931363+00:00,201,56.07,
2026-09-12T04:03:09.942462+00:00,201,55.51,
2026-09-12T04:03:09.920363+00:00,201,81.2,
2026-09-12T04:03:09.953959+00:00,201,56.03,
2026-09-12T04:03:09.965451+00:00,201,59.05,
2026-09-12T04:03:09.986960+00:00,201,56.02,
2026-09-12T04:03:09.976905+00:00,201,66.49,
2026-09-12T04:03:09.998063+00:00,201,54.44,
2026-09-12T04:03:10.010008+00:00,201,53.23,
2026-09-12T04:03:10.020380+00:00,201,54.14,
2026-09-12T04:03:10.043635+00:00,201,52.78,
2026-09-12T04:03:10.054469+00:00,201,54.3,
2026-09-12T04:03:10.032499+00:00,201,80.69,
2026-09-12T04:03:10.065604+00:00,201,54.66,
2026-09-12T04:03:10.076950+00:00,201,55.36,
2026-09-12T04:03:10.086899+00:00,201,57.54,
2026-09-12T04:03:10.097961+00:00,201,57.73,
2026-09-12T04:03:10.109239+00:00,201,58.52,
2026-09-12T04:03:10.120575+00:00,201,54.57,
2026-09-12T04:03:10.142778+00:00,201,54.57,
2026-09-12T04:03:10.132148+00:00,201,69.46,
2026-09-12T04:03:10.154066+00:00,201,55.83,
2026-09-12T04:03:10.165116+00:00,201,54.99,
2026-09-12T04:03:10.176253+00:00,201,54.59,
2026-09-12T04:03:10.187802+00:00,201,52.25,
2026-09-12T04:03:10.198860+00:00,201,56.99,
2026-09-12T04:03:10.210098+00:00,201,74.84,
2026-09-12T04:03:10.220388+00:00,201,82.96,
2026-09-12T04:03:10.231632+00:00,201,73.31,
2026-09-12T04:03:10.253785+00:00,201,61.15,
2026-09-12T04:03:10.243501+00:00,201,80.55,
2026-09-12T04:03:10.266094+00:00,201,66.87,
2026-09-12T04:03:10.287594+00:00,201,63.48,
2026-09-12T04:03:10.277813+00:00,201,74.85,
2026-09-12T04:03:10.298767+00:00,201,59.58,
2026-09-12T04:03:10.310032+00:00,201,58.37,
2026-09-12T04:03:10.332872+00:00,201,55.71,
2026-09-12T04:03:10.321036+00:00,201,71.95,
2026-09-12T04:03:10.354776+00:00,201,58.63,
2026-09-12T04:03:10.365382+00:00,201,58.71,
2026-09-12T04:03:10.343907+00:00,201,81.86,
2026-09-12T04:03:10.388482+00:00,201,57.66,
2026-09-12T04:03:10.376813+00:00,201,73.46,
2026-09-12T04:03:10.398596+00:00,201,54.83,
2026-09-12T04:03:10.420888+00:00,201,57.01,
2026-09-12T04:03:10.409697+00:00,201,79.75,
2026-09-12T04:03:10.432569+00:00,201,60.28,
2026-09-12T04:03:10.453610+00:00,201,61.52,
2026-09-12T04:03:10.443699+00:00,201,75.54,
2026-09-12T04:03:10.464616+00:00,201,60.73,
2026-09-12T04:03:10.475837+00:00,201,60.8,
2026-09-12T04:03:10.487689+00:00,201,57.82,
2026-09-12T04:03:10.498730+00:00,201,58.32,
2026-09-12T04:03:10.509788+00:00,201,56.95,
2026-09-12T04:03:10.520984+00:00,201,57.92,
2026-09-12T04:03:10.532183+00:00,201,56.21,
2026-09-12T04:03:10.543124+00:00,201,56.22,
2026-09-12T04:03:10.554281+00:00,201,52.9,
2026-09-12T04:03:10.576494+00:00,201,52.63,
2026-09-12T04:03:10.565273+00:00,201,75.75,
2026-09-12T04:03:10.587463+00:00,201,55.5,
2026-09-12T04:03:10.598481+00:00,201,53.65,
2026-09-12T04:03:10.609696+00:00,201,56.65,
2026-09-12T04:03:10.632242+00:00,201,53.49,
2026-09-12T04:03:10.620839+00:00,201,65.29,
2026-09-12T04:03:10.643457+00:00,201,51.05,
2026-09-12T04:03:10.654699+00:00,201,51.85,
2026-09-12T04:03:10.676651+00:00,201,49.06,
2026-09-12T04:03:10.666087+00:00,201,62.52,
2026-09-12T04:03:10.709082+00:00,201,50.59,
2026-09-12T04:03:10.699728+00:00,201,63.16,
2026-09-12T04:03:10.688082+00:00,201,76.31,
2026-09-12T04:03:10.731480+00:00,201,65.87,
2026-09-12T04:03:10.720297+00:00,201,81.86,
2026-09-12T04:03:10.754070+00:00,201,56.27,
2026-09-12T04:03:10.742528+00:00,201,76.49,
2026-09-12T04:03:10.765865+00:00,201,60.57,
2026-09-12T04:03:10.776954+00:00,201,60.02,
2026-09-12T04:03:10.786976+00:00,201,59.88,
2026-09-12T04:03:10.798944+00:00,201,58.19,
2026-09-12T04:03:10.810202+00:00,201,53.47,
2026-09-12T04:03:10.821023+00:00,201,56.23,
2026-09-12T04:03:10.832369+00:00,201,54.5,
2026-09-12T04:03:10.843628+00:00,201,53.97,
2026-09-12T04:03:10.854773+00:00,201,55.72,
2026-09-12T04:03:10.865859+00:00,201,50.79,
2026-09-12T04:03:10.877555+00:00,201,51.92,
2026-09-12T04:03:10.888373+00:00,201,49.09,
2026-09-12T04:03:10.909697+00:00,201,51.91,
2026-09-12T04:03:10.898138+00:00,201,71.67,
2026-09-12T04:03:10.931836+00:00,201,52.63,
2026-09-12T04:03:10.920760+00:00,201,65.7,
2026-09-12T04:03:10.943021+00:00,201,58.71,
2026-09-12T04:03:10.954074+00:00,201,58.34,
2026-09-12T04:03:10.965172+00:00,201,57.9,
2026-09-12T04:03:10.976407+00:00,201,53.45,
2026-09-12T04:03:10.988774+00:00,201,53.28,
2026-09-12T04:03:10.999008+00:00,201,54.36,
2026-09-12T04:03:11.010065+00:00,201,53.22,
2026-09-12T04:03:11.020954+00:00,201,51.88,
2026-09-12T04:03:11.032182+00:00,201,52.06,
2026-09-12T04:03:11.043553+00:00,201,52.08,
2026-09-12T04:03:11.054368+00:00,201,49.36,
2026-09-12T04:03:11.076822+00:00,201,48.87,
2026-09-12T04:03:11.065496+00:00,201,63.65,
2026-09-12T04:03:11.088207+00:00,201,50.5,
2026-09-12T04:03:11.099054+00:00,201,63.57,
2026-09-12T04:03:11.110145+00:00,201,53.04,
2026-09-12T04:03:11.121356+00:00,201,49.45,
2026-09-12T04:03:11.142485+00:00,201,53.01,
2026-09-12T04:03:11.154699+00:00,201,52.07,
2026-09-12T04:03:11.132774+00:00,201,74.73,
2026-09-12T04:03:11.165925+00:00,201,53.87,
2026-09-12T04:03:11.177210+00:00,201,54.89,
2026-09-12T04:03:11.188060+00:00,201,56.35,
2026-09-12T04:03:11.198981+00:00,201,53.06,
2026-09-12T04:03:11.210169+00:00,201,51.84,
2026-09-12T04:03:11.221514+00:00,201,51.22,
2026-09-12T04:03:11.232638+00:00,201,50.11,
2026-09-12T04:03:11.254823+00:00,201,63.46,
2026-09-12T04:03:11.244152+00:00,201,76.25,
2026-09-12T04:03:11.265801+00:00,201,54.7,
2026-09-12T04:03:11.288075+00:00,201,62.69,
2026-09-12T04:03:11.276990+00:00,201,88.89,
2026-09-12T04:03:11.299148+00:00,201,69.47,
2026-09-12T04:03:11.320760+00:00,201,73.22,
2026-09-12T04:03:11.310489+00:00,201,92.69,
2026-09-12T04:03:11.331416+00:00,201,81.24,
2026-09-12T04:03:11.343878+00:00,201,81.3,
2026-09-12T04:03:11.355205+00:00,201,90.99,
2026-09-12T04:03:11.365199+00:00,201,100.35,
2026-09-12T04:03:11.376072+00:00,201,108.01,
2026-09-12T04:03:11.387430+00:00,201,110.52,
2026-09-12T04:03:11.398795+00:00,201,110.19,
2026-09-12T04:03:11.409787+00:00,201,113.58,
2026-09-12T04:03:11.421008+00:00,201,113.28,
2026-09-12T04:03:11.431859+00:00,201,109.07,
2026-09-12T04:03:11.443284+00:00,201,111.47,
2026-09-12T04:03:11.454264+00:00,201,108.52,
2026-09-12T04:03:11.466262+00:00,201,111.9,
2026-09-12T04:03:11.487521+00:00,201,104.17,
2026-09-12T04:03:11.475708+00:00,201,123.25,
2026-09-12T04:03:11.498241+00:00,201,102.01,
2026-09-12T04:03:11.509035+00:00,201,103.19,
2026-09-12T04:03:11.520572+00:00,201,103.18,
2026-09-12T04:03:11.532062+00:00,201,100.05,
2026-09-12T04:03:11.543223+00:00,201,99.75,
2026-09-12T04:03:11.565858+00:00,201,87.69,
2026-09-12T04:03:11.554431+00:00,201,104.7,
2026-09-12T04:03:11.576288+00:00,201,85.89,
2026-09-12T04:03:11.587475+00:00,201,84.63,
2026-09-12T04:03:11.599432+00:00,201,79.48,
2026-09-12T04:03:11.610518+00:00,201,76.64,
2026-09-12T04:03:11.621564+00:00,201,74.96,
2026-09-12T04:03:11.643647+00:00,201,68.58,
2026-09-12T04:03:11.632834+00:00,201,87.56,
2026-09-12T04:03:11.653647+00:00,201,70.9,
2026-09-12T04:03:11.665842+00:00,201,70.12,
2026-09-12T04:03:11.677160+00:00,201,69.33,
2026-09-12T04:03:11.687339+00:00,201,71.1,
2026-09-12T04:03:11.698562+00:00,201,76.01,
2026-09-12T04:03:11.709627+00:00,201,69.51,
2026-09-12T04:03:11.732503+00:00,201,76.27,
2026-09-12T04:03:11.742780+00:00,201,71.26,
2026-09-12T04:03:11.721301+00:00,201,103.28,
2026-09-12T04:03:11.753681+00:00,201,83.69,
2026-09-12T04:03:11.765142+00:00,201,91.34,
2026-09-12T04:03:11.776478+00:00,201,88.11,
2026-09-12T04:03:11.798951+00:00,201,91.0,
2026-09-12T04:03:11.787364+00:00,201,109.77,
2026-09-12T04:03:11.810473+00:00,201,94.24,
2026-09-12T04:03:11.821330+00:00,201,90.36,
2026-09-12T04:03:11.831546+00:00,201,90.41,
2026-09-12T04:03:11.842692+00:00,201,92.72,
2026-09-12T04:03:11.853491+00:00,201,86.34,
2026-09-12T04:03:11.865454+00:00,201,85.17,
2026-09-12T04:03:11.876527+00:00,201,79.96,
2026-09-12T04:03:11.887386+00:00,201,76.96,
2026-09-12T04:03:11.897979+00:00,201,74.24,
2026-09-12T04:03:11.909325+00:00,201,71.78,
2026-09-12T04:03:11.920964+00:00,201,69.28,
2026-09-12T04:03:11.932070+00:00,201,66.59,
2026-09-12T04:03:11.943199+00:00,201,64.41,
2026-09-12T04:03:11.953754+00:00,201,64.56,
2026-09-12T04:03:11.965367+00:00,201,61.87,
2026-09-12T04:03:11.976578+00:00,201,59.21,
2026-09-12T04:03:11.986950+00:00,201,58.42,
2026-09-12T04:03:11.998472+00:00,201,61.6,
2026-09-12T04:03:12.010239+00:00,201,57.61,
2026-09-12T04:03:12.032651+00:00,201,59.02,
2026-09-12T04:03:12.042524+00:00,201,58.12,
2026-09-12T04:03:12.021442+00:00,201,81.02,
2026-09-12T04:03:12.053982+00:00,201,59.33,
2026-09-12T04:03:12.065138+00:00,201,63.7,
2026-09-12T04:03:12.087356+00:00,201,56.98,
2026-09-12T04:03:12.076288+00:00,201,71.33,
2026-09-12T04:03:12.110186+00:00,201,55.77,
2026-09-12T04:03:12.098855+00:00,201,82.29,
2026-09-12T04:03:12.121395+00:00,201,72.26,
2026-09-12T04:03:12.143749+00:00,201,58.24,
2026-09-12T04:03:12.131265+00:00,201,81.71,
2026-09-12T04:03:12.165984+00:00,201,58.05,
2026-09-12T04:03:12.154731+00:00,201,76.96,
2026-09-12T04:03:12.176431+00:00,201,60.16,
2026-09-12T04:03:12.187503+00:00,201,60.46,
2026-09-12T04:03:12.199254+00:00,201,60.89,
2026-09-12T04:03:12.210440+00:00,201,58.34,
2026-09-12T04:03:12.220232+00:00,201,58.72,
2026-09-12T04:03:12.231257+00:00,201,57.16,
2026-09-12T04:03:12.242763+00:00,201,59.48,
2026-09-12T04:03:12.254811+00:00,201,61.27,
2026-09-12T04:03:12.275745+00:00,201,54.14,
2026-09-12T04:03:12.265822+00:00,201,71.57,
2026-09-12T04:03:12.286917+00:00,201,57.0,
2026-09-12T04:03:12.298788+00:00,201,58.48,
2026-09-12T04:03:12.310000+00:00,201,58.43,
2026-09-12T04:03:12.332093+00:00,201,57.07,
2026-09-12T04:03:12.321097+00:00,201,79.05,
2026-09-12T04:03:12.343167+00:00,201,58.52,
2026-09-12T04:03:12.354919+00:00,201,59.93,
2026-09-12T04:03:12.365993+00:00,201,59.99,
2026-09-12T04:03:12.377111+00:00,201,59.53,
2026-09-12T04:03:12.387823+00:00,201,61.4,
2026-09-12T04:03:12.398125+00:00,201,58.36,
2026-09-12T04:03:12.409163+00:00,201,57.44,
2026-09-12T04:03:12.420357+00:00,201,57.27,
2026-09-12T04:03:12.431384+00:00,201,57.88,
2026-09-12T04:03:12.443951+00:00,201,58.6,
2026-09-12T04:03:12.453655+00:00,201,62.54,
2026-09-12T04:03:12.464750+00:00,201,60.0,
2026-09-12T04:03:12.477332+00:00,201,60.42,
2026-09-12T04:03:12.488623+00:00,201,55.8,
2026-09-12T04:03:12.509219+00:00,201,52.73,
2026-09-12T04:03:12.498695+00:00,201,73.29,
2026-09-12T04:03:12.521656+00:00,201,56.38,
2026-09-12T04:03:12.532805+00:00,201,69.01,
2026-09-12T04:03:12.543857+00:00,201,70.96,
2026-09-12T04:03:12.553636+00:00,201,92.83,
2026-09-12T04:03:12.564681+00:00,201,83.2,
2026-09-12T04:03:12.578730+00:00,201,83.43,
2026-09-12T04:03:12.589224+00:00,201,81.31,
2026-09-12T04:03:12.599691+00:00,201,77.04,
2026-09-12T04:03:12.609846+00:00,201,76.0,
2026-09-12T04:03:12.620744+00:00,201,71.27,
2026-09-12T04:03:12.643520+00:00,201,69.54,
2026-09-12T04:03:12.654335+00:00,201,66.47,
2026-09-12T04:03:12.632409+00:00,201,90.53,
2026-09-12T04:03:12.677122+00:00,201,68.91,
2026-09-12T04:03:12.686855+00:00,201,71.4,
2026-09-12T04:03:12.665881+00:00,201,94.08,
2026-09-12T04:03:12.698733+00:00,201,70.46,
2026-09-12T04:03:12.709578+00:00,201,69.36,
2026-09-12T04:03:12.721535+00:00,201,69.03,
2026-09-12T04:03:12.743296+00:00,201,64.37,
2026-09-12T04:03:12.732009+00:00,201,81.58,
2026-09-12T04:03:12.754020+00:00,201,65.67,
2026-09-12T04:03:12.765995+00:00,201,59.67,
2026-09-12T04:03:12.775847+00:00,201,61.55,
2026-09-12T04:03:12.788226+00:00,201,60.08,
2026-09-12T04:03:12.809964+00:00,201,57.72,
2026-09-12T04:03:12.798412+00:00,201,72.43,
2026-09-12T04:03:12.821638+00:00,201,59.55,
2026-09-12T04:03:12.831336+00:00,201,56.62,
2026-09-12T04:03:12.843027+00:00,201,73.79,
2026-09-12T04:03:12.864778+00:00,201,53.29,
2026-09-12T04:03:12.876026+00:00,201,52.5,
2026-09-12T04:03:12.853546+00:00,201,78.24,
2026-09-12T04:03:12.899031+00:00,201,62.17,
2026-09-12T04:03:12.888014+00:00,201,74.18,
2026-09-12T04:03:12.910144+00:00,201,55.01,
2026-09-12T04:03:12.933131+00:00,201,55.14,
2026-09-12T04:03:12.921382+00:00,201,75.81,
2026-09-12T04:03:12.943773+00:00,201,57.56,
2026-09-12T04:03:12.965173+00:00,201,59.21,
2026-09-12T04:03:12.954846+00:00,201,79.96,
2026-09-12T04:03:12.976057+00:00,201,59.92,
2026-09-12T04:03:12.987277+00:00,201,58.35,
2026-09-12T04:03:13.009884+00:00,201,57.18,
2026-09-12T04:03:12.998452+00:00,201,74.21,
2026-09-12T04:03:13.032764+00:00,201,56.97,
2026-09-12T04:03:13.021208+00:00,201,74.41,
2026-09-12T04:03:13.043952+00:00,201,60.63,
2026-09-12T04:03:13.053964+00:00,201,60.3,
2026-09-12T04:03:13.076420+00:00,201,60.91,
2026-09-12T04:03:13.066032+00:00,201,77.1,
2026-09-12T04:03:13.088117+00:00,201,64.5,
2026-09-12T04:03:13.099136+00:00,201,60.72,
2026-09-12T04:03:13.121698+00:00,201,58.24,
2026-09-12T04:03:13.132643+00:00,201,56.15,
2026-09-12T04:03:13.110228+00:00,201,81.06,
2026-09-12T04:03:13.142922+00:00,201,57.83,
2026-09-12T04:03:13.153926+00:00,201,57.94,
2026-09-12T04:03:13.165122+00:00,201,58.78,
2026-09-12T04:03:13.176843+00:00,201,57.23,
2026-09-12T04:03:13.187016+00:00,201,57.36,
2026-09-12T04:03:13.198272+00:00,201,53.53,
2026-09-12T04:03:13.209514+00:00,201,55.73,
2026-09-12T04:03:13.220827+00:00,201,55.51,
2026-09-12T04:03:13.231964+00:00,201,54.56,
2026-09-12T04:03:13.243432+00:00,201,54.96,
2026-09-12T04:03:13.254445+00:00,201,55.84,
2026-09-12T04:03:13.264930+00:00,201,54.56,
2026-09-12T04:03:13.287121+00:00,201,51.12,
2026-09-12T04:03:13.275892+00:00,201,67.62,
2026-09-12T04:03:13.309294+00:00,201,53.09,
2026-09-12T04:03:13.298437+00:00,201,80.49,
2026-09-12T04:03:13.331897+00:00,201,54.78,
2026-09-12T04:03:13.320391+00:00,201,76.63,
2026-09-12T04:03:13.343344+00:00,201,61.25,
2026-09-12T04:03:13.365621+00:00,201,59.24,
2026-09-12T04:03:13.354583+00:00,201,73.05,
2026-09-12T04:03:13.377372+00:00,201,60.59,
2026-09-12T04:03:13.386794+00:00,201,58.5,
2026-09-12T04:03:13.398720+00:00,201,89.12,
2026-09-12T04:03:13.420623+00:00,201,75.97,
2026-09-12T04:03:13.431824+00:00,201,89.55,
2026-09-12T04:03:13.409419+00:00,201,125.6,
2026-09-12T04:03:13.442739+00:00,201,104.25,
2026-09-12T04:03:13.454178+00:00,201,116.44,
2026-09-12T04:03:13.465436+00:00,201,129.57,
2026-09-12T04:03:13.477008+00:00,201,139.77,
2026-09-12T04:03:13.487242+00:00,201,150.87,
2026-09-12T04:03:13.498209+00:00,201,152.11,
2026-09-12T04:03:13.509459+00:00,201,160.27,
2026-09-12T04:03:13.520589+00:00,201,164.21,
2026-09-12T04:03:13.531779+00:00,201,164.76,
2026-09-12T04:03:13.543026+00:00,201,165.87,
2026-09-12T04:03:13.554376+00:00,201,162.0,
2026-09-12T04:03:13.576434+00:00,201,160.48,
2026-09-12T04:03:13.587868+00:00,201,168.88,
2026-09-12T04:03:13.599223+00:00,201,159.62,
2026-09-12T04:03:13.609335+00:00,201,163.91,
2026-09-12T04:03:13.564672+00:00,201,218.72,
2026-09-12T04:03:13.632034+00:00,201,157.08,
2026-09-12T04:03:13.620827+00:00,201,171.19,
2026-09-12T04:03:13.643179+00:00,201,157.65,
2026-09-12T04:03:13.654483+00:00,201,157.93,
2026-09-12T04:03:13.665698+00:00,201,160.48,
2026-09-12T04:03:13.688051+00:00,201,158.7,
2026-09-12T04:03:13.676692+00:00,201,180.57,
2026-09-12T04:03:13.709934+00:00,201,158.31,
2026-09-12T04:03:13.697782+00:00,201,177.25,
2026-09-12T04:03:13.720594+00:00,201,158.69,
2026-09-12T04:03:13.742808+00:00,201,154.23,
2026-09-12T04:03:13.731641+00:00,201,169.05,
2026-09-12T04:03:13.754022+00:00,201,151.63,
2026-09-12T04:03:13.765939+00:00,201,149.08,
2026-09-12T04:03:13.777103+00:00,201,145.82,
2026-09-12T04:03:13.798055+00:00,201,137.07,
2026-09-12T04:03:13.786909+00:00,201,159.86,
2026-09-12T04:03:13.810396+00:00,201,138.41,
2026-09-12T04:03:13.831850+00:00,201,129.64,
2026-09-12T04:03:13.820596+00:00,201,149.81,
2026-09-12T04:03:13.843137+00:00,201,130.96,
2026-09-12T04:03:13.854509+00:00,201,128.44,
2026-09-12T04:03:13.877135+00:00,201,119.12,
2026-09-12T04:03:13.864978+00:00,201,138.52,
2026-09-12T04:03:13.898595+00:00,201,113.54,
2026-09-12T04:03:13.887102+00:00,201,126.0,
2026-09-12T04:03:13.909627+00:00,201,109.91,
2026-09-12T04:03:13.920716+00:00,201,106.46,
2026-09-12T04:03:13.931934+00:00,201,102.5,
2026-09-12T04:03:13.943165+00:00,201,99.33,
2026-09-12T04:03:13.953967+00:00,201,95.84,
2026-09-12T04:03:13.965225+00:00,201,88.38,
2026-09-12T04:03:13.976350+00:00,201,99.57,
2026-09-12T04:03:13.987947+00:00,201,91.45,
2026-09-12T04:03:14.009502+00:00,201,78.51,
2026-09-12T04:03:13.998350+00:00,201,93.05,
2026-09-12T04:03:14.020444+00:00,201,81.97,
2026-09-12T04:03:14.031278+00:00,201,75.02,
2026-09-12T04:03:14.042395+00:00,201,73.39,
2026-09-12T04:03:14.053731+00:00,201,76.23,
2026-09-12T04:03:14.076231+00:00,201,69.97,
2026-09-12T04:03:14.064996+00:00,201,84.9,
2026-09-12T04:03:14.088195+00:00,201,72.89,
2026-09-12T04:03:14.109656+00:00,201,63.6,
2026-09-12T04:03:14.098187+00:00,201,75.69,
2026-09-12T04:03:14.121577+00:00,201,64.53,
2026-09-12T04:03:14.131479+00:00,201,64.85,
2026-09-12T04:03:14.143241+00:00,201,64.43,
2026-09-12T04:03:14.165622+00:00,201,65.12,
2026-09-12T04:03:14.154976+00:00,201,92.57,
2026-09-12T04:03:14.177271+00:00,201,71.05,
2026-09-12T04:03:14.186989+00:00,201,91.21,
2026-09-12T04:03:14.209313+00:00,201,70.24,
2026-09-12T04:03:14.198134+00:00,201,90.21,
2026-09-12T04:03:14.231673+00:00,201,63.21,
2026-09-12T04:03:14.221678+00:00,201,80.47,
2026-09-12T04:03:14.242381+00:00,201,74.86,
2026-09-12T04:03:14.264720+00:00,201,65.37,
2026-09-12T04:03:14.253863+00:00,201,83.22,
2026-09-12T04:03:14.276152+00:00,201,68.67,
2026-09-12T04:03:14.299250+00:00,201,64.33,
2026-09-12T04:03:14.288317+00:00,201,76.83,
2026-09-12T04:03:14.310600+00:00,201,64.81,
2026-09-12T04:03:14.320384+00:00,201,62.48,
2026-09-12T04:03:14.331626+00:00,201,63.07,
2026-09-12T04:03:14.342889+00:00,201,62.76,
2026-09-12T04:03:14.354082+00:00,201,58.62,
2026-09-12T04:03:14.365392+00:00,201,54.26,
2026-09-12T04:03:14.398115+00:00,201,54.23,
2026-09-12T04:03:14.375865+00:00,201,78.73,
2026-09-12T04:03:14.386870+00:00,201,69.63,
2026-09-12T04:03:14.409427+00:00,201,81.35,
2026-09-12T04:03:14.420762+00:00,201,74.01,
2026-09-12T04:03:14.443012+00:00,201,62.11,
2026-09-12T04:03:14.431910+00:00,201,75.72,
2026-09-12T04:03:14.454568+00:00,201,63.73,
2026-09-12T04:03:14.465490+00:00,201,62.86,
2026-09-12T04:03:14.476708+00:00,201,63.47,
2026-09-12T04:03:14.487634+00:00,201,57.6,
2026-09-12T04:03:14.498340+00:00,201,58.15,
2026-09-12T04:03:14.521008+00:00,201,53.44,
2026-09-12T04:03:14.509774+00:00,201,72.55,
2026-09-12T04:03:14.532272+00:00,201,55.37,
2026-09-12T04:03:14.543572+00:00,201,58.19,
2026-09-12T04:03:14.554307+00:00,201,55.45,
2026-09-12T04:03:14.565206+00:00,201,54.68,
2026-09-12T04:03:14.576556+00:00,201,57.3,
2026-09-12T04:03:14.587678+00:00,201,59.57,
2026-09-12T04:03:14.599172+00:00,201,58.87,
2026-09-12T04:03:14.610619+00:00,201,58.55,
2026-09-12T04:03:14.621611+00:00,201,61.0,
2026-09-12T04:03:14.631469+00:00,201,58.71,
2026-09-12T04:03:14.643376+00:00,201,58.5,
2026-09-12T04:03:14.654649+00:00,201,56.78,
2026-09-12T04:03:14.664695+00:00,201,56.41,
2026-09-12T04:03:14.677127+00:00,201,54.68,
2026-09-12T04:03:14.688353+00:00,201,55.04,
2026-09-12T04:03:14.709643+00:00,201,54.68,
2026-09-12T04:03:14.699423+00:00,201,72.49,
2026-09-12T04:03:14.720074+00:00,201,53.38,
2026-09-12T04:03:14.731377+00:00,201,55.39,
2026-09-12T04:03:14.742964+00:00,201,56.66,
2026-09-12T04:03:14.754372+00:00,201,52.45,
2026-09-12T04:03:14.765217+00:00,201,51.02,
2026-09-12T04:03:14.787835+00:00,201,61.59,
2026-09-12T04:03:14.776468+00:00,201,73.13,
2026-09-12T04:03:14.798875+00:00,201,53.73,
2026-09-12T04:03:14.821355+00:00,201,51.92,
2026-09-12T04:03:14.810200+00:00,201,71.55,
2026-09-12T04:03:14.832204+00:00,201,53.51,
2026-09-12T04:03:14.843398+00:00,201,78.21,
2026-09-12T04:03:14.876758+00:00,201,57.94,
2026-09-12T04:03:14.865406+00:00,201,71.86,
2026-09-12T04:03:14.854516+00:00,201,83.67,
2026-09-12T04:03:14.898421+00:00,201,60.3,
2026-09-12T04:03:14.887614+00:00,201,82.45,
2026-09-12T04:03:14.909259+00:00,201,73.94,
2026-09-12T04:03:14.921683+00:00,201,65.6,
2026-09-12T04:03:14.932450+00:00,201,62.41,
2026-09-12T04:03:14.942525+00:00,201,60.15,
2026-09-12T04:03:14.954343+00:00,201,64.21,
2026-09-12T04:03:14.976456+00:00,201,62.81,
2026-09-12T04:03:14.965017+00:00,201,81.44,
2026-09-12T04:03:14.986807+00:00,201,62.05,
2026-09-12T04:03:14.999168+00:00,201,62.33,
2026-09-12T04:03:15.009878+00:00,201,57.72,
2026-09-12T04:03:15.020401+00:00,201,55.6,
2026-09-12T04:03:15.031437+00:00,201,65.98,
2026-09-12T04:03:15.042988+00:00,201,55.85,
2026-09-12T04:03:15.064827+00:00,201,56.73,
2026-09-12T04:03:15.053861+00:00,201,77.11,
2026-09-12T04:03:15.076524+00:00,201,54.59,
2026-09-12T04:03:15.088202+00:00,201,57.06,
2026-09-12T04:03:15.110513+00:00,201,53.62,
2026-09-12T04:03:15.120741+00:00,201,54.23,
2026-09-12T04:03:15.099371+00:00,201,77.31,
2026-09-12T04:03:15.132184+00:00,201,57.5,
2026-09-12T04:03:15.143586+00:00,201,58.87,
2026-09-12T04:03:15.154769+00:00,201,56.13,
2026-09-12T04:03:15.164983+00:00,201,54.73,
2026-09-12T04:03:15.176540+00:00,201,57.32,
2026-09-12T04:03:15.187786+00:00,201,57.41,
2026-09-12T04:03:15.198929+00:00,201,53.2,
2026-09-12T04:03:15.210043+00:00,201,53.12,
2026-09-12T04:03:15.221275+00:00,201,52.85,
2026-09-12T04:03:15.232267+00:00,201,51.22,
2026-09-12T04:03:15.243261+00:00,201,51.49,
2026-09-12T04:03:15.253620+00:00,201,64.64,
2026-09-12T04:03:15.265709+00:00,201,71.75,
2026-09-12T04:03:15.287601+00:00,201,56.11,
2026-09-12T04:03:15.276673+00:00,201,78.03,
2026-09-12T04:03:15.298643+00:00,201,61.05,
2026-09-12T04:03:15.309589+00:00,201,61.27,
2026-09-12T04:03:15.320690+00:00,201,58.17,
2026-09-12T04:03:15.331809+00:00,201,61.6,
2026-09-12T04:03:15.342734+00:00,201,61.32,
2026-09-12T04:03:15.353756+00:00,201,60.9,
2026-09-12T04:03:15.364950+00:00,201,59.06,
2026-09-12T04:03:15.375861+00:00,201,60.39,
2026-09-12T04:03:15.387559+00:00,201,59.98,
2026-09-12T04:03:15.409856+00:00,201,58.29,
2026-09-12T04:03:15.398646+00:00,201,70.08,
2026-09-12T04:03:15.421202+00:00,201,57.53,
2026-09-12T04:03:15.432346+00:00,201,58.85,
2026-09-12T04:03:15.454367+00:00,201,57.63,
2026-09-12T04:03:15.443353+00:00,201,71.62,
2026-09-12T04:03:15.465447+00:00,201,59.23,
2026-09-12T04:03:15.475867+00:00,201,69.21,
2026-09-12T04:03:15.498849+00:00,201,57.28,
2026-09-12T04:03:15.486906+00:00,201,71.8,
2026-09-12T04:03:15.510232+00:00,201,56.87,
2026-09-12T04:03:15.520968+00:00,201,58.18,
2026-09-12T04:03:15.543317+00:00,201,59.79,
2026-09-12T04:03:15.532017+00:00,201,77.71,
2026-09-12T04:03:15.554314+00:00,201,58.85,
2026-09-12T04:03:15.566079+00:00,201,59.69,
2026-09-12T04:03:15.577168+00:00,201,56.85,
2026-09-12T04:03:15.587452+00:00,201,58.96,
2026-09-12T04:03:15.609775+00:00,201,56.63,
2026-09-12T04:03:15.598835+00:00,201,71.35,
2026-09-12T04:03:15.632086+00:00,201,60.16,
2026-09-12T04:03:15.620732+00:00,201,82.92,
2026-09-12T04:03:15.643458+00:00,201,63.96,
2026-09-12T04:03:15.654135+00:00,201,58.84,
2026-09-12T04:03:15.665481+00:00,201,61.79,
2026-09-12T04:03:15.676744+00:00,201,62.76,
2026-09-12T04:03:15.699187+00:00,201,57.43,
2026-09-12T04:03:15.687993+00:00,201,75.63,
2026-09-12T04:03:15.710464+00:00,201,58.3,
2026-09-12T04:03:15.720308+00:00,201,62.3,
2026-09-12T04:03:15.742638+00:00,201,73.09,
2026-09-12T04:03:15.754226+00:00,201,83.02,
2026-09-12T04:03:15.731447+00:00,201,107.09,
2026-09-12T04:03:15.777046+00:00,201,91.94,
2026-09-12T04:03:15.765403+00:00,201,113.77,
2026-09-12T04:03:15.788207+00:00,201,96.43,
2026-09-12T04:03:15.799651+00:00,201,92.25,
2026-09-12T04:03:15.809503+00:00,201,89.92,
2026-09-12T04:03:15.821213+00:00,201,89.92,
2026-09-12T04:03:15.832562+00:00,201,80.0,
2026-09-12T04:03:15.842895+00:00,201,80.22,
2026-09-12T04:03:15.853493+00:00,201,78.79,
2026-09-12T04:03:15.864729+00:00,201,77.57,
2026-09-12T04:03:15.876194+00:00,201,75.15,
2026-09-12T04:03:15.887477+00:00,201,68.98,
2026-09-12T04:03:15.898670+00:00,201,68.55,
2026-09-12T04:03:15.910119+00:00,201,67.98,
2026-09-12T04:03:15.921080+00:00,201,65.58,
2026-09-12T04:03:15.932278+00:00,201,63.07,
2026-09-12T04:03:15.943146+00:00,201,62.76,
2026-09-12T04:03:15.964761+00:00,201,59.44,
2026-09-12T04:03:15.954703+00:00,201,80.62,
2026-09-12T04:03:15.975987+00:00,201,60.5,
2026-09-12T04:03:15.987150+00:00,201,76.74,
2026-09-12T04:03:16.010102+00:00,201,67.63,
2026-09-12T04:03:15.998664+00:00,201,81.26,
2026-09-12T04:03:16.021927+00:00,201,59.53,
2026-09-12T04:03:16.043129+00:00,201,69.84,
2026-09-12T04:03:16.031347+00:00,201,94.47,
2026-09-12T04:03:16.065440+00:00,201,69.64,
2026-09-12T04:03:16.053883+00:00,201,87.72,
2026-09-12T04:03:16.077588+00:00,201,70.5,
2026-09-12T04:03:16.087189+00:00,201,75.44,
2026-09-12T04:03:16.109584+00:00,201,63.99,
2026-09-12T04:03:16.098598+00:00,201,84.35,
2026-09-12T04:03:16.120858+00:00,201,70.8,
2026-09-12T04:03:16.132863+00:00,201,62.34,
2026-09-12T04:03:16.154444+00:00,201,61.13,
2026-09-12T04:03:16.142562+00:00,201,84.4,
2026-09-12T04:03:16.176893+00:00,201,58.47,
2026-09-12T04:03:16.165872+00:00,201,73.31,
2026-09-12T04:03:16.199429+00:00,201,59.0,
2026-09-12T04:03:16.209165+00:00,201,55.4,
2026-09-12T04:03:16.188007+00:00,201,86.17,
2026-09-12T04:03:16.220970+00:00,201,59.54,
2026-09-12T04:03:16.232528+00:00,201,60.5,
2026-09-12T04:03:16.243401+00:00,201,60.14,
2026-09-12T04:03:16.265202+00:00,201,55.4,
2026-09-12T04:03:16.254068+00:00,201,77.68,
2026-09-12T04:03:16.287807+00:00,201,55.05,
2026-09-12T04:03:16.276292+00:00,201,71.75,
2026-09-12T04:03:16.298863+00:00,201,57.99,
2026-09-12T04:03:16.310454+00:00,201,59.65,
2026-09-12T04:03:16.332095+00:00,201,57.19,
2026-09-12T04:03:16.320738+00:00,201,77.64,
2026-09-12T04:03:16.343331+00:00,201,69.3,
2026-09-12T04:03:16.354551+00:00,201,59.45,
2026-09-12T04:03:16.364824+00:00,201,60.2,
2026-09-12T04:03:16.377146+00:00,201,57.69,
2026-09-12T04:03:16.388118+00:00,201,58.18,
2026-09-12T04:03:16.399207+00:00,201,58.93,
2026-09-12T04:03:16.410606+00:00,201,57.91,
2026-09-12T04:03:16.421168+00:00,201,57.73,
2026-09-12T04:03:16.432579+00:00,201,55.24,
2026-09-12T04:03:16.443651+00:00,201,55.46,
2026-09-12T04:03:16.454968+00:00,201,63.88,
2026-09-12T04:03:16.465754+00:00,201,56.41,
2026-09-12T04:03:16.486948+00:00,201,64.31,
2026-09-12T04:03:16.476986+00:00,201,80.14,
2026-09-12T04:03:16.498228+00:00,201,59.56,
2026-09-12T04:03:16.509946+00:00,201,60.07,
2026-09-12T04:03:16.521167+00:00,201,58.92,
2026-09-12T04:03:16.532191+00:00,201,58.49,
2026-09-12T04:03:16.543388+00:00,201,54.76,
2026-09-12T04:03:16.554558+00:00,201,56.78,
2026-09-12T04:03:16.564685+00:00,201,53.97,
2026-09-12T04:03:16.576208+00:00,201,54.97,
2026-09-12T04:03:16.587455+00:00,201,57.41,
2026-09-12T04:03:16.598866+00:00,201,54.61,
2026-09-12T04:03:16.610216+00:00,201,53.04,
2026-09-12T04:03:16.632667+00:00,201,50.56,
2026-09-12T04:03:16.621393+00:00,201,65.04,
2026-09-12T04:03:16.643304+00:00,201,59.74,
2026-09-12T04:03:16.654496+00:00,201,65.7,
2026-09-12T04:03:16.664913+00:00,201,77.27,
2026-09-12T04:03:16.698429+00:00,201,63.03,
2026-09-12T04:03:16.676413+00:00,201,86.13,
2026-09-12T04:03:16.687852+00:00,201,75.57,
2026-09-12T04:03:16.709750+00:00,201,62.36,
2026-09-12T04:03:16.721263+00:00,201,64.88,
2026-09-12T04:03:16.731624+00:00,201,60.57,
2026-09-12T04:03:16.743296+00:00,201,61.76,
2026-09-12T04:03:16.753884+00:00,201,55.52,
2026-09-12T04:03:16.765046+00:00,201,55.93,
2026-09-12T04:03:16.776327+00:00,201,53.46,
2026-09-12T04:03:16.787199+00:00,201,55.1,
2026-09-12T04:03:16.798097+00:00,201,53.54,
2026-09-12T04:03:16.810125+00:00,201,51.92,
2026-09-12T04:03:16.821423+00:00,201,52.15,
2026-09-12T04:03:16.832480+00:00,201,51.52,
2026-09-12T04:03:16.854263+00:00,201,49.2,
2026-09-12T04:03:16.843417+00:00,201,63.36,
2026-09-12T04:03:16.876405+00:00,201,49.91,
2026-09-12T04:03:16.887532+00:00,201,49.86,
2026-09-12T04:03:16.865193+00:00,201,76.3,
2026-09-12T04:03:16.898939+00:00,201,52.37,
2026-09-12T04:03:16.910084+00:00,201,53.12,
2026-09-12T04:03:16.921192+00:00,201,53.0,
2026-09-12T04:03:16.932056+00:00,201,51.65,
2026-09-12T04:03:16.942477+00:00,201,50.71,
2026-09-12T04:03:16.955391+00:00,201,52.51,
2026-09-12T04:03:16.964695+00:00,201,51.62,
2026-09-12T04:03:16.976785+00:00,201,50.53,
2026-09-12T04:03:16.987987+00:00,201,50.42,
2026-09-12T04:03:16.998861+00:00,201,50.11,
2026-09-12T04:03:17.021061+00:00,201,49.11,
2026-09-12T04:03:17.032154+00:00,201,48.53,
2026-09-12T04:03:17.009667+00:00,201,74.81,
2026-09-12T04:03:17.054195+00:00,201,50.67,
2026-09-12T04:03:17.043083+00:00,201,73.68,
2026-09-12T04:03:17.065755+00:00,201,51.75,
2026-09-12T04:03:17.076363+00:00,201,53.55,
2026-09-12T04:03:17.087432+00:00,201,53.45,
2026-09-12T04:03:17.098449+00:00,201,52.68,
2026-09-12T04:03:17.109653+00:00,201,51.87,
2026-09-12T04:03:17.132084+00:00,201,49.59,
2026-09-12T04:03:17.143334+00:00,201,50.03,
2026-09-12T04:03:17.120891+00:00,201,73.25,
2026-09-12T04:03:17.154442+00:00,201,50.93,
2026-09-12T04:03:17.165711+00:00,201,53.08,
2026-09-12T04:03:17.176641+00:00,201,52.52,
2026-09-12T04:03:17.187398+00:00,201,53.78,
2026-09-12T04:03:17.198494+00:00,201,53.18,
2026-09-12T04:03:17.209726+00:00,201,53.13,
2026-09-12T04:03:17.220794+00:00,201,53.82,
2026-09-12T04:03:17.242721+00:00,201,54.76,
2026-09-12T04:03:17.231992+00:00,201,76.82,
2026-09-12T04:03:17.253660+00:00,201,58.76,
2026-09-12T04:03:17.266064+00:00,201,53.9,
2026-09-12T04:03:17.276030+00:00,201,53.8,
2026-09-12T04:03:17.286996+00:00,201,52.41,
2026-09-12T04:03:17.298269+00:00,201,52.22,
2026-09-12T04:03:17.310302+00:00,201,48.37,
2026-09-12T04:03:17.343683+00:00,201,51.03,
2026-09-12T04:03:17.321560+00:00,201,75.01,
2026-09-12T04:03:17.331337+00:00,201,67.01,
2026-09-12T04:03:17.354875+00:00,201,54.27,
2026-09-12T04:03:17.366094+00:00,201,57.82,
2026-09-12T04:03:17.376932+00:00,201,56.11,
2026-09-12T04:03:17.387990+00:00,201,54.05,
2026-09-12T04:03:17.399161+00:00,201,52.43,
2026-09-12T04:03:17.410100+00:00,201,53.26,
2026-09-12T04:03:17.421372+00:00,201,52.67,
2026-09-12T04:03:17.433072+00:00,201,52.58,
2026-09-12T04:03:17.442378+00:00,201,54.46,
2026-09-12T04:03:17.454409+00:00,201,55.63,
2026-09-12T04:03:17.465889+00:00,201,56.15,
2026-09-12T04:03:17.476636+00:00,201,57.94,
2026-09-12T04:03:17.487791+00:00,201,54.29,
2026-09-12T04:03:17.498999+00:00,201,53.1,
2026-09-12T04:03:17.510253+00:00,201,49.86,
2026-09-12T04:03:17.520287+00:00,201,50.59,
2026-09-12T04:03:17.542855+00:00,201,62.06,
2026-09-12T04:03:17.553981+00:00,201,51.66,
2026-09-12T04:03:17.531478+00:00,201,74.82,
2026-09-12T04:03:17.576149+00:00,201,50.78,
2026-09-12T04:03:17.565184+00:00,201,72.38,
2026-09-12T04:03:17.587259+00:00,201,55.38,
2026-09-12T04:03:17.598434+00:00,201,53.59,
2026-09-12T04:03:17.609860+00:00,201,51.68,
2026-09-12T04:03:17.620832+00:00,201,50.95,
2026-09-12T04:03:17.631909+00:00,201,63.24,
2026-09-12T04:03:17.642818+00:00,201,71.12,
2026-09-12T04:03:17.665551+00:00,201,53.08,
2026-09-12T04:03:17.676831+00:00,201,53.06,
2026-09-12T04:03:17.654516+00:00,201,82.19,
2026-09-12T04:03:17.687952+00:00,201,56.89,
2026-09-12T04:03:17.699397+00:00,201,58.21,
2026-09-12T04:03:17.709102+00:00,201,56.4,
2026-09-12T04:03:17.720496+00:00,201,54.44,
2026-09-12T04:03:17.731314+00:00,201,52.78,
2026-09-12T04:03:17.744556+00:00,201,53.88,
2026-09-12T04:03:17.754556+00:00,201,54.63,
2026-09-12T04:03:17.766331+00:00,201,54.57,
2026-09-12T04:03:17.775688+00:00,201,54.28,
2026-09-12T04:03:17.788388+00:00,201,50.43,
2026-09-12T04:03:17.797955+00:00,201,52.23,
2026-09-12T04:03:17.809235+00:00,201,50.15,
2026-09-12T04:03:17.832304+00:00,201,52.06,
2026-09-12T04:03:17.821143+00:00,201,68.68,
2026-09-12T04:03:17.843513+00:00,201,51.81,
2026-09-12T04:03:17.854358+00:00,201,52.67,
2026-09-12T04:03:17.865295+00:00,201,50.77,
2026-09-12T04:03:17.886984+00:00,201,50.01,
2026-09-12T04:03:17.876147+00:00,201,73.31,
2026-09-12T04:03:17.909317+00:00,201,52.96,
2026-09-12T04:03:17.898391+00:00,201,72.32,
2026-09-12T04:03:17.920310+00:00,201,55.69,
2026-09-12T04:03:17.931424+00:00,201,55.89,
2026-09-12T04:03:17.942935+00:00,201,54.56,
2026-09-12T04:03:17.954040+00:00,201,55.47,
2026-09-12T04:03:17.965275+00:00,201,52.95,
2026-09-12T04:03:17.976190+00:00,201,54.96,
2026-09-12T04:03:17.987354+00:00,201,53.09,
2026-09-12T04:03:18.010813+00:00,201,53.27,
2026-09-12T04:03:18.021523+00:00,201,51.47,
2026-09-12T04:03:17.999355+00:00,201,77.15,
2026-09-12T04:03:18.032806+00:00,201,51.94,
2026-09-12T04:03:18.053589+00:00,201,56.23,
2026-09-12T04:03:18.042525+00:00,201,69.69,
2026-09-12T04:03:18.064918+00:00,201,53.05,
2026-09-12T04:03:18.076335+00:00,201,56.04,
2026-09-12T04:03:18.087321+00:00,201,56.14,
2026-09-12T04:03:18.098490+00:00,201,52.66,
2026-09-12T04:03:18.110533+00:00,201,54.43,
2026-09-12T04:03:18.132838+00:00,201,53.17,
2026-09-12T04:03:18.120410+00:00,201,69.78,
2026-09-12T04:03:18.143461+00:00,201,55.22,
2026-09-12T04:03:18.153732+00:00,201,53.56,
2026-09-12T04:03:18.164826+00:00,201,53.31,
2026-09-12T04:03:18.176067+00:00,201,52.74,
2026-09-12T04:03:18.187316+00:00,201,57.0,
2026-09-12T04:03:18.199684+00:00,201,52.01,
2026-09-12T04:03:18.209950+00:00,201,51.97,
2026-09-12T04:03:18.221035+00:00,201,54.82,
2026-09-12T04:03:18.232167+00:00,201,51.02,
2026-09-12T04:03:18.243298+00:00,201,50.5,
2026-09-12T04:03:18.253520+00:00,201,49.83,
2026-09-12T04:03:18.286919+00:00,201,51.12,
2026-09-12T04:03:18.276043+00:00,201,66.28,
2026-09-12T04:03:18.266000+00:00,201,76.49,
2026-09-12T04:03:18.299300+00:00,201,50.44,
2026-09-12T04:03:18.310509+00:00,201,60.92,
2026-09-12T04:03:18.321596+00:00,201,65.22,
2026-09-12T04:03:18.342716+00:00,201,53.23,
2026-09-12T04:03:18.332650+00:00,201,74.38,
2026-09-12T04:03:18.354648+00:00,201,53.83,
2026-09-12T04:03:18.365949+00:00,201,53.38,
2026-09-12T04:03:18.377081+00:00,201,52.46,
2026-09-12T04:03:18.387823+00:00,201,53.08,
2026-09-12T04:03:18.398110+00:00,201,50.52,
2026-09-12T04:03:18.420853+00:00,201,51.59,
2026-09-12T04:03:18.409545+00:00,201,84.03,
2026-09-12T04:03:18.432040+00:00,201,63.54,
2026-09-12T04:03:18.442784+00:00,201,66.94,
2026-09-12T04:03:18.453585+00:00,201,68.7,
2026-09-12T04:03:18.464812+00:00,201,67.36,
2026-09-12T04:03:18.487778+00:00,201,62.19,
2026-09-12T04:03:18.476700+00:00,201,76.98,
2026-09-12T04:03:18.498542+00:00,201,57.42,
2026-09-12T04:03:18.509711+00:00,201,60.24,
2026-09-12T04:03:18.521501+00:00,201,58.21,
2026-09-12T04:03:18.531739+00:00,201,56.84,
2026-09-12T04:03:18.542990+00:00,201,56.75,
2026-09-12T04:03:18.553796+00:00,201,56.19,
2026-09-12T04:03:18.564757+00:00,201,53.28,
2026-09-12T04:03:18.575739+00:00,201,56.53,
2026-09-12T04:03:18.586897+00:00,201,57.7,
2026-09-12T04:03:18.598112+00:00,201,56.23,
2026-09-12T04:03:18.610451+00:00,201,51.94,
2026-09-12T04:03:18.620607+00:00,201,52.92,
2026-09-12T04:03:18.631771+00:00,201,51.72,
2026-09-12T04:03:18.642853+00:00,201,52.36,
2026-09-12T04:03:18.654126+00:00,201,52.13,
2026-09-12T04:03:18.676696+00:00,201,49.92,
2026-09-12T04:03:18.665520+00:00,201,66.25,
2026-09-12T04:03:18.687420+00:00,201,62.92,
2026-09-12T04:03:18.709888+00:00,201,53.8,
2026-09-12T04:03:18.698518+00:00,201,70.53,
2026-09-12T04:03:18.720947+00:00,201,52.18,
2026-09-12T04:03:18.732521+00:00,201,56.17,
2026-09-12T04:03:18.743560+00:00,201,58.07,
2026-09-12T04:03:18.754395+00:00,201,54.39,
2026-09-12T04:03:18.765476+00:00,201,57.1,
2026-09-12T04:03:18.776491+00:00,201,57.65,
2026-09-12T04:03:18.787596+00:00,201,57.66,
2026-09-12T04:03:18.799014+00:00,201,61.22,
2026-09-12T04:03:18.809803+00:00,201,61.09,
2026-09-12T04:03:18.821716+00:00,201,62.57,
2026-09-12T04:03:18.831579+00:00,201,61.89,
2026-09-12T04:03:18.842642+00:00,201,61.98,
2026-09-12T04:03:18.854771+00:00,201,56.73,
2026-09-12T04:03:18.864907+00:00,201,56.33,
2026-09-12T04:03:18.876683+00:00,201,54.28,
2026-09-12T04:03:18.887777+00:00,201,55.77,
2026-09-12T04:03:18.899262+00:00,201,52.65,
2026-09-12T04:03:18.909040+00:00,201,51.32,
2026-09-12T04:03:18.920279+00:00,201,54.44,
2026-09-12T04:03:18.931492+00:00,201,49.92,
2026-09-12T04:03:18.942595+00:00,201,49.43,
2026-09-12T04:03:18.953844+00:00,201,58.19,
2026-09-12T04:03:18.966147+00:00,201,60.23,
2026-09-12T04:03:18.977232+00:00,201,67.39,
2026-09-12T04:03:18.988250+00:00,201,70.34,
2026-09-12T04:03:18.998278+00:00,201,65.24,
2026-09-12T04:03:19.010344+00:00,201,69.86,
2026-09-12T04:03:19.031717+00:00,201,52.2,
2026-09-12T04:03:19.020655+00:00,201,76.5,
2026-09-12T04:03:19.042594+00:00,201,56.03,
2026-09-12T04:03:19.066046+00:00,201,54.3,
2026-09-12T04:03:19.053483+00:00,201,76.13,
2026-09-12T04:03:19.077468+00:00,201,55.07,
2026-09-12T04:03:19.087885+00:00,201,56.16,
2026-09-12T04:03:19.099360+00:00,201,56.47,
2026-09-12T04:03:19.109054+00:00,201,54.65,
2026-09-12T04:03:19.120421+00:00,201,53.3,
2026-09-12T04:03:19.131528+00:00,201,53.32,
2026-09-12T04:03:19.142969+00:00,201,52.38,
2026-09-12T04:03:19.153902+00:00,201,49.49,
2026-09-12T04:03:19.176009+00:00,201,49.85,
2026-09-12T04:03:19.164881+00:00,201,71.54,
2026-09-12T04:03:19.186892+00:00,201,49.48,
2026-09-12T04:03:19.198543+00:00,201,70.5,
2026-09-12T04:03:19.220734+00:00,201,51.51,
2026-09-12T04:03:19.209630+00:00,201,74.93,
2026-09-12T04:03:19.231838+00:00,201,54.08,
2026-09-12T04:03:19.242938+00:00,201,54.66,
2026-09-12T04:03:19.253907+00:00,201,56.44,
2026-09-12T04:03:19.265372+00:00,201,64.42,
2026-09-12T04:03:19.275881+00:00,201,67.95,
2026-09-12T04:03:19.298649+00:00,201,80.45,
2026-09-12T04:03:19.287200+00:00,201,107.61,
2026-09-12T04:03:19.310048+00:00,201,96.99,
2026-09-12T04:03:19.320837+00:00,201,87.06,
2026-09-12T04:03:19.335132+00:00,201,94.81,
2026-09-12T04:03:19.344044+00:00,201,88.58,
2026-09-12T04:03:19.354736+00:00,201,89.11,
2026-09-12T04:03:19.376448+00:00,201,85.8,
2026-09-12T04:03:19.364914+00:00,201,102.23,
2026-09-12T04:03:19.388311+00:00,201,84.74,
2026-09-12T04:03:19.398356+00:00,201,86.06,
2026-09-12T04:03:19.409399+00:00,201,82.2,
2026-09-12T04:03:19.420678+00:00,201,80.85,
2026-09-12T04:03:19.431516+00:00,201,83.4,
2026-09-12T04:03:19.442885+00:00,201,82.54,
2026-09-12T04:03:19.453960+00:00,201,79.03,
2026-09-12T04:03:19.465009+00:00,201,79.21,
2026-09-12T04:03:19.476740+00:00,201,80.83,
2026-09-12T04:03:19.498040+00:00,201,72.43,
2026-09-12T04:03:19.487874+00:00,201,92.0,
2026-09-12T04:03:19.509135+00:00,201,75.63,
2026-09-12T04:03:19.531854+00:00,201,69.57,
2026-09-12T04:03:19.521193+00:00,201,92.26,
2026-09-12T04:03:19.543260+00:00,201,72.5,
2026-09-12T04:03:19.554848+00:00,201,71.4,
2026-09-12T04:03:19.566089+00:00,201,71.43,
2026-09-12T04:03:19.576916+00:00,201,69.15,
2026-09-12T04:03:19.597980+00:00,201,66.66,
2026-09-12T04:03:19.588160+00:00,201,83.84,
2026-09-12T04:03:19.610542+00:00,201,70.86,
2026-09-12T04:03:19.620696+00:00,201,73.17,
2026-09-12T04:03:19.631722+00:00,201,72.62,
2026-09-12T04:03:19.642645+00:00,201,77.18,
2026-09-12T04:03:19.653709+00:00,201,76.91,
2026-09-12T04:03:19.676046+00:00,201,74.84,
2026-09-12T04:03:19.665100+00:00,201,90.63,
2026-09-12T04:03:19.686842+00:00,201,75.42,
2026-09-12T04:03:19.698089+00:00,201,76.92,
2026-09-12T04:03:19.709324+00:00,201,75.79,
2026-09-12T04:03:19.721611+00:00,201,74.35,
2026-09-12T04:03:19.742426+00:00,201,72.73,
2026-09-12T04:03:19.753489+00:00,201,73.88,
2026-09-12T04:03:19.732745+00:00,201,97.37,
2026-09-12T04:03:19.766072+00:00,201,72.64,
2026-09-12T04:03:19.776017+00:00,201,73.83,
2026-09-12T04:03:19.788105+00:00,201,73.15,
2026-09-12T04:03:19.799377+00:00,201,72.64,
2026-09-12T04:03:19.810426+00:00,201,72.31,
2026-09-12T04:03:19.821672+00:00,201,68.91,
2026-09-12T04:03:19.843289+00:00,201,65.03,
2026-09-12T04:03:19.832007+00:00,201,85.62,
2026-09-12T04:03:19.854457+00:00,201,64.54,
2026-09-12T04:03:19.864842+00:00,201,64.45,
2026-09-12T04:03:19.876187+00:00,201,62.65,
2026-09-12T04:03:19.887813+00:00,201,70.58,
2026-09-12T04:03:19.898911+00:00,201,65.88,
2026-09-12T04:03:19.910067+00:00,201,63.26,
2026-09-12T04:03:19.921405+00:00,201,61.71,
2026-09-12T04:03:19.931405+00:00,201,63.77,
2026-09-12T04:03:19.942624+00:00,201,84.05,
2026-09-12T04:03:19.953806+00:00,201,85.29,
2026-09-12T04:03:19.964807+00:00,201,77.42,
2026-09-12T04:03:19.987316+00:00,201,63.14,
2026-09-12T04:03:19.975961+00:00,201,86.45,
2026-09-12T04:03:19.998977+00:00,201,94.88,
2026-09-12T04:03:20.010237+00:00,201,85.65,
2026-09-12T04:03:20.021082+00:00,201,87.26,
2026-09-12T04:03:20.043722+00:00,201,68.25,
2026-09-12T04:03:20.032347+00:00,201,94.48,
2026-09-12T04:03:20.054710+00:00,201,72.79,
2026-09-12T04:03:20.076941+00:00,201,71.85,
2026-09-12T04:03:20.065488+00:00,201,92.11,
2026-09-12T04:03:20.088203+00:00,201,70.24,
2026-09-12T04:03:20.109734+00:00,201,63.01,
2026-09-12T04:03:20.098481+00:00,201,80.08,
2026-09-12T04:03:20.120744+00:00,201,76.65,
2026-09-12T04:03:20.132231+00:00,201,82.38,
2026-09-12T04:03:20.154793+00:00,201,64.88,
2026-09-12T04:03:20.143701+00:00,201,91.67,
2026-09-12T04:03:20.175731+00:00,201,63.88,
2026-09-12T04:03:20.164620+00:00,201,85.21,
2026-09-12T04:03:20.186918+00:00,201,64.39,
2026-09-12T04:03:20.198502+00:00,201,62.53,
2026-09-12T04:03:20.220898+00:00,201,61.86,
2026-09-12T04:03:20.209341+00:00,201,79.33,
2026-09-12T04:03:20.232105+00:00,201,60.74,
2026-09-12T04:03:20.253981+00:00,201,53.8,
2026-09-12T04:03:20.242665+00:00,201,76.59,
2026-09-12T04:03:20.275958+00:00,201,59.02,
2026-09-12T04:03:20.265010+00:00,201,75.72,
2026-09-12T04:03:20.298709+00:00,201,75.14,
2026-09-12T04:03:20.287716+00:00,201,91.72,
2026-09-12T04:03:20.320735+00:00,201,70.15,
2026-09-12T04:03:20.310001+00:00,201,88.05,
2026-09-12T04:03:20.332281+00:00,201,74.34,
2026-09-12T04:03:20.343380+00:00,201,75.43,
2026-09-12T04:03:20.354525+00:00,201,72.75,
2026-09-12T04:03:20.365448+00:00,201,70.74,
2026-09-12T04:03:20.375881+00:00,201,65.27,
2026-09-12T04:03:20.387842+00:00,201,63.39,
2026-09-12T04:03:20.399260+00:00,201,77.68,
2026-09-12T04:03:20.410379+00:00,201,66.75,
2026-09-12T04:03:20.421447+00:00,201,72.1,
2026-09-12T04:03:20.443313+00:00,201,59.29,
2026-09-12T04:03:20.431983+00:00,201,80.56,
2026-09-12T04:03:20.453689+00:00,201,73.76,
2026-09-12T04:03:20.466155+00:00,201,63.89,
2026-09-12T04:03:20.477248+00:00,201,63.15,
2026-09-12T04:03:20.487645+00:00,201,61.53,
2026-09-12T04:03:20.498804+00:00,201,63.8,
2026-09-12T04:03:20.509804+00:00,201,61.8,
2026-09-12T04:03:20.520929+00:00,201,59.31,
2026-09-12T04:03:20.543772+00:00,201,58.34,
2026-09-12T04:03:20.532174+00:00,201,74.78,
2026-09-12T04:03:20.554472+00:00,201,58.45,
2026-09-12T04:03:20.565595+00:00,201,58.95,
2026-09-12T04:03:20.576868+00:00,201,60.52,
2026-09-12T04:03:20.588214+00:00,201,57.36,
2026-09-12T04:03:20.599299+00:00,201,56.37,
2026-09-12T04:03:20.610332+00:00,201,57.48,
2026-09-12T04:03:20.620366+00:00,201,57.28,
2026-09-12T04:03:20.631568+00:00,201,57.34,
2026-09-12T04:03:20.642633+00:00,201,57.74,
2026-09-12T04:03:20.653619+00:00,201,57.14,
2026-09-12T04:03:20.664715+00:00,201,58.52,
2026-09-12T04:03:20.676287+00:00,201,56.76,
2026-09-12T04:03:20.687172+00:00,201,58.95,
2026-09-12T04:03:20.698142+00:00,201,57.42,
2026-09-12T04:03:20.709369+00:00,201,57.44,
2026-09-12T04:03:20.720626+00:00,201,58.82,
2026-09-12T04:03:20.731836+00:00,201,56.49,
2026-09-12T04:03:20.742543+00:00,201,58.35,
2026-09-12T04:03:20.753489+00:00,201,57.5,
2026-09-12T04:03:20.764722+00:00,201,54.92,
2026-09-12T04:03:20.776165+00:00,201,53.59,
2026-09-12T04:03:20.787383+00:00,201,56.86,
2026-09-12T04:03:20.798949+00:00,201,56.37,
2026-09-12T04:03:20.810043+00:00,201,57.0,
2026-09-12T04:03:20.821395+00:00,201,56.39,
2026-09-12T04:03:20.832476+00:00,201,53.26,
2026-09-12T04:03:20.842610+00:00,201,54.53,
2026-09-12T04:03:20.853693+00:00,201,55.38,
2026-09-12T04:03:20.864773+00:00,201,56.34,
2026-09-12T04:03:20.876880+00:00,201,54.74,
2026-09-12T04:03:20.887969+00:00,201,53.21,
2026-09-12T04:03:20.899054+00:00,201,54.43,
2026-09-12T04:03:20.910140+00:00,201,52.49,
2026-09-12T04:03:20.921389+00:00,201,52.14,
2026-09-12T04:03:20.931723+00:00,201,52.67,
2026-09-12T04:03:20.943010+00:00,201,51.89,
2026-09-12T04:03:20.954032+00:00,201,53.26,
2026-09-12T04:03:20.965226+00:00,201,52.5,
2026-09-12T04:03:20.975970+00:00,201,60.38,
2026-09-12T04:03:20.987001+00:00,201,52.79,
2026-09-12T04:03:20.998389+00:00,201,70.8,
2026-09-12T04:03:21.009365+00:00,201,60.84,
2026-09-12T04:03:21.031495+00:00,201,50.98,
2026-09-12T04:03:21.020591+00:00,201,65.88,
2026-09-12T04:03:21.053925+00:00,201,56.17,
2026-09-12T04:03:21.064808+00:00,201,57.78,
2026-09-12T04:03:21.042944+00:00,201,82.86,
2026-09-12T04:03:21.076428+00:00,201,53.69,
2026-09-12T04:03:21.087456+00:00,201,58.22,
2026-09-12T04:03:21.109425+00:00,201,58.97,
2026-09-12T04:03:21.098461+00:00,201,72.53,
2026-09-12T04:03:21.120782+00:00,201,59.68,
2026-09-12T04:03:21.131624+00:00,201,55.82,
2026-09-12T04:03:21.143461+00:00,201,59.56,
2026-09-12T04:03:21.154271+00:00,201,58.49,
2026-09-12T04:03:21.165647+00:00,201,58.61,
2026-09-12T04:03:21.176485+00:00,201,56.45,
2026-09-12T04:03:21.187670+00:00,201,56.01,
2026-09-12T04:03:21.198702+00:00,201,54.65,
2026-09-12T04:03:21.209909+00:00,201,55.06,
2026-09-12T04:03:21.220941+00:00,201,54.46,
2026-09-12T04:03:21.242609+00:00,201,54.2,
2026-09-12T04:03:21.254406+00:00,201,51.45,
2026-09-12T04:03:21.231777+00:00,201,79.84,
2026-09-12T04:03:21.265042+00:00,201,56.45,
2026-09-12T04:03:21.286980+00:00,201,63.05,
2026-09-12T04:03:21.275596+00:00,201,76.52,
2026-09-12T04:03:21.298301+00:00,201,65.36,
2026-09-12T04:03:21.309592+00:00,201,67.82,
2026-09-12T04:03:21.331732+00:00,201,70.35,
2026-09-12T04:03:21.320566+00:00,201,85.92,
2026-09-12T04:03:21.342969+00:00,201,72.58,
2026-09-12T04:03:21.354452+00:00,201,80.59,
2026-09-12T04:03:21.365336+00:00,201,87.06,
2026-09-12T04:03:21.376697+00:00,201,91.37,
2026-09-12T04:03:21.386849+00:00,201,99.13,
2026-09-12T04:03:21.398981+00:00,201,103.3,
2026-09-12T04:03:21.409209+00:00,201,101.33,
2026-09-12T04:03:21.421630+00:00,201,99.64,
2026-09-12T04:03:21.432626+00:00,201,97.61,
2026-09-12T04:03:21.442615+00:00,201,94.61,
2026-09-12T04:03:21.453910+00:00,201,92.45,
2026-09-12T04:03:21.465873+00:00,201,89.02,
2026-09-12T04:03:21.477170+00:00,201,84.14,
2026-09-12T04:03:21.499163+00:00,201,75.62,
2026-09-12T04:03:21.486942+00:00,201,92.28,
2026-09-12T04:03:21.509515+00:00,201,78.16,
2026-09-12T04:03:21.520416+00:00,201,77.21,
2026-09-12T04:03:21.531763+00:00,201,73.95,
2026-09-12T04:03:21.542723+00:00,201,72.18,
2026-09-12T04:03:21.553758+00:00,201,71.76,
2026-09-12T04:03:21.565973+00:00,201,64.11,
2026-09-12T04:03:21.575845+00:00,201,63.21,
2026-09-12T04:03:21.587941+00:00,201,62.17,
2026-09-12T04:03:21.609066+00:00,201,57.46,
2026-09-12T04:03:21.599126+00:00,201,73.76,
2026-09-12T04:03:21.621697+00:00,201,58.41,
2026-09-12T04:03:21.631855+00:00,201,72.02,
2026-09-12T04:03:21.654615+00:00,201,58.48,
2026-09-12T04:03:21.643031+00:00,201,80.66,
2026-09-12T04:03:21.666254+00:00,201,61.15,
2026-09-12T04:03:21.677180+00:00,201,62.6,
2026-09-12T04:03:21.687171+00:00,201,66.21,
2026-09-12T04:03:21.698315+00:00,201,68.5,
2026-09-12T04:03:21.709574+00:00,201,66.56,
2026-09-12T04:03:21.721097+00:00,201,69.29,
2026-09-12T04:03:21.732436+00:00,201,68.73,
2026-09-12T04:03:21.743820+00:00,201,72.43,
2026-09-12T04:03:21.753772+00:00,201,70.45,
2026-09-12T04:03:21.765757+00:00,201,69.47,
2026-09-12T04:03:21.776967+00:00,201,82.43,
2026-09-12T04:03:21.787590+00:00,201,74.29,
2026-09-12T04:03:21.798440+00:00,201,74.09,
2026-09-12T04:03:21.809695+00:00,201,74.28,
2026-09-12T04:03:21.820873+00:00,201,76.99,
2026-09-12T04:03:21.832273+00:00,201,90.84,
2026-09-12T04:03:21.853964+00:00,201,76.9,
2026-09-12T04:03:21.843061+00:00,201,97.1,
2026-09-12T04:03:21.865292+00:00,201,76.64,
2026-09-12T04:03:21.876610+00:00,201,74.51,
2026-09-12T04:03:21.887888+00:00,201,75.11,
2026-09-12T04:03:21.898878+00:00,201,72.32,
2026-09-12T04:03:21.909831+00:00,201,69.67,
2026-09-12T04:03:21.920463+00:00,201,66.69,
2026-09-12T04:03:21.931410+00:00,201,61.97,
2026-09-12T04:03:21.942416+00:00,201,61.0,
2026-09-12T04:03:21.954910+00:00,201,76.53,
2026-09-12T04:03:21.976714+00:00,201,58.23,
2026-09-12T04:03:21.965646+00:00,201,83.27,
2026-09-12T04:03:21.988048+00:00,201,79.99,
2026-09-12T04:03:22.010354+00:00,201,59.1,
2026-09-12T04:03:21.999217+00:00,201,85.63,
2026-09-12T04:03:22.031942+00:00,201,62.37,
2026-09-12T04:03:22.020972+00:00,201,84.64,
2026-09-12T04:03:22.043490+00:00,201,67.4,
2026-09-12T04:03:22.054208+00:00,201,66.62,
2026-09-12T04:03:22.065306+00:00,201,71.15,
2026-09-12T04:03:22.076310+00:00,201,64.47,
2026-09-12T04:03:22.088671+00:00,201,62.9,
2026-09-12T04:03:22.109314+00:00,201,56.93,
2026-09-12T04:03:22.098998+00:00,201,71.45,
2026-09-12T04:03:22.131316+00:00,201,54.83,
2026-09-12T04:03:22.120880+00:00,201,81.09,
2026-09-12T04:03:22.154028+00:00,201,58.05,
2026-09-12T04:03:22.142674+00:00,201,78.29,
2026-09-12T04:03:22.165272+00:00,201,60.84,
2026-09-12T04:03:22.176218+00:00,201,61.31,
2026-09-12T04:03:22.187216+00:00,201,60.98,
2026-09-12T04:03:22.198410+00:00,201,61.75,
2026-09-12T04:03:22.209493+00:00,201,59.3,
2026-09-12T04:03:22.220473+00:00,201,62.26,
2026-09-12T04:03:22.232094+00:00,201,62.73,
2026-09-12T04:03:22.243222+00:00,201,65.36,
2026-09-12T04:03:22.254214+00:00,201,65.35,
2026-09-12T04:03:22.265817+00:00,201,62.5,
2026-09-12T04:03:22.276321+00:00,201,59.46,
2026-09-12T04:03:22.287533+00:00,201,58.13,
2026-09-12T04:03:22.298513+00:00,201,57.38,
2026-09-12T04:03:22.321111+00:00,201,55.36,
2026-09-12T04:03:22.309575+00:00,201,67.21,
2026-09-12T04:03:22.343367+00:00,201,56.42,
2026-09-12T04:03:22.332152+00:00,201,73.04,
2026-09-12T04:03:22.354989+00:00,201,59.12,
2026-09-12T04:03:22.366029+00:00,201,58.79,
2026-09-12T04:03:22.376421+00:00,201,60.23,
2026-09-12T04:03:22.387828+00:00,201,67.05,
2026-09-12T04:03:22.398867+00:00,201,62.94,
2026-09-12T04:03:22.409804+00:00,201,58.35,
2026-09-12T04:03:22.420998+00:00,201,58.62,
2026-09-12T04:03:22.432122+00:00,201,60.29,
2026-09-12T04:03:22.443359+00:00,201,58.82,
2026-09-12T04:03:22.454516+00:00,201,64.25,
2026-09-12T04:03:22.465844+00:00,201,64.76,
2026-09-12T04:03:22.477069+00:00,201,69.48,
2026-09-12T04:03:22.488260+00:00,201,96.02,
2026-09-12T04:03:22.499254+00:00,201,86.36,
2026-09-12T04:03:22.520870+00:00,201,99.14,
2026-09-12T04:03:22.509855+00:00,201,114.96,
2026-09-12T04:03:22.532265+00:00,201,103.96,
2026-09-12T04:03:22.543404+00:00,201,114.15,
2026-09-12T04:03:22.557491+00:00,201,112.39,
2026-09-12T04:03:22.576240+00:00,201,104.08,
2026-09-12T04:03:22.587036+00:00,201,102.36,
2026-09-12T04:03:22.565053+00:00,201,126.23,
2026-09-12T04:03:22.598614+00:00,201,109.29,
2026-09-12T04:03:22.609224+00:00,201,103.37,
2026-09-12T04:03:22.622027+00:00,201,100.97,
2026-09-12T04:03:22.631875+00:00,201,103.37,
2026-09-12T04:03:22.654692+00:00,201,102.23,
2026-09-12T04:03:22.643306+00:00,201,119.24,
2026-09-12T04:03:22.666031+00:00,201,100.07,
2026-09-12T04:03:22.687048+00:00,201,100.6,
2026-09-12T04:03:22.675944+00:00,201,117.03,
2026-09-12T04:03:22.698518+00:00,201,97.1,
2026-09-12T04:03:22.709390+00:00,201,104.26,
2026-09-12T04:03:22.720383+00:00,201,105.56,
2026-09-12T04:03:22.731538+00:00,201,108.32,
2026-09-12T04:03:22.742800+00:00,201,105.08,
2026-09-12T04:03:22.754144+00:00,201,105.56,
2026-09-12T04:03:22.765641+00:00,201,104.38,
2026-09-12T04:03:22.777022+00:00,201,102.53,
2026-09-12T04:03:22.787768+00:00,201,101.46,
2026-09-12T04:03:22.799006+00:00,201,92.9,
2026-09-12T04:03:22.810480+00:00,201,92.92,
2026-09-12T04:03:22.821540+00:00,201,87.86,
2026-09-12T04:03:22.842507+00:00,201,82.94,
2026-09-12T04:03:22.832754+00:00,201,102.54,
2026-09-12T04:03:22.864912+00:00,201,74.7,
2026-09-12T04:03:22.853536+00:00,201,92.07,
2026-09-12T04:03:22.876414+00:00,201,85.32,
2026-09-12T04:03:22.889008+00:00,201,77.36,
2026-09-12T04:03:22.921288+00:00,201,72.86,
2026-09-12T04:03:22.898750+00:00,201,98.35,
2026-09-12T04:03:22.932608+00:00,201,74.45,
2026-09-12T04:03:22.910173+00:00,201,102.06,
2026-09-12T04:03:22.954265+00:00,201,76.28,
2026-09-12T04:03:22.943011+00:00,201,98.75,
2026-09-12T04:03:22.965905+00:00,201,76.68,
2026-09-12T04:03:22.976358+00:00,201,76.71,
2026-09-12T04:03:22.987488+00:00,201,74.68,
2026-09-12T04:03:22.998104+00:00,201,72.81,
2026-09-12T04:03:23.009352+00:00,201,71.9,
2026-09-12T04:03:23.031669+00:00,201,69.99,
2026-09-12T04:03:23.043284+00:00,201,66.36,
2026-09-12T04:03:23.020636+00:00,201,92.59,
2026-09-12T04:03:23.054645+00:00,201,66.64,
2026-09-12T04:03:23.064770+00:00,201,65.9,
2026-09-12T04:03:23.077222+00:00,201,63.26,
2026-09-12T04:03:23.087860+00:00,201,64.87,
2026-09-12T04:03:23.099174+00:00,201,60.87,
2026-09-12T04:03:23.109297+00:00,201,60.02,
2026-09-12T04:03:23.121374+00:00,201,75.87,
2026-09-12T04:03:23.142480+00:00,201,58.8,
2026-09-12T04:03:23.132726+00:00,201,84.82,
2026-09-12T04:03:23.164623+00:00,201,61.19,
2026-09-12T04:03:23.153743+00:00,201,82.39,
2026-09-12T04:03:23.187218+00:00,201,61.01,
2026-09-12T04:03:23.176086+00:00,201,74.74,
2026-09-12T04:03:23.197970+00:00,201,64.1,
2026-09-12T04:03:23.209366+00:00,201,62.12,
2026-09-12T04:03:23.220720+00:00,201,61.52,
2026-09-12T04:03:23.243182+00:00,201,58.52,
2026-09-12T04:03:23.232014+00:00,201,78.99,
2026-09-12T04:03:23.254479+00:00,201,57.82,
2026-09-12T04:03:23.265568+00:00,201,59.6,
2026-09-12T04:03:23.276734+00:00,201,58.71,
2026-09-12T04:03:23.288034+00:00,201,59.67,
2026-09-12T04:03:23.299334+00:00,201,60.74,
2026-09-12T04:03:23.309249+00:00,201,60.16,
2026-09-12T04:03:23.320549+00:00,201,61.07,
2026-09-12T04:03:23.332437+00:00,201,63.16,
2026-09-12T04:03:23.343214+00:00,201,58.22,
2026-09-12T04:03:23.354230+00:00,201,60.48,
2026-09-12T04:03:23.365127+00:00,201,61.31,
2026-09-12T04:03:23.376141+00:00,201,60.0,
2026-09-12T04:03:23.387533+00:00,201,56.46,
2026-09-12T04:03:23.398901+00:00,201,60.72,
2026-09-12T04:03:23.410045+00:00,201,59.93,
2026-09-12T04:03:23.432790+00:00,201,61.41,
2026-09-12T04:03:23.421685+00:00,201,82.44,
2026-09-12T04:03:23.442630+00:00,201,84.96,
2026-09-12T04:03:23.465065+00:00,201,66.49,
2026-09-12T04:03:23.453888+00:00,201,92.13,
2026-09-12T04:03:23.476356+00:00,201,70.31,
2026-09-12T04:03:23.487812+00:00,201,71.04,
2026-09-12T04:03:23.498991+00:00,201,69.66,
2026-09-12T04:03:23.509802+00:00,201,68.64,
2026-09-12T04:03:23.531650+00:00,201,66.18,
2026-09-12T04:03:23.520330+00:00,201,86.41,
2026-09-12T04:03:23.543755+00:00,201,66.55,
2026-09-12T04:03:23.564793+00:00,201,62.85,
2026-09-12T04:03:23.553540+00:00,201,76.03,
2026-09-12T04:03:23.575869+00:00,201,62.51,
2026-09-12T04:03:23.586983+00:00,201,58.57,
