timestamp_iso,status_code,latency_ms,error
2026-09-12T03:58:12.635597+00:00,201,80.1,
2026-09-12T03:58:12.624460+00:00,201,97.37,
2026-09-12T03:58:12.611394+00:00,201,112.3,
2026-09-12T03:58:12.646653+00:00,201,79.48,
2026-09-12T03:58:12.668203+00:00,201,87.46,
2026-09-12T03:58:12.656882+00:00,201,103.63,
2026-09-12T03:58:12.679083+00:00,201,81.65,
2026-09-12T03:58:12.712989+00:00,201,57.23,
2026-09-12T03:58:12.690976+00:00,201,82.91,
2026-09-12T03:58:12.701389+00:00,201,76.27,
2026-09-12T03:58:12.724466+00:00,201,58.56,
2026-09-12T03:58:12.735264+00:00,201,73.79,
2026-09-12T03:58:12.757556+00:00,201,57.28,
2026-09-12T03:58:12.746418+00:00,201,81.73,
2026-09-12T03:58:12.779801+00:00,201,59.99,
2026-09-12T03:58:12.768513+00:00,201,76.14,
2026-09-12T03:58:12.790913+00:00,201,57.39,
2026-09-12T03:58:12.802162+00:00,201,54.53,
2026-09-12T03:58:12.813195+00:00,201,52.13,
2026-09-12T03:58:12.823032+00:00,201,49.62,
2026-09-12T03:58:12.845664+00:00,201,45.07,
2026-09-12T03:58:12.834471+00:00,201,58.76,
2026-09-12T03:58:12.856831+00:00,201,45.02,
2026-09-12T03:58:12.879074+00:00,201,42.0,
2026-09-12T03:58:12.867904+00:00,201,54.3,
2026-09-12T03:58:12.889981+00:00,201,42.86,
2026-09-12T03:58:12.901309+00:00,201,40.18,
2026-09-12T03:58:12.912086+00:00,201,38.53,
2026-09-12T03:58:12.935444+00:00,201,34.68,
2026-09-12T03:58:12.922999+00:00,201,57.01,
2026-09-12T03:58:12.946386+00:00,201,48.6,
2026-09-12T03:58:12.957289+00:00,201,59.82,
2026-09-12T03:58:12.979628+00:00,201,43.78,
2026-09-12T03:58:12.968310+00:00,201,65.34,
2026-09-12T03:58:12.990599+00:00,201,43.17,
2026-09-12T03:58:13.001756+00:00,201,44.34,
2026-09-12T03:58:13.012815+00:00,201,39.65,
2026-09-12T03:58:13.023842+00:00,201,39.79,
2026-09-12T03:58:13.045432+00:00,201,36.83,
2026-09-12T03:58:13.034481+00:00,201,54.11,
2026-09-12T03:58:13.056659+00:00,201,48.76,
2026-09-12T03:58:13.078562+00:00,201,38.28,
2026-09-12T03:58:13.067637+00:00,201,52.02,
2026-09-12T03:58:13.091040+00:00,201,38.59,
2026-09-12T03:58:13.101652+00:00,201,51.66,
2026-09-12T03:58:13.112513+00:00,201,41.6,
2026-09-12T03:58:13.134113+00:00,201,65.84,
2026-09-12T03:58:13.123351+00:00,201,89.07,
2026-09-12T03:58:13.146387+00:00,201,70.27,
2026-09-12T03:58:13.156282+00:00,201,67.68,
2026-09-12T03:58:13.167730+00:00,201,68.14,
2026-09-12T03:58:13.179114+00:00,201,75.11,
2026-09-12T03:58:13.190199+00:00,201,64.19,
2026-09-12T03:58:13.202003+00:00,201,60.56,
2026-09-12T03:58:13.212152+00:00,201,57.0,
2026-09-12T03:58:13.223879+00:00,201,57.79,
2026-09-12T03:58:13.235091+00:00,201,54.85,
2026-09-12T03:58:13.257697+00:00,201,50.98,
2026-09-12T03:58:13.267452+00:00,201,52.42,
2026-09-12T03:58:13.246338+00:00,201,74.13,
2026-09-12T03:58:13.279997+00:00,201,49.96,
2026-09-12T03:58:13.289460+00:00,201,50.8,
2026-09-12T03:58:13.312941+00:00,201,42.94,
2026-09-12T03:58:13.300715+00:00,201,61.09,
2026-09-12T03:58:13.334986+00:00,201,58.38,
2026-09-12T03:58:13.323944+00:00,201,71.7,
2026-09-12T03:58:13.346095+00:00,201,69.75,
2026-09-12T03:58:13.368097+00:00,201,59.08,
2026-09-12T03:58:13.356924+00:00,201,72.01,
2026-09-12T03:58:13.390069+00:00,201,50.38,
2026-09-12T03:58:13.379070+00:00,201,67.83,
2026-09-12T03:58:13.401239+00:00,201,52.15,
2026-09-12T03:58:13.423361+00:00,201,47.85,
2026-09-12T03:58:13.412304+00:00,201,62.15,
2026-09-12T03:58:13.445661+00:00,201,44.16,
2026-09-12T03:58:13.456662+00:00,201,43.8,
2026-09-12T03:58:13.434669+00:00,201,68.51,
2026-09-12T03:58:13.478458+00:00,201,42.86,
2026-09-12T03:58:13.490982+00:00,201,41.02,
2026-09-12T03:58:13.467703+00:00,201,66.23,
2026-09-12T03:58:13.511868+00:00,201,41.71,
2026-09-12T03:58:13.500793+00:00,201,63.97,
2026-09-12T03:58:13.523954+00:00,201,41.69,
2026-09-12T03:58:13.535466+00:00,201,44.89,
2026-09-12T03:58:13.546532+00:00,201,43.24,
2026-09-12T03:58:13.557670+00:00,201,42.38,
2026-09-12T03:58:13.567448+00:00,201,40.02,
2026-09-12T03:58:13.580342+00:00,201,61.41,
2026-09-12T03:58:13.589775+00:00,201,52.91,
2026-09-12T03:58:13.601867+00:00,201,42.43,
2026-09-12T03:58:13.612734+00:00,201,59.65,
2026-09-12T03:58:13.635227+00:00,201,38.4,
2026-09-12T03:58:13.645684+00:00,201,42.8,
2026-09-12T03:58:13.623692+00:00,201,69.45,
2026-09-12T03:58:13.656685+00:00,201,44.79,
2026-09-12T03:58:13.667661+00:00,201,42.88,
2026-09-12T03:58:13.678740+00:00,201,43.43,
2026-09-12T03:58:13.689933+00:00,201,45.96,
2026-09-12T03:58:13.701279+00:00,201,40.91,
2026-09-12T03:58:13.711978+00:00,201,54.98,
2026-09-12T03:58:13.724411+00:00,201,42.92,
2026-09-12T03:58:13.756834+00:00,201,41.01,
2026-09-12T03:58:13.745877+00:00,201,53.34,
2026-09-12T03:58:13.735346+00:00,201,67.0,
2026-09-12T03:58:13.767762+00:00,201,43.62,
2026-09-12T03:58:13.779088+00:00,201,46.29,
2026-09-12T03:58:13.789933+00:00,201,46.55,
2026-09-12T03:58:13.800933+00:00,201,41.6,
2026-09-12T03:58:13.812211+00:00,201,41.49,
2026-09-12T03:58:13.823203+00:00,201,41.94,
2026-09-12T03:58:13.834252+00:00,201,40.92,
2026-09-12T03:58:13.846559+00:00,201,41.52,
2026-09-12T03:58:13.857587+00:00,201,39.59,
2026-09-12T03:58:13.868485+00:00,201,40.03,
2026-09-12T03:58:13.879326+00:00,201,42.22,
2026-09-12T03:58:13.890306+00:00,201,41.54,
2026-09-12T03:58:13.912629+00:00,201,38.55,
2026-09-12T03:58:13.901157+00:00,201,53.28,
2026-09-12T03:58:13.923698+00:00,201,66.83,
2026-09-12T03:58:13.934654+00:00,201,56.64,
2026-09-12T03:58:13.957102+00:00,201,46.25,
2026-09-12T03:58:13.945576+00:00,201,64.79,
2026-09-12T03:58:13.968391+00:00,201,50.56,
2026-09-12T03:58:13.979262+00:00,201,50.49,
2026-09-12T03:58:13.990503+00:00,201,48.77,
2026-09-12T03:58:14.000698+00:00,201,46.66,
2026-09-12T03:58:14.012791+00:00,201,45.96,
2026-09-12T03:58:14.023034+00:00,201,59.85,
2026-09-12T03:58:14.045126+00:00,201,45.49,
2026-09-12T03:58:14.035455+00:00,201,63.98,
2026-09-12T03:58:14.056576+00:00,201,46.4,
2026-09-12T03:58:14.067444+00:00,201,44.04,
2026-09-12T03:58:14.090355+00:00,201,41.46,
2026-09-12T03:58:14.078941+00:00,201,64.22,
2026-09-12T03:58:14.101004+00:00,201,43.73,
2026-09-12T03:58:14.112302+00:00,201,45.45,
2026-09-12T03:58:14.123203+00:00,201,47.36,
2026-09-12T03:58:14.145207+00:00,201,44.98,
2026-09-12T03:58:14.134204+00:00,201,56.31,
2026-09-12T03:58:14.156294+00:00,201,45.54,
2026-09-12T03:58:14.167649+00:00,201,42.81,
2026-09-12T03:58:14.178561+00:00,201,44.82,
2026-09-12T03:58:14.190744+00:00,201,41.58,
2026-09-12T03:58:14.201872+00:00,201,40.15,
2026-09-12T03:58:14.212980+00:00,201,50.46,
2026-09-12T03:58:14.224043+00:00,201,56.19,
2026-09-12T03:58:14.257292+00:00,201,39.41,
2026-09-12T03:58:14.246377+00:00,201,54.47,
2026-09-12T03:58:14.235103+00:00,201,66.49,
2026-09-12T03:58:14.279414+00:00,201,45.57,
2026-09-12T03:58:14.289570+00:00,201,42.89,
2026-09-12T03:58:14.268356+00:00,201,67.44,
2026-09-12T03:58:14.300659+00:00,201,46.49,
2026-09-12T03:58:14.313113+00:00,201,44.03,
2026-09-12T03:58:14.324137+00:00,201,42.37,
2026-09-12T03:58:14.345292+00:00,201,40.07,
2026-09-12T03:58:14.335524+00:00,201,59.54,
2026-09-12T03:58:14.356609+00:00,201,39.28,
2026-09-12T03:58:14.379341+00:00,201,38.23,
2026-09-12T03:58:14.368418+00:00,201,53.64,
2026-09-12T03:58:14.390333+00:00,201,39.8,
2026-09-12T03:58:14.401106+00:00,201,42.72,
2026-09-12T03:58:14.412097+00:00,201,40.09,
2026-09-12T03:58:14.423120+00:00,201,40.2,
2026-09-12T03:58:14.434211+00:00,201,45.94,
2026-09-12T03:58:14.445482+00:00,201,48.81,
2026-09-12T03:58:14.456356+00:00,201,49.52,
2026-09-12T03:58:14.467376+00:00,201,47.0,
2026-09-12T03:58:14.479120+00:00,201,43.63,
2026-09-12T03:58:14.500908+00:00,201,38.74,
2026-09-12T03:58:14.489991+00:00,201,61.62,
2026-09-12T03:58:14.512059+00:00,201,42.0,
2026-09-12T03:58:14.523214+00:00,201,41.0,
2026-09-12T03:58:14.535371+00:00,201,41.5,
2026-09-12T03:58:14.546327+00:00,201,37.7,
2026-09-12T03:58:14.557329+00:00,201,37.38,
2026-09-12T03:58:14.578816+00:00,201,36.62,
2026-09-12T03:58:14.568329+00:00,201,61.52,
2026-09-12T03:58:14.589803+00:00,201,47.58,
2026-09-12T03:58:14.600882+00:00,201,52.77,
2026-09-12T03:58:14.613139+00:00,201,52.6,
2026-09-12T03:58:14.623164+00:00,201,47.37,
2026-09-12T03:58:14.635441+00:00,201,46.07,
2026-09-12T03:58:14.646367+00:00,201,43.52,
2026-09-12T03:58:14.657622+00:00,201,43.08,
2026-09-12T03:58:14.668813+00:00,201,42.78,
2026-09-12T03:58:14.679872+00:00,201,42.0,
2026-09-12T03:58:14.690727+00:00,201,40.27,
2026-09-12T03:58:14.701719+00:00,201,39.26,
2026-09-12T03:58:14.723370+00:00,201,38.75,
2026-09-12T03:58:14.712741+00:00,201,55.52,
2026-09-12T03:58:14.734448+00:00,201,39.19,
2026-09-12T03:58:14.756396+00:00,201,35.81,
2026-09-12T03:58:14.746643+00:00,201,50.68,
2026-09-12T03:58:14.767577+00:00,201,38.57,
2026-09-12T03:58:14.778652+00:00,201,49.33,
2026-09-12T03:58:14.790790+00:00,201,38.53,
2026-09-12T03:58:14.812278+00:00,201,36.94,
2026-09-12T03:58:14.801608+00:00,201,59.11,
2026-09-12T03:58:14.823197+00:00,201,38.65,
2026-09-12T03:58:14.835462+00:00,201,38.01,
2026-09-12T03:58:14.846401+00:00,201,38.42,
2026-09-12T03:58:14.857557+00:00,201,39.81,
2026-09-12T03:58:14.868568+00:00,201,37.33,
2026-09-12T03:58:14.879672+00:00,201,38.25,
2026-09-12T03:58:14.890619+00:00,201,37.94,
2026-09-12T03:58:14.901522+00:00,201,37.11,
2026-09-12T03:58:14.912891+00:00,201,38.7,
2026-09-12T03:58:14.923654+00:00,201,37.27,
2026-09-12T03:58:14.945694+00:00,201,35.95,
2026-09-12T03:58:14.934689+00:00,201,51.2,
2026-09-12T03:58:14.956414+00:00,201,36.35,
2026-09-12T03:58:14.967450+00:00,201,37.7,
2026-09-12T03:58:14.989570+00:00,201,34.95,
2026-09-12T03:58:14.978494+00:00,201,51.74,
2026-09-12T03:58:15.002203+00:00,201,37.25,
2026-09-12T03:58:15.013199+00:00,201,36.96,
2026-09-12T03:58:15.024229+00:00,201,36.13,
2026-09-12T03:58:15.034310+00:00,201,35.32,
2026-09-12T03:58:15.045162+00:00,201,54.31,
2026-09-12T03:58:15.057467+00:00,201,42.43,
2026-09-12T03:58:15.079521+00:00,201,38.59,
2026-09-12T03:58:15.068303+00:00,201,61.18,
2026-09-12T03:58:15.101044+00:00,201,39.62,
2026-09-12T03:58:15.090379+00:00,201,55.63,
2026-09-12T03:58:15.112149+00:00,201,42.18,
2026-09-12T03:58:15.123120+00:00,201,40.19,
2026-09-12T03:58:15.146049+00:00,201,36.63,
2026-09-12T03:58:15.134790+00:00,201,57.7,
2026-09-12T03:58:15.156594+00:00,201,40.47,
2026-09-12T03:58:15.167459+00:00,201,41.89,
2026-09-12T03:58:15.178466+00:00,201,41.87,
2026-09-12T03:58:15.189709+00:00,201,40.47,
2026-09-12T03:58:15.200767+00:00,201,40.36,
2026-09-12T03:58:15.224370+00:00,201,39.44,
2026-09-12T03:58:15.211907+00:00,201,58.72,
2026-09-12T03:58:15.235333+00:00,201,40.61,
2026-09-12T03:58:15.246551+00:00,201,41.21,
2026-09-12T03:58:15.257492+00:00,201,43.16,
2026-09-12T03:58:15.268813+00:00,201,41.85,
2026-09-12T03:58:15.279563+00:00,201,41.25,
2026-09-12T03:58:15.290300+00:00,201,57.23,
2026-09-12T03:58:15.301696+00:00,201,64.7,
2026-09-12T03:58:15.312890+00:00,201,53.81,
2026-09-12T03:58:15.324079+00:00,201,59.91,
2026-09-12T03:58:15.345644+00:00,201,49.69,
2026-09-12T03:58:15.356643+00:00,201,57.53,
2026-09-12T03:58:15.334661+00:00,201,87.91,
2026-09-12T03:58:15.367558+00:00,201,67.41,
2026-09-12T03:58:15.378701+00:00,201,84.25,
2026-09-12T03:58:15.391180+00:00,201,74.8,
2026-09-12T03:58:15.401953+00:00,201,68.64,
2026-09-12T03:58:15.412103+00:00,201,70.72,
2026-09-12T03:58:15.424549+00:00,201,66.07,
2026-09-12T03:58:15.434738+00:00,201,63.59,
2026-09-12T03:58:15.445461+00:00,201,61.03,
2026-09-12T03:58:15.456792+00:00,201,56.89,
2026-09-12T03:58:15.467806+00:00,201,52.05,
2026-09-12T03:58:15.478689+00:00,201,49.71,
2026-09-12T03:58:15.489746+00:00,201,47.42,
2026-09-12T03:58:15.511774+00:00,201,41.81,
2026-09-12T03:58:15.500731+00:00,201,54.62,
2026-09-12T03:58:15.523437+00:00,201,60.48,
2026-09-12T03:58:15.534667+00:00,201,49.96,
2026-09-12T03:58:15.545705+00:00,201,55.04,
2026-09-12T03:58:15.557149+00:00,201,61.42,
2026-09-12T03:58:15.579147+00:00,201,41.59,
2026-09-12T03:58:15.590181+00:00,201,43.81,
2026-09-12T03:58:15.568282+00:00,201,70.18,
2026-09-12T03:58:15.601555+00:00,201,45.89,
2026-09-12T03:58:15.612433+00:00,201,41.84,
2026-09-12T03:58:15.623499+00:00,201,41.73,
2026-09-12T03:58:15.645670+00:00,201,37.32,
2026-09-12T03:58:15.634599+00:00,201,59.25,
2026-09-12T03:58:15.656704+00:00,201,51.83,
2026-09-12T03:58:15.678672+00:00,201,38.84,
2026-09-12T03:58:15.667608+00:00,201,60.83,
2026-09-12T03:58:15.689720+00:00,201,39.16,
2026-09-12T03:58:15.700683+00:00,201,38.87,
2026-09-12T03:58:15.711786+00:00,201,38.63,
2026-09-12T03:58:15.723070+00:00,201,38.77,
2026-09-12T03:58:15.734032+00:00,201,40.16,
2026-09-12T03:58:15.746618+00:00,201,39.25,
2026-09-12T03:58:15.757536+00:00,201,37.48,
2026-09-12T03:58:15.779526+00:00,201,37.46,
2026-09-12T03:58:15.768510+00:00,201,51.84,
2026-09-12T03:58:15.790743+00:00,201,39.77,
2026-09-12T03:58:15.801712+00:00,201,41.93,
2026-09-12T03:58:15.812705+00:00,201,41.04,
2026-09-12T03:58:15.823147+00:00,201,38.73,
2026-09-12T03:58:15.835448+00:00,201,37.9,
2026-09-12T03:58:15.846382+00:00,201,38.04,
2026-09-12T03:58:15.857294+00:00,201,36.59,
2026-09-12T03:58:15.868458+00:00,201,36.81,
2026-09-12T03:58:15.879569+00:00,201,37.41,
2026-09-12T03:58:15.890580+00:00,201,34.87,
2026-09-12T03:58:15.901553+00:00,201,34.38,
2026-09-12T03:58:15.912558+00:00,201,46.86,
2026-09-12T03:58:15.923392+00:00,201,36.55,
2026-09-12T03:58:15.946608+00:00,201,32.73,
2026-09-12T03:58:15.935567+00:00,201,58.11,
2026-09-12T03:58:15.957718+00:00,201,40.13,
2026-09-12T03:58:15.968745+00:00,201,38.8,
2026-09-12T03:58:15.979629+00:00,201,38.1,
2026-09-12T03:58:15.990603+00:00,201,38.13,
2026-09-12T03:58:16.001721+00:00,201,36.55,
2026-09-12T03:58:16.012759+00:00,201,35.24,
2026-09-12T03:58:16.023879+00:00,201,46.28,
2026-09-12T03:58:16.034923+00:00,201,37.58,
2026-09-12T03:58:16.046031+00:00,201,37.48,
2026-09-12T03:58:16.057079+00:00,201,37.83,
2026-09-12T03:58:16.068393+00:00,201,36.9,
2026-09-12T03:58:16.078989+00:00,201,37.1,
2026-09-12T03:58:16.089919+00:00,201,37.76,
2026-09-12T03:58:16.100895+00:00,201,35.51,
2026-09-12T03:58:16.124347+00:00,201,33.3,
2026-09-12T03:58:16.111930+00:00,201,49.43,
2026-09-12T03:58:16.145959+00:00,201,34.22,
2026-09-12T03:58:16.157027+00:00,201,36.33,
2026-09-12T03:58:16.135128+00:00,201,63.08,
2026-09-12T03:58:16.167808+00:00,201,39.61,
2026-09-12T03:58:16.178683+00:00,201,39.48,
2026-09-12T03:58:16.191044+00:00,201,37.34,
2026-09-12T03:58:16.201312+00:00,201,39.15,
2026-09-12T03:58:16.212311+00:00,201,35.98,
2026-09-12T03:58:16.223184+00:00,201,46.59,
2026-09-12T03:58:16.234620+00:00,201,35.41,
2026-09-12T03:58:16.256277+00:00,201,34.8,
2026-09-12T03:58:16.268023+00:00,201,36.85,
2026-09-12T03:58:16.245351+00:00,201,60.49,
2026-09-12T03:58:16.290887+00:00,201,35.76,
2026-09-12T03:58:16.279637+00:00,201,53.53,
2026-09-12T03:58:16.300980+00:00,201,49.48,
2026-09-12T03:58:16.312053+00:00,201,38.7,
2026-09-12T03:58:16.322928+00:00,201,39.21,
2026-09-12T03:58:16.335440+00:00,201,36.57,
2026-09-12T03:58:16.346363+00:00,201,37.87,
2026-09-12T03:58:16.357505+00:00,201,37.2,
2026-09-12T03:58:16.368525+00:00,201,35.19,
2026-09-12T03:58:16.379542+00:00,201,35.06,
2026-09-12T03:58:16.401603+00:00,201,32.23,
2026-09-12T03:58:16.390526+00:00,201,52.12,
2026-09-12T03:58:16.412671+00:00,201,37.4,
2026-09-12T03:58:16.434662+00:00,201,38.23,
2026-09-12T03:58:16.423575+00:00,201,55.8,
2026-09-12T03:58:16.456234+00:00,201,40.21,
2026-09-12T03:58:16.467336+00:00,201,40.17,
2026-09-12T03:58:16.445308+00:00,201,65.69,
2026-09-12T03:58:16.478704+00:00,201,42.58,
2026-09-12T03:58:16.489827+00:00,201,39.0,
2026-09-12T03:58:16.500767+00:00,201,37.8,
2026-09-12T03:58:16.523156+00:00,201,50.39,
2026-09-12T03:58:16.534098+00:00,201,40.26,
2026-09-12T03:58:16.512128+00:00,201,64.78,
2026-09-12T03:58:16.545396+00:00,201,41.46,
2026-09-12T03:58:16.557712+00:00,201,41.33,
2026-09-12T03:58:16.567896+00:00,201,37.82,
2026-09-12T03:58:16.579691+00:00,201,38.44,
2026-09-12T03:58:16.590184+00:00,201,37.34,
2026-09-12T03:58:16.601943+00:00,201,37.26,
2026-09-12T03:58:16.613087+00:00,201,37.82,
2026-09-12T03:58:16.624337+00:00,201,39.38,
2026-09-12T03:58:16.635243+00:00,201,36.72,
2026-09-12T03:58:16.646144+00:00,201,37.17,
2026-09-12T03:58:16.657230+00:00,201,34.58,
2026-09-12T03:58:16.679388+00:00,201,31.99,
2026-09-12T03:58:16.668289+00:00,201,55.53,
2026-09-12T03:58:16.690259+00:00,201,37.21,
2026-09-12T03:58:16.701221+00:00,201,59.19,
2026-09-12T03:58:16.713141+00:00,201,50.15,
2026-09-12T03:58:16.734864+00:00,201,39.36,
2026-09-12T03:58:16.724023+00:00,201,58.9,
2026-09-12T03:58:16.745776+00:00,201,42.0,
2026-09-12T03:58:16.756728+00:00,201,42.28,
2026-09-12T03:58:16.767930+00:00,201,40.96,
2026-09-12T03:58:16.778914+00:00,201,37.7,
2026-09-12T03:58:16.789967+00:00,201,35.79,
2026-09-12T03:58:16.813145+00:00,201,32.54,
2026-09-12T03:58:16.800941+00:00,201,56.45,
2026-09-12T03:58:16.822958+00:00,201,42.07,
2026-09-12T03:58:16.835416+00:00,201,42.24,
2026-09-12T03:58:16.846470+00:00,201,41.35,
2026-09-12T03:58:16.857578+00:00,201,39.85,
2026-09-12T03:58:16.868657+00:00,201,38.47,
2026-09-12T03:58:16.879591+00:00,201,38.32,
2026-09-12T03:58:16.890664+00:00,201,39.21,
2026-09-12T03:58:16.901160+00:00,201,37.15,
2026-09-12T03:58:16.912086+00:00,201,38.13,
2026-09-12T03:58:16.923434+00:00,201,39.18,
2026-09-12T03:58:16.934706+00:00,201,38.24,
2026-09-12T03:58:16.945965+00:00,201,37.35,
2026-09-12T03:58:16.956413+00:00,201,38.38,
2026-09-12T03:58:16.967386+00:00,201,38.24,
2026-09-12T03:58:16.979680+00:00,201,41.81,
2026-09-12T03:58:16.990897+00:00,201,39.09,
2026-09-12T03:58:17.002055+00:00,201,38.34,
2026-09-12T03:58:17.012944+00:00,201,38.29,
2026-09-12T03:58:17.023912+00:00,201,36.81,
2026-09-12T03:58:17.034907+00:00,201,37.38,
2026-09-12T03:58:17.045937+00:00,201,36.14,
2026-09-12T03:58:17.067883+00:00,201,34.61,
2026-09-12T03:58:17.056959+00:00,201,46.5,
2026-09-12T03:58:17.078864+00:00,201,35.92,
2026-09-12T03:58:17.089910+00:00,201,46.52,
2026-09-12T03:58:17.100909+00:00,201,38.07,
2026-09-12T03:58:17.112295+00:00,201,37.43,
2026-09-12T03:58:17.123425+00:00,201,37.88,
2026-09-12T03:58:17.134375+00:00,201,37.86,
2026-09-12T03:58:17.145266+00:00,201,37.09,
2026-09-12T03:58:17.157718+00:00,201,36.38,
2026-09-12T03:58:17.168701+00:00,201,36.4,
2026-09-12T03:58:17.179572+00:00,201,38.36,
2026-09-12T03:58:17.190545+00:00,201,36.01,
2026-09-12T03:58:17.201494+00:00,201,41.04,
2026-09-12T03:58:17.212500+00:00,201,40.39,
2026-09-12T03:58:17.223462+00:00,201,34.45,
2026-09-12T03:58:17.234316+00:00,201,35.81,
2026-09-12T03:58:17.257923+00:00,201,41.91,
2026-09-12T03:58:17.246631+00:00,201,55.56,
2026-09-12T03:58:17.268314+00:00,201,43.84,
2026-09-12T03:58:17.278858+00:00,201,45.84,
2026-09-12T03:58:17.300659+00:00,201,42.24,
2026-09-12T03:58:17.290050+00:00,201,53.64,
2026-09-12T03:58:17.311785+00:00,201,40.26,
2026-09-12T03:58:17.324465+00:00,201,38.35,
2026-09-12T03:58:17.346388+00:00,201,40.94,
2026-09-12T03:58:17.335409+00:00,201,56.42,
2026-09-12T03:58:17.357075+00:00,201,43.51,
2026-09-12T03:58:17.368203+00:00,201,45.35,
2026-09-12T03:58:17.379344+00:00,201,44.1,
2026-09-12T03:58:17.390582+00:00,201,44.82,
2026-09-12T03:58:17.412756+00:00,201,42.4,
2026-09-12T03:58:17.401552+00:00,201,54.67,
2026-09-12T03:58:17.435282+00:00,201,54.15,
2026-09-12T03:58:17.424140+00:00,201,65.85,
2026-09-12T03:58:17.446290+00:00,201,45.69,
2026-09-12T03:58:17.468608+00:00,201,45.63,
2026-09-12T03:58:17.457402+00:00,201,65.11,
2026-09-12T03:58:17.479406+00:00,201,44.94,
2026-09-12T03:58:17.490373+00:00,201,50.6,
2026-09-12T03:58:17.500960+00:00,201,48.65,
2026-09-12T03:58:17.512239+00:00,201,47.84,
2026-09-12T03:58:17.523035+00:00,201,48.01,
2026-09-12T03:58:17.534358+00:00,201,48.7,
2026-09-12T03:58:17.545215+00:00,201,47.78,
2026-09-12T03:58:17.557776+00:00,201,50.41,
2026-09-12T03:58:17.567583+00:00,201,48.68,
2026-09-12T03:58:17.578710+00:00,201,49.7,
2026-09-12T03:58:17.590293+00:00,201,48.13,
2026-09-12T03:58:17.601300+00:00,201,44.38,
2026-09-12T03:58:17.612356+00:00,201,42.67,
2026-09-12T03:58:17.623564+00:00,201,40.59,
2026-09-12T03:58:17.645746+00:00,201,39.41,
2026-09-12T03:58:17.634680+00:00,201,54.82,
2026-09-12T03:58:17.656767+00:00,201,39.19,
2026-09-12T03:58:17.667753+00:00,201,50.25,
2026-09-12T03:58:17.678765+00:00,201,53.27,
2026-09-12T03:58:17.700774+00:00,201,49.2,
2026-09-12T03:58:17.689840+00:00,201,61.19,
2026-09-12T03:58:17.713116+00:00,201,56.42,
2026-09-12T03:58:17.735245+00:00,201,38.09,
2026-09-12T03:58:17.724192+00:00,201,61.08,
2026-09-12T03:58:17.746108+00:00,201,41.35,
2026-09-12T03:58:17.768025+00:00,201,38.87,
2026-09-12T03:58:17.757020+00:00,201,58.06,
2026-09-12T03:58:17.778893+00:00,201,38.94,
2026-09-12T03:58:17.789916+00:00,201,39.8,
2026-09-12T03:58:17.800945+00:00,201,36.95,
2026-09-12T03:58:17.812006+00:00,201,36.39,
2026-09-12T03:58:17.846405+00:00,201,32.72,
2026-09-12T03:58:17.823057+00:00,201,58.6,
2026-09-12T03:58:17.835475+00:00,201,59.73,
2026-09-12T03:58:17.868451+00:00,201,36.42,
2026-09-12T03:58:17.857510+00:00,201,49.77,
2026-09-12T03:58:17.890511+00:00,201,35.78,
2026-09-12T03:58:17.901470+00:00,201,37.8,
2026-09-12T03:58:17.879389+00:00,201,62.04,
2026-09-12T03:58:17.912636+00:00,201,36.96,
2026-09-12T03:58:17.934240+00:00,201,35.29,
2026-09-12T03:58:17.923146+00:00,201,48.48,
2026-09-12T03:58:17.957759+00:00,201,33.57,
2026-09-12T03:58:17.945188+00:00,201,57.07,
2026-09-12T03:58:17.967676+00:00,201,36.17,
2026-09-12T03:58:17.979597+00:00,201,37.81,
2026-09-12T03:58:17.990689+00:00,201,35.71,
2026-09-12T03:58:18.001504+00:00,201,36.07,
2026-09-12T03:58:18.011941+00:00,201,33.82,
2026-09-12T03:58:18.034262+00:00,201,34.76,
2026-09-12T03:58:18.023011+00:00,201,59.89,
2026-09-12T03:58:18.057244+00:00,201,38.52,
2026-09-12T03:58:18.045627+00:00,201,50.79,
2026-09-12T03:58:18.068351+00:00,201,38.93,
2026-09-12T03:58:18.079535+00:00,201,38.37,
2026-09-12T03:58:18.090588+00:00,201,38.81,
2026-09-12T03:58:18.101467+00:00,201,37.18,
2026-09-12T03:58:18.112495+00:00,201,37.73,
2026-09-12T03:58:18.123338+00:00,201,36.44,
2026-09-12T03:58:18.134246+00:00,201,36.53,
2026-09-12T03:58:18.145270+00:00,201,36.61,
2026-09-12T03:58:18.156421+00:00,201,38.38,
2026-09-12T03:58:18.167440+00:00,201,35.9,
2026-09-12T03:58:18.178592+00:00,201,36.13,
2026-09-12T03:58:18.189641+00:00,201,35.59,
2026-09-12T03:58:18.202156+00:00,201,37.31,
2026-09-12T03:58:18.213168+00:00,201,40.61,
2026-09-12T03:58:18.224232+00:00,201,39.45,
2026-09-12T03:58:18.235260+00:00,201,35.58,
2026-09-12T03:58:18.246303+00:00,201,35.31,
2026-09-12T03:58:18.257634+00:00,201,37.76,
2026-09-12T03:58:18.268584+00:00,201,37.23,
2026-09-12T03:58:18.279546+00:00,201,36.11,
2026-09-12T03:58:18.290319+00:00,201,35.56,
2026-09-12T03:58:18.301213+00:00,201,35.34,
2026-09-12T03:58:18.323036+00:00,201,31.89,
2026-09-12T03:58:18.312118+00:00,201,51.6,
2026-09-12T03:58:18.346548+00:00,201,77.14,
2026-09-12T03:58:18.357477+00:00,201,95.57,
2026-09-12T03:58:18.334006+00:00,201,138.47,
2026-09-12T03:58:18.369893+00:00,201,130.34,
2026-09-12T03:58:18.378379+00:00,201,150.53,
2026-09-12T03:58:18.391191+00:00,201,160.65,
2026-09-12T03:58:18.401774+00:00,201,170.23,
2026-09-12T03:58:18.413029+00:00,201,163.98,
2026-09-12T03:58:18.437235+00:00,201,154.39,
2026-09-12T03:58:18.446019+00:00,201,148.1,
2026-09-12T03:58:18.424212+00:00,201,175.48,
2026-09-12T03:58:18.491017+00:00,201,123.73,
2026-09-12T03:58:18.479448+00:00,201,142.67,
2026-09-12T03:58:18.502039+00:00,201,121.47,
2026-09-12T03:58:18.511764+00:00,201,141.88,
2026-09-12T03:58:18.457450+00:00,201,210.34,
2026-09-12T03:58:18.524016+00:00,201,144.12,
2026-09-12T03:58:18.468606+00:00,201,211.63,
2026-09-12T03:58:18.535266+00:00,201,147.67,
2026-09-12T03:58:18.546557+00:00,201,144.21,
2026-09-12T03:58:18.557714+00:00,201,140.59,
2026-09-12T03:58:18.567384+00:00,201,139.84,
2026-09-12T03:58:18.578909+00:00,201,133.04,
2026-09-12T03:58:18.589562+00:00,201,134.97,
2026-09-12T03:58:18.612824+00:00,201,124.93,
2026-09-12T03:58:18.601928+00:00,201,139.68,
2026-09-12T03:58:18.623804+00:00,201,121.05,
2026-09-12T03:58:18.646334+00:00,201,101.02,
2026-09-12T03:58:18.635485+00:00,201,114.01,
2026-09-12T03:58:18.656682+00:00,201,94.36,
2026-09-12T03:58:18.667516+00:00,201,94.78,
2026-09-12T03:58:18.689878+00:00,201,79.78,
2026-09-12T03:58:18.678648+00:00,201,97.66,
2026-09-12T03:58:18.700902+00:00,201,85.24,
2026-09-12T03:58:18.712238+00:00,201,85.38,
2026-09-12T03:58:18.735236+00:00,201,65.48,
2026-09-12T03:58:18.724535+00:00,201,80.71,
2026-09-12T03:58:18.745763+00:00,201,62.37,
2026-09-12T03:58:18.756669+00:00,201,56.06,
2026-09-12T03:58:18.767598+00:00,201,63.34,
2026-09-12T03:58:18.778661+00:00,201,53.39,
2026-09-12T03:58:18.801696+00:00,201,47.83,
2026-09-12T03:58:18.791074+00:00,201,64.0,
2026-09-12T03:58:18.812486+00:00,201,46.78,
2026-09-12T03:58:18.823921+00:00,201,43.28,
2026-09-12T03:58:18.846402+00:00,201,39.64,
2026-09-12T03:58:18.835345+00:00,201,57.83,
2026-09-12T03:58:18.857638+00:00,201,38.96,
2026-09-12T03:58:18.868761+00:00,201,56.7,
2026-09-12T03:58:18.890770+00:00,201,49.46,
2026-09-12T03:58:18.879758+00:00,201,63.17,
2026-09-12T03:58:18.901858+00:00,201,56.83,
2026-09-12T03:58:18.923501+00:00,201,42.8,
2026-09-12T03:58:18.912531+00:00,201,62.04,
2026-09-12T03:58:18.934235+00:00,201,43.61,
2026-09-12T03:58:18.945449+00:00,201,43.21,
2026-09-12T03:58:18.956341+00:00,201,40.66,
2026-09-12T03:58:18.967461+00:00,201,38.87,
2026-09-12T03:58:18.978509+00:00,201,38.08,
2026-09-12T03:58:19.001468+00:00,201,35.39,
2026-09-12T03:58:19.012240+00:00,201,37.1,
2026-09-12T03:58:18.990474+00:00,201,61.38,
2026-09-12T03:58:19.023342+00:00,201,37.62,
2026-09-12T03:58:19.034431+00:00,201,38.53,
2026-09-12T03:58:19.045571+00:00,201,38.48,
2026-09-12T03:58:19.057282+00:00,201,38.11,
2026-09-12T03:58:19.068318+00:00,201,39.04,
2026-09-12T03:58:19.079360+00:00,201,39.8,
2026-09-12T03:58:19.090321+00:00,201,38.13,
2026-09-12T03:58:19.101024+00:00,201,37.04,
2026-09-12T03:58:19.112110+00:00,201,38.28,
2026-09-12T03:58:19.122977+00:00,201,38.46,
2026-09-12T03:58:19.134254+00:00,201,35.57,
2026-09-12T03:58:19.168621+00:00,201,40.25,
2026-09-12T03:58:19.145204+00:00,201,64.19,
2026-09-12T03:58:19.157674+00:00,201,52.22,
2026-09-12T03:58:19.190920+00:00,201,43.38,
2026-09-12T03:58:19.201878+00:00,201,40.43,
2026-09-12T03:58:19.179781+00:00,201,63.77,
2026-09-12T03:58:19.213086+00:00,201,39.35,
2026-09-12T03:58:19.224260+00:00,201,36.32,
2026-09-12T03:58:19.235677+00:00,201,43.44,
2026-09-12T03:58:19.246052+00:00,201,51.47,
2026-09-12T03:58:19.267989+00:00,201,49.29,
2026-09-12T03:58:19.278823+00:00,201,38.6,
2026-09-12T03:58:19.257056+00:00,201,61.43,
2026-09-12T03:58:19.290127+00:00,201,61.67,
2026-09-12T03:58:19.311772+00:00,201,41.46,
2026-09-12T03:58:19.300889+00:00,201,53.3,
2026-09-12T03:58:19.322948+00:00,201,42.1,
2026-09-12T03:58:19.334156+00:00,201,40.76,
2026-09-12T03:58:19.345124+00:00,201,38.94,
2026-09-12T03:58:19.367539+00:00,201,35.15,
2026-09-12T03:58:19.356608+00:00,201,52.96,
2026-09-12T03:58:19.390947+00:00,201,37.27,
2026-09-12T03:58:19.378591+00:00,201,50.86,
2026-09-12T03:58:19.401393+00:00,201,38.13,
2026-09-12T03:58:19.412313+00:00,201,36.71,
2026-09-12T03:58:19.423368+00:00,201,35.51,
2026-09-12T03:58:19.445209+00:00,201,36.34,
2026-09-12T03:58:19.434526+00:00,201,57.15,
2026-09-12T03:58:19.456280+00:00,201,37.45,
2026-09-12T03:58:19.468792+00:00,201,38.33,
2026-09-12T03:58:19.491026+00:00,201,38.59,
2026-09-12T03:58:19.480002+00:00,201,58.54,
2026-09-12T03:58:19.500871+00:00,201,38.03,
2026-09-12T03:58:19.511901+00:00,201,38.61,
2026-09-12T03:58:19.545987+00:00,201,39.5,
2026-09-12T03:58:19.534993+00:00,201,50.81,
2026-09-12T03:58:19.523012+00:00,201,63.42,
2026-09-12T03:58:19.568450+00:00,201,39.64,
2026-09-12T03:58:19.557409+00:00,201,60.5,
2026-09-12T03:58:19.579376+00:00,201,40.62,
2026-09-12T03:58:19.589582+00:00,201,40.46,
2026-09-12T03:58:19.602067+00:00,201,40.12,
2026-09-12T03:58:19.613277+00:00,201,38.89,
2026-09-12T03:58:19.624390+00:00,201,37.53,
2026-09-12T03:58:19.635307+00:00,201,38.16,
2026-09-12T03:58:19.646251+00:00,201,38.23,
2026-09-12T03:58:19.657122+00:00,201,37.08,
2026-09-12T03:58:19.668063+00:00,201,36.46,
2026-09-12T03:58:19.679310+00:00,201,35.46,
2026-09-12T03:58:19.701163+00:00,201,34.52,
2026-09-12T03:58:19.690176+00:00,201,48.34,
2026-09-12T03:58:19.712358+00:00,201,37.55,
2026-09-12T03:58:19.723364+00:00,201,37.25,
2026-09-12T03:58:19.734220+00:00,201,39.13,
2026-09-12T03:58:19.746430+00:00,201,35.3,
2026-09-12T03:58:19.757435+00:00,201,35.33,
2026-09-12T03:58:19.768453+00:00,201,36.08,
2026-09-12T03:58:19.779550+00:00,201,34.34,
2026-09-12T03:58:19.801686+00:00,201,33.07,
2026-09-12T03:58:19.812591+00:00,201,37.87,
2026-09-12T03:58:19.790461+00:00,201,63.14,
2026-09-12T03:58:19.823522+00:00,201,39.2,
2026-09-12T03:58:19.834647+00:00,201,37.96,
2026-09-12T03:58:19.856868+00:00,201,36.97,
2026-09-12T03:58:19.845619+00:00,201,53.5,
2026-09-12T03:58:19.867911+00:00,201,38.05,
2026-09-12T03:58:19.878950+00:00,201,41.71,
2026-09-12T03:58:19.889931+00:00,201,41.62,
2026-09-12T03:58:19.900943+00:00,201,40.44,
2026-09-12T03:58:19.911861+00:00,201,38.84,
2026-09-12T03:58:19.934574+00:00,201,36.93,
2026-09-12T03:58:19.923210+00:00,201,53.89,
2026-09-12T03:58:19.945277+00:00,201,38.79,
2026-09-12T03:58:19.956238+00:00,201,39.83,
2026-09-12T03:58:19.968513+00:00,201,37.46,
2026-09-12T03:58:19.979500+00:00,201,36.48,
2026-09-12T03:58:19.990404+00:00,201,38.8,
2026-09-12T03:58:20.001350+00:00,201,35.9,
2026-09-12T03:58:20.023412+00:00,201,31.62,
2026-09-12T03:58:20.012362+00:00,201,55.89,
2026-09-12T03:58:20.034356+00:00,201,50.62,
2026-09-12T03:58:20.056556+00:00,201,35.56,
2026-09-12T03:58:20.045268+00:00,201,60.51,
2026-09-12T03:58:20.067435+00:00,201,41.32,
2026-09-12T03:58:20.079879+00:00,201,38.8,
2026-09-12T03:58:20.089584+00:00,201,38.47,
2026-09-12T03:58:20.101779+00:00,201,37.68,
2026-09-12T03:58:20.112995+00:00,201,37.97,
2026-09-12T03:58:20.124301+00:00,201,37.74,
2026-09-12T03:58:20.134879+00:00,201,36.31,
2026-09-12T03:58:20.157134+00:00,201,37.03,
2026-09-12T03:58:20.145787+00:00,201,50.51,
2026-09-12T03:58:20.168183+00:00,201,36.91,
2026-09-12T03:58:20.179065+00:00,201,37.44,
2026-09-12T03:58:20.189920+00:00,201,40.78,
2026-09-12T03:58:20.212170+00:00,201,34.74,
2026-09-12T03:58:20.201271+00:00,201,59.07,
2026-09-12T03:58:20.223446+00:00,201,39.1,
2026-09-12T03:58:20.234202+00:00,201,35.99,
2026-09-12T03:58:20.256322+00:00,201,33.96,
2026-09-12T03:58:20.268884+00:00,201,37.54,
2026-09-12T03:58:20.245191+00:00,201,63.4,
2026-09-12T03:58:20.279859+00:00,201,39.25,
2026-09-12T03:58:20.291088+00:00,201,39.48,
2026-09-12T03:58:20.313240+00:00,201,36.97,
2026-09-12T03:58:20.302014+00:00,201,51.82,
2026-09-12T03:58:20.323950+00:00,201,38.14,
2026-09-12T03:58:20.334814+00:00,201,49.46,
2026-09-12T03:58:20.356919+00:00,201,34.95,
2026-09-12T03:58:20.345767+00:00,201,56.2,
2026-09-12T03:58:20.367936+00:00,201,49.29,
2026-09-12T03:58:20.378797+00:00,201,38.74,
2026-09-12T03:58:20.389681+00:00,201,40.01,
2026-09-12T03:58:20.402093+00:00,201,37.41,
2026-09-12T03:58:20.413436+00:00,201,38.85,
2026-09-12T03:58:20.423886+00:00,201,35.06,
2026-09-12T03:58:20.446163+00:00,201,36.14,
2026-09-12T03:58:20.435183+00:00,201,61.61,
2026-09-12T03:58:20.457140+00:00,201,40.85,
2026-09-12T03:58:20.468467+00:00,201,37.21,
2026-09-12T03:58:20.479527+00:00,201,39.55,
2026-09-12T03:58:20.490836+00:00,201,39.04,
2026-09-12T03:58:20.501768+00:00,201,38.79,
2026-09-12T03:58:20.512989+00:00,201,36.72,
2026-09-12T03:58:20.523919+00:00,201,34.57,
2026-09-12T03:58:20.545488+00:00,201,32.15,
2026-09-12T03:58:20.534997+00:00,201,51.61,
2026-09-12T03:58:20.556457+00:00,201,47.82,
2026-09-12T03:58:20.578639+00:00,201,36.81,
2026-09-12T03:58:20.567483+00:00,201,54.63,
2026-09-12T03:58:20.589612+00:00,201,49.84,
2026-09-12T03:58:20.600726+00:00,201,39.03,
2026-09-12T03:58:20.613239+00:00,201,38.43,
2026-09-12T03:58:20.624364+00:00,201,38.91,
2026-09-12T03:58:20.635418+00:00,201,39.95,
2026-09-12T03:58:20.646621+00:00,201,39.27,
2026-09-12T03:58:20.657444+00:00,201,38.01,
2026-09-12T03:58:20.668407+00:00,201,37.73,
2026-09-12T03:58:20.679370+00:00,201,36.83,
2026-09-12T03:58:20.690617+00:00,201,56.69,
2026-09-12T03:58:20.723830+00:00,201,37.67,
2026-09-12T03:58:20.701666+00:00,201,65.05,
2026-09-12T03:58:20.712604+00:00,201,54.56,
2026-09-12T03:58:20.745772+00:00,201,40.54,
2026-09-12T03:58:20.756601+00:00,201,37.98,
2026-09-12T03:58:20.734693+00:00,201,60.56,
2026-09-12T03:58:20.767308+00:00,201,40.53,
2026-09-12T03:58:20.779905+00:00,201,37.09,
2026-09-12T03:58:20.801754+00:00,201,33.85,
2026-09-12T03:58:20.790967+00:00,201,49.13,
2026-09-12T03:58:20.823778+00:00,201,35.38,
2026-09-12T03:58:20.834619+00:00,201,39.05,
2026-09-12T03:58:20.812785+00:00,201,61.37,
2026-09-12T03:58:20.845318+00:00,201,39.4,
2026-09-12T03:58:20.856435+00:00,201,37.52,
2026-09-12T03:58:20.867535+00:00,201,56.74,
2026-09-12T03:58:20.889745+00:00,201,35.6,
2026-09-12T03:58:20.878785+00:00,201,60.58,
2026-09-12T03:58:20.900976+00:00,201,38.47,
2026-09-12T03:58:20.911931+00:00,201,37.89,
2026-09-12T03:58:20.922993+00:00,201,38.52,
2026-09-12T03:58:20.935475+00:00,201,36.55,
2026-09-12T03:58:20.946378+00:00,201,36.97,
2026-09-12T03:58:20.957541+00:00,201,35.96,
2026-09-12T03:58:20.968549+00:00,201,37.52,
2026-09-12T03:58:20.979355+00:00,201,37.99,
2026-09-12T03:58:20.990311+00:00,201,37.95,
2026-09-12T03:58:21.000836+00:00,201,36.74,
2026-09-12T03:58:21.011818+00:00,201,37.65,
2026-09-12T03:58:21.024373+00:00,201,48.06,
2026-09-12T03:58:21.035463+00:00,201,54.98,
2026-09-12T03:58:21.046545+00:00,201,58.21,
2026-09-12T03:58:21.057609+00:00,201,56.3,
2026-09-12T03:58:21.067399+00:00,201,56.06,
2026-09-12T03:58:21.079974+00:00,201,84.91,
2026-09-12T03:58:21.100975+00:00,201,66.17,
2026-09-12T03:58:21.112100+00:00,201,71.33,
2026-09-12T03:58:21.090563+00:00,201,95.81,
2026-09-12T03:58:21.123066+00:00,201,80.39,
2026-09-12T03:58:21.134052+00:00,201,80.52,
2026-09-12T03:58:21.145258+00:00,201,78.46,
2026-09-12T03:58:21.156471+00:00,201,74.91,
2026-09-12T03:58:21.167541+00:00,201,67.72,
2026-09-12T03:58:21.179809+00:00,201,64.14,
2026-09-12T03:58:21.189737+00:00,201,60.75,
2026-09-12T03:58:21.201000+00:00,201,56.0,
2026-09-12T03:58:21.212351+00:00,201,51.84,
2026-09-12T03:58:21.224028+00:00,201,47.34,
2026-09-12T03:58:21.235155+00:00,201,61.82,
2026-09-12T03:58:21.246609+00:00,201,51.66,
2026-09-12T03:58:21.257728+00:00,201,42.15,
2026-09-12T03:58:21.267451+00:00,201,43.03,
2026-09-12T03:58:21.278611+00:00,201,43.99,
2026-09-12T03:58:21.289616+00:00,201,41.91,
2026-09-12T03:58:21.300713+00:00,201,39.26,
2026-09-12T03:58:21.313255+00:00,201,37.46,
2026-09-12T03:58:21.324201+00:00,201,40.41,
2026-09-12T03:58:21.345648+00:00,201,37.39,
2026-09-12T03:58:21.335109+00:00,201,54.46,
2026-09-12T03:58:21.356242+00:00,201,48.23,
2026-09-12T03:58:21.368781+00:00,201,51.8,
2026-09-12T03:58:21.390410+00:00,201,36.3,
2026-09-12T03:58:21.379524+00:00,201,57.7,
2026-09-12T03:58:21.401158+00:00,201,39.54,
2026-09-12T03:58:21.422900+00:00,201,39.78,
2026-09-12T03:58:21.412225+00:00,201,58.02,
2026-09-12T03:58:21.435471+00:00,201,39.6,
2026-09-12T03:58:21.446594+00:00,201,42.42,
2026-09-12T03:58:21.457460+00:00,201,39.23,
2026-09-12T03:58:21.468318+00:00,201,39.2,
2026-09-12T03:58:21.479110+00:00,201,57.51,
2026-09-12T03:58:21.490008+00:00,201,65.58,
2026-09-12T03:58:21.512210+00:00,201,49.24,
2026-09-12T03:58:21.523196+00:00,201,53.23,
2026-09-12T03:58:21.501077+00:00,201,79.49,
2026-09-12T03:58:21.535220+00:00,201,56.55,
2026-09-12T03:58:21.545762+00:00,201,56.7,
2026-09-12T03:58:21.557549+00:00,201,57.0,
2026-09-12T03:58:21.567333+00:00,201,56.86,
2026-09-12T03:58:21.578813+00:00,201,56.27,
2026-09-12T03:58:21.589933+00:00,201,54.67,
2026-09-12T03:58:21.600885+00:00,201,53.7,
2026-09-12T03:58:21.612172+00:00,201,50.04,
2026-09-12T03:58:21.623737+00:00,201,47.25,
2026-09-12T03:58:21.634384+00:00,201,44.31,
2026-09-12T03:58:21.646313+00:00,201,41.11,
2026-09-12T03:58:21.657154+00:00,201,60.14,
2026-09-12T03:58:21.690242+00:00,201,40.48,
2026-09-12T03:58:21.668000+00:00,201,63.39,
2026-09-12T03:58:21.679021+00:00,201,56.63,
2026-09-12T03:58:21.711881+00:00,201,41.53,
2026-09-12T03:58:21.701320+00:00,201,61.56,
2026-09-12T03:58:21.722963+00:00,201,40.46,
2026-09-12T03:58:21.735950+00:00,201,39.96,
2026-09-12T03:58:21.746463+00:00,201,39.99,
2026-09-12T03:58:21.757564+00:00,201,38.21,
2026-09-12T03:58:21.768502+00:00,201,38.56,
2026-09-12T03:58:21.779169+00:00,201,39.39,
2026-09-12T03:58:21.789822+00:00,201,40.12,
2026-09-12T03:58:21.800733+00:00,201,39.99,
2026-09-12T03:58:21.811900+00:00,201,37.64,
2026-09-12T03:58:21.823277+00:00,201,37.52,
2026-09-12T03:58:21.835336+00:00,201,37.91,
2026-09-12T03:58:21.846278+00:00,201,38.77,
2026-09-12T03:58:21.868721+00:00,201,43.9,
2026-09-12T03:58:21.879869+00:00,201,59.46,
2026-09-12T03:58:21.857394+00:00,201,87.74,
2026-09-12T03:58:21.890867+00:00,201,69.44,
2026-09-12T03:58:21.903234+00:00,201,68.75,
2026-09-12T03:58:21.913196+00:00,201,65.11,
2026-09-12T03:58:21.924370+00:00,201,61.16,
2026-09-12T03:58:21.934400+00:00,201,57.68,
2026-09-12T03:58:21.945436+00:00,201,53.74,
2026-09-12T03:58:21.956612+00:00,201,50.63,
2026-09-12T03:58:21.978751+00:00,201,47.67,
2026-09-12T03:58:21.989975+00:00,201,46.07,
2026-09-12T03:58:21.967607+00:00,201,69.29,
2026-09-12T03:58:22.001139+00:00,201,43.83,
2026-09-12T03:58:22.012169+00:00,201,46.31,
2026-09-12T03:58:22.023244+00:00,201,42.36,
2026-09-12T03:58:22.034540+00:00,201,41.72,
2026-09-12T03:58:22.045620+00:00,201,41.69,
2026-09-12T03:58:22.056694+00:00,201,39.8,
2026-09-12T03:58:22.068034+00:00,201,38.82,
2026-09-12T03:58:22.079286+00:00,201,38.81,
2026-09-12T03:58:22.090476+00:00,201,38.6,
2026-09-12T03:58:22.101461+00:00,201,36.16,
2026-09-12T03:58:22.122958+00:00,201,34.61,
2026-09-12T03:58:22.112361+00:00,201,57.45,
2026-09-12T03:58:22.135471+00:00,201,36.44,
2026-09-12T03:58:22.156859+00:00,201,37.29,
2026-09-12T03:58:22.145774+00:00,201,63.23,
2026-09-12T03:58:22.167961+00:00,201,42.59,
2026-09-12T03:58:22.179117+00:00,201,50.28,
2026-09-12T03:58:22.190056+00:00,201,49.7,
2026-09-12T03:58:22.201243+00:00,201,46.13,
2026-09-12T03:58:22.223795+00:00,201,43.58,
2026-09-12T03:58:22.212337+00:00,201,57.68,
2026-09-12T03:58:22.234873+00:00,201,40.18,
2026-09-12T03:58:22.245992+00:00,201,43.67,
2026-09-12T03:58:22.256804+00:00,201,41.21,
2026-09-12T03:58:22.267750+00:00,201,39.67,
2026-09-12T03:58:22.279809+00:00,201,51.34,
2026-09-12T03:58:22.301558+00:00,201,40.37,
2026-09-12T03:58:22.290890+00:00,201,55.13,
2026-09-12T03:58:22.312794+00:00,201,41.54,
2026-09-12T03:58:22.323838+00:00,201,40.51,
2026-09-12T03:58:22.346158+00:00,201,36.16,
2026-09-12T03:58:22.335253+00:00,201,55.8,
2026-09-12T03:58:22.368572+00:00,201,40.15,
2026-09-12T03:58:22.357602+00:00,201,53.72,
2026-09-12T03:58:22.379645+00:00,201,41.6,
2026-09-12T03:58:22.390502+00:00,201,41.24,
2026-09-12T03:58:22.401408+00:00,201,39.82,
2026-09-12T03:58:22.412439+00:00,201,39.59,
2026-09-12T03:58:22.423484+00:00,201,36.59,
2026-09-12T03:58:22.445476+00:00,201,37.59,
2026-09-12T03:58:22.434417+00:00,201,51.48,
2026-09-12T03:58:22.456730+00:00,201,39.08,
2026-09-12T03:58:22.478988+00:00,201,39.39,
2026-09-12T03:58:22.468010+00:00,201,51.74,
2026-09-12T03:58:22.490107+00:00,201,39.33,
2026-09-12T03:58:22.501327+00:00,201,40.6,
2026-09-12T03:58:22.512272+00:00,201,38.47,
2026-09-12T03:58:22.523298+00:00,201,39.57,
2026-09-12T03:58:22.534262+00:00,201,48.76,
2026-09-12T03:58:22.545304+00:00,201,52.17,
2026-09-12T03:58:22.556491+00:00,201,49.45,
2026-09-12T03:58:22.579267+00:00,201,43.66,
2026-09-12T03:58:22.567833+00:00,201,64.39,
2026-09-12T03:58:22.601106+00:00,201,41.48,
2026-09-12T03:58:22.590008+00:00,201,61.5,
2026-09-12T03:58:22.612345+00:00,201,44.3,
2026-09-12T03:58:22.623338+00:00,201,43.73,
2026-09-12T03:58:22.634625+00:00,201,43.79,
2026-09-12T03:58:22.645867+00:00,201,41.49,
2026-09-12T03:58:22.656912+00:00,201,40.37,
2026-09-12T03:58:22.690559+00:00,201,38.6,
2026-09-12T03:58:22.667511+00:00,201,62.25,
2026-09-12T03:58:22.701465+00:00,201,39.8,
2026-09-12T03:58:22.679432+00:00,201,65.94,
2026-09-12T03:58:22.712655+00:00,201,41.79,
2026-09-12T03:58:22.723784+00:00,201,42.28,
2026-09-12T03:58:22.734954+00:00,201,38.36,
2026-09-12T03:58:22.745552+00:00,201,37.83,
2026-09-12T03:58:22.767752+00:00,201,35.4,
2026-09-12T03:58:22.778658+00:00,201,38.7,
2026-09-12T03:58:22.756708+00:00,201,62.86,
2026-09-12T03:58:22.789704+00:00,201,39.44,
2026-09-12T03:58:22.800842+00:00,201,39.89,
2026-09-12T03:58:22.811862+00:00,201,40.49,
2026-09-12T03:58:22.823103+00:00,201,38.64,
2026-09-12T03:58:22.834235+00:00,201,38.37,
2026-09-12T03:58:22.845424+00:00,201,39.29,
2026-09-12T03:58:22.856664+00:00,201,38.75,
2026-09-12T03:58:22.867710+00:00,201,38.27,
2026-09-12T03:58:22.878828+00:00,201,38.09,
2026-09-12T03:58:22.901139+00:00,201,33.87,
2026-09-12T03:58:22.890104+00:00,201,54.02,
2026-09-12T03:58:22.912130+00:00,201,38.06,
2026-09-12T03:58:22.924418+00:00,201,37.28,
2026-09-12T03:58:22.946111+00:00,201,37.07,
2026-09-12T03:58:22.935370+00:00,201,58.49,
2026-09-12T03:58:22.957176+00:00,201,39.85,
2026-09-12T03:58:22.968341+00:00,201,38.64,
2026-09-12T03:58:22.979469+00:00,201,37.47,
2026-09-12T03:58:22.990396+00:00,201,36.22,
2026-09-12T03:58:23.012501+00:00,201,34.32,
2026-09-12T03:58:23.001321+00:00,201,53.32,
2026-09-12T03:58:23.023501+00:00,201,36.32,
2026-09-12T03:58:23.034543+00:00,201,39.15,
2026-09-12T03:58:23.045636+00:00,201,39.21,
2026-09-12T03:58:23.056973+00:00,201,36.55,
2026-09-12T03:58:23.078854+00:00,201,37.53,
2026-09-12T03:58:23.067893+00:00,201,49.57,
2026-09-12T03:58:23.090289+00:00,201,38.39,
2026-09-12T03:58:23.101332+00:00,201,37.25,
2026-09-12T03:58:23.112265+00:00,201,38.44,
2026-09-12T03:58:23.123269+00:00,201,37.93,
2026-09-12T03:58:23.134093+00:00,201,36.18,
2026-09-12T03:58:23.145122+00:00,201,40.35,
2026-09-12T03:58:23.157261+00:00,201,39.94,
2026-09-12T03:58:23.168299+00:00,201,46.2,
2026-09-12T03:58:23.178710+00:00,201,51.68,
2026-09-12T03:58:23.190813+00:00,201,50.76,
2026-09-12T03:58:23.201908+00:00,201,49.64,
2026-09-12T03:58:23.212154+00:00,201,49.2,
2026-09-12T03:58:23.223041+00:00,201,49.78,
2026-09-12T03:58:23.245353+00:00,201,46.03,
2026-09-12T03:58:23.234125+00:00,201,62.74,
2026-09-12T03:58:23.256466+00:00,201,54.62,
2026-09-12T03:58:23.267338+00:00,201,63.32,
2026-09-12T03:58:23.289722+00:00,201,49.67,
2026-09-12T03:58:23.279996+00:00,201,71.73,
2026-09-12T03:58:23.311776+00:00,201,51.0,
2026-09-12T03:58:23.301022+00:00,201,66.67,
2026-09-12T03:58:23.324192+00:00,201,50.87,
2026-09-12T03:58:23.335002+00:00,201,64.68,
2026-09-12T03:58:23.346106+00:00,201,66.73,
2026-09-12T03:58:23.357159+00:00,201,64.76,
2026-09-12T03:58:23.368611+00:00,201,63.77,
2026-09-12T03:58:23.379944+00:00,201,63.03,
2026-09-12T03:58:23.390915+00:00,201,55.45,
2026-09-12T03:58:23.401221+00:00,201,53.31,
2026-09-12T03:58:23.413026+00:00,201,57.65,
2026-09-12T03:58:23.423346+00:00,201,57.75,
2026-09-12T03:58:23.445914+00:00,201,54.33,
2026-09-12T03:58:23.434030+00:00,201,67.9,
2026-09-12T03:58:23.456739+00:00,201,62.18,
2026-09-12T03:58:23.467779+00:00,201,64.89,
2026-09-12T03:58:23.489755+00:00,201,44.34,
2026-09-12T03:58:23.478819+00:00,201,57.61,
2026-09-12T03:58:23.512097+00:00,201,47.41,
2026-09-12T03:58:23.500784+00:00,201,66.12,
2026-09-12T03:58:23.523165+00:00,201,47.32,
2026-09-12T03:58:23.534154+00:00,201,45.93,
2026-09-12T03:58:23.545488+00:00,201,44.11,
2026-09-12T03:58:23.556637+00:00,201,42.63,
2026-09-12T03:58:23.578966+00:00,201,38.43,
2026-09-12T03:58:23.567840+00:00,201,54.55,
2026-09-12T03:58:23.589907+00:00,201,50.28,
2026-09-12T03:58:23.600853+00:00,201,40.23,
2026-09-12T03:58:23.613219+00:00,201,39.72,
2026-09-12T03:58:23.624057+00:00,201,38.15,
2026-09-12T03:58:23.635137+00:00,201,36.83,
2026-09-12T03:58:23.645999+00:00,201,39.1,
2026-09-12T03:58:23.657290+00:00,201,39.88,
2026-09-12T03:58:23.668473+00:00,201,38.1,
2026-09-12T03:58:23.679484+00:00,201,40.35,
2026-09-12T03:58:23.690513+00:00,201,38.75,
2026-09-12T03:58:23.701901+00:00,201,39.06,
2026-09-12T03:58:23.712884+00:00,201,36.98,
2026-09-12T03:58:23.723935+00:00,201,34.99,
2026-09-12T03:58:23.746433+00:00,201,33.62,
2026-09-12T03:58:23.757302+00:00,201,39.1,
2026-09-12T03:58:23.735298+00:00,201,63.39,
2026-09-12T03:58:23.768570+00:00,201,38.74,
2026-09-12T03:58:23.779337+00:00,201,40.13,
2026-09-12T03:58:23.790473+00:00,201,38.64,
2026-09-12T03:58:23.801511+00:00,201,39.55,
2026-09-12T03:58:23.812352+00:00,201,39.01,
2026-09-12T03:58:23.823924+00:00,201,39.27,
2026-09-12T03:58:23.834530+00:00,201,36.2,
2026-09-12T03:58:23.845734+00:00,201,58.38,
2026-09-12T03:58:23.856913+00:00,201,47.77,
2026-09-12T03:58:23.867848+00:00,201,36.92,
2026-09-12T03:58:23.878969+00:00,201,57.95,
2026-09-12T03:58:23.889939+00:00,201,48.41,
2026-09-12T03:58:23.900825+00:00,201,53.18,
2026-09-12T03:58:23.912658+00:00,201,57.38,
2026-09-12T03:58:23.934638+00:00,201,39.01,
2026-09-12T03:58:23.945591+00:00,201,40.39,
2026-09-12T03:58:23.923200+00:00,201,66.02,
2026-09-12T03:58:23.956802+00:00,201,42.04,
2026-09-12T03:58:23.967864+00:00,201,41.07,
2026-09-12T03:58:23.979016+00:00,201,38.12,
2026-09-12T03:58:23.990123+00:00,201,37.33,
2026-09-12T03:58:24.000755+00:00,201,35.92,
2026-09-12T03:58:24.013314+00:00,201,38.46,
2026-09-12T03:58:24.024328+00:00,201,38.62,
2026-09-12T03:58:24.035093+00:00,201,38.74,
2026-09-12T03:58:24.046336+00:00,201,38.95,
2026-09-12T03:58:24.057357+00:00,201,37.41,
2026-09-12T03:58:24.068631+00:00,201,36.98,
2026-09-12T03:58:24.079774+00:00,201,36.47,
2026-09-12T03:58:24.090709+00:00,201,37.71,
2026-09-12T03:58:24.101933+00:00,201,36.95,
2026-09-12T03:58:24.113056+00:00,201,36.85,
2026-09-12T03:58:24.123502+00:00,201,36.54,
2026-09-12T03:58:24.145627+00:00,201,37.78,
2026-09-12T03:58:24.134600+00:00,201,53.7,
2026-09-12T03:58:24.156866+00:00,201,42.18,
2026-09-12T03:58:24.168320+00:00,201,45.68,
2026-09-12T03:58:24.178861+00:00,201,46.97,
2026-09-12T03:58:24.190024+00:00,201,44.21,
2026-09-12T03:58:24.200971+00:00,201,42.62,
2026-09-12T03:58:24.212222+00:00,201,43.82,
2026-09-12T03:58:24.223390+00:00,201,41.28,
2026-09-12T03:58:24.234406+00:00,201,49.31,
2026-09-12T03:58:24.245477+00:00,201,39.61,
2026-09-12T03:58:24.267935+00:00,201,39.73,
2026-09-12T03:58:24.256645+00:00,201,63.04,
2026-09-12T03:58:24.279282+00:00,201,41.96,
2026-09-12T03:58:24.289914+00:00,201,41.51,
2026-09-12T03:58:24.313261+00:00,201,39.23,
2026-09-12T03:58:24.323725+00:00,201,40.61,
2026-09-12T03:58:24.300669+00:00,201,63.8,
2026-09-12T03:58:24.334444+00:00,201,40.14,
2026-09-12T03:58:24.346572+00:00,201,40.55,
2026-09-12T03:58:24.357693+00:00,201,41.83,
2026-09-12T03:58:24.368846+00:00,201,43.71,
2026-09-12T03:58:24.378450+00:00,201,43.91,
2026-09-12T03:58:24.391095+00:00,201,45.03,
2026-09-12T03:58:24.402131+00:00,201,45.24,
2026-09-12T03:58:24.411711+00:00,201,43.76,
2026-09-12T03:58:24.422891+00:00,201,43.33,
2026-09-12T03:58:24.445636+00:00,201,39.29,
2026-09-12T03:58:24.434167+00:00,201,57.27,
2026-09-12T03:58:24.479316+00:00,201,46.43,
2026-09-12T03:58:24.468175+00:00,201,59.81,
2026-09-12T03:58:24.457065+00:00,201,71.87,
2026-09-12T03:58:24.490804+00:00,201,47.37,
2026-09-12T03:58:24.501907+00:00,201,56.48,
2026-09-12T03:58:24.513017+00:00,201,46.81,
2026-09-12T03:58:24.524116+00:00,201,46.59,
2026-09-12T03:58:24.535390+00:00,201,55.62,
2026-09-12T03:58:24.557682+00:00,201,46.12,
2026-09-12T03:58:24.546553+00:00,201,58.07,
2026-09-12T03:58:24.568641+00:00,201,46.44,
2026-09-12T03:58:24.579768+00:00,201,57.55,
2026-09-12T03:58:24.601617+00:00,201,44.75,
2026-09-12T03:58:24.591142+00:00,201,63.42,
2026-09-12T03:58:24.612376+00:00,201,47.02,
2026-09-12T03:58:24.634564+00:00,201,46.89,
2026-09-12T03:58:24.623582+00:00,201,63.47,
2026-09-12T03:58:24.645690+00:00,201,47.52,
2026-09-12T03:58:24.657045+00:00,201,49.91,
2026-09-12T03:58:24.679697+00:00,201,46.17,
2026-09-12T03:58:24.668573+00:00,201,64.26,
2026-09-12T03:58:24.690902+00:00,201,46.53,
2026-09-12T03:58:24.712286+00:00,201,45.15,
2026-09-12T03:58:24.700985+00:00,201,61.39,
2026-09-12T03:58:24.723452+00:00,201,47.24,
2026-09-12T03:58:24.745687+00:00,201,44.47,
2026-09-12T03:58:24.734573+00:00,201,59.98,
2026-09-12T03:58:24.756613+00:00,201,46.37,
2026-09-12T03:58:24.767962+00:00,201,48.88,
2026-09-12T03:58:24.779116+00:00,201,48.22,
2026-09-12T03:58:24.790200+00:00,201,49.84,
2026-09-12T03:58:24.801256+00:00,201,46.26,
2026-09-12T03:58:24.823277+00:00,201,45.87,
2026-09-12T03:58:24.812291+00:00,201,63.0,
2026-09-12T03:58:24.845336+00:00,201,47.37,
2026-09-12T03:58:24.834239+00:00,201,59.66,
2026-09-12T03:58:24.856264+00:00,201,46.41,
2026-09-12T03:58:24.867496+00:00,201,45.19,
2026-09-12T03:58:24.889927+00:00,201,44.52,
2026-09-12T03:58:24.878762+00:00,201,61.86,
2026-09-12T03:58:24.900820+00:00,201,47.02,
2026-09-12T03:58:24.913301+00:00,201,48.11,
2026-09-12T03:58:24.924450+00:00,201,47.01,
2026-09-12T03:58:24.935558+00:00,201,46.42,
2026-09-12T03:58:24.946327+00:00,201,44.25,
2026-09-12T03:58:24.957727+00:00,201,42.83,
2026-09-12T03:58:24.968884+00:00,201,41.57,
2026-09-12T03:58:24.978453+00:00,201,47.53,
2026-09-12T03:58:24.990842+00:00,201,50.66,
2026-09-12T03:58:25.001792+00:00,201,58.97,
2026-09-12T03:58:25.023223+00:00,201,43.33,
2026-09-12T03:58:25.012472+00:00,201,67.43,
2026-09-12T03:58:25.045401+00:00,201,46.3,
2026-09-12T03:58:25.034214+00:00,201,62.5,
2026-09-12T03:58:25.056544+00:00,201,46.56,
2026-09-12T03:58:25.068378+00:00,201,46.86,
2026-09-12T03:58:25.079071+00:00,201,45.88,
2026-09-12T03:58:25.089954+00:00,201,49.07,
2026-09-12T03:58:25.101172+00:00,201,58.33,
2026-09-12T03:58:25.123384+00:00,201,65.72,
2026-09-12T03:58:25.112389+00:00,201,80.63,
2026-09-12T03:58:25.134327+00:00,201,64.96,
2026-09-12T03:58:25.145396+00:00,201,68.03,
2026-09-12T03:58:25.157572+00:00,201,64.93,
2026-09-12T03:58:25.168194+00:00,201,61.02,
2026-09-12T03:58:25.179805+00:00,201,57.37,
2026-09-12T03:58:25.190656+00:00,201,52.49,
2026-09-12T03:58:25.201397+00:00,201,53.69,
2026-09-12T03:58:25.212565+00:00,201,50.63,
2026-09-12T03:58:25.223791+00:00,201,47.08,
2026-09-12T03:58:25.234974+00:00,201,47.51,
2026-09-12T03:58:25.257500+00:00,201,46.11,
2026-09-12T03:58:25.246218+00:00,201,57.56,
2026-09-12T03:58:25.268841+00:00,201,46.91,
2026-09-12T03:58:25.278545+00:00,201,47.38,
2026-09-12T03:58:25.289687+00:00,201,43.75,
2026-09-12T03:58:25.300864+00:00,201,41.52,
2026-09-12T03:58:25.323034+00:00,201,41.78,
2026-09-12T03:58:25.311888+00:00,201,64.11,
2026-09-12T03:58:25.335566+00:00,201,58.26,
2026-09-12T03:58:25.357695+00:00,201,42.93,
2026-09-12T03:58:25.345212+00:00,201,66.87,
2026-09-12T03:58:25.368772+00:00,201,59.31,
2026-09-12T03:58:25.389705+00:00,201,45.14,
2026-09-12T03:58:25.378565+00:00,201,72.32,
2026-09-12T03:58:25.400647+00:00,201,53.63,
2026-09-12T03:58:25.413149+00:00,201,56.19,
2026-09-12T03:58:25.424423+00:00,201,56.65,
2026-09-12T03:58:25.434279+00:00,201,52.06,
2026-09-12T03:58:25.445640+00:00,201,51.54,
2026-09-12T03:58:25.456620+00:00,201,49.09,
2026-09-12T03:58:25.467773+00:00,201,49.64,
2026-09-12T03:58:25.478954+00:00,201,46.83,
2026-09-12T03:58:25.490264+00:00,201,46.96,
2026-09-12T03:58:25.501425+00:00,201,47.71,
2026-09-12T03:58:25.512473+00:00,201,45.89,
2026-09-12T03:58:25.523732+00:00,201,47.23,
2026-09-12T03:58:25.535358+00:00,201,47.74,
2026-09-12T03:58:25.546662+00:00,201,49.06,
2026-09-12T03:58:25.557693+00:00,201,44.84,
2026-09-12T03:58:25.578869+00:00,201,42.52,
2026-09-12T03:58:25.567802+00:00,201,68.79,
2026-09-12T03:58:25.601102+00:00,201,46.11,
2026-09-12T03:58:25.590114+00:00,201,64.54,
2026-09-12T03:58:25.612432+00:00,201,49.25,
2026-09-12T03:58:25.623477+00:00,201,48.53,
2026-09-12T03:58:25.634432+00:00,201,49.35,
2026-09-12T03:58:25.645598+00:00,201,47.04,
2026-09-12T03:58:25.657096+00:00,201,45.55,
2026-09-12T03:58:25.668439+00:00,201,42.49,
2026-09-12T03:58:25.690885+00:00,201,42.6,
2026-09-12T03:58:25.702163+00:00,201,40.29,
2026-09-12T03:58:25.679677+00:00,201,64.35,
2026-09-12T03:58:25.722969+00:00,201,41.59,
2026-09-12T03:58:25.712055+00:00,201,63.63,
2026-09-12T03:58:25.746653+00:00,201,43.1,
2026-09-12T03:58:25.735525+00:00,201,59.83,
2026-09-12T03:58:25.757787+00:00,201,45.67,
2026-09-12T03:58:25.779804+00:00,201,42.02,
2026-09-12T03:58:25.768750+00:00,201,57.21,
2026-09-12T03:58:25.790689+00:00,201,43.74,
2026-09-12T03:58:25.813001+00:00,201,46.82,
2026-09-12T03:58:25.801462+00:00,201,60.89,
2026-09-12T03:58:25.823857+00:00,201,49.21,
2026-09-12T03:58:25.835174+00:00,201,51.7,
2026-09-12T03:58:25.846231+00:00,201,51.7,
2026-09-12T03:58:25.857437+00:00,201,49.55,
2026-09-12T03:58:25.868716+00:00,201,45.78,
2026-09-12T03:58:25.878890+00:00,201,44.96,
2026-09-12T03:58:25.891013+00:00,201,42.32,
2026-09-12T03:58:25.901761+00:00,201,61.92,
2026-09-12T03:58:25.923600+00:00,201,40.63,
2026-09-12T03:58:25.912635+00:00,201,70.67,
2026-09-12T03:58:25.946015+00:00,201,49.36,
2026-09-12T03:58:25.934029+00:00,201,64.31,
2026-09-12T03:58:25.956915+00:00,201,50.04,
2026-09-12T03:58:25.978964+00:00,201,47.23,
2026-09-12T03:58:25.967987+00:00,201,62.58,
2026-09-12T03:58:25.990018+00:00,201,53.6,
2026-09-12T03:58:26.001048+00:00,201,43.86,
2026-09-12T03:58:26.012182+00:00,201,64.89,
2026-09-12T03:58:26.023335+00:00,201,91.07,
2026-09-12T03:58:26.034906+00:00,201,79.75,
2026-09-12T03:58:26.045523+00:00,201,69.22,
2026-09-12T03:58:26.068652+00:00,201,55.66,
2026-09-12T03:58:26.079695+00:00,201,56.98,
2026-09-12T03:58:26.056298+00:00,201,82.78,
2026-09-12T03:58:26.091000+00:00,201,59.29,
2026-09-12T03:58:26.113012+00:00,201,59.89,
2026-09-12T03:58:26.124301+00:00,201,54.84,
2026-09-12T03:58:26.101914+00:00,201,80.86,
2026-09-12T03:58:26.134573+00:00,201,56.82,
2026-09-12T03:58:26.145331+00:00,201,59.39,
2026-09-12T03:58:26.156590+00:00,201,61.41,
2026-09-12T03:58:26.167650+00:00,201,62.99,
2026-09-12T03:58:26.179661+00:00,201,61.56,
2026-09-12T03:58:26.191030+00:00,201,61.3,
2026-09-12T03:58:26.201166+00:00,201,56.29,
2026-09-12T03:58:26.212405+00:00,201,57.94,
2026-09-12T03:58:26.223610+00:00,201,58.91,
2026-09-12T03:58:26.245388+00:00,201,52.84,
2026-09-12T03:58:26.234719+00:00,201,69.05,
2026-09-12T03:58:26.257549+00:00,201,53.2,
2026-09-12T03:58:26.267721+00:00,201,57.77,
2026-09-12T03:58:26.279364+00:00,201,55.47,
2026-09-12T03:58:26.290597+00:00,201,55.21,
2026-09-12T03:58:26.301391+00:00,201,52.95,
2026-09-12T03:58:26.312424+00:00,201,52.52,
2026-09-12T03:58:26.324351+00:00,201,51.77,
2026-09-12T03:58:26.346598+00:00,201,49.03,
2026-09-12T03:58:26.357674+00:00,201,48.09,
2026-09-12T03:58:26.335445+00:00,201,73.39,
2026-09-12T03:58:26.379644+00:00,201,51.91,
2026-09-12T03:58:26.368543+00:00,201,72.56,
2026-09-12T03:58:26.390589+00:00,201,52.0,
2026-09-12T03:58:26.401637+00:00,201,49.73,
2026-09-12T03:58:26.411954+00:00,201,49.89,
2026-09-12T03:58:26.423241+00:00,201,48.56,
2026-09-12T03:58:26.445316+00:00,201,49.38,
2026-09-12T03:58:26.434197+00:00,201,70.94,
2026-09-12T03:58:26.467532+00:00,201,50.62,
2026-09-12T03:58:26.456441+00:00,201,65.43,
2026-09-12T03:58:26.478606+00:00,201,53.56,
2026-09-12T03:58:26.490000+00:00,201,49.51,
2026-09-12T03:58:26.501196+00:00,201,48.48,
2026-09-12T03:58:26.512433+00:00,201,46.93,
2026-09-12T03:58:26.523468+00:00,201,53.19,
2026-09-12T03:58:26.534661+00:00,201,59.77,
2026-09-12T03:58:26.556801+00:00,201,46.76,
2026-09-12T03:58:26.545507+00:00,201,71.05,
2026-09-12T03:58:26.567927+00:00,201,49.93,
2026-09-12T03:58:26.579193+00:00,201,48.92,
2026-09-12T03:58:26.590369+00:00,201,47.37,
2026-09-12T03:58:26.600964+00:00,201,45.27,
2026-09-12T03:58:26.612076+00:00,201,58.03,
2026-09-12T03:58:26.634743+00:00,201,54.61,
2026-09-12T03:58:26.645824+00:00,201,45.86,
2026-09-12T03:58:26.623542+00:00,201,69.16,
2026-09-12T03:58:26.667947+00:00,201,49.53,
2026-09-12T03:58:26.656823+00:00,201,68.61,
2026-09-12T03:58:26.690219+00:00,201,46.86,
2026-09-12T03:58:26.679040+00:00,201,58.45,
2026-09-12T03:58:26.713011+00:00,201,42.85,
2026-09-12T03:58:26.701745+00:00,201,65.47,
2026-09-12T03:58:26.724087+00:00,201,45.65,
2026-09-12T03:58:26.735088+00:00,201,45.08,
2026-09-12T03:58:26.745951+00:00,201,42.0,
2026-09-12T03:58:26.757017+00:00,201,41.14,
2026-09-12T03:58:26.768163+00:00,201,42.6,
2026-09-12T03:58:26.779352+00:00,201,41.33,
2026-09-12T03:58:26.790232+00:00,201,41.09,
2026-09-12T03:58:26.801362+00:00,201,40.43,
2026-09-12T03:58:26.811883+00:00,201,39.95,
2026-09-12T03:58:26.823063+00:00,201,40.42,
2026-09-12T03:58:26.834033+00:00,201,39.02,
2026-09-12T03:58:26.846637+00:00,201,36.5,
2026-09-12T03:58:26.868580+00:00,201,35.67,
2026-09-12T03:58:26.857532+00:00,201,59.2,
2026-09-12T03:58:26.879625+00:00,201,53.36,
2026-09-12T03:58:26.890981+00:00,201,62.22,
2026-09-12T03:58:26.901928+00:00,201,52.15,
2026-09-12T03:58:26.912890+00:00,201,41.65,
2026-09-12T03:58:26.923826+00:00,201,58.76,
2026-09-12T03:58:26.956502+00:00,201,44.27,
2026-09-12T03:58:26.945856+00:00,201,57.66,
2026-09-12T03:58:26.934916+00:00,201,72.15,
2026-09-12T03:58:26.967530+00:00,201,49.56,
2026-09-12T03:58:26.978666+00:00,201,51.15,
2026-09-12T03:58:26.991072+00:00,201,46.33,
2026-09-12T03:58:27.001643+00:00,201,42.13,
2026-09-12T03:58:27.011971+00:00,201,50.76,
2026-09-12T03:58:27.024735+00:00,201,41.31,
2026-09-12T03:58:27.035263+00:00,201,40.16,
2026-09-12T03:58:27.046271+00:00,201,43.64,
2026-09-12T03:58:27.057424+00:00,201,40.11,
2026-09-12T03:58:27.068591+00:00,201,52.77,
2026-09-12T03:58:27.090196+00:00,201,39.42,
2026-09-12T03:58:27.079708+00:00,201,62.37,
2026-09-12T03:58:27.101098+00:00,201,43.99,
2026-09-12T03:58:27.112097+00:00,201,41.34,
2026-09-12T03:58:27.123804+00:00,201,41.56,
2026-09-12T03:58:27.135088+00:00,201,37.86,
2026-09-12T03:58:27.157093+00:00,201,38.8,
2026-09-12T03:58:27.146090+00:00,201,56.29,
2026-09-12T03:58:27.167964+00:00,201,39.18,
2026-09-12T03:58:27.179180+00:00,201,39.69,
2026-09-12T03:58:27.201570+00:00,201,35.77,
2026-09-12T03:58:27.190349+00:00,201,54.18,
2026-09-12T03:58:27.212638+00:00,201,47.42,
2026-09-12T03:58:27.223668+00:00,201,56.69,
2026-09-12T03:58:27.246066+00:00,201,41.59,
2026-09-12T03:58:27.234757+00:00,201,67.43,
2026-09-12T03:58:27.256990+00:00,201,46.02,
2026-09-12T03:58:27.268731+00:00,201,42.38,
2026-09-12T03:58:27.278853+00:00,201,42.03,
2026-09-12T03:58:27.290007+00:00,201,48.6,
2026-09-12T03:58:27.312334+00:00,201,38.83,
2026-09-12T03:58:27.301317+00:00,201,58.52,
2026-09-12T03:58:27.323212+00:00,201,44.37,
2026-09-12T03:58:27.345109+00:00,201,41.88,
2026-09-12T03:58:27.334167+00:00,201,56.26,
2026-09-12T03:58:27.357404+00:00,201,42.57,
2026-09-12T03:58:27.367547+00:00,201,42.59,
2026-09-12T03:58:27.379680+00:00,201,40.37,
2026-09-12T03:58:27.390772+00:00,201,39.92,
2026-09-12T03:58:27.401538+00:00,201,38.27,
2026-09-12T03:58:27.412613+00:00,201,38.24,
2026-09-12T03:58:27.434882+00:00,201,35.26,
2026-09-12T03:58:27.423849+00:00,201,58.52,
2026-09-12T03:58:27.446039+00:00,201,40.6,
2026-09-12T03:58:27.457219+00:00,201,58.85,
2026-09-12T03:58:27.490338+00:00,201,40.17,
2026-09-12T03:58:27.479417+00:00,201,51.47,
2026-09-12T03:58:27.468272+00:00,201,63.71,
2026-09-12T03:58:27.512462+00:00,201,41.0,
2026-09-12T03:58:27.501363+00:00,201,61.02,
2026-09-12T03:58:27.523395+00:00,201,39.9,
2026-09-12T03:58:27.545586+00:00,201,37.73,
2026-09-12T03:58:27.534859+00:00,201,56.51,
2026-09-12T03:58:27.567627+00:00,201,40.15,
2026-09-12T03:58:27.556581+00:00,201,54.97,
2026-09-12T03:58:27.578669+00:00,201,40.95,
2026-09-12T03:58:27.589844+00:00,201,41.09,
2026-09-12T03:58:27.600814+00:00,201,39.64,
2026-09-12T03:58:27.622915+00:00,201,38.07,
2026-09-12T03:58:27.611803+00:00,201,61.02,
2026-09-12T03:58:27.634076+00:00,201,40.41,
2026-09-12T03:58:27.645126+00:00,201,40.02,
2026-09-12T03:58:27.657713+00:00,201,41.64,
2026-09-12T03:58:27.668769+00:00,201,39.3,
2026-09-12T03:58:27.679888+00:00,201,37.49,
2026-09-12T03:58:27.690957+00:00,201,38.48,
2026-09-12T03:58:27.700776+00:00,201,37.87,
2026-09-12T03:58:27.711796+00:00,201,37.03,
2026-09-12T03:58:27.735141+00:00,201,32.28,
2026-09-12T03:58:27.724403+00:00,201,56.29,
2026-09-12T03:58:27.746242+00:00,201,47.32,
2026-09-12T03:58:27.757004+00:00,201,56.27,
2026-09-12T03:58:27.778944+00:00,201,39.77,
2026-09-12T03:58:27.768143+00:00,201,65.23,
2026-09-12T03:58:27.801210+00:00,201,42.21,
2026-09-12T03:58:27.789946+00:00,201,57.3,
2026-09-12T03:58:27.811994+00:00,201,46.02,
2026-09-12T03:58:27.823380+00:00,201,42.04,
2026-09-12T03:58:27.834371+00:00,201,41.22,
2026-09-12T03:58:27.845450+00:00,201,38.67,
2026-09-12T03:58:27.856246+00:00,201,39.03,
2026-09-12T03:58:27.867730+00:00,201,38.84,
2026-09-12T03:58:27.878931+00:00,201,36.98,
2026-09-12T03:58:27.889945+00:00,201,37.21,
2026-09-12T03:58:27.901016+00:00,201,35.48,
2026-09-12T03:58:27.923240+00:00,201,35.38,
2026-09-12T03:58:27.912296+00:00,201,61.94,
2026-09-12T03:58:27.934250+00:00,201,43.41,
2026-09-12T03:58:27.945516+00:00,201,43.24,
2026-09-12T03:58:27.956351+00:00,201,45.38,
2026-09-12T03:58:27.967845+00:00,201,41.24,
2026-09-12T03:58:27.979196+00:00,201,44.0,
2026-09-12T03:58:27.990513+00:00,201,45.38,
2026-09-12T03:58:28.001882+00:00,201,39.18,
2026-09-12T03:58:28.012731+00:00,201,37.54,
2026-09-12T03:58:28.034730+00:00,201,35.42,
2026-09-12T03:58:28.023547+00:00,201,59.72,
2026-09-12T03:58:28.045678+00:00,201,39.57,
2026-09-12T03:58:28.056496+00:00,201,40.65,
2026-09-12T03:58:28.067546+00:00,201,40.12,
2026-09-12T03:58:28.079974+00:00,201,39.67,
2026-09-12T03:58:28.089889+00:00,201,38.44,
2026-09-12T03:58:28.100953+00:00,201,35.86,
2026-09-12T03:58:28.111986+00:00,201,45.75,
2026-09-12T03:58:28.135426+00:00,201,40.6,
2026-09-12T03:58:28.122942+00:00,201,60.2,
2026-09-12T03:58:28.145925+00:00,201,48.02,
2026-09-12T03:58:28.157189+00:00,201,48.28,
2026-09-12T03:58:28.167920+00:00,201,45.36,
2026-09-12T03:58:28.179313+00:00,201,42.92,
2026-09-12T03:58:28.190475+00:00,201,39.62,
2026-09-12T03:58:28.201629+00:00,201,39.07,
2026-09-12T03:58:28.212597+00:00,201,39.12,
2026-09-12T03:58:28.223742+00:00,201,41.52,
2026-09-12T03:58:28.234839+00:00,201,38.78,
2026-09-12T03:58:28.245917+00:00,201,36.96,
2026-09-12T03:58:28.257151+00:00,201,37.79,
2026-09-12T03:58:28.268386+00:00,201,35.86,
2026-09-12T03:58:28.290227+00:00,201,34.36,
2026-09-12T03:58:28.279344+00:00,201,53.47,
2026-09-12T03:58:28.301275+00:00,201,35.06,
2026-09-12T03:58:28.323195+00:00,201,36.84,
2026-09-12T03:58:28.312257+00:00,201,53.48,
2026-09-12T03:58:28.335333+00:00,201,38.93,
2026-09-12T03:58:28.345802+00:00,201,38.31,
2026-09-12T03:58:28.356778+00:00,201,35.52,
2026-09-12T03:58:28.379113+00:00,201,33.91,
2026-09-12T03:58:28.390319+00:00,201,35.49,
2026-09-12T03:58:28.368046+00:00,201,61.46,
2026-09-12T03:58:28.400762+00:00,201,36.74,
2026-09-12T03:58:28.423087+00:00,201,59.32,
2026-09-12T03:58:28.411952+00:00,201,74.58,
2026-09-12T03:58:28.434458+00:00,201,66.05,
2026-09-12T03:58:28.445343+00:00,201,65.13,
2026-09-12T03:58:28.456936+00:00,201,66.87,
2026-09-12T03:58:28.467263+00:00,201,59.44,
2026-09-12T03:58:28.479052+00:00,201,53.17,
2026-09-12T03:58:28.490742+00:00,201,51.21,
2026-09-12T03:58:28.502017+00:00,201,68.0,
2026-09-12T03:58:28.524593+00:00,201,53.09,
2026-09-12T03:58:28.534083+00:00,201,53.26,
2026-09-12T03:58:28.513156+00:00,201,74.38,
2026-09-12T03:58:28.556586+00:00,201,52.19,
2026-09-12T03:58:28.546195+00:00,201,75.03,
2026-09-12T03:58:28.567373+00:00,201,54.28,
2026-09-12T03:58:28.579142+00:00,201,55.26,
2026-09-12T03:58:28.590422+00:00,201,51.78,
2026-09-12T03:58:28.601495+00:00,201,47.65,
2026-09-12T03:58:28.612220+00:00,201,46.24,
2026-09-12T03:58:28.623857+00:00,201,41.92,
2026-09-12T03:58:28.657063+00:00,201,38.46,
2026-09-12T03:58:28.634968+00:00,201,62.89,
2026-09-12T03:58:28.646015+00:00,201,52.63,
2026-09-12T03:58:28.679131+00:00,201,39.04,
2026-09-12T03:58:28.668111+00:00,201,61.4,
2026-09-12T03:58:28.701209+00:00,201,40.63,
2026-09-12T03:58:28.690248+00:00,201,61.96,
2026-09-12T03:58:28.712240+00:00,201,44.74,
2026-09-12T03:58:28.723190+00:00,201,46.55,
2026-09-12T03:58:28.735441+00:00,201,42.61,
2026-09-12T03:58:28.746566+00:00,201,38.84,
2026-09-12T03:58:28.756265+00:00,201,41.67,
2026-09-12T03:58:28.767669+00:00,201,39.47,
2026-09-12T03:58:28.778600+00:00,201,40.26,
2026-09-12T03:58:28.789672+00:00,201,37.64,
2026-09-12T03:58:28.802038+00:00,201,47.37,
2026-09-12T03:58:28.824088+00:00,201,37.07,
2026-09-12T03:58:28.812993+00:00,201,57.0,
2026-09-12T03:58:28.846075+00:00,201,39.35,
2026-09-12T03:58:28.835134+00:00,201,50.83,
2026-09-12T03:58:28.857327+00:00,201,39.23,
2026-09-12T03:58:28.868425+00:00,201,40.73,
2026-09-12T03:58:28.879488+00:00,201,38.85,
2026-09-12T03:58:28.890588+00:00,201,39.16,
2026-09-12T03:58:28.901685+00:00,201,36.84,
2026-09-12T03:58:28.912698+00:00,201,38.06,
2026-09-12T03:58:28.923452+00:00,201,38.85,
2026-09-12T03:58:28.934472+00:00,201,39.27,
2026-09-12T03:58:28.945203+00:00,201,39.41,
2026-09-12T03:58:28.956350+00:00,201,41.0,
2026-09-12T03:58:28.968822+00:00,201,39.09,
2026-09-12T03:58:28.979842+00:00,201,38.74,
2026-09-12T03:58:28.991159+00:00,201,39.5,
2026-09-12T03:58:29.001647+00:00,201,41.25,
2026-09-12T03:58:29.012802+00:00,201,41.2,
2026-09-12T03:58:29.024161+00:00,201,39.56,
2026-09-12T03:58:29.035205+00:00,201,38.55,
2026-09-12T03:58:29.046351+00:00,201,41.15,
2026-09-12T03:58:29.057593+00:00,201,41.17,
2026-09-12T03:58:29.068660+00:00,201,38.59,
2026-09-12T03:58:29.079655+00:00,201,38.39,
2026-09-12T03:58:29.090756+00:00,201,37.43,
2026-09-12T03:58:29.112910+00:00,201,38.72,
2026-09-12T03:58:29.101740+00:00,201,52.12,
2026-09-12T03:58:29.124445+00:00,201,39.42,
2026-09-12T03:58:29.134057+00:00,201,39.45,
2026-09-12T03:58:29.146490+00:00,201,37.73,
2026-09-12T03:58:29.168105+00:00,201,38.76,
2026-09-12T03:58:29.157260+00:00,201,59.41,
2026-09-12T03:58:29.179373+00:00,201,40.94,
2026-09-12T03:58:29.189987+00:00,201,40.75,
2026-09-12T03:58:29.200931+00:00,201,38.24,
2026-09-12T03:58:29.213286+00:00,201,40.82,
2026-09-12T03:58:29.222899+00:00,201,38.93,
2026-09-12T03:58:29.235535+00:00,201,38.12,
2026-09-12T03:58:29.245177+00:00,201,38.39,
2026-09-12T03:58:29.256266+00:00,201,36.26,
2026-09-12T03:58:29.267453+00:00,201,37.04,
2026-09-12T03:58:29.278454+00:00,201,38.6,
2026-09-12T03:58:29.291101+00:00,201,38.27,
2026-09-12T03:58:29.302094+00:00,201,62.69,
2026-09-12T03:58:29.324166+00:00,201,41.19,
2026-09-12T03:58:29.313231+00:00,201,63.78,
2026-09-12T03:58:29.346436+00:00,201,41.59,
2026-09-12T03:58:29.335356+00:00,201,56.68,
2026-09-12T03:58:29.357600+00:00,201,43.39,
2026-09-12T03:58:29.368775+00:00,201,41.26,
2026-09-12T03:58:29.378496+00:00,201,39.19,
2026-09-12T03:58:29.389705+00:00,201,39.86,
2026-09-12T03:58:29.400641+00:00,201,39.7,
2026-09-12T03:58:29.413194+00:00,201,39.48,
2026-09-12T03:58:29.424212+00:00,201,38.75,
2026-09-12T03:58:29.435236+00:00,201,38.21,
2026-09-12T03:58:29.446094+00:00,201,39.09,
2026-09-12T03:58:29.456872+00:00,201,38.33,
2026-09-12T03:58:29.467967+00:00,201,37.73,
2026-09-12T03:58:29.478975+00:00,201,35.0,
2026-09-12T03:58:29.490159+00:00,201,64.93,
2026-09-12T03:58:29.512442+00:00,201,42.78,
2026-09-12T03:58:29.501299+00:00,201,67.3,
2026-09-12T03:58:29.535104+00:00,201,41.61,
2026-09-12T03:58:29.523580+00:00,201,61.83,
2026-09-12T03:58:29.546116+00:00,201,41.58,
2026-09-12T03:58:29.557005+00:00,201,42.42,
2026-09-12T03:58:29.568140+00:00,201,40.69,
2026-09-12T03:58:29.579075+00:00,201,39.22,
2026-09-12T03:58:29.590227+00:00,201,38.21,
2026-09-12T03:58:29.601364+00:00,201,35.91,
2026-09-12T03:58:29.623435+00:00,201,33.95,
2026-09-12T03:58:29.612405+00:00,201,57.84,
2026-09-12T03:58:29.634393+00:00,201,54.24,
2026-09-12T03:58:29.656441+00:00,201,42.24,
2026-09-12T03:58:29.667469+00:00,201,45.14,
2026-09-12T03:58:29.645471+00:00,201,68.28,
2026-09-12T03:58:29.678650+00:00,201,46.54,
2026-09-12T03:58:29.689594+00:00,201,41.96,
2026-09-12T03:58:29.700676+00:00,201,42.69,
2026-09-12T03:58:29.712305+00:00,201,40.77,
2026-09-12T03:58:29.722949+00:00,201,39.25,
2026-09-12T03:58:29.734078+00:00,201,38.53,
2026-09-12T03:58:29.746654+00:00,201,37.74,
2026-09-12T03:58:29.757203+00:00,201,35.28,
2026-09-12T03:58:29.779468+00:00,201,33.82,
2026-09-12T03:58:29.790696+00:00,201,38.23,
2026-09-12T03:58:29.768388+00:00,201,60.91,
2026-09-12T03:58:29.801679+00:00,201,38.73,
2026-09-12T03:58:29.812613+00:00,201,39.15,
2026-09-12T03:58:29.823767+00:00,201,38.24,
2026-09-12T03:58:29.834667+00:00,201,35.28,
2026-09-12T03:58:29.856849+00:00,201,32.64,
2026-09-12T03:58:29.867973+00:00,201,35.12,
2026-09-12T03:58:29.845897+00:00,201,60.35,
2026-09-12T03:58:29.890203+00:00,201,52.28,
2026-09-12T03:58:29.879164+00:00,201,65.56,
2026-09-12T03:58:29.901377+00:00,201,54.55,
2026-09-12T03:58:29.923453+00:00,201,46.68,
2026-09-12T03:58:29.912691+00:00,201,58.96,
2026-09-12T03:58:29.934387+00:00,201,53.32,
2026-09-12T03:58:29.956950+00:00,201,38.73,
2026-09-12T03:58:29.945699+00:00,201,58.98,
2026-09-12T03:58:29.967939+00:00,201,39.91,
2026-09-12T03:58:29.990773+00:00,201,37.95,
2026-09-12T03:58:30.012707+00:00,201,58.82,
2026-09-12T03:58:29.979356+00:00,201,92.49,
2026-09-12T03:58:30.001783+00:00,201,70.18,
2026-09-12T03:58:30.023708+00:00,201,48.48,
2026-09-12T03:58:30.034590+00:00,201,40.28,
2026-09-12T03:58:30.045601+00:00,201,40.66,
2026-09-12T03:58:30.067973+00:00,201,39.81,
2026-09-12T03:58:30.056809+00:00,201,56.68,
2026-09-12T03:58:30.089990+00:00,201,39.8,
2026-09-12T03:58:30.079513+00:00,201,53.58,
2026-09-12T03:58:30.100931+00:00,201,41.51,
2026-09-12T03:58:30.112209+00:00,201,41.77,
2026-09-12T03:58:30.123367+00:00,201,39.23,
2026-09-12T03:58:30.134110+00:00,201,39.68,
2026-09-12T03:58:30.145122+00:00,201,40.16,
2026-09-12T03:58:30.157768+00:00,201,39.96,
2026-09-12T03:58:30.167408+00:00,201,37.53,
2026-09-12T03:58:30.189501+00:00,201,32.52,
2026-09-12T03:58:30.178472+00:00,201,61.1,
2026-09-12T03:58:30.212509+00:00,201,36.02,
2026-09-12T03:58:30.200571+00:00,201,57.2,
2026-09-12T03:58:30.223277+00:00,201,39.83,
2026-09-12T03:58:30.234281+00:00,201,48.29,
2026-09-12T03:58:30.245151+00:00,201,55.5,
2026-09-12T03:58:30.256457+00:00,201,61.76,
2026-09-12T03:58:30.267438+00:00,201,50.89,
2026-09-12T03:58:30.279922+00:00,201,54.97,
2026-09-12T03:58:30.301745+00:00,201,39.6,
2026-09-12T03:58:30.290706+00:00,201,61.3,
2026-09-12T03:58:30.312687+00:00,201,41.7,
2026-09-12T03:58:30.324203+00:00,201,41.12,
2026-09-12T03:58:30.346371+00:00,201,35.54,
2026-09-12T03:58:30.357470+00:00,201,38.11,
2026-09-12T03:58:30.335314+00:00,201,62.46,
2026-09-12T03:58:30.368875+00:00,201,39.18,
2026-09-12T03:58:30.379968+00:00,201,39.38,
2026-09-12T03:58:30.390969+00:00,201,39.85,
2026-09-12T03:58:30.401922+00:00,201,38.29,
2026-09-12T03:58:30.412667+00:00,201,40.34,
2026-09-12T03:58:30.423532+00:00,201,38.75,
2026-09-12T03:58:30.434765+00:00,201,38.37,
2026-09-12T03:58:30.445900+00:00,201,42.23,
2026-09-12T03:58:30.456946+00:00,201,43.35,
2026-09-12T03:58:30.468008+00:00,201,38.99,
2026-09-12T03:58:30.479631+00:00,201,39.3,
2026-09-12T03:58:30.489586+00:00,201,39.8,
2026-09-12T03:58:30.502015+00:00,201,38.64,
2026-09-12T03:58:30.513222+00:00,201,37.11,
2026-09-12T03:58:30.524028+00:00,201,35.57,
2026-09-12T03:58:30.535006+00:00,201,52.77,
2026-09-12T03:58:30.545996+00:00,201,56.64,
2026-09-12T03:58:30.557113+00:00,201,62.16,
2026-09-12T03:58:30.568326+00:00,201,51.45,
2026-09-12T03:58:30.590408+00:00,201,40.01,
2026-09-12T03:58:30.579288+00:00,201,58.96,
2026-09-12T03:58:30.601399+00:00,201,42.43,
2026-09-12T03:58:30.623879+00:00,201,38.83,
2026-09-12T03:58:30.612234+00:00,201,55.12,
2026-09-12T03:58:30.635059+00:00,201,39.2,
2026-09-12T03:58:30.657378+00:00,201,40.42,
2026-09-12T03:58:30.646342+00:00,201,52.18,
2026-09-12T03:58:30.668885+00:00,201,38.17,
2026-09-12T03:58:30.678494+00:00,201,41.47,
2026-09-12T03:58:30.691066+00:00,201,39.29,
2026-09-12T03:58:30.702068+00:00,201,36.43,
2026-09-12T03:58:30.713289+00:00,201,39.93,
2026-09-12T03:58:30.724061+00:00,201,42.42,
2026-09-12T03:58:30.735073+00:00,201,39.76,
2026-09-12T03:58:30.746312+00:00,201,42.07,
2026-09-12T03:58:30.768303+00:00,201,40.34,
2026-09-12T03:58:30.757259+00:00,201,54.09,
2026-09-12T03:58:30.779505+00:00,201,68.58,
2026-09-12T03:58:30.790268+00:00,201,60.2,
2026-09-12T03:58:30.801296+00:00,201,50.54,
2026-09-12T03:58:30.812169+00:00,201,49.13,
2026-09-12T03:58:30.823483+00:00,201,48.66,
2026-09-12T03:58:30.834998+00:00,201,48.34,
2026-09-12T03:58:30.845455+00:00,201,45.52,
2026-09-12T03:58:30.856904+00:00,201,43.84,
2026-09-12T03:58:30.868100+00:00,201,43.35,
2026-09-12T03:58:30.879241+00:00,201,45.52,
2026-09-12T03:58:30.890760+00:00,201,46.39,
2026-09-12T03:58:30.901542+00:00,201,45.0,
2026-09-12T03:58:30.912405+00:00,201,44.03,
2026-09-12T03:58:30.923467+00:00,201,45.06,
2026-09-12T03:58:30.946554+00:00,201,42.83,
2026-09-12T03:58:30.934076+00:00,201,66.1,
2026-09-12T03:58:30.957338+00:00,201,45.86,
2026-09-12T03:58:30.968581+00:00,201,46.0,
2026-09-12T03:58:30.979803+00:00,201,44.08,
2026-09-12T03:58:30.991345+00:00,201,46.43,
2026-09-12T03:58:31.001434+00:00,201,43.47,
2026-09-12T03:58:31.012536+00:00,201,43.72,
2026-09-12T03:58:31.023712+00:00,201,44.15,
2026-09-12T03:58:31.034942+00:00,201,77.4,
2026-09-12T03:58:31.056908+00:00,201,60.05,
2026-09-12T03:58:31.045893+00:00,201,85.14,
2026-09-12T03:58:31.068125+00:00,201,64.9,
2026-09-12T03:58:31.090531+00:00,201,78.61,
2026-09-12T03:58:31.079313+00:00,201,91.91,
2026-09-12T03:58:31.100998+00:00,201,81.87,
2026-09-12T03:58:31.113040+00:00,201,80.66,
2026-09-12T03:58:31.123582+00:00,201,85.16,
2026-09-12T03:58:31.134294+00:00,201,83.28,
2026-09-12T03:58:31.145294+00:00,201,95.96,
2026-09-12T03:58:31.167326+00:00,201,82.8,
2026-09-12T03:58:31.156988+00:00,201,94.78,
2026-09-12T03:58:31.180421+00:00,201,75.56,
2026-09-12T03:58:31.189779+00:00,201,74.92,
2026-09-12T03:58:31.201674+00:00,201,66.71,
2026-09-12T03:58:31.212778+00:00,201,63.92,
2026-09-12T03:58:31.235161+00:00,201,55.9,
2026-09-12T03:58:31.246562+00:00,201,54.97,
2026-09-12T03:58:31.223066+00:00,201,79.63,
2026-09-12T03:58:31.256926+00:00,201,58.37,
2026-09-12T03:58:31.268854+00:00,201,49.96,
2026-09-12T03:58:31.278641+00:00,201,46.33,
2026-09-12T03:58:31.289793+00:00,201,47.79,
2026-09-12T03:58:31.300834+00:00,201,44.06,
2026-09-12T03:58:31.313281+00:00,201,43.16,
2026-09-12T03:58:31.324337+00:00,201,42.17,
2026-09-12T03:58:31.335215+00:00,201,39.59,
2026-09-12T03:58:31.345662+00:00,201,40.33,
2026-09-12T03:58:31.356471+00:00,201,40.76,
2026-09-12T03:58:31.368751+00:00,201,38.96,
2026-09-12T03:58:31.379927+00:00,201,37.07,
2026-09-12T03:58:31.390913+00:00,201,37.54,
2026-09-12T03:58:31.412392+00:00,201,35.4,
2026-09-12T03:58:31.401943+00:00,201,60.04,
2026-09-12T03:58:31.434203+00:00,201,38.06,
2026-09-12T03:58:31.423382+00:00,201,54.82,
2026-09-12T03:58:31.446652+00:00,201,41.25,
2026-09-12T03:58:31.457717+00:00,201,41.36,
2026-09-12T03:58:31.467368+00:00,201,41.09,
2026-09-12T03:58:31.478481+00:00,201,40.21,
2026-09-12T03:58:31.489473+00:00,201,41.19,
2026-09-12T03:58:31.500775+00:00,201,64.37,
2026-09-12T03:58:31.535227+00:00,201,58.29,
2026-09-12T03:58:31.513097+00:00,201,82.7,
2026-09-12T03:58:31.524272+00:00,201,73.67,
2026-09-12T03:58:31.546630+00:00,201,68.79,
2026-09-12T03:58:31.557029+00:00,201,70.96,
2026-09-12T03:58:31.568164+00:00,201,70.31,
2026-09-12T03:58:31.579873+00:00,201,69.28,
2026-09-12T03:58:31.590716+00:00,201,66.49,
2026-09-12T03:58:31.601665+00:00,201,61.99,
2026-09-12T03:58:31.612437+00:00,201,60.2,
2026-09-12T03:58:31.623737+00:00,201,56.17,
2026-09-12T03:58:31.634816+00:00,201,50.46,
2026-09-12T03:58:31.645426+00:00,201,51.66,
2026-09-12T03:58:31.657160+00:00,201,57.51,
2026-09-12T03:58:31.668337+00:00,201,55.0,
2026-09-12T03:58:31.690714+00:00,201,62.3,
2026-09-12T03:58:31.679547+00:00,201,87.32,
2026-09-12T03:58:31.701368+00:00,201,66.36,
2026-09-12T03:58:31.712137+00:00,201,59.93,
2026-09-12T03:58:31.728191+00:00,201,57.26,
2026-09-12T03:58:31.734395+00:00,201,56.02,
2026-09-12T03:58:31.746556+00:00,201,54.77,
2026-09-12T03:58:31.757431+00:00,201,48.91,
2026-09-12T03:58:31.768320+00:00,201,46.25,
2026-09-12T03:58:31.779676+00:00,201,59.58,
2026-09-12T03:58:31.802111+00:00,201,40.28,
2026-09-12T03:58:31.813120+00:00,201,43.58,
2026-09-12T03:58:31.791043+00:00,201,68.1,
2026-09-12T03:58:31.834914+00:00,201,41.05,
2026-09-12T03:58:31.845981+00:00,201,40.22,
2026-09-12T03:58:31.823741+00:00,201,63.3,
2026-09-12T03:58:31.856469+00:00,201,40.28,
2026-09-12T03:58:31.867788+00:00,201,49.86,
2026-09-12T03:58:31.890106+00:00,201,39.39,
2026-09-12T03:58:31.878870+00:00,201,57.14,
2026-09-12T03:58:31.900946+00:00,201,42.36,
2026-09-12T03:58:31.911836+00:00,201,42.28,
2026-09-12T03:58:31.923150+00:00,201,41.4,
2026-09-12T03:58:31.935400+00:00,201,40.83,
2026-09-12T03:58:31.945281+00:00,201,40.37,
2026-09-12T03:58:31.956257+00:00,201,36.46,
2026-09-12T03:58:31.979923+00:00,201,35.49,
2026-09-12T03:58:31.967346+00:00,201,61.16,
2026-09-12T03:58:31.990919+00:00,201,37.96,
2026-09-12T03:58:32.023492+00:00,201,36.6,
2026-09-12T03:58:32.001633+00:00,201,59.87,
2026-09-12T03:58:32.012670+00:00,201,61.51,
2026-09-12T03:58:32.045930+00:00,201,39.89,
2026-09-12T03:58:32.034863+00:00,201,57.55,
2026-09-12T03:58:32.056991+00:00,201,44.88,
2026-09-12T03:58:32.068087+00:00,201,43.24,
2026-09-12T03:58:32.079047+00:00,201,42.58,
2026-09-12T03:58:32.090487+00:00,201,41.84,
2026-09-12T03:58:32.102008+00:00,201,38.42,
2026-09-12T03:58:32.113340+00:00,201,40.52,
2026-09-12T03:58:32.124255+00:00,201,40.69,
2026-09-12T03:58:32.134614+00:00,201,38.3,
2026-09-12T03:58:32.145609+00:00,201,41.97,
2026-09-12T03:58:32.156545+00:00,201,43.53,
2026-09-12T03:58:32.167637+00:00,201,39.43,
2026-09-12T03:58:32.178695+00:00,201,39.9,
2026-09-12T03:58:32.189885+00:00,201,38.94,
2026-09-12T03:58:32.201083+00:00,201,42.35,
2026-09-12T03:58:32.213273+00:00,201,42.47,
2026-09-12T03:58:32.235213+00:00,201,38.33,
2026-09-12T03:58:32.224162+00:00,201,57.12,
2026-09-12T03:58:32.246073+00:00,201,55.35,
2026-09-12T03:58:32.257696+00:00,201,46.51,
2026-09-12T03:58:32.268293+00:00,201,41.06,
2026-09-12T03:58:32.278860+00:00,201,42.97,
2026-09-12T03:58:32.300898+00:00,201,41.05,
2026-09-12T03:58:32.289912+00:00,201,52.75,
2026-09-12T03:58:32.312031+00:00,201,38.16,
2026-09-12T03:58:32.322916+00:00,201,51.82,
2026-09-12T03:58:32.335492+00:00,201,39.66,
2026-09-12T03:58:32.346604+00:00,201,52.55,
2026-09-12T03:58:32.368184+00:00,201,49.46,
2026-09-12T03:58:32.357166+00:00,201,61.32,
2026-09-12T03:58:32.379056+00:00,201,55.31,
2026-09-12T03:58:32.401505+00:00,201,37.24,
2026-09-12T03:58:32.390101+00:00,201,62.17,
2026-09-12T03:58:32.423144+00:00,201,41.26,
2026-09-12T03:58:32.412356+00:00,201,55.93,
2026-09-12T03:58:32.434139+00:00,201,41.38,
2026-09-12T03:58:32.445453+00:00,201,42.22,
2026-09-12T03:58:32.456559+00:00,201,40.06,
2026-09-12T03:58:32.468270+00:00,201,37.96,
2026-09-12T03:58:32.478929+00:00,201,35.82,
2026-09-12T03:58:32.501236+00:00,201,33.18,
2026-09-12T03:58:32.489991+00:00,201,54.39,
2026-09-12T03:58:32.524408+00:00,201,38.61,
2026-09-12T03:58:32.511951+00:00,201,52.26,
2026-09-12T03:58:32.534447+00:00,201,38.75,
2026-09-12T03:58:32.546350+00:00,201,37.86,
2026-09-12T03:58:32.568644+00:00,201,37.85,
2026-09-12T03:58:32.557842+00:00,201,51.77,
2026-09-12T03:58:32.579704+00:00,201,40.32,
2026-09-12T03:58:32.590710+00:00,201,41.35,
2026-09-12T03:58:32.601707+00:00,201,39.56,
2026-09-12T03:58:32.612258+00:00,201,38.02,
2026-09-12T03:58:32.634410+00:00,201,37.7,
2026-09-12T03:58:32.645313+00:00,201,38.73,
2026-09-12T03:58:32.623350+00:00,201,64.02,
2026-09-12T03:58:32.657701+00:00,201,39.24,
2026-09-12T03:58:32.667442+00:00,201,40.88,
2026-09-12T03:58:32.690923+00:00,201,36.3,
2026-09-12T03:58:32.679979+00:00,201,53.47,
2026-09-12T03:58:32.712730+00:00,201,37.47,
2026-09-12T03:58:32.723706+00:00,201,40.26,
2026-09-12T03:58:32.701817+00:00,201,63.93,
2026-09-12T03:58:32.734627+00:00,201,42.99,
2026-09-12T03:58:32.756721+00:00,201,37.71,
2026-09-12T03:58:32.745637+00:00,201,50.98,
2026-09-12T03:58:32.779084+00:00,201,37.56,
2026-09-12T03:58:32.768171+00:00,201,60.91,
2026-09-12T03:58:32.801293+00:00,201,36.31,
2026-09-12T03:58:32.790022+00:00,201,54.34,
2026-09-12T03:58:32.823188+00:00,201,39.19,
2026-09-12T03:58:32.834245+00:00,201,39.6,
2026-09-12T03:58:32.812165+00:00,201,62.51,
2026-09-12T03:58:32.845413+00:00,201,40.31,
2026-09-12T03:58:32.856457+00:00,201,40.37,
2026-09-12T03:58:32.867517+00:00,201,37.76,
2026-09-12T03:58:32.878474+00:00,201,36.27,
2026-09-12T03:58:32.901879+00:00,201,33.99,
2026-09-12T03:58:32.912896+00:00,201,36.51,
2026-09-12T03:58:32.890859+00:00,201,62.23,
2026-09-12T03:58:32.924073+00:00,201,39.32,
2026-09-12T03:58:32.934567+00:00,201,40.74,
2026-09-12T03:58:32.945350+00:00,201,39.64,
2026-09-12T03:58:32.956334+00:00,201,40.41,
2026-09-12T03:58:32.967549+00:00,201,38.66,
2026-09-12T03:58:32.978540+00:00,201,37.55,
2026-09-12T03:58:33.000994+00:00,201,33.88,
2026-09-12T03:58:32.989618+00:00,201,55.73,
2026-09-12T03:58:33.024313+00:00,201,35.48,
2026-09-12T03:58:33.011867+00:00,201,50.07,
2026-09-12T03:58:33.035133+00:00,201,38.97,
2026-09-12T03:58:33.045901+00:00,201,39.87,
2026-09-12T03:58:33.056971+00:00,201,38.45,
2026-09-12T03:58:33.068008+00:00,201,37.56,
2026-09-12T03:58:33.078775+00:00,201,38.97,
2026-09-12T03:58:33.089789+00:00,201,39.37,
2026-09-12T03:58:33.101056+00:00,201,40.58,
2026-09-12T03:58:33.111832+00:00,201,39.32,
2026-09-12T03:58:33.124326+00:00,201,37.46,
2026-09-12T03:58:33.146454+00:00,201,39.67,
2026-09-12T03:58:33.135278+00:00,201,55.7,
2026-09-12T03:58:33.156988+00:00,201,40.14,
2026-09-12T03:58:33.179119+00:00,201,37.51,
2026-09-12T03:58:33.167985+00:00,201,52.32,
2026-09-12T03:58:33.190400+00:00,201,39.93,
2026-09-12T03:58:33.201816+00:00,201,41.84,
2026-09-12T03:58:33.212741+00:00,201,45.73,
2026-09-12T03:58:33.223974+00:00,201,45.2,
2026-09-12T03:58:33.256777+00:00,201,41.45,
2026-09-12T03:58:33.234977+00:00,201,64.56,
2026-09-12T03:58:33.246492+00:00,201,55.74,
2026-09-12T03:58:33.279852+00:00,201,45.19,
2026-09-12T03:58:33.267383+00:00,201,70.57,
2026-09-12T03:58:33.301348+00:00,201,48.42,
2026-09-12T03:58:33.290437+00:00,201,67.46,
2026-09-12T03:58:33.323529+00:00,201,51.58,
2026-09-12T03:58:33.312423+00:00,201,63.15,
2026-09-12T03:58:33.335573+00:00,201,48.94,
2026-09-12T03:58:33.345505+00:00,201,46.95,
2026-09-12T03:58:33.356575+00:00,201,46.93,
2026-09-12T03:58:33.378992+00:00,201,45.19,
2026-09-12T03:58:33.367789+00:00,201,61.3,
2026-09-12T03:58:33.390263+00:00,201,44.98,
2026-09-12T03:58:33.401240+00:00,201,45.94,
2026-09-12T03:58:33.423435+00:00,201,43.03,
2026-09-12T03:58:33.412269+00:00,201,67.46,
2026-09-12T03:58:33.445612+00:00,201,45.08,
2026-09-12T03:58:33.434625+00:00,201,61.52,
2026-09-12T03:58:33.456305+00:00,201,43.81,
2026-09-12T03:58:33.479875+00:00,201,40.27,
2026-09-12T03:58:33.467703+00:00,201,55.41,
2026-09-12T03:58:33.490811+00:00,201,42.11,
2026-09-12T03:58:33.502086+00:00,201,50.91,
2026-09-12T03:58:33.513053+00:00,201,53.02,
2026-09-12T03:58:33.523110+00:00,201,50.26,
2026-09-12T03:58:33.546885+00:00,201,41.36,
2026-09-12T03:58:33.534799+00:00,201,61.5,
2026-09-12T03:58:33.556751+00:00,201,58.46,
2026-09-12T03:58:33.578735+00:00,201,43.35,
2026-09-12T03:58:33.589931+00:00,201,43.22,
2026-09-12T03:58:33.567640+00:00,201,67.7,
2026-09-12T03:58:33.601044+00:00,201,43.69,
2026-09-12T03:58:33.612002+00:00,201,43.84,
2026-09-12T03:58:33.623098+00:00,201,40.83,
2026-09-12T03:58:33.635483+00:00,201,37.13,
2026-09-12T03:58:33.656486+00:00,201,38.85,
2026-09-12T03:58:33.668578+00:00,201,43.63,
2026-09-12T03:58:33.645140+00:00,201,67.41,
2026-09-12T03:58:33.679714+00:00,201,45.88,
2026-09-12T03:58:33.690774+00:00,201,43.57,
2026-09-12T03:58:33.701680+00:00,201,42.9,
2026-09-12T03:58:33.712707+00:00,201,40.85,
2026-09-12T03:58:33.723852+00:00,201,38.58,
2026-09-12T03:58:33.734937+00:00,201,38.0,
2026-09-12T03:58:33.746128+00:00,201,36.16,
2026-09-12T03:58:33.757080+00:00,201,35.27,
2026-09-12T03:58:33.778984+00:00,201,38.05,
2026-09-12T03:58:33.768147+00:00,201,52.36,
2026-09-12T03:58:33.789876+00:00,201,40.37,
2026-09-12T03:58:33.800950+00:00,201,38.97,
2026-09-12T03:58:33.811902+00:00,201,36.54,
2026-09-12T03:58:33.845641+00:00,201,35.73,
2026-09-12T03:58:33.823192+00:00,201,60.43,
2026-09-12T03:58:33.834233+00:00,201,60.53,
2026-09-12T03:58:33.857405+00:00,201,58.14,
2026-09-12T03:58:33.879451+00:00,201,43.6,
2026-09-12T03:58:33.890498+00:00,201,46.37,
2026-09-12T03:58:33.868502+00:00,201,69.34,
2026-09-12T03:58:33.901249+00:00,201,43.33,
2026-09-12T03:58:33.912274+00:00,201,43.56,
2026-09-12T03:58:33.923717+00:00,201,41.39,
2026-09-12T03:58:33.935521+00:00,201,38.91,
2026-09-12T03:58:33.945340+00:00,201,38.13,
2026-09-12T03:58:33.957562+00:00,201,38.35,
2026-09-12T03:58:33.968584+00:00,201,38.24,
2026-09-12T03:58:33.979610+00:00,201,42.72,
2026-09-12T03:58:33.990747+00:00,201,42.53,
2026-09-12T03:58:34.001804+00:00,201,39.74,
2026-09-12T03:58:34.012808+00:00,201,39.77,
2026-09-12T03:58:34.023838+00:00,201,38.21,
2026-09-12T03:58:34.035036+00:00,201,35.94,
2026-09-12T03:58:34.057194+00:00,201,34.81,
2026-09-12T03:58:34.045840+00:00,201,55.03,
2026-09-12T03:58:34.068114+00:00,201,50.5,
2026-09-12T03:58:34.079133+00:00,201,40.13,
2026-09-12T03:58:34.089911+00:00,201,39.67,
2026-09-12T03:58:34.101299+00:00,201,40.21,
2026-09-12T03:58:34.112286+00:00,201,40.93,
2026-09-12T03:58:34.123524+00:00,201,39.84,
2026-09-12T03:58:34.134564+00:00,201,39.79,
2026-09-12T03:58:34.145326+00:00,201,40.75,
2026-09-12T03:58:34.156477+00:00,201,39.05,
2026-09-12T03:58:34.179269+00:00,201,38.07,
2026-09-12T03:58:34.167777+00:00,201,60.83,
2026-09-12T03:58:34.190294+00:00,201,42.39,
2026-09-12T03:58:34.201315+00:00,201,43.63,
2026-09-12T03:58:34.212255+00:00,201,44.88,
2026-09-12T03:58:34.223578+00:00,201,41.84,
2026-09-12T03:58:34.234512+00:00,201,40.35,
2026-09-12T03:58:34.245635+00:00,201,41.06,
2026-09-12T03:58:34.256756+00:00,201,44.34,
2026-09-12T03:58:34.268218+00:00,201,40.98,
2026-09-12T03:58:34.279604+00:00,201,41.58,
2026-09-12T03:58:34.290735+00:00,201,40.91,
2026-09-12T03:58:34.301809+00:00,201,42.74,
2026-09-12T03:58:34.312737+00:00,201,40.67,
2026-09-12T03:58:34.323833+00:00,201,45.13,
2026-09-12T03:58:34.334780+00:00,201,53.09,
2026-09-12T03:58:34.345614+00:00,201,57.38,
2026-09-12T03:58:34.367586+00:00,201,40.7,
2026-09-12T03:58:34.356688+00:00,201,62.92,
2026-09-12T03:58:34.390178+00:00,201,43.32,
2026-09-12T03:58:34.378889+00:00,201,57.93,
2026-09-12T03:58:34.401402+00:00,201,43.89,
2026-09-12T03:58:34.412467+00:00,201,44.42,
2026-09-12T03:58:34.423569+00:00,201,43.61,
2026-09-12T03:58:34.434522+00:00,201,41.45,
2026-09-12T03:58:34.445635+00:00,201,42.48,
2026-09-12T03:58:34.456612+00:00,201,44.19,
2026-09-12T03:58:34.467596+00:00,201,37.69,
2026-09-12T03:58:34.490920+00:00,201,34.29,
2026-09-12T03:58:34.479887+00:00,201,60.6,
2026-09-12T03:58:34.512877+00:00,201,39.13,
2026-09-12T03:58:34.501976+00:00,201,59.29,
2026-09-12T03:58:34.523866+00:00,201,42.6,
2026-09-12T03:58:34.534811+00:00,201,41.89,
2026-09-12T03:58:34.545981+00:00,201,42.52,
2026-09-12T03:58:34.556573+00:00,201,40.91,
2026-09-12T03:58:34.568102+00:00,201,39.77,
2026-09-12T03:58:34.578453+00:00,201,38.65,
2026-09-12T03:58:34.590946+00:00,201,38.42,
2026-09-12T03:58:34.602219+00:00,201,37.03,
2026-09-12T03:58:34.613193+00:00,201,39.21,
2026-09-12T03:58:34.635148+00:00,201,35.66,
2026-09-12T03:58:34.624247+00:00,201,60.82,
2026-09-12T03:58:34.646308+00:00,201,39.19,
2026-09-12T03:58:34.657413+00:00,201,39.18,
2026-09-12T03:58:34.668506+00:00,201,40.62,
2026-09-12T03:58:34.679865+00:00,201,38.77,
2026-09-12T03:58:34.690327+00:00,201,38.98,
2026-09-12T03:58:34.701385+00:00,201,37.82,
2026-09-12T03:58:34.723466+00:00,201,40.08,
2026-09-12T03:58:34.712477+00:00,201,52.33,
2026-09-12T03:58:34.734615+00:00,201,40.36,
2026-09-12T03:58:34.745316+00:00,201,41.09,
2026-09-12T03:58:34.756215+00:00,201,38.75,
2026-09-12T03:58:34.767388+00:00,201,38.38,
2026-09-12T03:58:34.778783+00:00,201,38.08,
2026-09-12T03:58:34.789729+00:00,201,39.49,
2026-09-12T03:58:34.802204+00:00,201,36.36,
2026-09-12T03:58:34.813110+00:00,201,34.94,
2026-09-12T03:58:34.823598+00:00,201,49.21,
2026-09-12T03:58:34.834604+00:00,201,38.58,
2026-09-12T03:58:34.845780+00:00,201,39.79,
2026-09-12T03:58:34.856840+00:00,201,39.53,
2026-09-12T03:58:34.867889+00:00,201,38.31,
2026-09-12T03:58:34.879057+00:00,201,36.72,
2026-09-12T03:58:34.890218+00:00,201,35.75,
2026-09-12T03:58:34.912290+00:00,201,35.17,
2026-09-12T03:58:34.901385+00:00,201,47.47,
2026-09-12T03:58:34.934159+00:00,201,38.13,
2026-09-12T03:58:34.923198+00:00,201,59.47,
2026-09-12T03:58:34.947027+00:00,201,38.71,
2026-09-12T03:58:34.967452+00:00,201,37.64,
2026-09-12T03:58:34.956368+00:00,201,57.22,
2026-09-12T03:58:34.978878+00:00,201,37.88,
2026-09-12T03:58:34.990997+00:00,201,39.12,
2026-09-12T03:58:35.001981+00:00,201,36.06,
2026-09-12T03:58:35.012886+00:00,201,45.48,
2026-09-12T03:58:35.034741+00:00,201,39.33,
2026-09-12T03:58:35.023971+00:00,201,56.34,
2026-09-12T03:58:35.045963+00:00,201,40.98,
2026-09-12T03:58:35.057196+00:00,201,39.85,
2026-09-12T03:58:35.078939+00:00,201,38.64,
2026-09-12T03:58:35.067819+00:00,201,61.87,
2026-09-12T03:58:35.091087+00:00,201,50.58,
2026-09-12T03:58:35.102060+00:00,201,61.12,
2026-09-12T03:58:35.111896+00:00,201,71.25,
2026-09-12T03:58:35.123704+00:00,201,79.69,
2026-09-12T03:58:35.136578+00:00,201,74.74,
2026-09-12T03:58:35.145329+00:00,201,74.09,
2026-09-12T03:58:35.156387+00:00,201,69.19,
2026-09-12T03:58:35.168455+00:00,201,62.29,
2026-09-12T03:58:35.179196+00:00,201,60.82,
2026-09-12T03:58:35.201519+00:00,201,49.77,
2026-09-12T03:58:35.190301+00:00,201,69.99,
2026-09-12T03:58:35.212314+00:00,201,48.44,
2026-09-12T03:58:35.223508+00:00,201,46.38,
2026-09-12T03:58:35.256687+00:00,201,41.54,
2026-09-12T03:58:35.234511+00:00,201,68.95,
2026-09-12T03:58:35.245525+00:00,201,59.48,
2026-09-12T03:58:35.267866+00:00,201,46.6,
2026-09-12T03:58:35.290055+00:00,201,45.42,
2026-09-12T03:58:35.278832+00:00,201,56.81,
2026-09-12T03:58:35.312339+00:00,201,46.06,
2026-09-12T03:58:35.301405+00:00,201,67.25,
2026-09-12T03:58:35.323441+00:00,201,46.83,
2026-09-12T03:58:35.334550+00:00,201,45.04,
2026-09-12T03:58:35.357053+00:00,201,42.21,
2026-09-12T03:58:35.368508+00:00,201,41.59,
2026-09-12T03:58:35.346015+00:00,201,67.58,
2026-09-12T03:58:35.390192+00:00,201,42.73,
2026-09-12T03:58:35.401303+00:00,201,43.5,
2026-09-12T03:58:35.378984+00:00,201,68.24,
2026-09-12T03:58:35.412441+00:00,201,46.95,
2026-09-12T03:58:35.423139+00:00,201,45.86,
2026-09-12T03:58:35.435545+00:00,201,42.63,
2026-09-12T03:58:35.445166+00:00,201,45.28,
2026-09-12T03:58:35.457729+00:00,201,46.57,
2026-09-12T03:58:35.467428+00:00,201,44.6,
2026-09-12T03:58:35.478964+00:00,201,43.35,
2026-09-12T03:58:35.490786+00:00,201,44.64,
2026-09-12T03:58:35.501608+00:00,201,43.13,
2026-09-12T03:58:35.512636+00:00,201,43.58,
2026-09-12T03:58:35.523930+00:00,201,43.27,
2026-09-12T03:58:35.535017+00:00,201,44.29,
2026-09-12T03:58:35.557348+00:00,201,46.23,
2026-09-12T03:58:35.546272+00:00,201,60.33,
2026-09-12T03:58:35.568451+00:00,201,47.87,
2026-09-12T03:58:35.579567+00:00,201,47.68,
2026-09-12T03:58:35.591116+00:00,201,45.11,
2026-09-12T03:58:35.600927+00:00,201,43.72,
2026-09-12T03:58:35.612297+00:00,201,44.33,
2026-09-12T03:58:35.623484+00:00,201,43.19,
2026-09-12T03:58:35.634715+00:00,201,42.29,
2026-09-12T03:58:35.645733+00:00,201,51.37,
2026-09-12T03:58:35.656731+00:00,201,41.9,
2026-09-12T03:58:35.667895+00:00,201,43.37,
2026-09-12T03:58:35.679023+00:00,201,44.93,
2026-09-12T03:58:35.690016+00:00,201,41.77,
2026-09-12T03:58:35.701188+00:00,201,39.96,
2026-09-12T03:58:35.723155+00:00,201,39.4,
2026-09-12T03:58:35.712297+00:00,201,59.95,
2026-09-12T03:58:35.734372+00:00,201,55.04,
2026-09-12T03:58:35.757521+00:00,201,39.57,
2026-09-12T03:58:35.746564+00:00,201,58.67,
2026-09-12T03:58:35.768823+00:00,201,53.59,
2026-09-12T03:58:35.790333+00:00,201,39.7,
2026-09-12T03:58:35.779266+00:00,201,59.57,
2026-09-12T03:58:35.801463+00:00,201,41.93,
2026-09-12T03:58:35.812371+00:00,201,41.47,
2026-09-12T03:58:35.823130+00:00,201,42.08,
2026-09-12T03:58:35.834467+00:00,201,38.99,
2026-09-12T03:58:35.845308+00:00,201,36.86,
2026-09-12T03:58:35.856375+00:00,201,36.88,
2026-09-12T03:58:35.867463+00:00,201,37.48,
2026-09-12T03:58:35.878511+00:00,201,37.63,
2026-09-12T03:58:35.891098+00:00,201,37.27,
2026-09-12T03:58:35.901820+00:00,201,36.86,
2026-09-12T03:58:35.912956+00:00,201,37.94,
2026-09-12T03:58:35.924013+00:00,201,39.46,
2026-09-12T03:58:35.935240+00:00,201,37.65,
2026-09-12T03:58:35.945538+00:00,201,38.32,
2026-09-12T03:58:35.956467+00:00,201,38.83,
2026-09-12T03:58:35.967558+00:00,201,38.08,
2026-09-12T03:58:35.978638+00:00,201,38.72,
2026-09-12T03:58:35.989691+00:00,201,38.18,
2026-09-12T03:58:36.002203+00:00,201,35.53,
2026-09-12T03:58:36.023835+00:00,201,32.34,
2026-09-12T03:58:36.011787+00:00,201,57.05,
2026-09-12T03:58:36.045794+00:00,201,39.83,
2026-09-12T03:58:36.034852+00:00,201,51.95,
2026-09-12T03:58:36.056792+00:00,201,39.11,
2026-09-12T03:58:36.079315+00:00,201,39.1,
2026-09-12T03:58:36.068227+00:00,201,52.47,
2026-09-12T03:58:36.090594+00:00,201,38.99,
2026-09-12T03:58:36.101785+00:00,201,39.73,
2026-09-12T03:58:36.112688+00:00,201,39.41,
2026-09-12T03:58:36.123801+00:00,201,38.07,
2026-09-12T03:58:36.134530+00:00,201,39.49,
2026-09-12T03:58:36.145525+00:00,201,39.82,
2026-09-12T03:58:36.157658+00:00,201,41.69,
2026-09-12T03:58:36.168010+00:00,201,38.32,
2026-09-12T03:58:36.179025+00:00,201,41.12,
2026-09-12T03:58:36.190022+00:00,201,42.78,
2026-09-12T03:58:36.201296+00:00,201,40.02,
2026-09-12T03:58:36.212283+00:00,201,39.61,
2026-09-12T03:58:36.223170+00:00,201,38.38,
2026-09-12T03:58:36.234285+00:00,201,39.49,
2026-09-12T03:58:36.245425+00:00,201,40.93,
2026-09-12T03:58:36.256649+00:00,201,51.89,
2026-09-12T03:58:36.278980+00:00,201,38.9,
2026-09-12T03:58:36.268270+00:00,201,53.43,
2026-09-12T03:58:36.289620+00:00,201,40.8,
2026-09-12T03:58:36.300719+00:00,201,39.28,
2026-09-12T03:58:36.311855+00:00,201,39.53,
2026-09-12T03:58:36.323035+00:00,201,38.46,
2026-09-12T03:58:36.334170+00:00,201,38.74,
2026-09-12T03:58:36.346552+00:00,201,40.99,
2026-09-12T03:58:36.357579+00:00,201,38.44,
2026-09-12T03:58:36.368336+00:00,201,37.11,
2026-09-12T03:58:36.379505+00:00,201,38.17,
2026-09-12T03:58:36.390666+00:00,201,37.96,
2026-09-12T03:58:36.401731+00:00,201,37.44,
2026-09-12T03:58:36.412680+00:00,201,38.25,
2026-09-12T03:58:36.423506+00:00,201,38.57,
2026-09-12T03:58:36.434514+00:00,201,39.02,
2026-09-12T03:58:36.445645+00:00,201,37.72,
2026-09-12T03:58:36.456717+00:00,201,49.17,
2026-09-12T03:58:36.467768+00:00,201,38.53,
2026-09-12T03:58:36.478755+00:00,201,38.12,
2026-09-12T03:58:36.489766+00:00,201,37.99,
2026-09-12T03:58:36.500734+00:00,201,35.89,
2026-09-12T03:58:36.523152+00:00,201,34.99,
2026-09-12T03:58:36.512224+00:00,201,56.22,
2026-09-12T03:58:36.534354+00:00,201,37.76,
2026-09-12T03:58:36.545238+00:00,201,38.49,
2026-09-12T03:58:36.557358+00:00,201,38.18,
2026-09-12T03:58:36.567875+00:00,201,38.8,
2026-09-12T03:58:36.579110+00:00,201,36.89,
2026-09-12T03:58:36.601245+00:00,201,34.79,
2026-09-12T03:58:36.590104+00:00,201,53.3,
2026-09-12T03:58:36.612144+00:00,201,39.59,
2026-09-12T03:58:36.623158+00:00,201,41.99,
2026-09-12T03:58:36.634563+00:00,201,40.17,
2026-09-12T03:58:36.645734+00:00,201,42.32,
2026-09-12T03:58:36.656683+00:00,201,40.35,
2026-09-12T03:58:36.667755+00:00,201,37.75,
2026-09-12T03:58:36.678812+00:00,201,58.23,
2026-09-12T03:58:36.689777+00:00,201,48.03,
2026-09-12T03:58:36.700965+00:00,201,52.56,
2026-09-12T03:58:36.724404+00:00,201,39.02,
2026-09-12T03:58:36.711877+00:00,201,58.72,
2026-09-12T03:58:36.735370+00:00,201,43.79,
2026-09-12T03:58:36.745236+00:00,201,39.89,
2026-09-12T03:58:36.756345+00:00,201,39.5,
2026-09-12T03:58:36.768546+00:00,201,40.2,
2026-09-12T03:58:36.779704+00:00,201,38.7,
2026-09-12T03:58:36.790552+00:00,201,38.33,
2026-09-12T03:58:36.812800+00:00,201,54.81,
2026-09-12T03:58:36.801763+00:00,201,68.11,
2026-09-12T03:58:36.823938+00:00,201,57.52,
2026-09-12T03:58:36.846492+00:00,201,38.37,
2026-09-12T03:58:36.835178+00:00,201,65.04,
2026-09-12T03:58:36.868385+00:00,201,43.68,
2026-09-12T03:58:36.857538+00:00,201,60.43,
2026-09-12T03:58:36.879432+00:00,201,43.24,
2026-09-12T03:58:36.890449+00:00,201,43.87,
2026-09-12T03:58:36.901278+00:00,201,42.21,
2026-09-12T03:58:36.912719+00:00,201,38.43,
2026-09-12T03:58:36.923632+00:00,201,39.44,
2026-09-12T03:58:36.934769+00:00,201,38.77,
2026-09-12T03:58:36.945231+00:00,201,37.36,
2026-09-12T03:58:36.956263+00:00,201,38.79,
2026-09-12T03:58:36.968587+00:00,201,36.55,
2026-09-12T03:58:36.979121+00:00,201,56.73,
2026-09-12T03:58:36.989958+00:00,201,47.13,
2026-09-12T03:58:37.001922+00:00,201,48.35,
2026-09-12T03:58:37.011806+00:00,201,54.77,
2026-09-12T03:58:37.035010+00:00,201,37.59,
2026-09-12T03:58:37.023767+00:00,201,60.51,
2026-09-12T03:58:37.056684+00:00,201,39.78,
2026-09-12T03:58:37.045923+00:00,201,56.3,
2026-09-12T03:58:37.067576+00:00,201,40.11,
2026-09-12T03:58:37.078754+00:00,201,40.88,
2026-09-12T03:58:37.089723+00:00,201,39.4,
2026-09-12T03:58:37.100800+00:00,201,38.71,
2026-09-12T03:58:37.111943+00:00,201,36.6,
2026-09-12T03:58:37.122985+00:00,201,39.05,
2026-09-12T03:58:37.134158+00:00,201,35.69,
2026-09-12T03:58:37.157353+00:00,201,39.11,
2026-09-12T03:58:37.145456+00:00,201,55.22,
2026-09-12T03:58:37.167876+00:00,201,38.84,
2026-09-12T03:58:37.178865+00:00,201,49.81,
2026-09-12T03:58:37.189995+00:00,201,39.04,
2026-09-12T03:58:37.201079+00:00,201,36.2,
2026-09-12T03:58:37.222950+00:00,201,36.58,
2026-09-12T03:58:37.235348+00:00,201,38.48,
2026-09-12T03:58:37.211934+00:00,201,65.09,
2026-09-12T03:58:37.245927+00:00,201,41.42,
2026-09-12T03:58:37.257126+00:00,201,52.72,
2026-09-12T03:58:37.278734+00:00,201,39.96,
2026-09-12T03:58:37.268119+00:00,201,55.7,
2026-09-12T03:58:37.289628+00:00,201,42.37,
2026-09-12T03:58:37.313299+00:00,201,37.71,
2026-09-12T03:58:37.300797+00:00,201,51.37,
2026-09-12T03:58:37.324225+00:00,201,42.55,
2026-09-12T03:58:37.335264+00:00,201,40.98,
2026-09-12T03:58:37.346124+00:00,201,44.88,
2026-09-12T03:58:37.356999+00:00,201,45.34,
2026-09-12T03:58:37.367803+00:00,201,43.83,
2026-09-12T03:58:37.378853+00:00,201,41.9,
2026-09-12T03:58:37.390094+00:00,201,41.89,
2026-09-12T03:58:37.401071+00:00,201,38.8,
2026-09-12T03:58:37.412202+00:00,201,38.16,
2026-09-12T03:58:37.423404+00:00,201,39.04,
2026-09-12T03:58:37.445395+00:00,201,36.99,
2026-09-12T03:58:37.456289+00:00,201,39.29,
2026-09-12T03:58:37.434460+00:00,201,63.33,
2026-09-12T03:58:37.467396+00:00,201,39.09,
2026-09-12T03:58:37.478525+00:00,201,38.72,
2026-09-12T03:58:37.491115+00:00,201,37.32,
2026-09-12T03:58:37.500868+00:00,201,35.84,
2026-09-12T03:58:37.512109+00:00,201,73.19,
2026-09-12T03:58:37.523157+00:00,201,62.84,
2026-09-12T03:58:37.545428+00:00,201,40.86,
2026-09-12T03:58:37.534148+00:00,201,62.93,
2026-09-12T03:58:37.556529+00:00,201,42.41,
2026-09-12T03:58:37.567982+00:00,201,42.41,
2026-09-12T03:58:37.590963+00:00,201,34.62,
2026-09-12T03:58:37.578737+00:00,201,55.74,
2026-09-12T03:58:37.613234+00:00,201,38.73,
2026-09-12T03:58:37.602016+00:00,201,50.32,
2026-09-12T03:58:37.624135+00:00,201,39.43,
2026-09-12T03:58:37.635085+00:00,201,38.48,
2026-09-12T03:58:37.646013+00:00,201,40.8,
2026-09-12T03:58:37.656937+00:00,201,40.1,
2026-09-12T03:58:37.667667+00:00,201,39.7,
2026-09-12T03:58:37.678585+00:00,201,38.92,
2026-09-12T03:58:37.700812+00:00,201,36.73,
2026-09-12T03:58:37.689852+00:00,201,56.71,
2026-09-12T03:58:37.713360+00:00,201,38.58,
2026-09-12T03:58:37.724280+00:00,201,43.08,
2026-09-12T03:58:37.735189+00:00,201,38.11,
2026-09-12T03:58:37.745839+00:00,201,37.2,
2026-09-12T03:58:37.767768+00:00,201,36.89,
2026-09-12T03:58:37.756801+00:00,201,51.11,
2026-09-12T03:58:37.779629+00:00,201,38.21,
2026-09-12T03:58:37.790617+00:00,201,38.2,
2026-09-12T03:58:37.801647+00:00,201,37.52,
2026-09-12T03:58:37.812696+00:00,201,37.35,
2026-09-12T03:58:37.834609+00:00,201,34.77,
2026-09-12T03:58:37.845668+00:00,201,34.86,
2026-09-12T03:58:37.823710+00:00,201,62.24,
2026-09-12T03:58:37.867604+00:00,201,36.03,
2026-09-12T03:58:37.878470+00:00,201,37.05,
2026-09-12T03:58:37.856623+00:00,201,60.29,
2026-09-12T03:58:37.902129+00:00,201,34.91,
2026-09-12T03:58:37.889603+00:00,201,59.25,
2026-09-12T03:58:37.923937+00:00,201,39.97,
2026-09-12T03:58:37.913007+00:00,201,55.2,
2026-09-12T03:58:37.934974+00:00,201,40.37,
2026-09-12T03:58:37.946194+00:00,201,42.35,
2026-09-12T03:58:37.957222+00:00,201,38.4,
2026-09-12T03:58:37.968553+00:00,201,39.12,
2026-09-12T03:58:37.979791+00:00,201,39.72,
2026-09-12T03:58:37.990709+00:00,201,39.18,
2026-09-12T03:58:38.001788+00:00,201,37.19,
2026-09-12T03:58:38.012545+00:00,201,37.38,
2026-09-12T03:58:38.023437+00:00,201,35.8,
2026-09-12T03:58:38.045513+00:00,201,35.62,
2026-09-12T03:58:38.034506+00:00,201,55.98,
2026-09-12T03:58:38.056353+00:00,201,38.24,
2026-09-12T03:58:38.068843+00:00,201,38.58,
2026-09-12T03:58:38.079820+00:00,201,37.32,
2026-09-12T03:58:38.090623+00:00,201,38.12,
2026-09-12T03:58:38.101639+00:00,201,38.46,
2026-09-12T03:58:38.112737+00:00,201,37.12,
2026-09-12T03:58:38.123668+00:00,201,37.98,
2026-09-12T03:58:38.134462+00:00,201,36.97,
2026-09-12T03:58:38.145424+00:00,201,60.71,
2026-09-12T03:58:38.168742+00:00,201,39.35,
2026-09-12T03:58:38.156661+00:00,201,61.13,
2026-09-12T03:58:38.179872+00:00,201,40.98,
2026-09-12T03:58:38.190903+00:00,201,39.38,
2026-09-12T03:58:38.224307+00:00,201,38.77,
2026-09-12T03:58:38.211915+00:00,201,51.46,
2026-09-12T03:58:38.200840+00:00,201,62.67,
2026-09-12T03:58:38.245728+00:00,201,37.35,
2026-09-12T03:58:38.234929+00:00,201,61.0,
2026-09-12T03:58:38.256684+00:00,201,41.25,
2026-09-12T03:58:38.279036+00:00,201,39.04,
2026-09-12T03:58:38.268181+00:00,201,61.25,
2026-09-12T03:58:38.289950+00:00,201,40.08,
2026-09-12T03:58:38.301037+00:00,201,42.86,
2026-09-12T03:58:38.312105+00:00,201,39.97,
2026-09-12T03:58:38.323340+00:00,201,38.89,
2026-09-12T03:58:38.334311+00:00,201,39.63,
2026-09-12T03:58:38.346428+00:00,201,52.13,
2026-09-12T03:58:38.357092+00:00,201,58.96,
2026-09-12T03:58:38.368010+00:00,201,63.9,
2026-09-12T03:58:38.379451+00:00,201,66.03,
2026-09-12T03:58:38.390944+00:00,201,63.58,
2026-09-12T03:58:38.401259+00:00,201,59.63,
2026-09-12T03:58:38.412202+00:00,201,57.83,
2026-09-12T03:58:38.424386+00:00,201,51.87,
2026-09-12T03:58:38.434019+00:00,201,49.7,
2026-09-12T03:58:38.445139+00:00,201,49.06,
2026-09-12T03:58:38.456377+00:00,201,45.64,
2026-09-12T03:58:38.467444+00:00,201,49.47,
2026-09-12T03:58:38.479780+00:00,201,45.92,
2026-09-12T03:58:38.490914+00:00,201,45.64,
2026-09-12T03:58:38.501893+00:00,201,45.83,
2026-09-12T03:58:38.513701+00:00,201,41.7,
2026-09-12T03:58:38.524026+00:00,201,43.22,
2026-09-12T03:58:38.535224+00:00,201,42.24,
2026-09-12T03:58:38.546389+00:00,201,40.11,
2026-09-12T03:58:38.557642+00:00,201,40.42,
2026-09-12T03:58:38.568790+00:00,201,42.37,
2026-09-12T03:58:38.578558+00:00,201,46.98,
2026-09-12T03:58:38.589628+00:00,201,48.95,
2026-09-12T03:58:38.602180+00:00,201,43.37,
2026-09-12T03:58:38.611948+00:00,201,43.98,
2026-09-12T03:58:38.623317+00:00,201,49.71,
2026-09-12T03:58:38.634479+00:00,201,50.54,
2026-09-12T03:58:38.645556+00:00,201,49.02,
2026-09-12T03:58:38.656838+00:00,201,48.12,
2026-09-12T03:58:38.667995+00:00,201,46.02,
2026-09-12T03:58:38.678890+00:00,201,44.47,
2026-09-12T03:58:38.689739+00:00,201,60.26,
2026-09-12T03:58:38.700917+00:00,201,50.72,
2026-09-12T03:58:38.713328+00:00,201,39.9,
2026-09-12T03:58:38.735155+00:00,201,38.92,
2026-09-12T03:58:38.723248+00:00,201,56.84,
2026-09-12T03:58:38.756520+00:00,201,40.65,
2026-09-12T03:58:38.745432+00:00,201,52.95,
2026-09-12T03:58:38.767409+00:00,201,41.24,
2026-09-12T03:58:38.778558+00:00,201,42.31,
2026-09-12T03:58:38.790889+00:00,201,39.4,
2026-09-12T03:58:38.802153+00:00,201,39.29,
2026-09-12T03:58:38.813247+00:00,201,39.19,
2026-09-12T03:58:38.823906+00:00,201,37.09,
2026-09-12T03:58:38.846073+00:00,201,38.9,
2026-09-12T03:58:38.835004+00:00,201,54.77,
2026-09-12T03:58:38.857160+00:00,201,43.01,
2026-09-12T03:58:38.868010+00:00,201,39.79,
2026-09-12T03:58:38.879125+00:00,201,40.1,
2026-09-12T03:58:38.889973+00:00,201,38.55,
2026-09-12T03:58:38.901121+00:00,201,40.31,
2026-09-12T03:58:38.912349+00:00,201,38.33,
2026-09-12T03:58:38.923417+00:00,201,38.43,
2026-09-12T03:58:38.934373+00:00,201,36.75,
2026-09-12T03:58:38.945422+00:00,201,37.76,
2026-09-12T03:58:38.957560+00:00,201,36.35,
2026-09-12T03:58:38.968069+00:00,201,36.97,
2026-09-12T03:58:38.979062+00:00,201,38.29,
2026-09-12T03:58:38.990067+00:00,201,36.91,
2026-09-12T03:58:39.001106+00:00,201,36.6,
2026-09-12T03:58:39.011975+00:00,201,37.6,
2026-09-12T03:58:39.022915+00:00,201,37.42,
2026-09-12T03:58:39.034946+00:00,201,37.11,
2026-09-12T03:58:39.057125+00:00,201,35.45,
2026-09-12T03:58:39.067464+00:00,201,38.86,
2026-09-12T03:58:39.045922+00:00,201,63.38,
2026-09-12T03:58:39.090641+00:00,201,38.35,
2026-09-12T03:58:39.079770+00:00,201,60.18,
2026-09-12T03:58:39.101209+00:00,201,39.41,
2026-09-12T03:58:39.112483+00:00,201,43.07,
2026-09-12T03:58:39.123566+00:00,201,38.93,
2026-09-12T03:58:39.145670+00:00,201,35.56,
2026-09-12T03:58:39.134550+00:00,201,50.53,
2026-09-12T03:58:39.168196+00:00,201,37.83,
2026-09-12T03:58:39.179065+00:00,201,40.99,
2026-09-12T03:58:39.157536+00:00,201,63.56,
2026-09-12T03:58:39.189956+00:00,201,43.65,
2026-09-12T03:58:39.200885+00:00,201,42.6,
2026-09-12T03:58:39.213227+00:00,201,40.52,
2026-09-12T03:58:39.224295+00:00,201,39.67,
2026-09-12T03:58:39.235448+00:00,201,37.3,
2026-09-12T03:58:39.246627+00:00,201,47.92,
2026-09-12T03:58:39.257566+00:00,201,39.31,
2026-09-12T03:58:39.268251+00:00,201,37.79,
2026-09-12T03:58:39.279207+00:00,201,38.85,
2026-09-12T03:58:39.290163+00:00,201,38.14,
2026-09-12T03:58:39.301178+00:00,201,38.42,
2026-09-12T03:58:39.312258+00:00,201,38.84,
2026-09-12T03:58:39.323139+00:00,201,39.5,
2026-09-12T03:58:39.334450+00:00,201,36.59,
2026-09-12T03:58:39.345351+00:00,201,36.36,
2026-09-12T03:58:39.356484+00:00,201,47.91,
2026-09-12T03:58:39.378682+00:00,201,38.89,
2026-09-12T03:58:39.367536+00:00,201,56.16,
2026-09-12T03:58:39.389858+00:00,201,39.77,
2026-09-12T03:58:39.400758+00:00,201,39.23,
2026-09-12T03:58:39.413252+00:00,201,37.7,
2026-09-12T03:58:39.434701+00:00,201,36.54,
2026-09-12T03:58:39.445640+00:00,201,40.39,
2026-09-12T03:58:39.424133+00:00,201,63.04,
2026-09-12T03:58:39.456591+00:00,201,39.9,
2026-09-12T03:58:39.467528+00:00,201,38.58,
2026-09-12T03:58:39.489815+00:00,201,38.13,
2026-09-12T03:58:39.478629+00:00,201,50.78,
2026-09-12T03:58:39.511975+00:00,201,35.28,
2026-09-12T03:58:39.500726+00:00,201,61.06,
2026-09-12T03:58:39.534894+00:00,201,37.91,
2026-09-12T03:58:39.523779+00:00,201,58.69,
2026-09-12T03:58:39.545821+00:00,201,42.39,
2026-09-12T03:58:39.556872+00:00,201,41.51,
2026-09-12T03:58:39.567555+00:00,201,40.52,
2026-09-12T03:58:39.578454+00:00,201,41.95,
2026-09-12T03:58:39.589707+00:00,201,40.19,
2026-09-12T03:58:39.600846+00:00,201,36.34,
2026-09-12T03:58:39.613278+00:00,201,63.14,
2026-09-12T03:58:39.635415+00:00,201,42.09,
2026-09-12T03:58:39.624416+00:00,201,54.05,
2026-09-12T03:58:39.646491+00:00,201,43.93,
2026-09-12T03:58:39.657560+00:00,201,47.72,
2026-09-12T03:58:39.668631+00:00,201,47.87,
2026-09-12T03:58:39.678599+00:00,201,47.04,
2026-09-12T03:58:39.691064+00:00,201,45.02,
2026-09-12T03:58:39.700961+00:00,201,41.58,
2026-09-12T03:58:39.712014+00:00,201,40.03,
2026-09-12T03:58:39.734270+00:00,201,36.21,
2026-09-12T03:58:39.723102+00:00,201,60.74,
2026-09-12T03:58:39.745183+00:00,201,54.85,
2026-09-12T03:58:39.767772+00:00,201,39.73,
2026-09-12T03:58:39.778712+00:00,201,43.26,
2026-09-12T03:58:39.756328+00:00,201,66.44,
2026-09-12T03:58:39.791083+00:00,201,44.47,
2026-09-12T03:58:39.802224+00:00,201,42.45,
2026-09-12T03:58:39.813169+00:00,201,42.14,
2026-09-12T03:58:39.822888+00:00,201,42.84,
2026-09-12T03:58:39.835383+00:00,201,39.31,
2026-09-12T03:58:39.845752+00:00,201,40.74,
2026-09-12T03:58:39.856989+00:00,201,38.07,
2026-09-12T03:58:39.879027+00:00,201,38.31,
2026-09-12T03:58:39.890107+00:00,201,38.57,
2026-09-12T03:58:39.868038+00:00,201,61.39,
2026-09-12T03:58:39.901232+00:00,201,41.39,
2026-09-12T03:58:39.912149+00:00,201,40.21,
2026-09-12T03:58:39.923138+00:00,201,40.6,
2026-09-12T03:58:39.934354+00:00,201,37.76,
2026-09-12T03:58:39.945200+00:00,201,37.74,
2026-09-12T03:58:39.957455+00:00,201,36.99,
2026-09-12T03:58:39.968511+00:00,201,36.59,
2026-09-12T03:58:39.979168+00:00,201,39.05,
2026-09-12T03:58:39.990199+00:00,201,41.0,
2026-09-12T03:58:40.001435+00:00,201,37.71,
2026-09-12T03:58:40.012281+00:00,201,38.82,
2026-09-12T03:58:40.023353+00:00,201,38.07,
2026-09-12T03:58:40.034441+00:00,201,36.24,
2026-09-12T03:58:40.056488+00:00,201,34.36,
2026-09-12T03:58:40.045530+00:00,201,48.85,
2026-09-12T03:58:40.078688+00:00,201,34.31,
2026-09-12T03:58:40.089605+00:00,201,39.53,
2026-09-12T03:58:40.067775+00:00,201,63.19,
2026-09-12T03:58:40.101725+00:00,201,39.65,
2026-09-12T03:58:40.113091+00:00,201,42.91,
2026-09-12T03:58:40.123802+00:00,201,43.89,
2026-09-12T03:58:40.134784+00:00,201,38.61,
2026-09-12T03:58:40.145646+00:00,201,36.57,
2026-09-12T03:58:40.156373+00:00,201,39.09,
2026-09-12T03:58:40.168618+00:00,201,38.16,
2026-09-12T03:58:40.179129+00:00,201,41.46,
2026-09-12T03:58:40.190231+00:00,201,40.07,
2026-09-12T03:58:40.201220+00:00,201,38.26,
2026-09-12T03:58:40.212522+00:00,201,36.52,
2026-09-12T03:58:40.234240+00:00,201,34.69,
2026-09-12T03:58:40.245283+00:00,201,36.7,
2026-09-12T03:58:40.223183+00:00,201,62.6,
2026-09-12T03:58:40.269150+00:00,201,37.76,
2026-09-12T03:58:40.256290+00:00,201,65.06,
2026-09-12T03:58:40.279553+00:00,201,42.29,
2026-09-12T03:58:40.290439+00:00,201,41.02,
2026-09-12T03:58:40.301782+00:00,201,39.87,
2026-09-12T03:58:40.312751+00:00,201,37.78,
2026-09-12T03:58:40.323953+00:00,201,36.05,
2026-09-12T03:58:40.346147+00:00,201,32.55,
2026-09-12T03:58:40.335164+00:00,201,59.08,
2026-09-12T03:58:40.368126+00:00,201,36.56,
2026-09-12T03:58:40.357072+00:00,201,55.53,
2026-09-12T03:58:40.379092+00:00,201,39.42,
2026-09-12T03:58:40.389968+00:00,201,42.16,
2026-09-12T03:58:40.400831+00:00,201,37.57,
2026-09-12T03:58:40.435246+00:00,201,35.53,
2026-09-12T03:58:40.411874+00:00,201,59.89,
2026-09-12T03:58:40.423704+00:00,201,51.07,
2026-09-12T03:58:40.457519+00:00,201,36.68,
2026-09-12T03:58:40.446419+00:00,201,61.85,
2026-09-12T03:58:40.468556+00:00,201,39.97,
2026-09-12T03:58:40.479850+00:00,201,37.33,
2026-09-12T03:58:40.490802+00:00,201,36.4,
2026-09-12T03:58:40.512870+00:00,201,36.18,
2026-09-12T03:58:40.501901+00:00,201,49.33,
2026-09-12T03:58:40.523815+00:00,201,37.78,
2026-09-12T03:58:40.534972+00:00,201,38.47,
2026-09-12T03:58:40.557318+00:00,201,35.6,
2026-09-12T03:58:40.545875+00:00,201,52.46,
2026-09-12T03:58:40.568604+00:00,201,47.37,
2026-09-12T03:58:40.590302+00:00,201,37.72,
2026-09-12T03:58:40.579578+00:00,201,55.18,
2026-09-12T03:58:40.601419+00:00,201,40.09,
2026-09-12T03:58:40.612888+00:00,201,40.59,
2026-09-12T03:58:40.624178+00:00,201,38.69,
2026-09-12T03:58:40.635205+00:00,201,38.29,
2026-09-12T03:58:40.646186+00:00,201,36.94,
2026-09-12T03:58:40.657134+00:00,201,37.98,
2026-09-12T03:58:40.668168+00:00,201,36.09,
2026-09-12T03:58:40.679112+00:00,201,36.38,
2026-09-12T03:58:40.690087+00:00,201,38.81,
2026-09-12T03:58:40.700782+00:00,201,36.74,
2026-09-12T03:58:40.712013+00:00,201,35.14,
2026-09-12T03:58:40.735305+00:00,201,35.76,
2026-09-12T03:58:40.724376+00:00,201,50.23,
2026-09-12T03:58:40.745878+00:00,201,37.0,
2026-09-12T03:58:40.756478+00:00,201,37.17,
2026-09-12T03:58:40.767400+00:00,201,54.38,
2026-09-12T03:58:40.778585+00:00,201,60.65,
2026-09-12T03:58:40.789557+00:00,201,62.5,
2026-09-12T03:58:40.802021+00:00,201,50.44,
2026-09-12T03:58:40.813280+00:00,201,55.09,
2026-09-12T03:58:40.834244+00:00,201,39.27,
2026-09-12T03:58:40.845382+00:00,201,40.35,
2026-09-12T03:58:40.823629+00:00,201,63.35,
2026-09-12T03:58:40.856704+00:00,201,40.91,
2026-09-12T03:58:40.867704+00:00,201,42.4,
2026-09-12T03:58:40.878622+00:00,201,41.76,
2026-09-12T03:58:40.889725+00:00,201,38.72,
2026-09-12T03:58:40.912779+00:00,201,35.78,
2026-09-12T03:58:40.923959+00:00,201,37.7,
2026-09-12T03:58:40.901741+00:00,201,63.39,
2026-09-12T03:58:40.945945+00:00,201,40.55,
2026-09-12T03:58:40.935031+00:00,201,61.27,
2026-09-12T03:58:40.957112+00:00,201,39.26,
2026-09-12T03:58:40.967697+00:00,201,39.98,
2026-09-12T03:58:40.990066+00:00,201,33.98,
2026-09-12T03:58:40.978449+00:00,201,59.68,
2026-09-12T03:58:41.000827+00:00,201,55.11,
2026-09-12T03:58:41.024164+00:00,201,37.42,
2026-09-12T03:58:41.035114+00:00,201,39.42,
2026-09-12T03:58:41.011830+00:00,201,62.82,
2026-09-12T03:58:41.046134+00:00,201,46.17,
2026-09-12T03:58:41.057466+00:00,201,50.09,
2026-09-12T03:58:41.079309+00:00,201,54.28,
2026-09-12T03:58:41.068489+00:00,201,68.83,
2026-09-12T03:58:41.090137+00:00,201,64.42,
2026-09-12T03:58:41.101429+00:00,201,68.0,
2026-09-12T03:58:41.113176+00:00,201,68.17,
2026-09-12T03:58:41.124030+00:00,201,68.67,
2026-09-12T03:58:41.134759+00:00,201,66.34,
2026-09-12T03:58:41.145887+00:00,201,64.93,
2026-09-12T03:58:41.157093+00:00,201,68.68,
2026-09-12T03:58:41.178587+00:00,201,58.9,
2026-09-12T03:58:41.167709+00:00,201,80.82,
2026-09-12T03:58:41.190029+00:00,201,69.58,
2026-09-12T03:58:41.212117+00:00,201,53.48,
2026-09-12T03:58:41.201395+00:00,201,73.23,
2026-09-12T03:58:41.223557+00:00,201,54.21,
2026-09-12T03:58:41.235007+00:00,201,54.1,
2026-09-12T03:58:41.246287+00:00,201,49.06,
2026-09-12T03:58:41.256441+00:00,201,47.67,
2026-09-12T03:58:41.267887+00:00,201,53.97,
2026-09-12T03:58:41.279285+00:00,201,59.13,
2026-09-12T03:58:41.290264+00:00,201,63.55,
2026-09-12T03:58:41.301343+00:00,201,53.78,
2026-09-12T03:58:41.312305+00:00,201,45.17,
2026-09-12T03:58:41.323415+00:00,201,53.67,
2026-09-12T03:58:41.345312+00:00,201,51.65,
2026-09-12T03:58:41.334403+00:00,201,62.91,
2026-09-12T03:58:41.357370+00:00,201,55.16,
2026-09-12T03:58:41.379537+00:00,201,43.64,
2026-09-12T03:58:41.368559+00:00,201,62.51,
2026-09-12T03:58:41.390493+00:00,201,43.33,
2026-09-12T03:58:41.401731+00:00,201,41.73,
2026-09-12T03:58:41.412908+00:00,201,41.46,
2026-09-12T03:58:41.424131+00:00,201,41.0,
2026-09-12T03:58:41.434996+00:00,201,38.88,
2026-09-12T03:58:41.446008+00:00,201,41.35,
2026-09-12T03:58:41.456887+00:00,201,40.01,
2026-09-12T03:58:41.467848+00:00,201,37.29,
2026-09-12T03:58:41.489839+00:00,201,37.24,
2026-09-12T03:58:41.478908+00:00,201,63.69,
2026-09-12T03:58:41.500771+00:00,201,43.36,
2026-09-12T03:58:41.511898+00:00,201,46.82,
2026-09-12T03:58:41.523262+00:00,201,52.88,
2026-09-12T03:58:41.534852+00:00,201,47.3,
2026-09-12T03:58:41.546650+00:00,201,49.84,
2026-09-12T03:58:41.557147+00:00,201,49.42,
2026-09-12T03:58:41.567931+00:00,201,66.8,
2026-09-12T03:58:41.579490+00:00,201,59.46,
2026-09-12T03:58:41.590591+00:00,201,58.41,
2026-09-12T03:58:41.601279+00:00,201,57.96,
2026-09-12T03:58:41.612325+00:00,201,58.89,
2026-09-12T03:58:41.623538+00:00,201,55.38,
2026-09-12T03:58:41.635282+00:00,201,51.97,
2026-09-12T03:58:41.645977+00:00,201,48.41,
2026-09-12T03:58:41.656768+00:00,201,49.36,
2026-09-12T03:58:41.667744+00:00,201,46.83,
2026-09-12T03:58:41.679007+00:00,201,50.96,
2026-09-12T03:58:41.689939+00:00,201,58.62,
2026-09-12T03:58:41.712015+00:00,201,65.17,
2026-09-12T03:58:41.701119+00:00,201,82.55,
2026-09-12T03:58:41.723217+00:00,201,63.08,
2026-09-12T03:58:41.735236+00:00,201,64.1,
2026-09-12T03:58:41.745351+00:00,201,62.31,
2026-09-12T03:58:41.756593+00:00,201,60.47,
2026-09-12T03:58:41.767802+00:00,201,58.68,
2026-09-12T03:58:41.778937+00:00,201,54.98,
2026-09-12T03:58:41.790709+00:00,201,54.47,
2026-09-12T03:58:41.801252+00:00,201,48.29,
2026-09-12T03:58:41.811923+00:00,201,49.06,
2026-09-12T03:58:41.824409+00:00,201,45.66,
2026-09-12T03:58:41.834916+00:00,201,62.27,
2026-09-12T03:58:41.845935+00:00,201,51.65,
2026-09-12T03:58:41.856928+00:00,201,41.77,
2026-09-12T03:58:41.867942+00:00,201,42.3,
2026-09-12T03:58:41.878917+00:00,201,74.38,
2026-09-12T03:58:41.889888+00:00,201,64.1,
2026-09-12T03:58:41.901032+00:00,201,61.18,
2026-09-12T03:58:41.923079+00:00,201,55.71,
2026-09-12T03:58:41.912179+00:00,201,68.13,
2026-09-12T03:58:41.934209+00:00,201,62.41,
2026-09-12T03:58:41.946563+00:00,201,62.87,
2026-09-12T03:58:41.968549+00:00,201,46.21,
2026-09-12T03:58:41.979492+00:00,201,48.21,
2026-09-12T03:58:41.957625+00:00,201,71.84,
2026-09-12T03:58:41.990523+00:00,201,48.1,
2026-09-12T03:58:42.001629+00:00,201,43.89,
2026-09-12T03:58:42.012711+00:00,201,43.8,
2026-09-12T03:58:42.023808+00:00,201,43.33,
2026-09-12T03:58:42.035203+00:00,201,39.46,
2026-09-12T03:58:42.046121+00:00,201,52.84,
2026-09-12T03:58:42.068076+00:00,201,37.49,
2026-09-12T03:58:42.057194+00:00,201,58.52,
2026-09-12T03:58:42.079033+00:00,201,39.71,
2026-09-12T03:58:42.090046+00:00,201,38.79,
2026-09-12T03:58:42.112063+00:00,201,38.11,
2026-09-12T03:58:42.101136+00:00,201,61.11,
2026-09-12T03:58:42.124009+00:00,201,53.19,
2026-09-12T03:58:42.145457+00:00,201,40.19,
2026-09-12T03:58:42.135042+00:00,201,59.31,
2026-09-12T03:58:42.156378+00:00,201,41.4,
2026-09-12T03:58:42.168695+00:00,201,39.5,
2026-09-12T03:58:42.179911+00:00,201,39.14,
2026-09-12T03:58:42.190974+00:00,201,37.03,
2026-09-12T03:58:42.213168+00:00,201,48.74,
2026-09-12T03:58:42.202047+00:00,201,65.32,
2026-09-12T03:58:42.223919+00:00,201,50.96,
2026-09-12T03:58:42.234129+00:00,201,47.58,
2026-09-12T03:58:42.256411+00:00,201,45.1,
2026-09-12T03:58:42.245685+00:00,201,63.3,
2026-09-12T03:58:42.267682+00:00,201,44.0,
2026-09-12T03:58:42.279587+00:00,201,43.04,
2026-09-12T03:58:42.290293+00:00,201,65.4,
2026-09-12T03:58:42.311916+00:00,201,45.45,
2026-09-12T03:58:42.301550+00:00,201,72.13,
2026-09-12T03:58:42.334893+00:00,201,48.38,
2026-09-12T03:58:42.323851+00:00,201,67.93,
2026-09-12T03:58:42.345918+00:00,201,50.1,
2026-09-12T03:58:42.357251+00:00,201,50.8,
2026-09-12T03:58:42.368086+00:00,201,49.28,
2026-09-12T03:58:42.379038+00:00,201,45.94,
2026-09-12T03:58:42.390975+00:00,201,46.83,
2026-09-12T03:58:42.402071+00:00,201,43.38,
2026-09-12T03:58:42.424267+00:00,201,47.02,
2026-09-12T03:58:42.413322+00:00,201,70.91,
2026-09-12T03:58:42.445759+00:00,201,48.44,
2026-09-12T03:58:42.434748+00:00,201,68.42,
2026-09-12T03:58:42.457044+00:00,201,49.76,
2026-09-12T03:58:42.468150+00:00,201,48.68,
2026-09-12T03:58:42.490818+00:00,201,42.64,
2026-09-12T03:58:42.479500+00:00,201,68.73,
2026-09-12T03:58:42.501969+00:00,201,46.46,
2026-09-12T03:58:42.513057+00:00,201,44.95,
2026-09-12T03:58:42.524184+00:00,201,45.11,
2026-09-12T03:58:42.535180+00:00,201,41.69,
2026-09-12T03:58:42.546241+00:00,201,41.73,
2026-09-12T03:58:42.556722+00:00,201,40.94,
2026-09-12T03:58:42.567369+00:00,201,39.06,
2026-09-12T03:58:42.579539+00:00,201,56.55,
2026-09-12T03:58:42.612582+00:00,201,38.79,
2026-09-12T03:58:42.590544+00:00,201,63.08,
2026-09-12T03:58:42.601507+00:00,201,52.58,
2026-09-12T03:58:42.634775+00:00,201,38.03,
2026-09-12T03:58:42.623352+00:00,201,57.49,
2026-09-12T03:58:42.656903+00:00,201,40.12,
2026-09-12T03:58:42.645542+00:00,201,52.85,
2026-09-12T03:58:42.667865+00:00,201,41.02,
2026-09-12T03:58:42.689803+00:00,201,39.88,
2026-09-12T03:58:42.678826+00:00,201,54.07,
2026-09-12T03:58:42.700873+00:00,201,41.09,
2026-09-12T03:58:42.711967+00:00,201,40.65,
2026-09-12T03:58:42.724443+00:00,201,38.61,
2026-09-12T03:58:42.735333+00:00,201,36.91,
2026-09-12T03:58:42.757384+00:00,201,57.02,
2026-09-12T03:58:42.746549+00:00,201,69.26,
2026-09-12T03:58:42.768524+00:00,201,48.01,
2026-09-12T03:58:42.789806+00:00,201,42.16,
2026-09-12T03:58:42.778782+00:00,201,63.35,
2026-09-12T03:58:42.813274+00:00,201,45.95,
2026-09-12T03:58:42.800773+00:00,201,59.51,
2026-09-12T03:58:42.824239+00:00,201,45.02,
2026-09-12T03:58:42.835027+00:00,201,45.05,
2026-09-12T03:58:42.846122+00:00,201,42.81,
2026-09-12T03:58:42.856891+00:00,201,43.71,
2026-09-12T03:58:42.867846+00:00,201,41.12,
2026-09-12T03:58:42.878773+00:00,201,39.88,
2026-09-12T03:58:42.889776+00:00,201,39.05,
2026-09-12T03:58:42.900732+00:00,201,38.92,
2026-09-12T03:58:42.911763+00:00,201,39.76,
2026-09-12T03:58:42.922949+00:00,201,36.42,
2026-09-12T03:58:42.935487+00:00,201,36.99,
2026-09-12T03:58:42.946492+00:00,201,36.33,
2026-09-12T03:58:42.957416+00:00,201,36.23,
2026-09-12T03:58:42.979092+00:00,201,36.35,
2026-09-12T03:58:42.968661+00:00,201,59.36,
2026-09-12T03:58:42.989983+00:00,201,39.35,
2026-09-12T03:58:43.001016+00:00,201,39.93,
2026-09-12T03:58:43.011802+00:00,201,38.39,
2026-09-12T03:58:43.024412+00:00,201,45.02,
2026-09-12T03:58:43.046599+00:00,201,38.54,
2026-09-12T03:58:43.035327+00:00,201,53.14,
2026-09-12T03:58:43.057506+00:00,201,39.49,
2026-09-12T03:58:43.068790+00:00,201,38.95,
2026-09-12T03:58:43.079316+00:00,201,36.39,
2026-09-12T03:58:43.101480+00:00,201,36.73,
2026-09-12T03:58:43.112576+00:00,201,39.27,
2026-09-12T03:58:43.090430+00:00,201,63.83,
2026-09-12T03:58:43.134295+00:00,201,38.28,
2026-09-12T03:58:43.145238+00:00,201,39.58,
2026-09-12T03:58:43.123427+00:00,201,62.1,
2026-09-12T03:58:43.156457+00:00,201,39.8,
2026-09-12T03:58:43.167680+00:00,201,40.75,
2026-09-12T03:58:43.178745+00:00,201,40.17,
2026-09-12T03:58:43.189711+00:00,201,40.72,
2026-09-12T03:58:43.200917+00:00,201,39.13,
2026-09-12T03:58:43.212091+00:00,201,42.41,
2026-09-12T03:58:43.234954+00:00,201,39.04,
2026-09-12T03:58:43.223335+00:00,201,54.55,
2026-09-12T03:58:43.245933+00:00,201,39.25,
2026-09-12T03:58:43.257634+00:00,201,38.67,
2026-09-12T03:58:43.279624+00:00,201,36.63,
2026-09-12T03:58:43.268586+00:00,201,59.41,
2026-09-12T03:58:43.290382+00:00,201,40.37,
2026-09-12T03:58:43.301411+00:00,201,43.27,
2026-09-12T03:58:43.312490+00:00,201,41.38,
2026-09-12T03:58:43.323446+00:00,201,40.32,
2026-09-12T03:58:43.334588+00:00,201,39.45,
2026-09-12T03:58:43.345637+00:00,201,57.58,
2026-09-12T03:58:43.356529+00:00,201,61.22,
2026-09-12T03:58:43.367432+00:00,201,50.85,
2026-09-12T03:58:43.379901+00:00,201,56.26,
2026-09-12T03:58:43.401701+00:00,201,40.78,
2026-09-12T03:58:43.412706+00:00,201,40.84,
2026-09-12T03:58:43.390726+00:00,201,64.05,
2026-09-12T03:58:43.423639+00:00,201,42.09,
2026-09-12T03:58:43.434921+00:00,201,42.04,
2026-09-12T03:58:43.445953+00:00,201,41.44,
2026-09-12T03:58:43.456812+00:00,201,42.03,
2026-09-12T03:58:43.467809+00:00,201,38.14,
2026-09-12T03:58:43.478765+00:00,201,37.59,
2026-09-12T03:58:43.500717+00:00,201,38.84,
2026-09-12T03:58:43.489758+00:00,201,54.76,
2026-09-12T03:58:43.513357+00:00,201,41.4,
2026-09-12T03:58:43.523761+00:00,201,40.86,
2026-09-12T03:58:43.534720+00:00,201,43.95,
2026-09-12T03:58:43.545638+00:00,201,43.59,
2026-09-12T03:58:43.556567+00:00,201,42.31,
2026-09-12T03:58:43.567835+00:00,201,46.31,
2026-09-12T03:58:43.578886+00:00,201,42.64,
2026-09-12T03:58:43.590247+00:00,201,38.27,
2026-09-12T03:58:43.612314+00:00,201,39.35,
2026-09-12T03:58:43.601206+00:00,201,53.13,
2026-09-12T03:58:43.623641+00:00,201,40.58,
2026-09-12T03:58:43.634684+00:00,201,37.1,
2026-09-12T03:58:43.656478+00:00,201,36.6,
2026-09-12T03:58:43.645258+00:00,201,55.83,
2026-09-12T03:58:43.667525+00:00,201,39.85,
2026-09-12T03:58:43.678512+00:00,201,51.57,
2026-09-12T03:58:43.691026+00:00,201,50.4,
2026-09-12T03:58:43.700903+00:00,201,48.12,
2026-09-12T03:58:43.712940+00:00,201,45.44,
2026-09-12T03:58:43.724226+00:00,201,42.3,
2026-09-12T03:58:43.735395+00:00,201,40.51,
2026-09-12T03:58:43.746354+00:00,201,38.71,
2026-09-12T03:58:43.757253+00:00,201,39.9,
2026-09-12T03:58:43.767797+00:00,201,38.25,
2026-09-12T03:58:43.778798+00:00,201,37.15,
2026-09-12T03:58:43.789723+00:00,201,34.94,
2026-09-12T03:58:43.812302+00:00,201,37.49,
2026-09-12T03:58:43.800918+00:00,201,58.94,
2026-09-12T03:58:43.823834+00:00,201,39.91,
2026-09-12T03:58:43.834793+00:00,201,40.47,
2026-09-12T03:58:43.846195+00:00,201,41.78,
2026-09-12T03:58:43.857194+00:00,201,41.67,
2026-09-12T03:58:43.868049+00:00,201,38.64,
2026-09-12T03:58:43.879172+00:00,201,38.02,
2026-09-12T03:58:43.901189+00:00,201,36.8,
2026-09-12T03:58:43.890273+00:00,201,47.85,
2026-09-12T03:58:43.912065+00:00,201,40.87,
2026-09-12T03:58:43.923119+00:00,201,37.9,
2026-09-12T03:58:43.934064+00:00,201,46.19,
2026-09-12T03:58:43.957518+00:00,201,56.44,
2026-09-12T03:58:43.946524+00:00,201,77.89,
2026-09-12T03:58:43.968513+00:00,201,65.21,
2026-09-12T03:58:43.980592+00:00,201,70.36,
2026-09-12T03:58:43.990750+00:00,201,72.67,
2026-09-12T03:58:44.002053+00:00,201,69.44,
2026-09-12T03:58:44.011888+00:00,201,64.06,
2026-09-12T03:58:44.024628+00:00,201,60.42,
2026-09-12T03:58:44.035157+00:00,201,53.82,
2026-09-12T03:58:44.046466+00:00,201,51.46,
2026-09-12T03:58:44.056441+00:00,201,50.3,
2026-09-12T03:58:44.078494+00:00,201,45.12,
2026-09-12T03:58:44.067636+00:00,201,65.91,
2026-09-12T03:58:44.101949+00:00,201,41.93,
2026-09-12T03:58:44.090783+00:00,201,57.16,
2026-09-12T03:58:44.122898+00:00,201,49.03,
2026-09-12T03:58:44.113135+00:00,201,59.62,
2026-09-12T03:58:44.134649+00:00,201,55.14,
2026-09-12T03:58:44.156713+00:00,201,41.87,
2026-09-12T03:58:44.167652+00:00,201,40.3,
2026-09-12T03:58:44.145626+00:00,201,62.92,
2026-09-12T03:58:44.178516+00:00,201,39.78,
2026-09-12T03:58:44.212726+00:00,201,36.7,
2026-09-12T03:58:44.190756+00:00,201,59.75,
2026-09-12T03:58:44.201675+00:00,201,51.38,
2026-09-12T03:58:44.223605+00:00,201,37.46,
2026-09-12T03:58:44.246635+00:00,201,36.62,
2026-09-12T03:58:44.257701+00:00,201,38.26,
2026-09-12T03:58:44.234034+00:00,201,63.1,
2026-09-12T03:58:44.268686+00:00,201,38.84,
2026-09-12T03:58:44.279631+00:00,201,40.94,
2026-09-12T03:58:44.290624+00:00,201,40.63,
2026-09-12T03:58:44.301419+00:00,201,38.38,
2026-09-12T03:58:44.323635+00:00,201,36.66,
2026-09-12T03:58:44.335380+00:00,201,37.13,
2026-09-12T03:58:44.312439+00:00,201,63.86,
2026-09-12T03:58:44.357000+00:00,201,39.67,
2026-09-12T03:58:44.346448+00:00,201,60.28,
2026-09-12T03:58:44.368213+00:00,201,40.17,
2026-09-12T03:58:44.379072+00:00,201,41.75,
2026-09-12T03:58:44.390109+00:00,201,41.22,
2026-09-12T03:58:44.400829+00:00,201,41.59,
2026-09-12T03:58:44.412029+00:00,201,38.72,
2026-09-12T03:58:44.422990+00:00,201,38.35,
2026-09-12T03:58:44.435050+00:00,201,40.3,
2026-09-12T03:58:44.445995+00:00,201,42.17,
2026-09-12T03:58:44.457106+00:00,201,39.36,
2026-09-12T03:58:44.479151+00:00,201,34.25,
2026-09-12T03:58:44.468010+00:00,201,60.26,
2026-09-12T03:58:44.501226+00:00,201,36.5,
2026-09-12T03:58:44.490096+00:00,201,59.87,
2026-09-12T03:58:44.511839+00:00,201,43.51,
2026-09-12T03:58:44.524385+00:00,201,41.99,
2026-09-12T03:58:44.535376+00:00,201,40.93,
2026-09-12T03:58:44.546428+00:00,201,39.94,
2026-09-12T03:58:44.557308+00:00,201,38.5,
2026-09-12T03:58:44.568333+00:00,201,36.18,
2026-09-12T03:58:44.589720+00:00,201,35.71,
2026-09-12T03:58:44.600654+00:00,201,38.78,
2026-09-12T03:58:44.578795+00:00,201,63.02,
2026-09-12T03:58:44.613152+00:00,201,41.93,
2026-09-12T03:58:44.624124+00:00,201,40.27,
2026-09-12T03:58:44.635161+00:00,201,41.61,
2026-09-12T03:58:44.646646+00:00,201,40.64,
2026-09-12T03:58:44.657395+00:00,201,39.39,
2026-09-12T03:58:44.668614+00:00,201,38.83,
2026-09-12T03:58:44.690615+00:00,201,35.64,
2026-09-12T03:58:44.679549+00:00,201,55.39,
2026-09-12T03:58:44.701981+00:00,201,37.68,
2026-09-12T03:58:44.712844+00:00,201,39.01,
2026-09-12T03:58:44.723731+00:00,201,37.07,
2026-09-12T03:58:44.734731+00:00,201,36.68,
2026-09-12T03:58:44.745853+00:00,201,36.47,
2026-09-12T03:58:44.767817+00:00,201,35.49,
2026-09-12T03:58:44.756888+00:00,201,55.93,
2026-09-12T03:58:44.778528+00:00,201,39.58,
2026-09-12T03:58:44.790959+00:00,201,38.34,
2026-09-12T03:58:44.801595+00:00,201,35.59,
2026-09-12T03:58:44.823167+00:00,201,37.7,
2026-09-12T03:58:44.834201+00:00,201,39.85,
2026-09-12T03:58:44.812794+00:00,201,65.93,
2026-09-12T03:58:44.845644+00:00,201,44.48,
2026-09-12T03:58:44.856749+00:00,201,43.37,
2026-09-12T03:58:44.868439+00:00,201,40.61,
2026-09-12T03:58:44.879609+00:00,201,38.64,
2026-09-12T03:58:44.890559+00:00,201,38.38,
2026-09-12T03:58:44.901626+00:00,201,38.3,
2026-09-12T03:58:44.912895+00:00,201,38.08,
2026-09-12T03:58:44.923813+00:00,201,47.93,
2026-09-12T03:58:44.934732+00:00,201,58.99,
2026-09-12T03:58:44.945707+00:00,201,60.33,
2026-09-12T03:58:44.957455+00:00,201,61.28,
2026-09-12T03:58:44.967438+00:00,201,59.71,
2026-09-12T03:58:44.978571+00:00,201,54.3,
2026-09-12T03:58:45.001595+00:00,201,48.62,
2026-09-12T03:58:44.990278+00:00,201,65.94,
2026-09-12T03:58:45.012762+00:00,201,46.12,
2026-09-12T03:58:45.034973+00:00,201,43.57,
2026-09-12T03:58:45.023864+00:00,201,61.38,
2026-09-12T03:58:45.045992+00:00,201,54.71,
2026-09-12T03:58:45.057037+00:00,201,45.03,
2026-09-12T03:58:45.067973+00:00,201,44.76,
2026-09-12T03:58:45.078963+00:00,201,43.35,
2026-09-12T03:58:45.090049+00:00,201,43.21,
2026-09-12T03:58:45.101252+00:00,201,44.83,
2026-09-12T03:58:45.112475+00:00,201,41.54,
2026-09-12T03:58:45.123877+00:00,201,40.05,
2026-09-12T03:58:45.156510+00:00,201,35.28,
2026-09-12T03:58:45.134829+00:00,201,57.82,
2026-09-12T03:58:45.146156+00:00,201,59.81,
2026-09-12T03:58:45.179970+00:00,201,39.68,
2026-09-12T03:58:45.167601+00:00,201,55.49,
2026-09-12T03:58:45.190913+00:00,201,42.03,
2026-09-12T03:58:45.202101+00:00,201,41.04,
2026-09-12T03:58:45.213157+00:00,201,36.86,
2026-09-12T03:58:45.245488+00:00,201,39.09,
2026-09-12T03:58:45.234484+00:00,201,50.77,
2026-09-12T03:58:45.223069+00:00,201,62.24,
2026-09-12T03:58:45.256495+00:00,201,39.08,
2026-09-12T03:58:45.267450+00:00,201,40.91,
2026-09-12T03:58:45.279977+00:00,201,37.39,
2026-09-12T03:58:45.300912+00:00,201,34.76,
2026-09-12T03:58:45.289869+00:00,201,56.33,
2026-09-12T03:58:45.311781+00:00,201,38.08,
2026-09-12T03:58:45.324364+00:00,201,39.4,
2026-09-12T03:58:45.335032+00:00,201,41.32,
2026-09-12T03:58:45.356264+00:00,201,39.3,
2026-09-12T03:58:45.346299+00:00,201,50.35,
2026-09-12T03:58:45.368421+00:00,201,37.26,
2026-09-12T03:58:45.389864+00:00,201,35.75,
2026-09-12T03:58:45.401023+00:00,201,36.69,
2026-09-12T03:58:45.378960+00:00,201,63.03,
2026-09-12T03:58:45.412075+00:00,201,40.55,
2026-09-12T03:58:45.424281+00:00,201,41.31,
2026-09-12T03:58:45.435245+00:00,201,40.6,
2026-09-12T03:58:45.446092+00:00,201,41.9,
2026-09-12T03:58:45.457228+00:00,201,42.11,
2026-09-12T03:58:45.468117+00:00,201,39.37,
2026-09-12T03:58:45.479010+00:00,201,38.61,
2026-09-12T03:58:45.490255+00:00,201,37.87,
2026-09-12T03:58:45.501338+00:00,201,37.05,
2026-09-12T03:58:45.512338+00:00,201,40.87,
2026-09-12T03:58:45.534782+00:00,201,36.79,
2026-09-12T03:58:45.523781+00:00,201,61.72,
2026-09-12T03:58:45.545737+00:00,201,40.22,
2026-09-12T03:58:45.556852+00:00,201,41.62,
2026-09-12T03:58:45.567615+00:00,201,39.8,
2026-09-12T03:58:45.578617+00:00,201,38.95,
2026-09-12T03:58:45.589707+00:00,201,38.06,
2026-09-12T03:58:45.602178+00:00,201,38.43,
2026-09-12T03:58:45.613120+00:00,201,51.19,
2026-09-12T03:58:45.634935+00:00,201,37.87,
2026-09-12T03:58:45.624107+00:00,201,56.14,
2026-09-12T03:58:45.646375+00:00,201,40.75,
2026-09-12T03:58:45.657330+00:00,201,39.79,
2026-09-12T03:58:45.668542+00:00,201,39.25,
2026-09-12T03:58:45.679492+00:00,201,38.6,
2026-09-12T03:58:45.690687+00:00,201,38.8,
2026-09-12T03:58:45.701444+00:00,201,39.51,
2026-09-12T03:58:45.712645+00:00,201,37.93,
2026-09-12T03:58:45.723630+00:00,201,39.98,
2026-09-12T03:58:45.734604+00:00,201,38.07,
2026-09-12T03:58:45.745737+00:00,201,37.44,
2026-09-12T03:58:45.756720+00:00,201,38.1,
2026-09-12T03:58:45.767623+00:00,201,37.03,
2026-09-12T03:58:45.790177+00:00,201,39.27,
2026-09-12T03:58:45.779012+00:00,201,57.71,
2026-09-12T03:58:45.801279+00:00,201,39.99,
2026-09-12T03:58:45.812472+00:00,201,41.79,
2026-09-12T03:58:45.823779+00:00,201,40.46,
2026-09-12T03:58:45.834741+00:00,201,39.21,
2026-09-12T03:58:45.845466+00:00,201,38.81,
2026-09-12T03:58:45.856624+00:00,201,38.9,
2026-09-12T03:58:45.868055+00:00,201,40.46,
2026-09-12T03:58:45.879541+00:00,201,40.84,
2026-09-12T03:58:45.889873+00:00,201,38.26,
2026-09-12T03:58:45.913280+00:00,201,34.51,
2026-09-12T03:58:45.900894+00:00,201,60.53,
2026-09-12T03:58:45.935244+00:00,201,38.81,
2026-09-12T03:58:45.924191+00:00,201,55.63,
2026-09-12T03:58:45.946142+00:00,201,40.38,
2026-09-12T03:58:45.957175+00:00,201,42.88,
2026-09-12T03:58:45.968398+00:00,201,44.21,
2026-09-12T03:58:45.979420+00:00,201,41.23,
2026-09-12T03:58:46.001182+00:00,201,40.87,
2026-09-12T03:58:45.990392+00:00,201,52.78,
2026-09-12T03:58:46.012356+00:00,201,40.93,
2026-09-12T03:58:46.023440+00:00,201,49.4,
2026-09-12T03:58:46.045243+00:00,201,38.99,
2026-09-12T03:58:46.034311+00:00,201,55.55,
2026-09-12T03:58:46.078639+00:00,201,47.85,
2026-09-12T03:58:46.056336+00:00,201,71.59,
2026-09-12T03:58:46.067403+00:00,201,60.6,
2026-09-12T03:58:46.089861+00:00,201,48.49,
2026-09-12T03:58:46.101043+00:00,201,49.96,
2026-09-12T03:58:46.112103+00:00,201,48.45,
2026-09-12T03:58:46.123070+00:00,201,50.36,
2026-09-12T03:58:46.146208+00:00,201,50.34,
2026-09-12T03:58:46.135015+00:00,201,63.88,
2026-09-12T03:58:46.157337+00:00,201,51.04,
2026-09-12T03:58:46.168296+00:00,201,48.87,
2026-09-12T03:58:46.189854+00:00,201,47.05,
2026-09-12T03:58:46.179087+00:00,201,59.31,
2026-09-12T03:58:46.200873+00:00,201,46.73,
2026-09-12T03:58:46.212122+00:00,201,47.8,
2026-09-12T03:58:46.234276+00:00,201,49.04,
2026-09-12T03:58:46.223127+00:00,201,67.31,
2026-09-12T03:58:46.245548+00:00,201,51.18,
2026-09-12T03:58:46.256509+00:00,201,54.27,
2026-09-12T03:58:46.268567+00:00,201,51.17,
2026-09-12T03:58:46.279717+00:00,201,51.08,
2026-09-12T03:58:46.300744+00:00,201,47.66,
2026-09-12T03:58:46.290933+00:00,201,60.69,
2026-09-12T03:58:46.323094+00:00,201,48.4,
2026-09-12T03:58:46.334044+00:00,201,51.31,
2026-09-12T03:58:46.311846+00:00,201,75.45,
2026-09-12T03:58:46.346639+00:00,201,54.74,
2026-09-12T03:58:46.357722+00:00,201,57.48,
2026-09-12T03:58:46.368839+00:00,201,53.84,
2026-09-12T03:58:46.379869+00:00,201,53.23,
2026-09-12T03:58:46.389932+00:00,201,52.37,
2026-09-12T03:58:46.401403+00:00,201,55.11,
2026-09-12T03:58:46.412104+00:00,201,54.4,
2026-09-12T03:58:46.423037+00:00,201,52.0,
2026-09-12T03:58:46.434343+00:00,201,51.58,
2026-09-12T03:58:46.445416+00:00,201,53.41,
2026-09-12T03:58:46.468007+00:00,201,51.24,
2026-09-12T03:58:46.456553+00:00,201,73.84,
2026-09-12T03:58:46.479169+00:00,201,52.78,
2026-09-12T03:58:46.490520+00:00,201,53.0,
2026-09-12T03:58:46.501590+00:00,201,54.05,
2026-09-12T03:58:46.512633+00:00,201,65.85,
2026-09-12T03:58:46.523637+00:00,201,58.11,
2026-09-12T03:58:46.534462+00:00,201,53.51,
2026-09-12T03:58:46.545702+00:00,201,69.87,
2026-09-12T03:58:46.557122+00:00,201,59.49,
2026-09-12T03:58:46.568424+00:00,201,54.45,
2026-09-12T03:58:46.579571+00:00,201,57.47,
2026-09-12T03:58:46.591048+00:00,201,58.25,
2026-09-12T03:58:46.600812+00:00,201,58.13,
2026-09-12T03:58:46.611877+00:00,201,59.28,
2026-09-12T03:58:46.623303+00:00,201,57.63,
2026-09-12T03:58:46.645128+00:00,201,54.19,
2026-09-12T03:58:46.635389+00:00,201,73.48,
2026-09-12T03:58:46.656332+00:00,201,58.45,
2026-09-12T03:58:46.667392+00:00,201,59.72,
2026-09-12T03:58:46.679995+00:00,201,60.33,
2026-09-12T03:58:46.690955+00:00,201,56.51,
2026-09-12T03:58:46.702067+00:00,201,57.88,
2026-09-12T03:58:46.713000+00:00,201,57.62,
2026-09-12T03:58:46.723818+00:00,201,60.25,
2026-09-12T03:58:46.734966+00:00,201,60.49,
2026-09-12T03:58:46.745935+00:00,201,60.57,
2026-09-12T03:58:46.757156+00:00,201,60.4,
2026-09-12T03:58:46.767878+00:00,201,59.2,
2026-09-12T03:58:46.789792+00:00,201,56.13,
2026-09-12T03:58:46.778800+00:00,201,68.48,
2026-09-12T03:58:46.801077+00:00,201,54.87,
2026-09-12T03:58:46.823254+00:00,201,58.65,
2026-09-12T03:58:46.834271+00:00,201,53.93,
2026-09-12T03:58:46.812376+00:00,201,80.92,
2026-09-12T03:58:46.845673+00:00,201,59.7,
2026-09-12T03:58:46.856469+00:00,201,60.69,
2026-09-12T03:58:46.868080+00:00,201,59.65,
2026-09-12T03:58:46.879725+00:00,201,59.48,
2026-09-12T03:58:46.890821+00:00,201,62.78,
2026-09-12T03:58:46.901824+00:00,201,63.73,
2026-09-12T03:58:46.911874+00:00,201,62.16,
2026-09-12T03:58:46.923753+00:00,201,62.75,
2026-09-12T03:58:46.935370+00:00,201,61.66,
2026-09-12T03:58:46.946620+00:00,201,61.54,
2026-09-12T03:58:46.956230+00:00,201,55.31,
2026-09-12T03:58:46.968617+00:00,201,57.66,
2026-09-12T03:58:46.979696+00:00,201,59.6,
2026-09-12T03:58:46.990660+00:00,201,55.88,
2026-09-12T03:58:47.002088+00:00,201,55.6,
2026-09-12T03:58:47.011924+00:00,201,56.98,
2026-09-12T03:58:47.024064+00:00,201,55.51,
2026-09-12T03:58:47.034920+00:00,201,53.1,
2026-09-12T03:58:47.045631+00:00,201,57.8,
2026-09-12T03:58:47.056776+00:00,201,57.85,
2026-09-12T03:58:47.068482+00:00,201,54.77,
2026-09-12T03:58:47.079323+00:00,201,52.91,
2026-09-12T03:58:47.090268+00:00,201,56.99,
2026-09-12T03:58:47.112852+00:00,201,55.26,
2026-09-12T03:58:47.100913+00:00,201,76.25,
2026-09-12T03:58:47.123645+00:00,201,56.96,
2026-09-12T03:58:47.134655+00:00,201,59.55,
2026-09-12T03:58:47.145455+00:00,201,61.56,
2026-09-12T03:58:47.156581+00:00,201,60.04,
2026-09-12T03:58:47.168164+00:00,201,57.48,
2026-09-12T03:58:47.178629+00:00,201,60.73,
2026-09-12T03:58:47.191090+00:00,201,58.33,
2026-09-12T03:58:47.200713+00:00,201,59.45,
2026-09-12T03:58:47.211898+00:00,201,58.41,
2026-09-12T03:58:47.223060+00:00,201,59.24,
2026-09-12T03:58:47.234055+00:00,201,60.53,
2026-09-12T03:58:47.246659+00:00,201,59.84,
2026-09-12T03:58:47.257572+00:00,201,56.39,
2026-09-12T03:58:47.267391+00:00,201,61.63,
2026-09-12T03:58:47.279414+00:00,201,62.62,
2026-09-12T03:58:47.290422+00:00,201,60.35,
2026-09-12T03:58:47.301674+00:00,201,58.41,
2026-09-12T03:58:47.312840+00:00,201,59.47,
2026-09-12T03:58:47.324009+00:00,201,59.89,
2026-09-12T03:58:47.335343+00:00,201,56.53,
2026-09-12T03:58:47.346232+00:00,201,57.84,
2026-09-12T03:58:47.357341+00:00,201,58.25,
2026-09-12T03:58:47.368560+00:00,201,58.91,
2026-09-12T03:58:47.379504+00:00,201,56.56,
2026-09-12T03:58:47.390835+00:00,201,60.61,
2026-09-12T03:58:47.402184+00:00,201,59.77,
2026-09-12T03:58:47.413052+00:00,201,60.77,
2026-09-12T03:58:47.424575+00:00,201,61.63,
2026-09-12T03:58:47.435263+00:00,201,57.82,
2026-09-12T03:58:47.446473+00:00,201,56.93,
2026-09-12T03:58:47.456689+00:00,201,60.37,
2026-09-12T03:58:47.467694+00:00,201,57.36,
2026-09-12T03:58:47.478832+00:00,201,52.88,
2026-09-12T03:58:47.500722+00:00,201,60.13,
2026-09-12T03:58:47.489949+00:00,201,80.21,
2026-09-12T03:58:47.513116+00:00,201,60.37,
2026-09-12T03:58:47.524275+00:00,201,60.19,
2026-09-12T03:58:47.534080+00:00,201,58.65,
2026-09-12T03:58:47.559306+00:00,201,58.3,
2026-09-12T03:58:47.545187+00:00,201,73.86,
2026-09-12T03:58:47.567995+00:00,201,54.93,
2026-09-12T03:58:47.579011+00:00,201,55.96,
2026-09-12T03:58:47.590082+00:00,201,57.47,
2026-09-12T03:58:47.612723+00:00,201,54.11,
2026-09-12T03:58:47.601374+00:00,201,78.04,
2026-09-12T03:58:47.623905+00:00,201,58.85,
2026-09-12T03:58:47.635050+00:00,201,58.98,
2026-09-12T03:58:47.645197+00:00,201,61.38,
2026-09-12T03:58:47.658056+00:00,201,60.25,
2026-09-12T03:58:47.668581+00:00,201,60.49,
2026-09-12T03:58:47.679456+00:00,201,56.23,
2026-09-12T03:58:47.690086+00:00,201,64.88,
2026-09-12T03:58:47.701002+00:00,201,54.62,
2026-09-12T03:58:47.723667+00:00,201,53.52,
2026-09-12T03:58:47.712406+00:00,201,76.92,
2026-09-12T03:58:47.734945+00:00,201,56.14,
2026-09-12T03:58:47.757116+00:00,201,57.43,
2026-09-12T03:58:47.745971+00:00,201,75.79,
2026-09-12T03:58:47.768334+00:00,201,53.79,
2026-09-12T03:58:47.790281+00:00,201,59.7,
2026-09-12T03:58:47.779341+00:00,201,76.72,
2026-09-12T03:58:47.801449+00:00,201,58.06,
2026-09-12T03:58:47.812452+00:00,201,58.46,
2026-09-12T03:58:47.823381+00:00,201,60.31,
2026-09-12T03:58:47.845198+00:00,201,54.28,
2026-09-12T03:58:47.856525+00:00,201,58.6,
2026-09-12T03:58:47.834082+00:00,201,84.67,
2026-09-12T03:58:47.867608+00:00,201,61.37,
2026-09-12T03:58:47.878834+00:00,201,61.05,
2026-09-12T03:58:47.889873+00:00,201,64.7,
2026-09-12T03:58:47.900928+00:00,201,62.59,
2026-09-12T03:58:47.912214+00:00,201,61.98,
2026-09-12T03:58:47.923282+00:00,201,74.24,
2026-09-12T03:58:47.934310+00:00,201,71.65,
2026-09-12T03:58:47.946068+00:00,201,69.36,
2026-09-12T03:58:47.957119+00:00,201,72.59,
2026-09-12T03:58:47.968425+00:00,201,71.59,
2026-09-12T03:58:47.979634+00:00,201,66.7,
2026-09-12T03:58:47.990576+00:00,201,65.08,
2026-09-12T03:58:48.001942+00:00,201,60.21,
2026-09-12T03:58:48.013040+00:00,201,60.7,
2026-09-12T03:58:48.022961+00:00,201,61.31,
2026-09-12T03:58:48.034282+00:00,201,62.87,
2026-09-12T03:58:48.056714+00:00,201,61.37,
2026-09-12T03:58:48.046101+00:00,201,78.92,
2026-09-12T03:58:48.067658+00:00,201,63.32,
2026-09-12T03:58:48.078824+00:00,201,62.58,
2026-09-12T03:58:48.100909+00:00,201,59.82,
2026-09-12T03:58:48.089816+00:00,201,81.71,
2026-09-12T03:58:48.123024+00:00,201,59.68,
2026-09-12T03:58:48.112116+00:00,201,72.67,
2026-09-12T03:58:48.134270+00:00,201,58.57,
2026-09-12T03:58:48.145888+00:00,201,69.14,
2026-09-12T03:58:48.168110+00:00,201,84.02,
2026-09-12T03:58:48.156803+00:00,201,100.13,
2026-09-12T03:58:48.179296+00:00,201,93.46,
2026-09-12T03:58:48.190031+00:00,201,97.17,
2026-09-12T03:58:48.201116+00:00,201,100.34,
2026-09-12T03:58:48.212592+00:00,201,100.85,
2026-09-12T03:58:48.234444+00:00,201,91.81,
2026-09-12T03:58:48.245444+00:00,201,84.66,
2026-09-12T03:58:48.256964+00:00,201,86.61,
2026-09-12T03:58:48.223992+00:00,201,132.36,
2026-09-12T03:58:48.279068+00:00,201,84.7,
2026-09-12T03:58:48.290530+00:00,201,82.7,
2026-09-12T03:58:48.267681+00:00,201,115.51,
2026-09-12T03:58:48.301818+00:00,201,82.92,
2026-09-12T03:58:48.312844+00:00,201,80.2,
2026-09-12T03:58:48.323116+00:00,201,81.17,
2026-09-12T03:58:48.334493+00:00,201,75.57,
2026-09-12T03:58:48.345638+00:00,201,76.62,
2026-09-12T03:58:48.356782+00:00,201,71.69,
2026-09-12T03:58:48.367948+00:00,201,68.08,
2026-09-12T03:58:48.379642+00:00,201,67.62,
2026-09-12T03:58:48.390786+00:00,201,65.74,
2026-09-12T03:58:48.401893+00:00,201,89.35,
2026-09-12T03:58:48.412134+00:00,201,93.43,
2026-09-12T03:58:48.424055+00:00,201,85.88,
2026-09-12T03:58:48.446150+00:00,201,73.42,
2026-09-12T03:58:48.435697+00:00,201,95.07,
2026-09-12T03:58:48.458270+00:00,201,74.24,
2026-09-12T03:58:48.468034+00:00,201,74.9,
2026-09-12T03:58:48.478943+00:00,201,74.93,
2026-09-12T03:58:48.490196+00:00,201,69.43,
2026-09-12T03:58:48.501219+00:00,201,68.98,
2026-09-12T03:58:48.512601+00:00,201,67.16,
2026-09-12T03:58:48.534978+00:00,201,64.61,
2026-09-12T03:58:48.546443+00:00,201,61.96,
2026-09-12T03:58:48.523622+00:00,201,88.6,
2026-09-12T03:58:48.557678+00:00,201,64.63,
2026-09-12T03:58:48.568830+00:00,201,64.95,
2026-09-12T03:58:48.579262+00:00,201,64.09,
2026-09-12T03:58:48.590181+00:00,201,63.46,
2026-09-12T03:58:48.601668+00:00,201,59.99,
2026-09-12T03:58:48.612630+00:00,201,64.08,
2026-09-12T03:58:48.623840+00:00,201,68.72,
2026-09-12T03:58:48.635434+00:00,201,68.23,
2026-09-12T03:58:48.646422+00:00,201,68.18,
2026-09-12T03:58:48.657604+00:00,201,70.89,
2026-09-12T03:58:48.668904+00:00,201,69.69,
2026-09-12T03:58:48.679517+00:00,201,69.06,
2026-09-12T03:58:48.689786+00:00,201,72.79,
2026-09-12T03:58:48.700949+00:00,201,71.25,
2026-09-12T03:58:48.712054+00:00,201,69.37,
2026-09-12T03:58:48.723789+00:00,201,68.83,
2026-09-12T03:58:48.734943+00:00,201,71.6,
2026-09-12T03:58:48.746136+00:00,201,66.72,
2026-09-12T03:58:48.757968+00:00,201,65.73,
2026-09-12T03:58:48.767900+00:00,201,66.05,
2026-09-12T03:58:48.778787+00:00,201,67.28,
2026-09-12T03:58:48.789814+00:00,201,65.62,
2026-09-12T03:58:48.811826+00:00,201,65.48,
2026-09-12T03:58:48.800839+00:00,201,77.32,
2026-09-12T03:58:48.824431+00:00,201,59.58,
2026-09-12T03:58:48.834226+00:00,201,62.98,
2026-09-12T03:58:48.846593+00:00,201,61.03,
2026-09-12T03:58:48.856449+00:00,201,59.78,
2026-09-12T03:58:48.879154+00:00,201,61.45,
2026-09-12T03:58:48.868096+00:00,201,73.65,
2026-09-12T03:58:48.890193+00:00,201,58.79,
2026-09-12T03:58:48.901405+00:00,201,67.13,
2026-09-12T03:58:48.912991+00:00,201,59.32,
2026-09-12T03:58:48.923162+00:00,201,59.2,
2026-09-12T03:58:48.956813+00:00,201,59.47,
2026-09-12T03:58:48.945715+00:00,201,73.41,
2026-09-12T03:58:48.934468+00:00,201,86.54,
2026-09-12T03:58:48.978902+00:00,201,64.32,
2026-09-12T03:58:48.967526+00:00,201,86.39,
2026-09-12T03:58:48.990067+00:00,201,65.94,
2026-09-12T03:58:49.001135+00:00,201,64.77,
2026-09-12T03:58:49.012519+00:00,201,66.44,
2026-09-12T03:58:49.023440+00:00,201,66.88,
2026-09-12T03:58:49.034571+00:00,201,61.24,
2026-09-12T03:58:49.045785+00:00,201,66.12,
2026-09-12T03:58:49.057412+00:00,201,65.93,
2026-09-12T03:58:49.079678+00:00,201,63.42,
2026-09-12T03:58:49.068457+00:00,201,77.61,
2026-09-12T03:58:49.090995+00:00,201,62.98,
2026-09-12T03:58:49.100774+00:00,201,62.83,
2026-09-12T03:58:49.111895+00:00,201,61.55,
2026-09-12T03:58:49.123988+00:00,201,61.51,
2026-09-12T03:58:49.135279+00:00,201,59.48,
2026-09-12T03:58:49.157482+00:00,201,59.01,
2026-09-12T03:58:49.146369+00:00,201,75.17,
2026-09-12T03:58:49.168362+00:00,201,61.63,
2026-09-12T03:58:49.179670+00:00,201,59.56,
2026-09-12T03:58:49.190782+00:00,201,60.15,
2026-09-12T03:58:49.201687+00:00,201,62.6,
2026-09-12T03:58:49.212868+00:00,201,57.22,
2026-09-12T03:58:49.224305+00:00,201,59.0,
2026-09-12T03:58:49.235289+00:00,201,56.52,
2026-09-12T03:58:49.246397+00:00,201,66.22,
2026-09-12T03:58:49.257549+00:00,201,57.44,
2026-09-12T03:58:49.279972+00:00,201,57.06,
2026-09-12T03:58:49.268579+00:00,201,80.37,
2026-09-12T03:58:49.289568+00:00,201,60.97,
2026-09-12T03:58:49.300718+00:00,201,57.27,
2026-09-12T03:58:49.312012+00:00,201,62.52,
2026-09-12T03:58:49.334860+00:00,201,59.58,
2026-09-12T03:58:49.323423+00:00,201,71.73,
2026-09-12T03:58:49.346102+00:00,201,60.56,
2026-09-12T03:58:49.357391+00:00,201,58.81,
2026-09-12T03:58:49.367459+00:00,201,60.63,
2026-09-12T03:58:49.379863+00:00,201,57.9,
2026-09-12T03:58:49.391028+00:00,201,58.58,
2026-09-12T03:58:49.400784+00:00,201,56.74,
2026-09-12T03:58:49.423085+00:00,201,56.63,
2026-09-12T03:58:49.412176+00:00,201,75.86,
2026-09-12T03:58:49.434964+00:00,201,58.29,
2026-09-12T03:58:49.456505+00:00,201,63.84,
2026-09-12T03:58:49.445593+00:00,201,78.45,
2026-09-12T03:58:49.467604+00:00,201,72.18,
2026-09-12T03:58:49.478782+00:00,201,64.16,
2026-09-12T03:58:49.490203+00:00,201,62.12,
2026-09-12T03:58:49.501526+00:00,201,61.7,
2026-09-12T03:58:49.512604+00:00,201,73.54,
2026-09-12T03:58:49.524006+00:00,201,62.81,
2026-09-12T03:58:49.534055+00:00,201,61.76,
2026-09-12T03:58:49.546451+00:00,201,61.62,
2026-09-12T03:58:49.557524+00:00,201,60.75,
2026-09-12T03:58:49.579486+00:00,201,60.95,
2026-09-12T03:58:49.568238+00:00,201,77.61,
2026-09-12T03:58:49.590461+00:00,201,60.76,
2026-09-12T03:58:49.601645+00:00,201,60.13,
2026-09-12T03:58:49.612657+00:00,201,62.52,
2026-09-12T03:58:49.624414+00:00,201,62.88,
2026-09-12T03:58:49.635532+00:00,201,61.62,
2026-09-12T03:58:49.645573+00:00,201,62.46,
2026-09-12T03:58:49.657213+00:00,201,59.47,
2026-09-12T03:58:49.668275+00:00,201,58.34,
2026-09-12T03:58:49.679450+00:00,201,55.53,
2026-09-12T03:58:49.690717+00:00,201,58.38,
2026-09-12T03:58:49.701840+00:00,201,57.39,
2026-09-12T03:58:49.723890+00:00,201,59.46,
2026-09-12T03:58:49.712880+00:00,201,73.19,
2026-09-12T03:58:49.734771+00:00,201,56.49,
2026-09-12T03:58:49.745670+00:00,201,59.5,
2026-09-12T03:58:49.756944+00:00,201,57.98,
2026-09-12T03:58:49.768060+00:00,201,58.03,
2026-09-12T03:58:49.779093+00:00,201,55.68,
2026-09-12T03:58:49.790663+00:00,201,58.32,
2026-09-12T03:58:49.802019+00:00,201,56.18,
2026-09-12T03:58:49.812955+00:00,201,59.08,
2026-09-12T03:58:49.823783+00:00,201,60.21,
2026-09-12T03:58:49.835133+00:00,201,56.44,
2026-09-12T03:58:49.846108+00:00,201,56.85,
2026-09-12T03:58:49.858187+00:00,201,55.02,
2026-09-12T03:58:49.868513+00:00,201,54.29,
2026-09-12T03:58:49.878479+00:00,201,53.88,
2026-09-12T03:58:49.889502+00:00,201,57.45,
2026-09-12T03:58:49.902032+00:00,201,56.06,
2026-09-12T03:58:49.913488+00:00,201,55.98,
2026-09-12T03:58:49.924272+00:00,201,57.28,
2026-09-12T03:58:49.935427+00:00,201,58.32,
2026-09-12T03:58:49.946660+00:00,201,54.95,
2026-09-12T03:58:49.956337+00:00,201,59.79,
2026-09-12T03:58:49.979817+00:00,201,60.92,
2026-09-12T03:58:49.969348+00:00,201,73.11,
2026-09-12T03:58:49.990071+00:00,201,64.33,
2026-09-12T03:58:50.001404+00:00,201,66.47,
2026-09-12T03:58:50.011861+00:00,201,65.7,
2026-09-12T03:58:50.023016+00:00,201,64.28,
2026-09-12T03:58:50.034008+00:00,201,65.5,
2026-09-12T03:58:50.046415+00:00,201,64.1,
2026-09-12T03:58:50.057186+00:00,201,64.62,
2026-09-12T03:58:50.067706+00:00,201,61.93,
2026-09-12T03:58:50.079717+00:00,201,61.88,
2026-09-12T03:58:50.090827+00:00,201,60.62,
2026-09-12T03:58:50.123716+00:00,201,61.36,
2026-09-12T03:58:50.102011+00:00,201,85.98,
2026-09-12T03:58:50.111989+00:00,201,79.14,
2026-09-12T03:58:50.134961+00:00,201,58.75,
2026-09-12T03:58:50.145885+00:00,201,61.5,
2026-09-12T03:58:50.168230+00:00,201,62.45,
2026-09-12T03:58:50.157142+00:00,201,77.72,
2026-09-12T03:58:50.179353+00:00,201,64.26,
2026-09-12T03:58:50.191034+00:00,201,66.71,
2026-09-12T03:58:50.200715+00:00,201,68.46,
2026-09-12T03:58:50.212211+00:00,201,66.99,
2026-09-12T03:58:50.234360+00:00,201,59.33,
2026-09-12T03:58:50.223166+00:00,201,76.24,
2026-09-12T03:58:50.245346+00:00,201,61.51,
2026-09-12T03:58:50.256412+00:00,201,64.5,
2026-09-12T03:58:50.267505+00:00,201,65.5,
2026-09-12T03:58:50.290131+00:00,201,59.77,
2026-09-12T03:58:50.278681+00:00,201,84.94,
2026-09-12T03:58:50.301275+00:00,201,63.54,
2026-09-12T03:58:50.312371+00:00,201,61.5,
2026-09-12T03:58:50.323417+00:00,201,62.08,
2026-09-12T03:58:50.334742+00:00,201,63.05,
2026-09-12T03:58:50.345553+00:00,201,61.05,
2026-09-12T03:58:50.356523+00:00,201,61.4,
2026-09-12T03:58:50.367877+00:00,201,58.62,
2026-09-12T03:58:50.378795+00:00,201,72.8,
2026-09-12T03:58:50.401560+00:00,201,56.09,
2026-09-12T03:58:50.390234+00:00,201,80.74,
2026-09-12T03:58:50.424192+00:00,201,59.52,
2026-09-12T03:58:50.412860+00:00,201,77.91,
2026-09-12T03:58:50.435315+00:00,201,69.98,
2026-09-12T03:58:50.456680+00:00,201,66.02,
2026-09-12T03:58:50.446529+00:00,201,81.36,
2026-09-12T03:58:50.467958+00:00,201,67.13,
2026-09-12T03:58:50.479072+00:00,201,67.48,
2026-09-12T03:58:50.490765+00:00,201,67.77,
2026-09-12T03:58:50.501409+00:00,201,67.06,
2026-09-12T03:58:50.511945+00:00,201,65.82,
2026-09-12T03:58:50.524123+00:00,201,65.26,
2026-09-12T03:58:50.535295+00:00,201,65.87,
2026-09-12T03:58:50.546380+00:00,201,65.81,
2026-09-12T03:58:50.557575+00:00,201,64.42,
2026-09-12T03:58:50.567534+00:00,201,63.05,
2026-09-12T03:58:50.578771+00:00,201,63.77,
2026-09-12T03:58:50.589760+00:00,201,64.27,
2026-09-12T03:58:50.601965+00:00,201,64.69,
2026-09-12T03:58:50.611829+00:00,201,60.94,
2026-09-12T03:58:50.623012+00:00,201,66.88,
2026-09-12T03:58:50.645948+00:00,201,63.71,
2026-09-12T03:58:50.634299+00:00,201,82.24,
2026-09-12T03:58:50.657371+00:00,201,63.15,
2026-09-12T03:58:50.668817+00:00,201,64.86,
2026-09-12T03:58:50.689755+00:00,201,61.51,
2026-09-12T03:58:50.680011+00:00,201,80.85,
2026-09-12T03:58:50.701778+00:00,201,61.24,
2026-09-12T03:58:50.712045+00:00,201,81.97,
2026-09-12T03:58:50.734920+00:00,201,59.84,
2026-09-12T03:58:50.745468+00:00,201,62.33,
2026-09-12T03:58:50.723184+00:00,201,86.15,
2026-09-12T03:58:50.756730+00:00,201,64.52,
2026-09-12T03:58:50.767394+00:00,201,64.89,
2026-09-12T03:58:50.778481+00:00,201,64.7,
2026-09-12T03:58:50.791066+00:00,201,64.21,
2026-09-12T03:58:50.811938+00:00,201,64.51,
2026-09-12T03:58:50.800782+00:00,201,87.47,
2026-09-12T03:58:50.834922+00:00,201,61.83,
2026-09-12T03:58:50.823472+00:00,201,84.81,
2026-09-12T03:58:50.846010+00:00,201,64.05,
2026-09-12T03:58:50.857034+00:00,201,66.51,
2026-09-12T03:58:50.879952+00:00,201,63.74,
2026-09-12T03:58:50.868648+00:00,201,84.41,
2026-09-12T03:58:50.891067+00:00,201,68.21,
2026-09-12T03:58:50.912064+00:00,201,61.62,
2026-09-12T03:58:50.900834+00:00,201,77.17,
2026-09-12T03:58:50.923824+00:00,201,63.73,
2026-09-12T03:58:50.934724+00:00,201,62.54,
2026-09-12T03:58:50.945881+00:00,201,61.52,
2026-09-12T03:58:50.956842+00:00,201,65.31,
2026-09-12T03:58:50.968223+00:00,201,65.61,
2026-09-12T03:58:50.979473+00:00,201,63.67,
2026-09-12T03:58:50.990052+00:00,201,65.81,
2026-09-12T03:58:51.001201+00:00,201,66.14,
2026-09-12T03:58:51.012773+00:00,201,63.72,
2026-09-12T03:58:51.023207+00:00,201,64.08,
2026-09-12T03:58:51.034569+00:00,201,65.34,
2026-09-12T03:58:51.045588+00:00,201,70.47,
2026-09-12T03:58:51.056683+00:00,201,70.48,
2026-09-12T03:58:51.079267+00:00,201,75.89,
2026-09-12T03:58:51.090143+00:00,201,74.87,
2026-09-12T03:58:51.068036+00:00,201,101.05,
2026-09-12T03:58:51.113212+00:00,201,88.42,
2026-09-12T03:58:51.101796+00:00,201,114.64,
2026-09-12T03:58:51.124375+00:00,201,102.6,
2026-09-12T03:58:51.134738+00:00,201,101.94,
2026-09-12T03:58:51.145349+00:00,201,112.0,
2026-09-12T03:58:51.157820+00:00,201,125.25,
2026-09-12T03:58:51.168009+00:00,201,124.97,
2026-09-12T03:58:51.178654+00:00,201,126.88,
2026-09-12T03:58:51.189648+00:00,201,126.86,
2026-09-12T03:58:51.201655+00:00,201,126.46,
2026-09-12T03:58:51.212622+00:00,201,120.93,
2026-09-12T03:58:51.223572+00:00,201,118.99,
2026-09-12T03:58:51.245216+00:00,201,112.52,
2026-09-12T03:58:51.267548+00:00,201,104.2,
2026-09-12T03:58:51.234326+00:00,201,153.69,
2026-09-12T03:58:51.278762+00:00,201,117.81,
2026-09-12T03:58:51.289808+00:00,201,108.9,
2026-09-12T03:58:51.301272+00:00,201,106.39,
2026-09-12T03:58:51.256698+00:00,201,155.78,
2026-09-12T03:58:51.311864+00:00,201,108.5,
2026-09-12T03:58:51.334224+00:00,201,135.29,
2026-09-12T03:58:51.345765+00:00,201,137.32,
2026-09-12T03:58:51.324125+00:00,201,161.0,
2026-09-12T03:58:51.356745+00:00,201,152.12,
2026-09-12T03:58:51.367607+00:00,201,150.97,
2026-09-12T03:58:51.390630+00:00,201,155.52,
2026-09-12T03:58:51.401581+00:00,201,161.22,
2026-09-12T03:58:51.379791+00:00,201,183.84,
2026-09-12T03:58:51.423981+00:00,201,164.68,
2026-09-12T03:58:51.412915+00:00,201,182.61,
2026-09-12T03:58:51.434253+00:00,201,167.29,
2026-09-12T03:58:51.446614+00:00,201,167.32,
2026-09-12T03:58:51.457578+00:00,201,158.94,
2026-09-12T03:58:51.468993+00:00,201,157.77,
2026-09-12T03:58:51.479615+00:00,201,170.18,
2026-09-12T03:58:51.490235+00:00,201,162.07,
2026-09-12T03:58:51.501456+00:00,201,188.19,
2026-09-12T03:58:51.512658+00:00,201,185.53,
2026-09-12T03:58:51.535091+00:00,201,192.75,
2026-09-12T03:58:51.523657+00:00,201,210.6,
2026-09-12T03:58:51.546229+00:00,201,191.67,
2026-09-12T03:58:51.556371+00:00,201,192.22,
2026-09-12T03:58:51.567866+00:00,201,205.35,
2026-09-12T03:58:51.579100+00:00,201,199.33,
2026-09-12T03:58:51.589750+00:00,201,192.37,
2026-09-12T03:58:51.612718+00:00,201,182.83,
2026-09-12T03:58:51.600871+00:00,201,205.61,
2026-09-12T03:58:51.623289+00:00,201,188.2,
2026-09-12T03:58:51.634761+00:00,201,191.37,
2026-09-12T03:58:51.646164+00:00,201,189.32,
2026-09-12T03:58:51.656950+00:00,201,180.8,
2026-09-12T03:58:51.667737+00:00,201,180.34,
2026-09-12T03:58:51.678795+00:00,201,180.26,
2026-09-12T03:58:51.690559+00:00,201,173.12,
2026-09-12T03:58:51.701904+00:00,201,171.76,
2026-09-12T03:58:51.712748+00:00,201,171.85,
2026-09-12T03:58:51.724486+00:00,201,162.2,
2026-09-12T03:58:51.734739+00:00,201,164.05,
2026-09-12T03:58:51.745912+00:00,201,162.08,
2026-09-12T03:58:51.757338+00:00,201,159.59,
2026-09-12T03:58:51.768145+00:00,201,160.61,
2026-09-12T03:58:51.779491+00:00,201,154.6,
2026-09-12T03:58:51.790671+00:00,201,152.67,
2026-09-12T03:58:51.801469+00:00,201,148.65,
2026-09-12T03:58:51.813251+00:00,201,148.01,
2026-09-12T03:58:51.823037+00:00,201,149.37,
2026-09-12T03:58:51.845235+00:00,201,140.02,
2026-09-12T03:58:51.834341+00:00,201,161.25,
2026-09-12T03:58:51.856895+00:00,201,140.64,
2026-09-12T03:58:51.867965+00:00,201,136.73,
2026-09-12T03:58:51.879024+00:00,201,138.37,
2026-09-12T03:58:51.890404+00:00,201,136.12,
2026-09-12T03:58:51.901459+00:00,201,133.15,
2026-09-12T03:58:51.912673+00:00,201,129.21,
2026-09-12T03:58:51.923641+00:00,201,128.84,
2026-09-12T03:58:51.946289+00:00,201,135.83,
2026-09-12T03:58:51.934541+00:00,201,148.57,
2026-09-12T03:58:51.957498+00:00,201,140.9,
2026-09-12T03:58:51.968671+00:00,201,139.95,
2026-09-12T03:58:51.989730+00:00,201,138.39,
2026-09-12T03:58:51.979847+00:00,201,154.62,
2026-09-12T03:58:52.001025+00:00,201,136.63,
2026-09-12T03:58:52.012027+00:00,201,138.82,
2026-09-12T03:58:52.023096+00:00,201,142.41,
2026-09-12T03:58:52.034534+00:00,201,137.27,
2026-09-12T03:58:52.045852+00:00,201,138.22,
2026-09-12T03:58:52.057411+00:00,201,136.08,
2026-09-12T03:58:52.079064+00:00,201,127.6,
2026-09-12T03:58:52.090379+00:00,201,126.98,
2026-09-12T03:58:52.067431+00:00,201,151.37,
2026-09-12T03:58:52.100990+00:00,201,123.19,
2026-09-12T03:58:52.113261+00:00,201,129.3,
2026-09-12T03:58:52.124409+00:00,201,121.58,
2026-09-12T03:58:52.135364+00:00,201,124.64,
2026-09-12T03:58:52.145307+00:00,201,118.66,
2026-09-12T03:58:52.156774+00:00,201,115.96,
2026-09-12T03:58:52.168071+00:00,201,122.08,
2026-09-12T03:58:52.179682+00:00,201,124.9,
2026-09-12T03:58:52.190934+00:00,201,121.92,
2026-09-12T03:58:52.201806+00:00,201,123.09,
2026-09-12T03:58:52.222962+00:00,201,122.44,
2026-09-12T03:58:52.211897+00:00,201,143.43,
2026-09-12T03:58:52.246620+00:00,201,117.81,
2026-09-12T03:58:52.235265+00:00,201,136.65,
2026-09-12T03:58:52.256408+00:00,201,125.52,
2026-09-12T03:58:52.267478+00:00,201,123.34,
2026-09-12T03:58:52.279100+00:00,201,121.59,
2026-09-12T03:58:52.289726+00:00,201,117.97,
2026-09-12T03:58:52.301561+00:00,201,115.6,
2026-09-12T03:58:52.311847+00:00,201,117.1,
2026-09-12T03:58:52.323883+00:00,201,119.35,
2026-09-12T03:58:52.335480+00:00,201,113.58,
2026-09-12T03:58:52.345993+00:00,201,111.22,
2026-09-12T03:58:52.357446+00:00,201,109.68,
2026-09-12T03:58:52.367887+00:00,201,113.81,
2026-09-12T03:58:52.378841+00:00,201,107.74,
2026-09-12T03:58:52.389782+00:00,201,110.89,
2026-09-12T03:58:52.400789+00:00,201,111.97,
2026-09-12T03:58:52.413199+00:00,201,111.61,
2026-09-12T03:58:52.434157+00:00,201,107.48,
2026-09-12T03:58:52.423031+00:00,201,122.04,
2026-09-12T03:58:52.445545+00:00,201,109.42,
2026-09-12T03:58:52.456980+00:00,201,122.44,
2026-09-12T03:58:52.468148+00:00,201,119.06,
2026-09-12T03:58:52.479513+00:00,201,116.53,
2026-09-12T03:58:52.489717+00:00,201,115.62,
2026-09-12T03:58:52.501718+00:00,201,120.16,
2026-09-12T03:58:52.512561+00:00,201,118.83,
2026-09-12T03:58:52.523776+00:00,201,115.53,
2026-09-12T03:58:52.534004+00:00,201,114.8,
2026-09-12T03:58:52.546592+00:00,201,110.04,
2026-09-12T03:58:52.556932+00:00,201,109.43,
2026-09-12T03:58:52.568735+00:00,201,103.51,
2026-09-12T03:58:52.578573+00:00,201,101.15,
2026-09-12T03:58:52.589808+00:00,201,100.71,
2026-09-12T03:58:52.601083+00:00,201,99.66,
2026-09-12T03:58:52.623747+00:00,201,93.0,
2026-09-12T03:58:52.612377+00:00,201,109.08,
2026-09-12T03:58:52.635069+00:00,201,91.45,
2026-09-12T03:58:52.646235+00:00,201,92.42,
2026-09-12T03:58:52.657617+00:00,201,87.03,
2026-09-12T03:58:52.668796+00:00,201,85.94,
2026-09-12T03:58:52.679367+00:00,201,82.33,
2026-09-12T03:58:52.713194+00:00,201,80.65,
2026-09-12T03:58:52.690582+00:00,201,103.41,
2026-09-12T03:58:52.724146+00:00,201,70.64,
2026-09-12T03:58:52.701775+00:00,201,93.02,
2026-09-12T03:58:52.734945+00:00,201,83.61,
2026-09-12T03:58:52.756983+00:00,201,69.99,
2026-09-12T03:58:52.768196+00:00,201,65.56,
2026-09-12T03:58:52.745805+00:00,201,92.25,
2026-09-12T03:58:52.790280+00:00,201,68.83,
2026-09-12T03:58:52.801662+00:00,201,63.84,
2026-09-12T03:58:52.779245+00:00,201,88.27,
2026-09-12T03:58:52.812710+00:00,201,81.4,
2026-09-12T03:58:52.834657+00:00,201,64.25,
2026-09-12T03:58:52.823740+00:00,201,84.45,
2026-09-12T03:58:52.856708+00:00,201,63.87,
2026-09-12T03:58:52.845900+00:00,201,80.59,
2026-09-12T03:58:52.879053+00:00,201,60.92,
2026-09-12T03:58:52.867294+00:00,201,78.77,
2026-09-12T03:58:52.901587+00:00,201,65.04,
2026-09-12T03:58:52.890362+00:00,201,82.4,
2026-09-12T03:58:52.912975+00:00,201,62.96,
2026-09-12T03:58:52.922951+00:00,201,60.5,
2026-09-12T03:58:52.946526+00:00,201,70.15,
2026-09-12T03:58:52.935500+00:00,201,83.71,
2026-09-12T03:58:52.957479+00:00,201,78.84,
2026-09-12T03:58:52.978771+00:00,201,60.36,
2026-09-12T03:58:52.989788+00:00,201,65.38,
2026-09-12T03:58:52.967653+00:00,201,88.09,
2026-09-12T03:58:53.013280+00:00,201,65.77,
2026-09-12T03:58:53.002085+00:00,201,84.82,
2026-09-12T03:58:53.024114+00:00,201,64.53,
2026-09-12T03:58:53.035372+00:00,201,68.59,
2026-09-12T03:58:53.045182+00:00,201,62.23,
2026-09-12T03:58:53.057611+00:00,201,62.05,
2026-09-12T03:58:53.078948+00:00,201,63.31,
2026-09-12T03:58:53.068634+00:00,201,77.79,
2026-09-12T03:58:53.090117+00:00,201,73.2,
2026-09-12T03:58:53.101505+00:00,201,63.68,
2026-09-12T03:58:53.112661+00:00,201,64.79,
2026-09-12T03:58:53.123871+00:00,201,63.51,
2026-09-12T03:58:53.135147+00:00,201,60.59,
2026-09-12T03:58:53.146336+00:00,201,61.06,
2026-09-12T03:58:53.157414+00:00,201,61.99,
2026-09-12T03:58:53.179674+00:00,201,55.3,
2026-09-12T03:58:53.168415+00:00,201,72.29,
2026-09-12T03:58:53.190932+00:00,201,60.96,
2026-09-12T03:58:53.202117+00:00,201,60.23,
2026-09-12T03:58:53.213084+00:00,201,59.0,
2026-09-12T03:58:53.224088+00:00,201,54.7,
2026-09-12T03:58:53.234006+00:00,201,57.37,
2026-09-12T03:58:53.246604+00:00,201,75.87,
2026-09-12T03:58:53.267459+00:00,201,71.71,
2026-09-12T03:58:53.257650+00:00,201,82.44,
2026-09-12T03:58:53.278852+00:00,201,66.76,
2026-09-12T03:58:53.289574+00:00,201,65.6,
2026-09-12T03:58:53.301133+00:00,201,63.51,
2026-09-12T03:58:53.312764+00:00,201,65.92,
2026-09-12T03:58:53.335367+00:00,201,61.19,
2026-09-12T03:58:53.324406+00:00,201,76.94,
2026-09-12T03:58:53.345376+00:00,201,62.25,
2026-09-12T03:58:53.357189+00:00,201,64.35,
2026-09-12T03:58:53.368175+00:00,201,62.34,
2026-09-12T03:58:53.378909+00:00,201,63.7,
2026-09-12T03:58:53.389996+00:00,201,60.57,
2026-09-12T03:58:53.401889+00:00,201,58.95,
2026-09-12T03:58:53.424287+00:00,201,58.57,
2026-09-12T03:58:53.413268+00:00,201,80.33,
2026-09-12T03:58:53.445104+00:00,201,60.68,
2026-09-12T03:58:53.434044+00:00,201,81.98,
2026-09-12T03:58:53.457680+00:00,201,62.77,
2026-09-12T03:58:53.467419+00:00,201,65.05,
2026-09-12T03:58:53.478510+00:00,201,65.88,
2026-09-12T03:58:53.490372+00:00,201,64.77,
2026-09-12T03:58:53.500701+00:00,201,66.05,
2026-09-12T03:58:53.511803+00:00,201,61.36,
2026-09-12T03:58:53.523076+00:00,201,63.06,
2026-09-12T03:58:53.535048+00:00,201,62.87,
2026-09-12T03:58:53.546250+00:00,201,63.43,
2026-09-12T03:58:53.557658+00:00,201,57.95,
2026-09-12T03:58:53.578351+00:00,201,74.21,
2026-09-12T03:58:53.567435+00:00,201,86.51,
2026-09-12T03:58:53.591018+00:00,201,65.21,
2026-09-12T03:58:53.612856+00:00,201,68.54,
2026-09-12T03:58:53.601021+00:00,201,97.94,
2026-09-12T03:58:53.635063+00:00,201,73.29,
2026-09-12T03:58:53.623905+00:00,201,88.98,
2026-09-12T03:58:53.646211+00:00,201,76.19,
2026-09-12T03:58:53.657384+00:00,201,80.95,
2026-09-12T03:58:53.678626+00:00,201,78.93,
2026-09-12T03:58:53.668635+00:00,201,95.3,
2026-09-12T03:58:53.690298+00:00,201,75.28,
2026-09-12T03:58:53.700962+00:00,201,76.44,
2026-09-12T03:58:53.712920+00:00,201,70.82,
2026-09-12T03:58:53.723993+00:00,201,73.64,
2026-09-12T03:58:53.734021+00:00,201,72.36,
2026-09-12T03:58:53.746532+00:00,201,66.26,
2026-09-12T03:58:53.767404+00:00,201,61.19,
2026-09-12T03:58:53.779097+00:00,201,58.76,
2026-09-12T03:58:53.757603+00:00,201,83.8,
2026-09-12T03:58:53.801365+00:00,201,70.51,
2026-09-12T03:58:53.812625+00:00,201,61.0,
2026-09-12T03:58:53.790304+00:00,201,86.38,
2026-09-12T03:58:53.835173+00:00,201,75.36,
2026-09-12T03:58:53.846450+00:00,201,79.8,
2026-09-12T03:58:53.823986+00:00,201,104.66,
2026-09-12T03:58:53.857063+00:00,201,79.14,
2026-09-12T03:58:53.868340+00:00,201,79.6,
2026-09-12T03:58:53.879164+00:00,201,76.56,
2026-09-12T03:58:53.902184+00:00,201,72.29,
2026-09-12T03:58:53.890513+00:00,201,85.57,
2026-09-12T03:58:53.913271+00:00,201,75.49,
2026-09-12T03:58:53.923015+00:00,201,67.87,
2026-09-12T03:58:53.934423+00:00,201,66.16,
2026-09-12T03:58:53.956708+00:00,201,63.56,
2026-09-12T03:58:53.945619+00:00,201,75.86,
2026-09-12T03:58:53.968089+00:00,201,61.26,
2026-09-12T03:58:53.979490+00:00,201,68.03,
2026-09-12T03:58:53.990908+00:00,201,62.71,
2026-09-12T03:58:54.013037+00:00,201,62.65,
2026-09-12T03:58:54.001606+00:00,201,85.29,
2026-09-12T03:58:54.024130+00:00,201,80.14,
2026-09-12T03:58:54.046481+00:00,201,71.45,
2026-09-12T03:58:54.035144+00:00,201,87.28,
2026-09-12T03:58:54.057583+00:00,201,66.38,
2026-09-12T03:58:54.067411+00:00,201,68.74,
2026-09-12T03:58:54.091175+00:00,201,64.11,
2026-09-12T03:58:54.079837+00:00,201,84.61,
2026-09-12T03:58:54.100867+00:00,201,64.01,
2026-09-12T03:58:54.112586+00:00,201,64.89,
2026-09-12T03:58:54.124001+00:00,201,64.56,
2026-09-12T03:58:54.134437+00:00,201,67.26,
2026-09-12T03:58:54.156818+00:00,201,62.62,
2026-09-12T03:58:54.145416+00:00,201,79.87,
2026-09-12T03:58:54.168739+00:00,201,70.07,
2026-09-12T03:58:54.178963+00:00,201,60.09,
2026-09-12T03:58:54.201723+00:00,201,61.61,
2026-09-12T03:58:54.189626+00:00,201,78.16,
2026-09-12T03:58:54.212587+00:00,201,59.82,
2026-09-12T03:58:54.224139+00:00,201,61.46,
2026-09-12T03:58:54.235055+00:00,201,61.55,
2026-09-12T03:58:54.246270+00:00,201,60.42,
2026-09-12T03:58:54.257396+00:00,201,60.18,
2026-09-12T03:58:54.268673+00:00,201,58.69,
2026-09-12T03:58:54.279910+00:00,201,59.71,
2026-09-12T03:58:54.291013+00:00,201,58.15,
2026-09-12T03:58:54.301303+00:00,201,56.71,
2026-09-12T03:58:54.312498+00:00,201,54.77,
2026-09-12T03:58:54.323943+00:00,201,56.48,
2026-09-12T03:58:54.335079+00:00,201,74.92,
2026-09-12T03:58:54.345980+00:00,201,78.33,
2026-09-12T03:58:54.357871+00:00,201,67.73,
2026-09-12T03:58:54.367880+00:00,201,59.6,
2026-09-12T03:58:54.389802+00:00,201,63.78,
2026-09-12T03:58:54.400847+00:00,201,64.44,
2026-09-12T03:58:54.378491+00:00,201,88.19,
2026-09-12T03:58:54.412270+00:00,201,67.82,
2026-09-12T03:58:54.424040+00:00,201,68.74,
2026-09-12T03:58:54.446551+00:00,201,62.71,
2026-09-12T03:58:54.435486+00:00,201,79.9,
2026-09-12T03:58:54.456642+00:00,201,73.94,
2026-09-12T03:58:54.467684+00:00,201,78.59,
2026-09-12T03:58:54.478973+00:00,201,83.32,
2026-09-12T03:58:54.490339+00:00,201,81.31,
2026-09-12T03:58:54.501502+00:00,201,91.21,
2026-09-12T03:58:54.512597+00:00,201,103.47,
2026-09-12T03:58:54.525545+00:00,201,94.84,
2026-09-12T03:58:54.536713+00:00,201,98.62,
2026-09-12T03:58:54.549000+00:00,201,95.27,
2026-09-12T03:58:54.557426+00:00,201,89.85,
2026-09-12T03:58:54.567989+00:00,201,92.21,
2026-09-12T03:58:54.582285+00:00,201,89.38,
2026-09-12T03:58:54.589817+00:00,201,88.23,
2026-09-12T03:58:54.612204+00:00,201,81.65,
2026-09-12T03:58:54.601221+00:00,201,97.38,
2026-09-12T03:58:54.623840+00:00,201,79.27,
2026-09-12T03:58:54.635238+00:00,201,80.16,
2026-09-12T03:58:54.645890+00:00,201,77.46,
2026-09-12T03:58:54.657351+00:00,201,78.35,
2026-09-12T03:58:54.668439+00:00,201,76.04,
2026-09-12T03:58:54.690948+00:00,201,68.38,
2026-09-12T03:58:54.678694+00:00,201,91.19,
2026-09-12T03:58:54.702175+00:00,201,68.52,
2026-09-12T03:58:54.712370+00:00,201,71.23,
2026-09-12T03:58:54.723582+00:00,201,66.56,
2026-09-12T03:58:54.734548+00:00,201,63.44,
2026-09-12T03:58:54.745498+00:00,201,65.34,
2026-09-12T03:58:54.756688+00:00,201,62.59,
2026-09-12T03:58:54.767882+00:00,201,62.32,
2026-09-12T03:58:54.778875+00:00,201,63.24,
2026-09-12T03:58:54.801763+00:00,201,63.62,
2026-09-12T03:58:54.790773+00:00,201,80.63,
2026-09-12T03:58:54.812411+00:00,201,64.27,
2026-09-12T03:58:54.833996+00:00,201,65.17,
2026-09-12T03:58:54.824343+00:00,201,83.1,
2026-09-12T03:58:54.846136+00:00,201,65.71,
2026-09-12T03:58:54.857270+00:00,201,65.45,
2026-09-12T03:58:54.868392+00:00,201,62.39,
2026-09-12T03:58:54.878608+00:00,201,63.48,
2026-09-12T03:58:54.890101+00:00,201,61.55,
2026-09-12T03:58:54.901508+00:00,201,59.42,
2026-09-12T03:58:54.912624+00:00,201,58.84,
2026-09-12T03:58:54.923777+00:00,201,58.98,
2026-09-12T03:58:54.946066+00:00,201,55.94,
2026-09-12T03:58:54.934877+00:00,201,75.0,
2026-09-12T03:58:54.957477+00:00,201,69.49,
2026-09-12T03:58:54.968764+00:00,201,60.6,
2026-09-12T03:58:54.979665+00:00,201,61.16,
2026-09-12T03:58:54.989791+00:00,201,63.3,
2026-09-12T03:58:55.000969+00:00,201,71.1,
2026-09-12T03:58:55.012146+00:00,201,62.46,
2026-09-12T03:58:55.023574+00:00,201,57.12,
2026-09-12T03:58:55.034865+00:00,201,59.23,
2026-09-12T03:58:55.057386+00:00,201,59.84,
2026-09-12T03:58:55.046071+00:00,201,74.36,
2026-09-12T03:58:55.068769+00:00,201,56.78,
2026-09-12T03:58:55.078429+00:00,201,56.65,
2026-09-12T03:58:55.101561+00:00,201,55.49,
2026-09-12T03:58:55.090205+00:00,201,76.19,
2026-09-12T03:58:55.112659+00:00,201,54.43,
2026-09-12T03:58:55.123881+00:00,201,53.71,
2026-09-12T03:58:55.146486+00:00,201,67.37,
2026-09-12T03:58:55.135400+00:00,201,79.68,
2026-09-12T03:58:55.157598+00:00,201,77.37,
2026-09-12T03:58:55.178419+00:00,201,61.16,
2026-09-12T03:58:55.168896+00:00,201,83.29,
2026-09-12T03:58:55.189976+00:00,201,81.09,
2026-09-12T03:58:55.212598+00:00,201,68.02,
2026-09-12T03:58:55.201088+00:00,201,85.31,
2026-09-12T03:58:55.223140+00:00,201,66.89,
2026-09-12T03:58:55.234612+00:00,201,65.53,
2026-09-12T03:58:55.245439+00:00,201,65.28,
2026-09-12T03:58:55.256481+00:00,201,63.17,
2026-09-12T03:58:55.268875+00:00,201,60.65,
2026-09-12T03:58:55.278781+00:00,201,59.19,
2026-09-12T03:58:55.290213+00:00,201,57.18,
2026-09-12T03:58:55.302181+00:00,201,67.27,
2026-09-12T03:58:55.313275+00:00,201,70.64,
2026-09-12T03:58:55.335528+00:00,201,52.99,
2026-09-12T03:58:55.324354+00:00,201,80.37,
2026-09-12T03:58:55.346478+00:00,201,59.05,
2026-09-12T03:58:55.367360+00:00,201,62.66,
2026-09-12T03:58:55.378870+00:00,201,61.77,
2026-09-12T03:58:55.357712+00:00,201,84.53,
2026-09-12T03:58:55.389616+00:00,201,62.51,
2026-09-12T03:58:55.402176+00:00,201,61.92,
2026-09-12T03:58:55.413288+00:00,201,61.3,
2026-09-12T03:58:55.422969+00:00,201,62.69,
2026-09-12T03:58:55.434352+00:00,201,56.46,
2026-09-12T03:58:55.446497+00:00,201,56.34,
2026-09-12T03:58:55.457582+00:00,201,59.61,
2026-09-12T03:58:55.468287+00:00,201,56.64,
2026-09-12T03:58:55.479793+00:00,201,54.46,
2026-09-12T03:58:55.491418+00:00,201,54.89,
2026-09-12T03:58:55.500691+00:00,201,59.04,
2026-09-12T03:58:55.511851+00:00,201,56.03,
2026-09-12T03:58:55.523008+00:00,201,60.21,
2026-09-12T03:58:55.534444+00:00,201,58.6,
2026-09-12T03:58:55.546195+00:00,201,58.55,
2026-09-12T03:58:55.557082+00:00,201,56.2,
2026-09-12T03:58:55.568730+00:00,201,57.38,
2026-09-12T03:58:55.579147+00:00,201,56.1,
2026-09-12T03:58:55.590635+00:00,201,56.73,
2026-09-12T03:58:55.600705+00:00,201,55.17,
2026-09-12T03:58:55.613359+00:00,201,59.16,
2026-09-12T03:58:55.623042+00:00,201,58.08,
2026-09-12T03:58:55.634260+00:00,201,58.33,
2026-09-12T03:58:55.645658+00:00,201,55.71,
2026-09-12T03:58:55.656760+00:00,201,53.47,
2026-09-12T03:58:55.668150+00:00,201,54.62,
2026-09-12T03:58:55.679446+00:00,201,56.91,
2026-09-12T03:58:55.701456+00:00,201,57.68,
2026-09-12T03:58:55.690310+00:00,201,77.22,
2026-09-12T03:58:55.712764+00:00,201,57.9,
2026-09-12T03:58:55.723777+00:00,201,59.88,
2026-09-12T03:58:55.735452+00:00,201,59.29,
2026-09-12T03:58:55.746947+00:00,201,55.56,
2026-09-12T03:58:55.767205+00:00,201,57.13,
2026-09-12T03:58:55.757490+00:00,201,73.13,
2026-09-12T03:58:55.778684+00:00,201,56.98,
2026-09-12T03:58:55.789828+00:00,201,54.97,
2026-09-12T03:58:55.801504+00:00,201,57.75,
2026-09-12T03:58:55.812653+00:00,201,58.11,
2026-09-12T03:58:55.824162+00:00,201,58.38,
2026-09-12T03:58:55.834784+00:00,201,55.97,
2026-09-12T03:58:55.846163+00:00,201,53.83,
2026-09-12T03:58:55.857454+00:00,201,57.38,
2026-09-12T03:58:55.868530+00:00,201,57.31,
2026-09-12T03:58:55.879891+00:00,201,58.32,
2026-09-12T03:58:55.889874+00:00,201,58.54,
2026-09-12T03:58:55.901024+00:00,201,54.96,
2026-09-12T03:58:55.912334+00:00,201,56.21,
2026-09-12T03:58:55.923424+00:00,201,55.94,
2026-09-12T03:58:55.934847+00:00,201,55.68,
2026-09-12T03:58:55.956859+00:00,201,55.15,
2026-09-12T03:58:55.946043+00:00,201,75.75,
2026-09-12T03:58:55.968804+00:00,201,57.19,
2026-09-12T03:58:55.989658+00:00,201,56.22,
2026-09-12T03:58:55.979561+00:00,201,72.18,
2026-09-12T03:58:56.002208+00:00,201,56.3,
2026-09-12T03:58:56.011625+00:00,201,53.66,
2026-09-12T03:58:56.023538+00:00,201,55.87,
2026-09-12T03:58:56.056417+00:00,201,53.08,
2026-09-12T03:58:56.046093+00:00,201,64.78,
2026-09-12T03:58:56.035022+00:00,201,79.62,
2026-09-12T03:58:56.079433+00:00,201,60.91,
2026-09-12T03:58:56.089997+00:00,201,57.79,
2026-09-12T03:58:56.067920+00:00,201,80.73,
2026-09-12T03:58:56.100974+00:00,201,54.49,
2026-09-12T03:58:56.112018+00:00,201,60.73,
2026-09-12T03:58:56.123621+00:00,201,60.56,
2026-09-12T03:58:56.134650+00:00,201,57.3,
2026-09-12T03:58:56.145658+00:00,201,58.44,
2026-09-12T03:58:56.168330+00:00,201,54.14,
2026-09-12T03:58:56.156999+00:00,201,69.5,
2026-09-12T03:58:56.190415+00:00,201,56.31,
2026-09-12T03:58:56.179199+00:00,201,83.16,
2026-09-12T03:58:56.201882+00:00,201,62.81,
2026-09-12T03:58:56.212598+00:00,201,60.08,
2026-09-12T03:58:56.223992+00:00,201,65.33,
2026-09-12T03:58:56.235083+00:00,201,59.95,
2026-09-12T03:58:56.246152+00:00,201,59.13,
2026-09-12T03:58:56.257321+00:00,201,58.29,
2026-09-12T03:58:56.268344+00:00,201,54.1,
2026-09-12T03:58:56.279112+00:00,201,57.41,
2026-09-12T03:58:56.290064+00:00,201,58.07,
2026-09-12T03:58:56.301592+00:00,201,55.11,
2026-09-12T03:58:56.312745+00:00,201,53.72,
2026-09-12T03:58:56.334881+00:00,201,52.49,
2026-09-12T03:58:56.323407+00:00,201,76.49,
2026-09-12T03:58:56.346177+00:00,201,54.9,
2026-09-12T03:58:56.357332+00:00,201,57.91,
2026-09-12T03:58:56.368561+00:00,201,58.02,
2026-09-12T03:58:56.379746+00:00,201,55.14,
2026-09-12T03:58:56.389582+00:00,201,56.87,
2026-09-12T03:58:56.401517+00:00,201,54.47,
2026-09-12T03:58:56.412131+00:00,201,54.58,
2026-09-12T03:58:56.423379+00:00,201,55.86,
2026-09-12T03:58:56.434536+00:00,201,56.07,
2026-09-12T03:58:56.445558+00:00,201,55.21,
2026-09-12T03:58:56.456525+00:00,201,56.05,
2026-09-12T03:58:56.468211+00:00,201,55.62,
2026-09-12T03:58:56.479453+00:00,201,51.65,
2026-09-12T03:58:56.489693+00:00,201,55.5,
2026-09-12T03:58:56.512405+00:00,201,52.37,
2026-09-12T03:58:56.500963+00:00,201,70.48,
2026-09-12T03:58:56.535271+00:00,201,53.47,
2026-09-12T03:58:56.522891+00:00,201,66.85,
2026-09-12T03:58:56.545542+00:00,201,56.14,
2026-09-12T03:58:56.556558+00:00,201,54.94,
2026-09-12T03:58:56.567797+00:00,201,54.52,
2026-09-12T03:58:56.579958+00:00,201,54.83,
2026-09-12T03:58:56.589838+00:00,201,53.14,
2026-09-12T03:58:56.601054+00:00,201,53.99,
2026-09-12T03:58:56.612323+00:00,201,54.18,
2026-09-12T03:58:56.623245+00:00,201,52.89,
2026-09-12T03:58:56.645053+00:00,201,52.8,
2026-09-12T03:58:56.657547+00:00,201,57.08,
2026-09-12T03:58:56.634804+00:00,201,80.63,
2026-09-12T03:58:56.679749+00:00,201,60.32,
2026-09-12T03:58:56.691079+00:00,201,59.29,
2026-09-12T03:58:56.668629+00:00,201,85.73,
2026-09-12T03:58:56.700685+00:00,201,62.23,
2026-09-12T03:58:56.711844+00:00,201,64.67,
2026-09-12T03:58:56.722918+00:00,201,61.82,
2026-09-12T03:58:56.745155+00:00,201,56.09,
2026-09-12T03:58:56.735441+00:00,201,72.27,
2026-09-12T03:58:56.756288+00:00,201,56.35,
2026-09-12T03:58:56.768745+00:00,201,54.28,
2026-09-12T03:58:56.778662+00:00,201,75.74,
2026-09-12T03:58:56.789643+00:00,201,64.9,
2026-09-12T03:58:56.802153+00:00,201,57.16,
2026-09-12T03:58:56.811862+00:00,201,56.61,
2026-09-12T03:58:56.823667+00:00,201,58.63,
2026-09-12T03:58:56.835509+00:00,201,58.58,
2026-09-12T03:58:56.846514+00:00,201,56.71,
2026-09-12T03:58:56.856441+00:00,201,56.59,
2026-09-12T03:58:56.868715+00:00,201,57.96,
2026-09-12T03:58:56.878657+00:00,201,57.85,
2026-09-12T03:58:56.889797+00:00,201,60.3,
2026-09-12T03:58:56.900727+00:00,201,59.28,
2026-09-12T03:58:56.912062+00:00,201,57.13,
2026-09-12T03:58:56.923055+00:00,201,56.38,
2026-09-12T03:58:56.934167+00:00,201,58.44,
2026-09-12T03:58:56.945314+00:00,201,58.75,
2026-09-12T03:58:56.956365+00:00,201,72.32,
2026-09-12T03:58:56.978461+00:00,201,59.27,
2026-09-12T03:58:56.969218+00:00,201,77.1,
2026-09-12T03:58:56.989775+00:00,201,61.12,
2026-09-12T03:58:57.001014+00:00,201,60.41,
2026-09-12T03:58:57.012881+00:00,201,61.8,
2026-09-12T03:58:57.024043+00:00,201,61.74,
2026-09-12T03:58:57.035337+00:00,201,61.2,
2026-09-12T03:58:57.045450+00:00,201,61.29,
2026-09-12T03:58:57.056688+00:00,201,56.76,
2026-09-12T03:58:57.068362+00:00,201,56.64,
2026-09-12T03:58:57.078929+00:00,201,55.0,
2026-09-12T03:58:57.101572+00:00,201,51.05,
2026-09-12T03:58:57.090697+00:00,201,74.74,
2026-09-12T03:58:57.112437+00:00,201,54.61,
2026-09-12T03:58:57.123529+00:00,201,55.82,
2026-09-12T03:58:57.135391+00:00,201,57.0,
2026-09-12T03:58:57.157251+00:00,201,55.45,
2026-09-12T03:58:57.146609+00:00,201,68.12,
2026-09-12T03:58:57.168415+00:00,201,53.61,
2026-09-12T03:58:57.189655+00:00,201,60.37,
2026-09-12T03:58:57.201021+00:00,201,58.22,
2026-09-12T03:58:57.179687+00:00,201,87.1,
2026-09-12T03:58:57.212954+00:00,201,66.19,
2026-09-12T03:58:57.223848+00:00,201,64.22,
2026-09-12T03:58:57.246125+00:00,201,61.39,
2026-09-12T03:58:57.235045+00:00,201,77.35,
2026-09-12T03:58:57.257116+00:00,201,61.55,
2026-09-12T03:58:57.267499+00:00,201,61.36,
2026-09-12T03:58:57.290801+00:00,201,62.86,
2026-09-12T03:58:57.279385+00:00,201,81.31,
2026-09-12T03:58:57.300992+00:00,201,64.45,
2026-09-12T03:58:57.312220+00:00,201,63.85,
2026-09-12T03:58:57.323669+00:00,201,67.05,
2026-09-12T03:58:57.334612+00:00,201,66.17,
2026-09-12T03:58:57.345963+00:00,201,61.56,
2026-09-12T03:58:57.356434+00:00,201,59.61,
2026-09-12T03:58:57.367590+00:00,201,59.23,
2026-09-12T03:58:57.378569+00:00,201,60.48,
2026-09-12T03:58:57.389762+00:00,201,58.91,
2026-09-12T03:58:57.412877+00:00,201,56.72,
2026-09-12T03:58:57.423895+00:00,201,57.38,
2026-09-12T03:58:57.401132+00:00,201,81.68,
2026-09-12T03:58:57.446070+00:00,201,63.57,
2026-09-12T03:58:57.434831+00:00,201,84.0,
2026-09-12T03:58:57.467642+00:00,201,64.05,
2026-09-12T03:58:57.457021+00:00,201,75.56,
2026-09-12T03:58:57.478598+00:00,201,61.69,
2026-09-12T03:58:57.489748+00:00,201,63.6,
2026-09-12T03:58:57.500861+00:00,201,61.62,
2026-09-12T03:58:57.512440+00:00,201,62.44,
2026-09-12T03:58:57.522971+00:00,201,57.62,
2026-09-12T03:58:57.534081+00:00,201,63.09,
2026-09-12T03:58:57.545400+00:00,201,62.16,
2026-09-12T03:58:57.556563+00:00,201,69.53,
2026-09-12T03:58:57.567636+00:00,201,62.55,
2026-09-12T03:58:57.578684+00:00,201,61.49,
2026-09-12T03:58:57.589707+00:00,201,61.41,
2026-09-12T03:58:57.601106+00:00,201,61.87,
2026-09-12T03:58:57.612612+00:00,201,60.11,
2026-09-12T03:58:57.623648+00:00,201,61.57,
2026-09-12T03:58:57.634245+00:00,201,59.66,
2026-09-12T03:58:57.645183+00:00,201,58.82,
2026-09-12T03:58:57.656265+00:00,201,59.2,
2026-09-12T03:58:57.680076+00:00,201,57.81,
2026-09-12T03:58:57.691003+00:00,201,60.25,
2026-09-12T03:58:57.668313+00:00,201,84.92,
2026-09-12T03:58:57.700808+00:00,201,62.66,
2026-09-12T03:58:57.712221+00:00,201,62.07,
2026-09-12T03:58:57.735336+00:00,201,61.88,
2026-09-12T03:58:57.723284+00:00,201,78.22,
2026-09-12T03:58:57.745594+00:00,201,64.57,
2026-09-12T03:58:57.756784+00:00,201,62.67,
2026-09-12T03:58:57.768331+00:00,201,63.51,
2026-09-12T03:58:57.779433+00:00,201,66.49,
2026-09-12T03:58:57.790960+00:00,201,68.91,
2026-09-12T03:58:57.801176+00:00,201,75.21,
2026-09-12T03:58:57.812395+00:00,201,81.35,
2026-09-12T03:58:57.834621+00:00,201,86.09,
2026-09-12T03:58:57.823518+00:00,201,98.01,
2026-09-12T03:58:57.845763+00:00,201,87.0,
2026-09-12T03:58:57.856846+00:00,201,83.64,
2026-09-12T03:58:57.868685+00:00,201,81.6,
2026-09-12T03:58:57.879195+00:00,201,80.57,
2026-09-12T03:58:57.890754+00:00,201,74.81,
2026-09-12T03:58:57.902243+00:00,201,72.12,
2026-09-12T03:58:57.912923+00:00,201,71.95,
2026-09-12T03:58:57.924112+00:00,201,69.15,
2026-09-12T03:58:57.935365+00:00,201,68.64,
2026-09-12T03:58:57.946348+00:00,201,70.55,
2026-09-12T03:58:57.957366+00:00,201,68.6,
2026-09-12T03:58:57.979407+00:00,201,66.35,
2026-09-12T03:58:57.968222+00:00,201,89.89,
2026-09-12T03:58:57.989873+00:00,201,69.82,
2026-09-12T03:58:58.000939+00:00,201,66.26,
2026-09-12T03:58:58.012147+00:00,201,66.68,
2026-09-12T03:58:58.023500+00:00,201,65.31,
2026-09-12T03:58:58.034979+00:00,201,64.03,
2026-09-12T03:58:58.046236+00:00,201,64.37,
2026-09-12T03:58:58.057874+00:00,201,63.15,
2026-09-12T03:58:58.078940+00:00,201,63.82,
2026-09-12T03:58:58.067538+00:00,201,82.75,
2026-09-12T03:58:58.089553+00:00,201,63.77,
2026-09-12T03:58:58.100763+00:00,201,62.71,
2026-09-12T03:58:58.112731+00:00,201,61.04,
2026-09-12T03:58:58.124338+00:00,201,63.33,
2026-09-12T03:58:58.135440+00:00,201,59.92,
2026-09-12T03:58:58.145111+00:00,201,61.18,
2026-09-12T03:58:58.157196+00:00,201,68.69,
2026-09-12T03:58:58.168315+00:00,201,60.72,
2026-09-12T03:58:58.179367+00:00,201,76.76,
2026-09-12T03:58:58.201010+00:00,201,58.8,
2026-09-12T03:58:58.212661+00:00,201,62.22,
2026-09-12T03:58:58.190785+00:00,201,84.26,
2026-09-12T03:58:58.223916+00:00,201,69.08,
2026-09-12T03:58:58.234685+00:00,201,65.44,
2026-09-12T03:58:58.245725+00:00,201,67.72,
2026-09-12T03:58:58.256340+00:00,201,65.77,
2026-09-12T03:58:58.267711+00:00,201,63.95,
2026-09-12T03:58:58.278691+00:00,201,63.45,
2026-09-12T03:58:58.289704+00:00,201,63.75,
2026-09-12T03:58:58.301940+00:00,201,61.22,
2026-09-12T03:58:58.312980+00:00,201,59.63,
2026-09-12T03:58:58.323197+00:00,201,59.19,
2026-09-12T03:58:58.334534+00:00,201,55.22,
2026-09-12T03:58:58.345808+00:00,201,56.07,
2026-09-12T03:58:58.356872+00:00,201,57.27,
2026-09-12T03:58:58.379230+00:00,201,54.59,
2026-09-12T03:58:58.368140+00:00,201,74.02,
2026-09-12T03:58:58.390629+00:00,201,57.64,
2026-09-12T03:58:58.401001+00:00,201,59.29,
2026-09-12T03:58:58.412112+00:00,201,61.26,
2026-09-12T03:58:58.423200+00:00,201,59.43,
2026-09-12T03:58:58.434244+00:00,201,61.87,
2026-09-12T03:58:58.445555+00:00,201,61.17,
2026-09-12T03:58:58.456635+00:00,201,61.42,
2026-09-12T03:58:58.467800+00:00,201,62.01,
2026-09-12T03:58:58.479151+00:00,201,60.02,
2026-09-12T03:58:58.490069+00:00,201,58.58,
2026-09-12T03:58:58.501239+00:00,201,58.19,
2026-09-12T03:58:58.512200+00:00,201,57.5,
2026-09-12T03:58:58.523684+00:00,201,59.41,
2026-09-12T03:58:58.534784+00:00,201,60.99,
2026-09-12T03:58:58.545898+00:00,201,60.87,
2026-09-12T03:58:58.557418+00:00,201,58.1,
2026-09-12T03:58:58.569086+00:00,201,57.6,
2026-09-12T03:58:58.578745+00:00,201,56.27,
2026-09-12T03:58:58.589783+00:00,201,58.43,
2026-09-12T03:58:58.601577+00:00,201,57.76,
2026-09-12T03:58:58.612902+00:00,201,57.14,
2026-09-12T03:58:58.624267+00:00,201,58.56,
2026-09-12T03:58:58.635078+00:00,201,56.72,
2026-09-12T03:58:58.645544+00:00,201,57.05,
2026-09-12T03:58:58.656873+00:00,201,57.65,
2026-09-12T03:58:58.667574+00:00,201,55.51,
2026-09-12T03:58:58.678705+00:00,201,54.61,
2026-09-12T03:58:58.690034+00:00,201,56.33,
2026-09-12T03:58:58.701113+00:00,201,62.04,
2026-09-12T03:58:58.723499+00:00,201,60.23,
2026-09-12T03:58:58.712627+00:00,201,85.08,
2026-09-12T03:58:58.733994+00:00,201,70.36,
2026-09-12T03:58:58.746646+00:00,201,69.1,
2026-09-12T03:58:58.756481+00:00,201,73.43,
2026-09-12T03:58:58.767656+00:00,201,76.54,
2026-09-12T03:58:58.778731+00:00,201,76.26,
2026-09-12T03:58:58.790351+00:00,201,74.24,
2026-09-12T03:58:58.801915+00:00,201,73.9,
2026-09-12T03:58:58.812827+00:00,201,72.4,
2026-09-12T03:58:58.824112+00:00,201,69.23,
2026-09-12T03:58:58.835508+00:00,201,64.36,
2026-09-12T03:58:58.846061+00:00,201,67.33,
2026-09-12T03:58:58.856700+00:00,201,62.81,
2026-09-12T03:58:58.878529+00:00,201,60.36,
2026-09-12T03:58:58.868407+00:00,201,79.99,
2026-09-12T03:58:58.890283+00:00,201,62.61,
2026-09-12T03:58:58.913406+00:00,201,61.22,
2026-09-12T03:58:58.901508+00:00,201,81.1,
2026-09-12T03:58:58.923958+00:00,201,64.42,
2026-09-12T03:58:58.935219+00:00,201,62.59,
2026-09-12T03:58:58.946343+00:00,201,65.59,
2026-09-12T03:58:58.957722+00:00,201,63.25,
2026-09-12T03:58:58.967333+00:00,201,78.56,
2026-09-12T03:58:58.990110+00:00,201,65.03,
2026-09-12T03:58:58.978735+00:00,201,82.78,
2026-09-12T03:58:59.001222+00:00,201,65.79,
2026-09-12T03:58:59.012373+00:00,201,68.9,
2026-09-12T03:58:59.023357+00:00,201,69.01,
2026-09-12T03:58:59.045985+00:00,201,62.61,
2026-09-12T03:58:59.034805+00:00,201,75.06,
2026-09-12T03:58:59.057542+00:00,201,63.07,
2026-09-12T03:58:59.067394+00:00,201,61.72,
2026-09-12T03:58:59.089732+00:00,201,63.36,
2026-09-12T03:58:59.078535+00:00,201,80.51,
2026-09-12T03:58:59.101098+00:00,201,60.65,
2026-09-12T03:58:59.112643+00:00,201,71.1,
2026-09-12T03:58:59.123055+00:00,201,74.07,
2026-09-12T03:58:59.145838+00:00,201,59.78,
2026-09-12T03:58:59.134489+00:00,201,81.01,
2026-09-12T03:58:59.156985+00:00,201,62.93,
2026-09-12T03:58:59.179826+00:00,201,61.28,
2026-09-12T03:58:59.168504+00:00,201,81.59,
2026-09-12T03:58:59.190943+00:00,201,62.81,
2026-09-12T03:58:59.201749+00:00,201,61.98,
2026-09-12T03:58:59.212858+00:00,201,61.33,
2026-09-12T03:58:59.223427+00:00,201,60.42,
2026-09-12T03:58:59.234529+00:00,201,59.42,
2026-09-12T03:58:59.246028+00:00,201,76.33,
2026-09-12T03:58:59.279764+00:00,201,58.57,
2026-09-12T03:58:59.257174+00:00,201,87.23,
2026-09-12T03:58:59.268743+00:00,201,75.55,
2026-09-12T03:58:59.289615+00:00,201,64.79,
2026-09-12T03:58:59.300697+00:00,201,75.02,
2026-09-12T03:58:59.313201+00:00,201,65.01,
2026-09-12T03:58:59.323124+00:00,201,64.16,
2026-09-12T03:58:59.334865+00:00,201,62.33,
2026-09-12T03:58:59.345297+00:00,201,60.65,
2026-09-12T03:58:59.368204+00:00,201,57.65,
2026-09-12T03:58:59.356866+00:00,201,76.32,
2026-09-12T03:58:59.379691+00:00,201,55.51,
2026-09-12T03:58:59.390725+00:00,201,58.07,
2026-09-12T03:58:59.402086+00:00,201,61.73,
2026-09-12T03:58:59.412755+00:00,201,54.77,
2026-09-12T03:58:59.423870+00:00,201,59.97,
2026-09-12T03:58:59.435374+00:00,201,56.42,
2026-09-12T03:58:59.445381+00:00,201,54.76,
2026-09-12T03:58:59.456691+00:00,201,57.95,
2026-09-12T03:58:59.479432+00:00,201,53.1,
2026-09-12T03:58:59.468473+00:00,201,73.12,
2026-09-12T03:58:59.490975+00:00,201,58.56,
2026-09-12T03:58:59.500889+00:00,201,55.57,
2026-09-12T03:58:59.512178+00:00,201,59.81,
2026-09-12T03:58:59.523318+00:00,201,56.17,
2026-09-12T03:58:59.534361+00:00,201,54.47,
2026-09-12T03:58:59.545572+00:00,201,55.94,
2026-09-12T03:58:59.556904+00:00,201,59.12,
2026-09-12T03:58:59.568824+00:00,201,57.61,
2026-09-12T03:58:59.578491+00:00,201,59.8,
2026-09-12T03:58:59.589759+00:00,201,55.92,
2026-09-12T03:58:59.601544+00:00,201,68.75,
2026-09-12T03:58:59.612143+00:00,201,58.29,
2026-09-12T03:58:59.623708+00:00,201,74.88,
2026-09-12T03:58:59.656732+00:00,201,59.08,
2026-09-12T03:58:59.646215+00:00,201,71.49,
2026-09-12T03:58:59.635705+00:00,201,84.43,
2026-09-12T03:58:59.667878+00:00,201,62.48,
2026-09-12T03:58:59.679193+00:00,201,61.3,
2026-09-12T03:58:59.690989+00:00,201,62.63,
2026-09-12T03:58:59.702121+00:00,201,57.13,
2026-09-12T03:58:59.712116+00:00,201,59.77,
2026-09-12T03:58:59.735333+00:00,201,56.51,
2026-09-12T03:58:59.723359+00:00,201,70.19,
2026-09-12T03:58:59.757414+00:00,201,57.86,
2026-09-12T03:58:59.746256+00:00,201,79.63,
2026-09-12T03:58:59.767353+00:00,201,59.71,
2026-09-12T03:58:59.779971+00:00,201,55.18,
2026-09-12T03:58:59.789598+00:00,201,58.8,
2026-09-12T03:58:59.802945+00:00,201,67.5,
2026-09-12T03:58:59.824008+00:00,201,59.19,
2026-09-12T03:58:59.812649+00:00,201,77.62,
2026-09-12T03:58:59.835403+00:00,201,58.53,
2026-09-12T03:58:59.845380+00:00,201,61.05,
2026-09-12T03:58:59.856567+00:00,201,61.37,
2026-09-12T03:58:59.867728+00:00,201,61.42,
2026-09-12T03:58:59.878914+00:00,201,59.55,
2026-09-12T03:58:59.890773+00:00,201,58.57,
2026-09-12T03:58:59.901791+00:00,201,54.99,
2026-09-12T03:58:59.911940+00:00,201,56.5,
2026-09-12T03:58:59.923359+00:00,201,55.62,
2026-09-12T03:58:59.934362+00:00,201,58.09,
2026-09-12T03:58:59.945698+00:00,201,58.08,
2026-09-12T03:58:59.957144+00:00,201,63.45,
2026-09-12T03:58:59.979403+00:00,201,62.8,
2026-09-12T03:58:59.968612+00:00,201,81.03,
2026-09-12T03:58:59.989620+00:00,201,61.94,
2026-09-12T03:59:00.000816+00:00,201,62.64,
2026-09-12T03:59:00.011941+00:00,201,63.8,
2026-09-12T03:59:00.034352+00:00,201,62.07,
2026-09-12T03:59:00.023176+00:00,201,74.67,
2026-09-12T03:59:00.045447+00:00,201,62.44,
2026-09-12T03:59:00.056888+00:00,201,60.51,
2026-09-12T03:59:00.068210+00:00,201,62.21,
2026-09-12T03:59:00.079806+00:00,201,58.01,
2026-09-12T03:59:00.090789+00:00,201,58.82,
2026-09-12T03:59:00.113091+00:00,201,53.36,
2026-09-12T03:59:00.101906+00:00,201,66.45,
2026-09-12T03:59:00.124269+00:00,201,58.28,
2026-09-12T03:59:00.134008+00:00,201,59.0,
2026-09-12T03:59:00.146497+00:00,201,60.64,
2026-09-12T03:59:00.156265+00:00,201,56.39,
2026-09-12T03:59:00.168074+00:00,201,58.48,
2026-09-12T03:59:00.178454+00:00,201,56.9,
2026-09-12T03:59:00.191107+00:00,201,59.58,
2026-09-12T03:59:00.201708+00:00,201,57.31,
2026-09-12T03:59:00.212737+00:00,201,55.89,
2026-09-12T03:59:00.224169+00:00,201,55.67,
2026-09-12T03:59:00.234032+00:00,201,55.82,
2026-09-12T03:59:00.245274+00:00,201,55.25,
2026-09-12T03:59:00.256373+00:00,201,54.51,
2026-09-12T03:59:00.268487+00:00,201,53.35,
2026-09-12T03:59:00.279651+00:00,201,51.58,
2026-09-12T03:59:00.289867+00:00,201,63.48,
2026-09-12T03:59:00.301554+00:00,201,52.21,
2026-09-12T03:59:00.312343+00:00,201,54.19,
2026-09-12T03:59:00.334420+00:00,201,53.58,
2026-09-12T03:59:00.346576+00:00,201,55.99,
2026-09-12T03:59:00.324333+00:00,201,80.47,
2026-09-12T03:59:00.367531+00:00,201,78.21,
2026-09-12T03:59:00.356517+00:00,201,90.46,
2026-09-12T03:59:00.389645+00:00,201,59.01,
2026-09-12T03:59:00.378488+00:00,201,70.31,
2026-09-12T03:59:00.412930+00:00,201,57.6,
2026-09-12T03:59:00.424077+00:00,201,57.9,
2026-09-12T03:59:00.401572+00:00,201,81.21,
2026-09-12T03:59:00.435288+00:00,201,59.65,
2026-09-12T03:59:00.447436+00:00,201,60.68,
2026-09-12T03:59:00.468059+00:00,201,58.07,
2026-09-12T03:59:00.456677+00:00,201,74.83,
2026-09-12T03:59:00.479595+00:00,201,56.79,
2026-09-12T03:59:00.490335+00:00,201,59.62,
2026-09-12T03:59:00.501411+00:00,201,55.36,
2026-09-12T03:59:00.523477+00:00,201,55.72,
2026-09-12T03:59:00.534856+00:00,201,52.99,
2026-09-12T03:59:00.512389+00:00,201,79.23,
2026-09-12T03:59:00.556987+00:00,201,58.06,
2026-09-12T03:59:00.545812+00:00,201,79.55,
2026-09-12T03:59:00.578679+00:00,201,57.79,
2026-09-12T03:59:00.567780+00:00,201,73.79,
2026-09-12T03:59:00.589878+00:00,201,60.83,
2026-09-12T03:59:00.600764+00:00,201,59.4,
2026-09-12T03:59:00.612366+00:00,201,59.65,
2026-09-12T03:59:00.623271+00:00,201,57.15,
2026-09-12T03:59:00.634329+00:00,201,58.04,
2026-09-12T03:59:00.645253+00:00,201,54.75,
2026-09-12T03:59:00.657733+00:00,201,55.21,
2026-09-12T03:59:00.679568+00:00,201,54.81,
2026-09-12T03:59:00.668244+00:00,201,76.03,
2026-09-12T03:59:00.690790+00:00,201,57.39,
2026-09-12T03:59:00.700849+00:00,201,57.18,
2026-09-12T03:59:00.712929+00:00,201,58.04,
2026-09-12T03:59:00.723750+00:00,201,59.09,
2026-09-12T03:59:00.734639+00:00,201,55.89,
2026-09-12T03:59:00.746122+00:00,201,59.15,
2026-09-12T03:59:00.757155+00:00,201,62.93,
2026-09-12T03:59:00.768522+00:00,201,62.26,
2026-09-12T03:59:00.779953+00:00,201,67.16,
2026-09-12T03:59:00.790965+00:00,201,63.5,
2026-09-12T03:59:00.801725+00:00,201,64.02,
2026-09-12T03:59:00.813048+00:00,201,60.56,
2026-09-12T03:59:00.823451+00:00,201,62.71,
2026-09-12T03:59:00.834681+00:00,201,64.54,
2026-09-12T03:59:00.846200+00:00,201,63.14,
2026-09-12T03:59:00.856207+00:00,201,61.06,
2026-09-12T03:59:00.879000+00:00,201,59.36,
2026-09-12T03:59:00.867398+00:00,201,71.85,
2026-09-12T03:59:00.889863+00:00,201,59.89,
2026-09-12T03:59:00.911907+00:00,201,56.65,
2026-09-12T03:59:00.900957+00:00,201,68.63,
2026-09-12T03:59:00.923392+00:00,201,52.86,
2026-09-12T03:59:00.934616+00:00,201,57.2,
2026-09-12T03:59:00.957349+00:00,201,58.23,
2026-09-12T03:59:00.945716+00:00,201,71.06,
2026-09-12T03:59:00.968360+00:00,201,54.33,
2026-09-12T03:59:00.990763+00:00,201,59.5,
2026-09-12T03:59:00.980002+00:00,201,72.41,
2026-09-12T03:59:01.002172+00:00,201,58.27,
2026-09-12T03:59:01.013347+00:00,201,60.08,
2026-09-12T03:59:01.034585+00:00,201,60.16,
2026-09-12T03:59:01.023442+00:00,201,79.13,
2026-09-12T03:59:01.045674+00:00,201,89.68,
2026-09-12T03:59:01.056704+00:00,201,80.46,
2026-09-12T03:59:01.068339+00:00,201,86.91,
2026-09-12T03:59:01.079420+00:00,201,106.45,
2026-09-12T03:59:01.090459+00:00,201,110.68,
2026-09-12T03:59:01.103972+00:00,201,125.21,
2026-09-12T03:59:01.112369+00:00,201,139.6,
2026-09-12T03:59:01.124810+00:00,201,135.79,
2026-09-12T03:59:01.138821+00:00,201,154.88,
2026-09-12T03:59:01.148044+00:00,201,156.75,
2026-09-12T03:59:01.156811+00:00,201,152.5,
2026-09-12T03:59:01.167346+00:00,201,168.9,
2026-09-12T03:59:01.179247+00:00,201,172.07,
2026-09-12T03:59:01.190584+00:00,201,170.34,
2026-09-12T03:59:01.200620+00:00,201,178.11,
2026-09-12T03:59:01.211855+00:00,201,173.94,
2026-09-12T03:59:01.223755+00:00,201,176.67,
2026-09-12T03:59:01.234429+00:00,201,174.61,
2026-09-12T03:59:01.246548+00:00,201,171.5,
2026-09-12T03:59:01.257034+00:00,201,185.48,
2026-09-12T03:59:01.279567+00:00,201,169.74,
2026-09-12T03:59:01.267970+00:00,201,184.88,
2026-09-12T03:59:01.290661+00:00,201,165.97,
2026-09-12T03:59:01.301964+00:00,201,158.39,
2026-09-12T03:59:01.312663+00:00,201,159.76,
2026-09-12T03:59:01.323317+00:00,201,158.64,
2026-09-12T03:59:01.335662+00:00,201,153.82,
2026-09-12T03:59:01.345817+00:00,201,153.43,
2026-09-12T03:59:01.356597+00:00,201,158.18,
2026-09-12T03:59:01.367818+00:00,201,150.62,
2026-09-12T03:59:01.379147+00:00,201,147.77,
2026-09-12T03:59:01.401653+00:00,201,150.16,
2026-09-12T03:59:01.390416+00:00,201,163.0,
2026-09-12T03:59:01.423584+00:00,201,139.83,
2026-09-12T03:59:01.412214+00:00,201,156.68,
2026-09-12T03:59:01.434579+00:00,201,149.41,
2026-09-12T03:59:01.445434+00:00,201,142.96,
2026-09-12T03:59:01.456627+00:00,201,143.69,
2026-09-12T03:59:01.468398+00:00,201,146.26,
2026-09-12T03:59:01.479591+00:00,201,143.95,
2026-09-12T03:59:01.489779+00:00,201,148.76,
2026-09-12T03:59:01.501872+00:00,201,147.61,
2026-09-12T03:59:01.512739+00:00,201,157.88,
2026-09-12T03:59:01.523745+00:00,201,151.74,
2026-09-12T03:59:01.534586+00:00,201,155.05,
2026-09-12T03:59:01.545600+00:00,201,159.2,
2026-09-12T03:59:01.556736+00:00,201,165.25,
2026-09-12T03:59:01.568466+00:00,201,163.1,
2026-09-12T03:59:01.590791+00:00,201,159.54,
2026-09-12T03:59:01.579250+00:00,201,181.71,
2026-09-12T03:59:01.602073+00:00,201,162.56,
2026-09-12T03:59:01.611836+00:00,201,159.9,
2026-09-12T03:59:01.623685+00:00,201,160.54,
2026-09-12T03:59:01.635506+00:00,201,159.97,
2026-09-12T03:59:01.645200+00:00,201,154.48,
2026-09-12T03:59:01.657722+00:00,201,153.15,
2026-09-12T03:59:01.668811+00:00,201,151.05,
2026-09-12T03:59:01.680329+00:00,201,148.93,
2026-09-12T03:59:01.689845+00:00,201,147.01,
2026-09-12T03:59:01.701748+00:00,201,138.92,
2026-09-12T03:59:01.712985+00:00,201,141.73,
2026-09-12T03:59:01.723506+00:00,201,137.81,
2026-09-12T03:59:01.734784+00:00,201,135.2,
2026-09-12T03:59:01.746123+00:00,201,134.23,
2026-09-12T03:59:01.757546+00:00,201,130.37,
2026-09-12T03:59:01.768805+00:00,201,128.28,
2026-09-12T03:59:01.779900+00:00,201,124.54,
2026-09-12T03:59:01.790886+00:00,201,127.42,
2026-09-12T03:59:01.802086+00:00,201,117.82,
2026-09-12T03:59:01.812251+00:00,201,114.25,
2026-09-12T03:59:01.823015+00:00,201,115.94,
2026-09-12T03:59:01.834041+00:00,201,113.9,
2026-09-12T03:59:01.846545+00:00,201,118.76,
2026-09-12T03:59:01.857457+00:00,201,121.0,
2026-09-12T03:59:01.869654+00:00,201,118.29,
2026-09-12T03:59:01.879817+00:00,201,114.24,
2026-09-12T03:59:01.901076+00:00,201,117.49,
2026-09-12T03:59:01.889725+00:00,201,138.31,
2026-09-12T03:59:01.912065+00:00,201,117.85,
2026-09-12T03:59:01.923430+00:00,201,114.09,
2026-09-12T03:59:01.934625+00:00,201,112.59,
2026-09-12T03:59:01.945774+00:00,201,107.72,
2026-09-12T03:59:01.957062+00:00,201,102.86,
2026-09-12T03:59:01.968691+00:00,201,103.42,
2026-09-12T03:59:01.979951+00:00,201,102.22,
2026-09-12T03:59:01.990181+00:00,201,101.08,
2026-09-12T03:59:02.001417+00:00,201,91.56,
2026-09-12T03:59:02.012820+00:00,201,89.21,
2026-09-12T03:59:02.023986+00:00,201,88.67,
2026-09-12T03:59:02.034978+00:00,201,83.58,
2026-09-12T03:59:02.057263+00:00,201,77.36,
2026-09-12T03:59:02.046191+00:00,201,94.51,
2026-09-12T03:59:02.068119+00:00,201,75.73,
2026-09-12T03:59:02.078955+00:00,201,75.9,
2026-09-12T03:59:02.090151+00:00,201,72.37,
2026-09-12T03:59:02.113162+00:00,201,65.85,
2026-09-12T03:59:02.101842+00:00,201,81.07,
2026-09-12T03:59:02.124146+00:00,201,67.27,
2026-09-12T03:59:02.133705+00:00,201,68.05,
2026-09-12T03:59:02.146003+00:00,201,62.53,
2026-09-12T03:59:02.157567+00:00,201,60.86,
2026-09-12T03:59:02.167346+00:00,201,70.08,
2026-09-12T03:59:02.180003+00:00,201,58.87,
2026-09-12T03:59:02.189618+00:00,201,57.01,
2026-09-12T03:59:02.202000+00:00,201,81.42,
2026-09-12T03:59:02.212384+00:00,201,72.91,
2026-09-12T03:59:02.234706+00:00,201,63.4,
2026-09-12T03:59:02.223415+00:00,201,81.36,
2026-09-12T03:59:02.245708+00:00,201,77.56,
2026-09-12T03:59:02.267870+00:00,201,61.86,
2026-09-12T03:59:02.256905+00:00,201,85.05,
2026-09-12T03:59:02.279268+00:00,201,70.42,
2026-09-12T03:59:02.290464+00:00,201,68.8,
2026-09-12T03:59:02.300694+00:00,201,69.94,
2026-09-12T03:59:02.312204+00:00,201,70.37,
2026-09-12T03:59:02.323917+00:00,201,75.7,
2026-09-12T03:59:02.335287+00:00,201,66.25,
2026-09-12T03:59:02.346677+00:00,201,64.92,
2026-09-12T03:59:02.356382+00:00,201,61.99,
2026-09-12T03:59:02.368285+00:00,201,61.36,
2026-09-12T03:59:02.379304+00:00,201,61.84,
2026-09-12T03:59:02.391067+00:00,201,58.88,
2026-09-12T03:59:02.401148+00:00,201,57.23,
2026-09-12T03:59:02.424102+00:00,201,54.82,
2026-09-12T03:59:02.411666+00:00,201,75.81,
2026-09-12T03:59:02.435420+00:00,201,90.32,
2026-09-12T03:59:02.457522+00:00,201,67.99,
2026-09-12T03:59:02.446281+00:00,201,80.49,
2026-09-12T03:59:02.468709+00:00,201,67.15,
2026-09-12T03:59:02.479705+00:00,201,66.31,
2026-09-12T03:59:02.491036+00:00,201,67.26,
2026-09-12T03:59:02.500748+00:00,201,63.55,
2026-09-12T03:59:02.512892+00:00,201,73.51,
2026-09-12T03:59:02.523336+00:00,201,63.82,
2026-09-12T03:59:02.535253+00:00,201,60.26,
2026-09-12T03:59:02.546010+00:00,201,59.45,
2026-09-12T03:59:02.556451+00:00,201,60.95,
2026-09-12T03:59:02.578841+00:00,201,55.73,
2026-09-12T03:59:02.567464+00:00,201,79.32,
2026-09-12T03:59:02.600902+00:00,201,60.24,
2026-09-12T03:59:02.589888+00:00,201,72.86,
2026-09-12T03:59:02.611945+00:00,201,62.91,
2026-09-12T03:59:02.623151+00:00,201,60.93,
2026-09-12T03:59:02.634602+00:00,201,61.83,
2026-09-12T03:59:02.645131+00:00,201,63.5,
2026-09-12T03:59:02.656437+00:00,201,62.1,
2026-09-12T03:59:02.667622+00:00,201,58.67,
2026-09-12T03:59:02.678909+00:00,201,59.54,
2026-09-12T03:59:02.690338+00:00,201,56.93,
2026-09-12T03:59:02.701386+00:00,201,57.91,
2026-09-12T03:59:02.723302+00:00,201,58.8,
2026-09-12T03:59:02.712305+00:00,201,77.09,
2026-09-12T03:59:02.734353+00:00,201,61.54,
2026-09-12T03:59:02.745616+00:00,201,61.45,
2026-09-12T03:59:02.756873+00:00,201,60.6,
2026-09-12T03:59:02.768238+00:00,201,58.21,
2026-09-12T03:59:02.779364+00:00,201,60.5,
2026-09-12T03:59:02.801488+00:00,201,55.98,
2026-09-12T03:59:02.790377+00:00,201,76.21,
2026-09-12T03:59:02.812722+00:00,201,57.25,
2026-09-12T03:59:02.823984+00:00,201,59.1,
2026-09-12T03:59:02.835156+00:00,201,54.5,
2026-09-12T03:59:02.857710+00:00,201,58.55,
2026-09-12T03:59:02.846448+00:00,201,74.48,
2026-09-12T03:59:02.867350+00:00,201,59.46,
2026-09-12T03:59:02.879925+00:00,201,55.44,
2026-09-12T03:59:02.889706+00:00,201,58.85,
2026-09-12T03:59:02.901615+00:00,201,55.78,
2026-09-12T03:59:02.912460+00:00,201,55.9,
2026-09-12T03:59:02.924119+00:00,201,59.55,
2026-09-12T03:59:02.946413+00:00,201,57.34,
2026-09-12T03:59:02.935161+00:00,201,76.31,
2026-09-12T03:59:02.957965+00:00,201,59.95,
2026-09-12T03:59:02.968459+00:00,201,60.3,
2026-09-12T03:59:02.979969+00:00,201,57.89,
2026-09-12T03:59:02.989871+00:00,201,58.39,
2026-09-12T03:59:03.001146+00:00,201,59.78,
2026-09-12T03:59:03.012767+00:00,201,59.17,
2026-09-12T03:59:03.034199+00:00,201,60.6,
2026-09-12T03:59:03.023073+00:00,201,84.61,
2026-09-12T03:59:03.057622+00:00,201,63.74,
2026-09-12T03:59:03.046002+00:00,201,79.24,
2026-09-12T03:59:03.068712+00:00,201,63.29,
2026-09-12T03:59:03.079572+00:00,201,64.95,
2026-09-12T03:59:03.090857+00:00,201,63.57,
2026-09-12T03:59:03.101825+00:00,201,58.35,
2026-09-12T03:59:03.112403+00:00,201,56.96,
2026-09-12T03:59:03.123281+00:00,201,58.74,
2026-09-12T03:59:03.146288+00:00,201,55.23,
2026-09-12T03:59:03.156321+00:00,201,56.52,
2026-09-12T03:59:03.135328+00:00,201,78.4,
2026-09-12T03:59:03.167907+00:00,201,58.48,
2026-09-12T03:59:03.179108+00:00,201,56.72,
2026-09-12T03:59:03.190183+00:00,201,57.25,
2026-09-12T03:59:03.201240+00:00,201,56.54,
2026-09-12T03:59:03.224400+00:00,201,55.66,
2026-09-12T03:59:03.213483+00:00,201,75.06,
2026-09-12T03:59:03.234295+00:00,201,54.77,
2026-09-12T03:59:03.245557+00:00,201,57.09,
2026-09-12T03:59:03.256912+00:00,201,57.29,
2026-09-12T03:59:03.267870+00:00,201,55.98,
2026-09-12T03:59:03.290645+00:00,201,58.92,
2026-09-12T03:59:03.279137+00:00,201,84.79,
2026-09-12T03:59:03.300749+00:00,201,64.18,
2026-09-12T03:59:03.313307+00:00,201,67.57,
2026-09-12T03:59:03.324269+00:00,201,69.19,
2026-09-12T03:59:03.334176+00:00,201,64.82,
2026-09-12T03:59:03.346551+00:00,201,62.68,
2026-09-12T03:59:03.356627+00:00,201,58.72,
2026-09-12T03:59:03.379909+00:00,201,61.45,
2026-09-12T03:59:03.368561+00:00,201,85.8,
2026-09-12T03:59:03.390865+00:00,201,64.16,
2026-09-12T03:59:03.412605+00:00,201,71.54,
2026-09-12T03:59:03.402041+00:00,201,102.33,
2026-09-12T03:59:03.423629+00:00,201,82.15,
2026-09-12T03:59:03.434739+00:00,201,92.25,
2026-09-12T03:59:03.445679+00:00,201,98.17,
2026-09-12T03:59:03.456432+00:00,201,103.66,
2026-09-12T03:59:03.467747+00:00,201,100.18,
2026-09-12T03:59:03.479397+00:00,201,102.99,
2026-09-12T03:59:03.489938+00:00,201,98.23,
2026-09-12T03:59:03.501295+00:00,201,99.86,
2026-09-12T03:59:03.523893+00:00,201,90.28,
2026-09-12T03:59:03.512289+00:00,201,110.51,
2026-09-12T03:59:03.546132+00:00,201,90.57,
2026-09-12T03:59:03.535281+00:00,201,103.93,
2026-09-12T03:59:03.557147+00:00,201,90.77,
2026-09-12T03:59:03.568976+00:00,201,101.32,
2026-09-12T03:59:03.590673+00:00,201,86.3,
2026-09-12T03:59:03.579476+00:00,201,106.44,
2026-09-12T03:59:03.601778+00:00,201,96.53,
2026-09-12T03:59:03.612986+00:00,201,89.14,
2026-09-12T03:59:03.622990+00:00,201,86.13,
2026-09-12T03:59:03.635516+00:00,201,84.29,
2026-09-12T03:59:03.645253+00:00,201,86.29,
2026-09-12T03:59:03.657271+00:00,201,81.9,
2026-09-12T03:59:03.667534+00:00,201,81.4,
2026-09-12T03:59:03.678850+00:00,201,77.37,
2026-09-12T03:59:03.690080+00:00,201,76.38,
2026-09-12T03:59:03.701301+00:00,201,71.48,
2026-09-12T03:59:03.712251+00:00,201,69.83,
2026-09-12T03:59:03.723459+00:00,201,70.31,
2026-09-12T03:59:03.734729+00:00,201,65.46,
2026-09-12T03:59:03.746114+00:00,201,62.88,
2026-09-12T03:59:03.757121+00:00,201,65.7,
2026-09-12T03:59:03.778943+00:00,201,61.17,
2026-09-12T03:59:03.767381+00:00,201,81.32,
2026-09-12T03:59:03.790424+00:00,201,61.8,
2026-09-12T03:59:03.801684+00:00,201,76.44,
2026-09-12T03:59:03.813222+00:00,201,78.91,
2026-09-12T03:59:03.822927+00:00,201,71.65,
2026-09-12T03:59:03.835503+00:00,201,60.87,
2026-09-12T03:59:03.846589+00:00,201,61.05,
2026-09-12T03:59:03.868730+00:00,201,62.64,
2026-09-12T03:59:03.857572+00:00,201,84.72,
2026-09-12T03:59:03.889670+00:00,201,62.16,
2026-09-12T03:59:03.879912+00:00,201,76.33,
2026-09-12T03:59:03.900758+00:00,201,60.37,
2026-09-12T03:59:03.911887+00:00,201,60.17,
2026-09-12T03:59:03.923585+00:00,201,80.48,
2026-09-12T03:59:03.945596+00:00,201,59.02,
2026-09-12T03:59:03.957147+00:00,201,61.1,
2026-09-12T03:59:03.934919+00:00,201,86.98,
2026-09-12T03:59:03.979995+00:00,201,60.72,
2026-09-12T03:59:03.968418+00:00,201,86.6,
2026-09-12T03:59:03.989906+00:00,201,68.11,
2026-09-12T03:59:04.001375+00:00,201,67.78,
2026-09-12T03:59:04.012408+00:00,201,73.67,
2026-09-12T03:59:04.023666+00:00,201,80.48,
2026-09-12T03:59:04.035306+00:00,201,79.5,
2026-09-12T03:59:04.045449+00:00,201,77.38,
2026-09-12T03:59:04.069125+00:00,201,66.82,
2026-09-12T03:59:04.057211+00:00,201,78.94,
2026-09-12T03:59:04.080090+00:00,201,69.84,
2026-09-12T03:59:04.090160+00:00,201,62.95,
2026-09-12T03:59:04.101799+00:00,201,60.8,
2026-09-12T03:59:04.122940+00:00,201,59.19,
2026-09-12T03:59:04.112709+00:00,201,79.05,
2026-09-12T03:59:04.133996+00:00,201,60.88,
2026-09-12T03:59:04.145670+00:00,201,80.22,
2026-09-12T03:59:04.167765+00:00,201,61.47,
2026-09-12T03:59:04.178518+00:00,201,62.0,
2026-09-12T03:59:04.156825+00:00,201,84.67,
2026-09-12T03:59:04.190877+00:00,201,62.22,
2026-09-12T03:59:04.201188+00:00,201,60.2,
2026-09-12T03:59:04.212228+00:00,201,61.28,
2026-09-12T03:59:04.223812+00:00,201,61.94,
2026-09-12T03:59:04.234780+00:00,201,58.9,
2026-09-12T03:59:04.246905+00:00,201,67.0,
2026-09-12T03:59:04.257266+00:00,201,57.7,
2026-09-12T03:59:04.278378+00:00,201,55.25,
2026-09-12T03:59:04.291060+00:00,201,54.52,
2026-09-12T03:59:04.268460+00:00,201,80.26,
2026-09-12T03:59:04.300823+00:00,201,54.04,
2026-09-12T03:59:04.311855+00:00,201,55.52,
2026-09-12T03:59:04.324084+00:00,201,64.1,
2026-09-12T03:59:04.335491+00:00,201,67.71,
2026-09-12T03:59:04.345597+00:00,201,80.42,
2026-09-12T03:59:04.357071+00:00,201,82.93,
2026-09-12T03:59:04.380582+00:00,201,83.03,
2026-09-12T03:59:04.367701+00:00,201,96.69,
2026-09-12T03:59:04.389474+00:00,201,80.82,
2026-09-12T03:59:04.400909+00:00,201,85.38,
2026-09-12T03:59:04.413184+00:00,201,76.81,
2026-09-12T03:59:04.423496+00:00,201,78.69,
2026-09-12T03:59:04.435196+00:00,201,77.68,
2026-09-12T03:59:04.446092+00:00,201,77.44,
2026-09-12T03:59:04.457465+00:00,201,80.3,
2026-09-12T03:59:04.467697+00:00,201,74.71,
2026-09-12T03:59:04.479059+00:00,201,74.28,
2026-09-12T03:59:04.490514+00:00,201,74.34,
2026-09-12T03:59:04.501686+00:00,201,74.02,
2026-09-12T03:59:04.513261+00:00,201,75.27,
2026-09-12T03:59:04.523907+00:00,201,75.02,
2026-09-12T03:59:04.534918+00:00,201,71.03,
2026-09-12T03:59:04.546238+00:00,201,71.27,
2026-09-12T03:59:04.556416+00:00,201,73.66,
2026-09-12T03:59:04.568201+00:00,201,69.47,
2026-09-12T03:59:04.579206+00:00,201,68.5,
2026-09-12T03:59:04.590464+00:00,201,69.18,
2026-09-12T03:59:04.600691+00:00,201,68.01,
2026-09-12T03:59:04.613134+00:00,201,68.7,
2026-09-12T03:59:04.624115+00:00,201,68.89,
2026-09-12T03:59:04.635528+00:00,201,67.99,
2026-09-12T03:59:04.645112+00:00,201,65.92,
2026-09-12T03:59:04.656596+00:00,201,68.02,
2026-09-12T03:59:04.668390+00:00,201,68.05,
2026-09-12T03:59:04.679973+00:00,201,67.69,
2026-09-12T03:59:04.691052+00:00,201,67.2,
2026-09-12T03:59:04.701953+00:00,201,65.96,
2026-09-12T03:59:04.713049+00:00,201,63.54,
2026-09-12T03:59:04.724710+00:00,201,67.96,
2026-09-12T03:59:04.734055+00:00,201,64.1,
2026-09-12T03:59:04.745666+00:00,201,65.16,
2026-09-12T03:59:04.757201+00:00,201,62.79,
2026-09-12T03:59:04.768699+00:00,201,63.84,
2026-09-12T03:59:04.789944+00:00,201,67.82,
2026-09-12T03:59:04.778503+00:00,201,82.57,
2026-09-12T03:59:04.801360+00:00,201,64.17,
2026-09-12T03:59:04.812615+00:00,201,67.58,
2026-09-12T03:59:04.823455+00:00,201,64.8,
2026-09-12T03:59:04.834883+00:00,201,65.2,
2026-09-12T03:59:04.845800+00:00,201,64.8,
2026-09-12T03:59:04.856788+00:00,201,65.33,
2026-09-12T03:59:04.879162+00:00,201,62.54,
2026-09-12T03:59:04.867756+00:00,201,86.51,
2026-09-12T03:59:04.901593+00:00,201,62.99,
2026-09-12T03:59:04.890368+00:00,201,83.27,
2026-09-12T03:59:04.923645+00:00,201,65.43,
2026-09-12T03:59:04.912638+00:00,201,77.9,
2026-09-12T03:59:04.935175+00:00,201,62.9,
2026-09-12T03:59:04.945820+00:00,201,64.3,
2026-09-12T03:59:04.956234+00:00,201,74.85,
2026-09-12T03:59:04.967378+00:00,201,80.62,
2026-09-12T03:59:04.990898+00:00,201,61.2,
2026-09-12T03:59:05.001989+00:00,201,62.98,
2026-09-12T03:59:04.978744+00:00,201,87.46,
2026-09-12T03:59:05.023883+00:00,201,74.21,
2026-09-12T03:59:05.012577+00:00,201,86.57,
2026-09-12T03:59:05.045996+00:00,201,66.72,
2026-09-12T03:59:05.035177+00:00,201,78.53,
2026-09-12T03:59:05.057380+00:00,201,64.97,
2026-09-12T03:59:05.068796+00:00,201,66.7,
2026-09-12T03:59:05.079988+00:00,201,65.76,
2026-09-12T03:59:05.089752+00:00,201,65.06,
2026-09-12T03:59:05.101618+00:00,201,62.73,
2026-09-12T03:59:05.124103+00:00,201,59.68,
2026-09-12T03:59:05.113469+00:00,201,73.91,
2026-09-12T03:59:05.133991+00:00,201,62.06,
2026-09-12T03:59:05.146657+00:00,201,71.0,
2026-09-12T03:59:05.167460+00:00,201,58.1,
2026-09-12T03:59:05.156549+00:00,201,80.64,
2026-09-12T03:59:05.189898+00:00,201,58.04,
2026-09-12T03:59:05.178687+00:00,201,72.05,
2026-09-12T03:59:05.200955+00:00,201,60.14,
2026-09-12T03:59:05.211787+00:00,201,59.32,
2026-09-12T03:59:05.222966+00:00,201,59.45,
2026-09-12T03:59:05.235200+00:00,201,69.64,
2026-09-12T03:59:05.256578+00:00,201,68.2,
2026-09-12T03:59:05.245448+00:00,201,80.94,
2026-09-12T03:59:05.278898+00:00,201,58.79,
2026-09-12T03:59:05.267544+00:00,201,77.94,
2026-09-12T03:59:05.289970+00:00,201,74.37,
2026-09-12T03:59:05.301051+00:00,201,64.62,
2026-09-12T03:59:05.312744+00:00,201,61.38,
2026-09-12T03:59:05.323859+00:00,201,60.3,
2026-09-12T03:59:05.334060+00:00,201,59.61,
2026-09-12T03:59:05.345511+00:00,201,63.95,
2026-09-12T03:59:05.357005+00:00,201,61.4,
2026-09-12T03:59:05.368869+00:00,201,61.86,
2026-09-12T03:59:05.380008+00:00,201,60.57,
2026-09-12T03:59:05.391005+00:00,201,62.29,
2026-09-12T03:59:05.401299+00:00,201,58.25,
2026-09-12T03:59:05.411852+00:00,201,59.05,
2026-09-12T03:59:05.424246+00:00,201,58.72,
2026-09-12T03:59:05.434973+00:00,201,57.6,
2026-09-12T03:59:05.446436+00:00,201,55.22,
2026-09-12T03:59:05.457489+00:00,201,57.52,
2026-09-12T03:59:05.467980+00:00,201,56.86,
2026-09-12T03:59:05.479117+00:00,201,56.69,
2026-09-12T03:59:05.490971+00:00,201,58.15,
2026-09-12T03:59:05.501869+00:00,201,58.38,
2026-09-12T03:59:05.512936+00:00,201,59.17,
2026-09-12T03:59:05.525015+00:00,201,59.68,
2026-09-12T03:59:05.534894+00:00,201,60.86,
2026-09-12T03:59:05.545970+00:00,201,58.71,
2026-09-12T03:59:05.557432+00:00,201,62.34,
2026-09-12T03:59:05.568670+00:00,201,61.47,
2026-09-12T03:59:05.579737+00:00,201,60.44,
2026-09-12T03:59:05.589617+00:00,201,60.02,
2026-09-12T03:59:05.600713+00:00,201,59.08,
2026-09-12T03:59:05.612124+00:00,201,59.98,
2026-09-12T03:59:05.623642+00:00,201,59.11,
2026-09-12T03:59:05.645562+00:00,201,57.66,
2026-09-12T03:59:05.635349+00:00,201,69.77,
2026-09-12T03:59:05.657118+00:00,201,58.71,
2026-09-12T03:59:05.668279+00:00,201,59.97,
2026-09-12T03:59:05.679358+00:00,201,59.55,
2026-09-12T03:59:05.690695+00:00,201,59.45,
2026-09-12T03:59:05.701903+00:00,201,56.09,
2026-09-12T03:59:05.711790+00:00,201,54.04,
2026-09-12T03:59:05.734399+00:00,201,54.7,
2026-09-12T03:59:05.723072+00:00,201,74.97,
2026-09-12T03:59:05.745813+00:00,201,67.71,
2026-09-12T03:59:05.757224+00:00,201,59.7,
2026-09-12T03:59:05.779819+00:00,201,57.58,
2026-09-12T03:59:05.768573+00:00,201,78.78,
2026-09-12T03:59:05.791044+00:00,201,61.63,
2026-09-12T03:59:05.802102+00:00,201,58.35,
2026-09-12T03:59:05.812872+00:00,201,58.65,
2026-09-12T03:59:05.824186+00:00,201,57.77,
2026-09-12T03:59:05.835322+00:00,201,57.97,
2026-09-12T03:59:05.857783+00:00,201,56.89,
2026-09-12T03:59:05.846368+00:00,201,79.39,
2026-09-12T03:59:05.868792+00:00,201,60.43,
2026-09-12T03:59:05.878450+00:00,201,58.93,
2026-09-12T03:59:05.889616+00:00,201,58.34,
2026-09-12T03:59:05.900682+00:00,201,55.23,
2026-09-12T03:59:05.911868+00:00,201,57.21,
2026-09-12T03:59:05.934748+00:00,201,52.57,
2026-09-12T03:59:05.923062+00:00,201,78.72,
2026-09-12T03:59:05.945641+00:00,201,59.07,
2026-09-12T03:59:05.956856+00:00,201,54.86,
2026-09-12T03:59:05.967468+00:00,201,58.7,
2026-09-12T03:59:05.978816+00:00,201,59.71,
2026-09-12T03:59:05.990047+00:00,201,58.53,
2026-09-12T03:59:06.001630+00:00,201,60.67,
2026-09-12T03:59:06.023847+00:00,201,63.82,
2026-09-12T03:59:06.012537+00:00,201,75.15,
2026-09-12T03:59:06.034801+00:00,201,61.16,
2026-09-12T03:59:06.046484+00:00,201,59.45,
2026-09-12T03:59:06.057079+00:00,201,60.84,
2026-09-12T03:59:06.068528+00:00,201,57.91,
2026-09-12T03:59:06.079640+00:00,201,57.88,
2026-09-12T03:59:06.090564+00:00,201,55.62,
2026-09-12T03:59:06.100673+00:00,201,53.14,
2026-09-12T03:59:06.122899+00:00,201,55.15,
2026-09-12T03:59:06.134322+00:00,201,57.68,
2026-09-12T03:59:06.113366+00:00,201,80.3,
2026-09-12T03:59:06.145331+00:00,201,59.6,
2026-09-12T03:59:06.156845+00:00,201,60.82,
2026-09-12T03:59:06.167963+00:00,201,57.08,
2026-09-12T03:59:06.179584+00:00,201,56.23,
2026-09-12T03:59:06.190425+00:00,201,54.52,
2026-09-12T03:59:06.201901+00:00,201,53.32,
2026-09-12T03:59:06.223140+00:00,201,54.68,
2026-09-12T03:59:06.211840+00:00,201,75.96,
2026-09-12T03:59:06.234238+00:00,201,57.04,
2026-09-12T03:59:06.245954+00:00,201,61.71,
2026-09-12T03:59:06.267771+00:00,201,55.64,
2026-09-12T03:59:06.279024+00:00,201,53.41,
2026-09-12T03:59:06.257056+00:00,201,76.07,
2026-09-12T03:59:06.301333+00:00,201,56.55,
2026-09-12T03:59:06.289651+00:00,201,77.63,
2026-09-12T03:59:06.312585+00:00,201,56.13,
2026-09-12T03:59:06.323623+00:00,201,54.55,
2026-09-12T03:59:06.346289+00:00,201,55.37,
2026-09-12T03:59:06.357631+00:00,201,52.63,
2026-09-12T03:59:06.334812+00:00,201,78.97,
2026-09-12T03:59:06.368653+00:00,201,51.23,
2026-09-12T03:59:06.379880+00:00,201,63.24,
2026-09-12T03:59:06.400844+00:00,201,55.5,
2026-09-12T03:59:06.389641+00:00,201,69.22,
2026-09-12T03:59:06.411879+00:00,201,57.47,
2026-09-12T03:59:06.423205+00:00,201,69.32,
2026-09-12T03:59:06.434602+00:00,201,58.08,
2026-09-12T03:59:06.446023+00:00,201,54.93,
2026-09-12T03:59:06.456290+00:00,201,54.74,
2026-09-12T03:59:06.467379+00:00,201,68.56,
2026-09-12T03:59:06.490189+00:00,201,52.67,
2026-09-12T03:59:06.478989+00:00,201,77.9,
2026-09-12T03:59:06.501971+00:00,201,72.9,
2026-09-12T03:59:06.523920+00:00,201,63.48,
2026-09-12T03:59:06.512943+00:00,201,76.33,
2026-09-12T03:59:06.535072+00:00,201,64.46,
2026-09-12T03:59:06.546679+00:00,201,58.79,
2026-09-12T03:59:06.557279+00:00,201,61.02,
2026-09-12T03:59:06.568736+00:00,201,57.41,
2026-09-12T03:59:06.579848+00:00,201,57.7,
2026-09-12T03:59:06.590993+00:00,201,58.23,
2026-09-12T03:59:06.601489+00:00,201,55.97,
2026-09-12T03:59:06.612450+00:00,201,53.17,
2026-09-12T03:59:06.624158+00:00,201,57.45,
2026-09-12T03:59:06.634568+00:00,201,54.99,
2026-09-12T03:59:06.645686+00:00,201,55.88,
2026-09-12T03:59:06.656579+00:00,201,57.76,
2026-09-12T03:59:06.668089+00:00,201,56.29,
2026-09-12T03:59:06.679391+00:00,201,57.43,
2026-09-12T03:59:06.690812+00:00,201,57.23,
2026-09-12T03:59:06.701995+00:00,201,58.13,
2026-09-12T03:59:06.711752+00:00,201,56.28,
2026-09-12T03:59:06.724375+00:00,201,57.04,
2026-09-12T03:59:06.734256+00:00,201,55.32,
2026-09-12T03:59:06.745548+00:00,201,58.02,
2026-09-12T03:59:06.756499+00:00,201,55.3,
2026-09-12T03:59:06.768123+00:00,201,59.38,
2026-09-12T03:59:06.779072+00:00,201,57.97,
2026-09-12T03:59:06.790151+00:00,201,55.68,
2026-09-12T03:59:06.800935+00:00,201,54.55,
2026-09-12T03:59:06.812172+00:00,201,57.69,
2026-09-12T03:59:06.823135+00:00,201,57.96,
2026-09-12T03:59:06.834273+00:00,201,54.46,
2026-09-12T03:59:06.845674+00:00,201,57.97,
2026-09-12T03:59:06.856228+00:00,201,55.66,
2026-09-12T03:59:06.867527+00:00,201,57.7,
2026-09-12T03:59:06.878554+00:00,201,53.89,
2026-09-12T03:59:06.890168+00:00,201,56.01,
2026-09-12T03:59:06.902066+00:00,201,53.92,
2026-09-12T03:59:06.913042+00:00,201,53.62,
2026-09-12T03:59:06.924391+00:00,201,53.33,
2026-09-12T03:59:06.934040+00:00,201,53.64,
2026-09-12T03:59:06.945223+00:00,201,54.86,
2026-09-12T03:59:06.968139+00:00,201,53.5,
2026-09-12T03:59:06.956464+00:00,201,69.93,
2026-09-12T03:59:06.979246+00:00,201,58.3,
2026-09-12T03:59:06.990289+00:00,201,61.06,
2026-09-12T03:59:07.001069+00:00,201,61.16,
2026-09-12T03:59:07.023140+00:00,201,63.92,
2026-09-12T03:59:07.012620+00:00,201,82.18,
2026-09-12T03:59:07.034722+00:00,201,61.68,
2026-09-12T03:59:07.046119+00:00,201,60.3,
2026-09-12T03:59:07.057248+00:00,201,60.77,
2026-09-12T03:59:07.068146+00:00,201,57.92,
2026-09-12T03:59:07.090168+00:00,201,58.4,
2026-09-12T03:59:07.079222+00:00,201,71.42,
2026-09-12T03:59:07.101433+00:00,201,55.41,
2026-09-12T03:59:07.112392+00:00,201,58.39,
2026-09-12T03:59:07.123499+00:00,201,61.1,
2026-09-12T03:59:07.134760+00:00,201,56.9,
2026-09-12T03:59:07.145998+00:00,201,59.06,
2026-09-12T03:59:07.157345+00:00,201,60.43,
2026-09-12T03:59:07.168520+00:00,201,60.92,
2026-09-12T03:59:07.179988+00:00,201,57.63,
2026-09-12T03:59:07.189559+00:00,201,56.13,
2026-09-12T03:59:07.202313+00:00,201,54.59,
2026-09-12T03:59:07.212488+00:00,201,53.74,
2026-09-12T03:59:07.223638+00:00,201,68.71,
2026-09-12T03:59:07.246006+00:00,201,58.66,
2026-09-12T03:59:07.235195+00:00,201,75.2,
2026-09-12T03:59:07.257545+00:00,201,58.83,
2026-09-12T03:59:07.279314+00:00,201,57.88,
2026-09-12T03:59:07.267512+00:00,201,73.72,
2026-09-12T03:59:07.290473+00:00,201,58.05,
2026-09-12T03:59:07.301706+00:00,201,56.67,
2026-09-12T03:59:07.311816+00:00,201,59.69,
2026-09-12T03:59:07.323115+00:00,201,57.48,
2026-09-12T03:59:07.334378+00:00,201,55.89,
2026-09-12T03:59:07.345525+00:00,201,56.2,
2026-09-12T03:59:07.356677+00:00,201,57.95,
2026-09-12T03:59:07.368496+00:00,201,55.34,
2026-09-12T03:59:07.379635+00:00,201,53.72,
2026-09-12T03:59:07.390957+00:00,201,50.9,
2026-09-12T03:59:07.413082+00:00,201,54.66,
2026-09-12T03:59:07.423964+00:00,201,53.53,
2026-09-12T03:59:07.401982+00:00,201,80.66,
2026-09-12T03:59:07.435253+00:00,201,56.39,
2026-09-12T03:59:07.446090+00:00,201,57.43,
2026-09-12T03:59:07.457329+00:00,201,59.57,
2026-09-12T03:59:07.468507+00:00,201,52.36,
2026-09-12T03:59:07.478727+00:00,201,55.92,
2026-09-12T03:59:07.489654+00:00,201,59.06,
2026-09-12T03:59:07.500767+00:00,201,57.04,
2026-09-12T03:59:07.511845+00:00,201,58.77,
2026-09-12T03:59:07.523089+00:00,201,59.64,
2026-09-12T03:59:07.546397+00:00,201,56.59,
2026-09-12T03:59:07.535199+00:00,201,78.74,
2026-09-12T03:59:07.556312+00:00,201,58.84,
2026-09-12T03:59:07.567788+00:00,201,58.18,
2026-09-12T03:59:07.579086+00:00,201,58.93,
2026-09-12T03:59:07.590667+00:00,201,67.19,
2026-09-12T03:59:07.600732+00:00,201,72.98,
2026-09-12T03:59:07.612112+00:00,201,80.19,
2026-09-12T03:59:07.623534+00:00,201,87.91,
2026-09-12T03:59:07.634655+00:00,201,86.09,
2026-09-12T03:59:07.646597+00:00,201,86.14,
2026-09-12T03:59:07.656765+00:00,201,90.18,
2026-09-12T03:59:07.670078+00:00,201,80.5,
2026-09-12T03:59:07.679377+00:00,201,76.75,
2026-09-12T03:59:07.689897+00:00,201,78.09,
2026-09-12T03:59:07.712128+00:00,201,70.04,
2026-09-12T03:59:07.722903+00:00,201,67.82,
2026-09-12T03:59:07.701432+00:00,201,94.41,
2026-09-12T03:59:07.734002+00:00,201,67.61,
2026-09-12T03:59:07.747049+00:00,201,68.88,
2026-09-12T03:59:07.756368+00:00,201,67.3,
2026-09-12T03:59:07.768017+00:00,201,65.57,
2026-09-12T03:59:07.778752+00:00,201,62.89,
2026-09-12T03:59:07.789754+00:00,201,64.24,
2026-09-12T03:59:07.800747+00:00,201,62.29,
2026-09-12T03:59:07.811929+00:00,201,67.58,
2026-09-12T03:59:07.823690+00:00,201,59.11,
2026-09-12T03:59:07.834359+00:00,201,60.81,
2026-09-12T03:59:07.856820+00:00,201,61.18,
2026-09-12T03:59:07.845604+00:00,201,81.44,
2026-09-12T03:59:07.879559+00:00,201,60.92,
2026-09-12T03:59:07.868147+00:00,201,75.92,
2026-09-12T03:59:07.890521+00:00,201,63.72,
2026-09-12T03:59:07.901374+00:00,201,61.58,
2026-09-12T03:59:07.923516+00:00,201,58.85,
2026-09-12T03:59:07.912730+00:00,201,77.23,
2026-09-12T03:59:07.934834+00:00,201,59.97,
2026-09-12T03:59:07.945965+00:00,201,59.19,
2026-09-12T03:59:07.956689+00:00,201,64.34,
2026-09-12T03:59:07.968598+00:00,201,74.65,
2026-09-12T03:59:07.979969+00:00,201,65.64,
2026-09-12T03:59:07.989727+00:00,201,62.0,
2026-09-12T03:59:08.001834+00:00,201,61.9,
2026-09-12T03:59:08.012276+00:00,201,57.98,
2026-09-12T03:59:08.034967+00:00,201,59.13,
2026-09-12T03:59:08.023541+00:00,201,82.47,
2026-09-12T03:59:08.057053+00:00,201,61.58,
2026-09-12T03:59:08.047405+00:00,201,74.64,
2026-09-12T03:59:08.067998+00:00,201,61.91,
2026-09-12T03:59:08.078717+00:00,201,62.89,
2026-09-12T03:59:08.089923+00:00,201,61.33,
2026-09-12T03:59:08.101297+00:00,201,57.22,
2026-09-12T03:59:08.112718+00:00,201,59.23,
2026-09-12T03:59:08.123831+00:00,201,59.34,
2026-09-12T03:59:08.135429+00:00,201,58.58,
2026-09-12T03:59:08.146525+00:00,201,57.68,
2026-09-12T03:59:08.168833+00:00,201,55.9,
2026-09-12T03:59:08.157566+00:00,201,70.4,
2026-09-12T03:59:08.178709+00:00,201,59.1,
2026-09-12T03:59:08.190001+00:00,201,57.49,
2026-09-12T03:59:08.201383+00:00,201,56.38,
2026-09-12T03:59:08.212744+00:00,201,57.48,
2026-09-12T03:59:08.224511+00:00,201,57.34,
2026-09-12T03:59:08.246614+00:00,201,57.95,
2026-09-12T03:59:08.234007+00:00,201,71.75,
2026-09-12T03:59:08.256262+00:00,201,57.64,
2026-09-12T03:59:08.269106+00:00,201,58.64,
2026-09-12T03:59:08.279309+00:00,201,59.68,
2026-09-12T03:59:08.290564+00:00,201,59.58,
2026-09-12T03:59:08.301826+00:00,201,60.82,
2026-09-12T03:59:08.313011+00:00,201,58.07,
2026-09-12T03:59:08.324334+00:00,201,57.75,
2026-09-12T03:59:08.335563+00:00,201,54.44,
2026-09-12T03:59:08.345416+00:00,201,57.94,
2026-09-12T03:59:08.356870+00:00,201,54.78,
2026-09-12T03:59:08.368190+00:00,201,55.39,
2026-09-12T03:59:08.379291+00:00,201,54.22,
2026-09-12T03:59:08.390119+00:00,201,55.23,
2026-09-12T03:59:08.401569+00:00,201,52.5,
2026-09-12T03:59:08.412870+00:00,201,60.11,
2026-09-12T03:59:08.424320+00:00,201,68.36,
2026-09-12T03:59:08.446556+00:00,201,53.63,
2026-09-12T03:59:08.435487+00:00,201,77.14,
2026-09-12T03:59:08.457640+00:00,201,56.49,
2026-09-12T03:59:08.467364+00:00,201,54.37,
2026-09-12T03:59:08.490065+00:00,201,59.19,
2026-09-12T03:59:08.501658+00:00,201,54.69,
2026-09-12T03:59:08.479891+00:00,201,77.9,
2026-09-12T03:59:08.512995+00:00,201,56.21,
2026-09-12T03:59:08.523763+00:00,201,56.13,
2026-09-12T03:59:08.534867+00:00,201,55.48,
2026-09-12T03:59:08.546241+00:00,201,58.0,
2026-09-12T03:59:08.556793+00:00,201,58.19,
2026-09-12T03:59:08.567856+00:00,201,61.04,
2026-09-12T03:59:08.579151+00:00,201,59.05,
2026-09-12T03:59:08.590500+00:00,201,61.7,
2026-09-12T03:59:08.601578+00:00,201,57.89,
2026-09-12T03:59:08.612554+00:00,201,57.31,
2026-09-12T03:59:08.623359+00:00,201,57.93,
2026-09-12T03:59:08.634757+00:00,201,55.7,
2026-09-12T03:59:08.645456+00:00,201,59.71,
2026-09-12T03:59:08.656756+00:00,201,58.36,
2026-09-12T03:59:08.667830+00:00,201,54.81,
2026-09-12T03:59:08.678698+00:00,201,56.97,
2026-09-12T03:59:08.690672+00:00,201,53.51,
2026-09-12T03:59:08.702403+00:00,201,54.65,
2026-09-12T03:59:08.712780+00:00,201,56.12,
2026-09-12T03:59:08.723708+00:00,201,57.46,
2026-09-12T03:59:08.734783+00:00,201,56.22,
2026-09-12T03:59:08.746220+00:00,201,55.15,
2026-09-12T03:59:08.757563+00:00,201,58.21,
2026-09-12T03:59:08.767951+00:00,201,59.53,
2026-09-12T03:59:08.779099+00:00,201,59.53,
2026-09-12T03:59:08.790226+00:00,201,58.23,
2026-09-12T03:59:08.801765+00:00,201,61.86,
2026-09-12T03:59:08.813018+00:00,201,62.55,
2026-09-12T03:59:08.824177+00:00,201,66.28,
2026-09-12T03:59:08.845191+00:00,201,68.52,
2026-09-12T03:59:08.835557+00:00,201,94.4,
2026-09-12T03:59:08.867987+00:00,201,65.94,
2026-09-12T03:59:08.856963+00:00,201,88.77,
2026-09-12T03:59:08.879392+00:00,201,67.12,
2026-09-12T03:59:08.890450+00:00,201,64.51,
2026-09-12T03:59:08.901450+00:00,201,62.52,
2026-09-12T03:59:08.912027+00:00,201,64.96,
2026-09-12T03:59:08.923520+00:00,201,59.63,
2026-09-12T03:59:08.934709+00:00,201,58.62,
2026-09-12T03:59:08.946481+00:00,201,58.42,
2026-09-12T03:59:08.956968+00:00,201,59.91,
2026-09-12T03:59:08.968189+00:00,201,59.24,
2026-09-12T03:59:08.979373+00:00,201,59.19,
2026-09-12T03:59:08.990564+00:00,201,58.77,
2026-09-12T03:59:09.001752+00:00,201,58.66,
2026-09-12T03:59:09.023513+00:00,201,56.57,
2026-09-12T03:59:09.034687+00:00,201,55.03,
2026-09-12T03:59:09.012555+00:00,201,80.67,
2026-09-12T03:59:09.045751+00:00,201,58.71,
2026-09-12T03:59:09.056768+00:00,201,72.44,
2026-09-12T03:59:09.079029+00:00,201,60.97,
2026-09-12T03:59:09.068336+00:00,201,71.89,
2026-09-12T03:59:09.090294+00:00,201,61.46,
2026-09-12T03:59:09.101372+00:00,201,58.22,
2026-09-12T03:59:09.113049+00:00,201,58.21,
2026-09-12T03:59:09.124202+00:00,201,55.09,
2026-09-12T03:59:09.134017+00:00,201,69.8,
2026-09-12T03:59:09.156994+00:00,201,58.38,
2026-09-12T03:59:09.145798+00:00,201,76.92,
2026-09-12T03:59:09.168148+00:00,201,60.22,
2026-09-12T03:59:09.179555+00:00,201,63.26,
2026-09-12T03:59:09.190463+00:00,201,62.18,
2026-09-12T03:59:09.201613+00:00,201,61.44,
2026-09-12T03:59:09.212732+00:00,201,58.47,
2026-09-12T03:59:09.224231+00:00,201,56.59,
2026-09-12T03:59:09.234866+00:00,201,57.51,
2026-09-12T03:59:09.246530+00:00,201,57.66,
2026-09-12T03:59:09.257771+00:00,201,58.29,
2026-09-12T03:59:09.268902+00:00,201,59.29,
2026-09-12T03:59:09.278298+00:00,201,58.72,
2026-09-12T03:59:09.290072+00:00,201,59.08,
2026-09-12T03:59:09.313228+00:00,201,55.48,
2026-09-12T03:59:09.301871+00:00,201,74.35,
2026-09-12T03:59:09.323016+00:00,201,55.31,
2026-09-12T03:59:09.335530+00:00,201,56.51,
2026-09-12T03:59:09.356420+00:00,201,56.29,
2026-09-12T03:59:09.345228+00:00,201,78.87,
2026-09-12T03:59:09.368437+00:00,201,57.77,
2026-09-12T03:59:09.379821+00:00,201,56.62,
2026-09-12T03:59:09.389546+00:00,201,61.46,
2026-09-12T03:59:09.400704+00:00,201,58.86,
2026-09-12T03:59:09.411875+00:00,201,61.56,
2026-09-12T03:59:09.424096+00:00,201,60.08,
2026-09-12T03:59:09.434109+00:00,201,58.87,
2026-09-12T03:59:09.445600+00:00,201,59.01,
2026-09-12T03:59:09.457333+00:00,201,58.88,
2026-09-12T03:59:09.479905+00:00,201,52.63,
2026-09-12T03:59:09.467348+00:00,201,68.08,
2026-09-12T03:59:09.491054+00:00,201,53.38,
2026-09-12T03:59:09.502065+00:00,201,53.48,
2026-09-12T03:59:09.512016+00:00,201,65.59,
2026-09-12T03:59:09.534628+00:00,201,49.55,
2026-09-12T03:59:09.545692+00:00,201,51.16,
2026-09-12T03:59:09.523245+00:00,201,73.75,
2026-09-12T03:59:09.556753+00:00,201,69.85,
2026-09-12T03:59:09.579422+00:00,201,56.39,
2026-09-12T03:59:09.567904+00:00,201,78.61,
2026-09-12T03:59:09.590886+00:00,201,58.81,
2026-09-12T03:59:09.600740+00:00,201,59.55,
2026-09-12T03:59:09.611964+00:00,201,58.79,
2026-09-12T03:59:09.623472+00:00,201,60.25,
2026-09-12T03:59:09.634958+00:00,201,58.82,
2026-09-12T03:59:09.646337+00:00,201,59.46,
2026-09-12T03:59:09.657278+00:00,201,58.16,
2026-09-12T03:59:09.668377+00:00,201,57.66,
2026-09-12T03:59:09.679471+00:00,201,57.96,
2026-09-12T03:59:09.690477+00:00,201,58.48,
2026-09-12T03:59:09.700685+00:00,201,53.35,
2026-09-12T03:59:09.711866+00:00,201,52.92,
2026-09-12T03:59:09.735306+00:00,201,53.54,
2026-09-12T03:59:09.723758+00:00,201,75.84,
2026-09-12T03:59:09.746545+00:00,201,56.98,
2026-09-12T03:59:09.756683+00:00,201,52.47,
2026-09-12T03:59:09.767603+00:00,201,60.66,
2026-09-12T03:59:09.778694+00:00,201,61.24,
2026-09-12T03:59:09.790355+00:00,201,60.94,
2026-09-12T03:59:09.800623+00:00,201,58.76,
2026-09-12T03:59:09.812172+00:00,201,56.75,
2026-09-12T03:59:09.834674+00:00,201,55.11,
2026-09-12T03:59:09.823262+00:00,201,71.66,
2026-09-12T03:59:09.845888+00:00,201,53.79,
2026-09-12T03:59:09.856920+00:00,201,56.81,
2026-09-12T03:59:09.879259+00:00,201,54.19,
2026-09-12T03:59:09.868370+00:00,201,72.91,
2026-09-12T03:59:09.890351+00:00,201,53.75,
2026-09-12T03:59:09.913449+00:00,201,53.05,
2026-09-12T03:59:09.901504+00:00,201,72.92,
2026-09-12T03:59:09.924316+00:00,201,53.06,
2026-09-12T03:59:09.935574+00:00,201,51.46,
2026-09-12T03:59:09.957650+00:00,201,53.85,
2026-09-12T03:59:09.945434+00:00,201,76.58,
2026-09-12T03:59:09.968552+00:00,201,57.35,
2026-09-12T03:59:09.979992+00:00,201,58.19,
2026-09-12T03:59:09.989655+00:00,201,58.6,
2026-09-12T03:59:10.000783+00:00,201,61.93,
2026-09-12T03:59:10.013242+00:00,201,55.4,
2026-09-12T03:59:10.023033+00:00,201,57.3,
2026-09-12T03:59:10.045632+00:00,201,55.32,
2026-09-12T03:59:10.034572+00:00,201,66.86,
2026-09-12T03:59:10.056857+00:00,201,55.2,
2026-09-12T03:59:10.067812+00:00,201,55.29,
2026-09-12T03:59:10.078703+00:00,201,56.08,
2026-09-12T03:59:10.090678+00:00,201,55.36,
2026-09-12T03:59:10.112799+00:00,201,56.68,
2026-09-12T03:59:10.124131+00:00,201,56.48,
2026-09-12T03:59:10.101814+00:00,201,81.91,
2026-09-12T03:59:10.135549+00:00,201,57.8,
2026-09-12T03:59:10.146616+00:00,201,59.06,
2026-09-12T03:59:10.157674+00:00,201,58.15,
2026-09-12T03:59:10.168568+00:00,201,59.7,
2026-09-12T03:59:10.180592+00:00,201,54.32,
2026-09-12T03:59:10.189989+00:00,201,53.35,
2026-09-12T03:59:10.200816+00:00,201,75.77,
2026-09-12T03:59:10.223421+00:00,201,56.82,
2026-09-12T03:59:10.235004+00:00,201,55.71,
2026-09-12T03:59:10.212032+00:00,201,79.49,
2026-09-12T03:59:10.245593+00:00,201,56.55,
2026-09-12T03:59:10.256942+00:00,201,59.33,
2026-09-12T03:59:10.267955+00:00,201,56.16,
2026-09-12T03:59:10.279291+00:00,201,55.45,
2026-09-12T03:59:10.290778+00:00,201,58.35,
2026-09-12T03:59:10.312612+00:00,201,53.63,
2026-09-12T03:59:10.301615+00:00,201,65.38,
2026-09-12T03:59:10.334818+00:00,201,54.38,
2026-09-12T03:59:10.345625+00:00,201,55.33,
2026-09-12T03:59:10.324248+00:00,201,77.69,
2026-09-12T03:59:10.356845+00:00,201,52.89,
2026-09-12T03:59:10.368103+00:00,201,52.97,
2026-09-12T03:59:10.379458+00:00,201,67.12,
2026-09-12T03:59:10.401600+00:00,201,54.44,
2026-09-12T03:59:10.389798+00:00,201,75.9,
2026-09-12T03:59:10.412799+00:00,201,56.01,
2026-09-12T03:59:10.423818+00:00,201,58.56,
2026-09-12T03:59:10.434611+00:00,201,57.63,
2026-09-12T03:59:10.445586+00:00,201,56.93,
2026-09-12T03:59:10.456745+00:00,201,53.98,
2026-09-12T03:59:10.467813+00:00,201,55.55,
2026-09-12T03:59:10.479859+00:00,201,54.29,
2026-09-12T03:59:10.491316+00:00,201,54.11,
2026-09-12T03:59:10.500827+00:00,201,54.92,
2026-09-12T03:59:10.523839+00:00,201,55.47,
2026-09-12T03:59:10.535294+00:00,201,53.12,
2026-09-12T03:59:10.512272+00:00,201,79.26,
2026-09-12T03:59:10.545377+00:00,201,61.05,
2026-09-12T03:59:10.556319+00:00,201,54.74,
2026-09-12T03:59:10.567388+00:00,201,58.86,
2026-09-12T03:59:10.579171+00:00,201,56.68,
2026-09-12T03:59:10.589916+00:00,201,58.18,
2026-09-12T03:59:10.601709+00:00,201,53.26,
2026-09-12T03:59:10.612934+00:00,201,55.36,
2026-09-12T03:59:10.623927+00:00,201,58.29,
2026-09-12T03:59:10.634388+00:00,201,54.87,
2026-09-12T03:59:10.645634+00:00,201,53.97,
2026-09-12T03:59:10.657156+00:00,201,50.3,
2026-09-12T03:59:10.668378+00:00,201,53.36,
2026-09-12T03:59:10.689578+00:00,201,53.1,
2026-09-12T03:59:10.680286+00:00,201,67.99,
2026-09-12T03:59:10.700968+00:00,201,53.32,
2026-09-12T03:59:10.712091+00:00,201,66.54,
2026-09-12T03:59:10.723273+00:00,201,59.29,
2026-09-12T03:59:10.734817+00:00,201,53.65,
2026-09-12T03:59:10.746307+00:00,201,53.35,
2026-09-12T03:59:10.757806+00:00,201,56.99,
2026-09-12T03:59:10.768124+00:00,201,55.97,
2026-09-12T03:59:10.779152+00:00,201,54.38,
2026-09-12T03:59:10.790424+00:00,201,56.58,
2026-09-12T03:59:10.801559+00:00,201,55.17,
2026-09-12T03:59:10.812572+00:00,201,57.22,
2026-09-12T03:59:10.823587+00:00,201,56.03,
2026-09-12T03:59:10.835633+00:00,201,53.9,
2026-09-12T03:59:10.846088+00:00,201,56.13,
2026-09-12T03:59:10.856442+00:00,201,53.63,
2026-09-12T03:59:10.867517+00:00,201,56.74,
2026-09-12T03:59:10.878791+00:00,201,56.69,
2026-09-12T03:59:10.890188+00:00,201,57.48,
2026-09-12T03:59:10.901377+00:00,201,54.65,
2026-09-12T03:59:10.912582+00:00,201,56.22,
2026-09-12T03:59:10.924286+00:00,201,57.97,
2026-09-12T03:59:10.935214+00:00,201,55.99,
2026-09-12T03:59:10.945762+00:00,201,60.49,
2026-09-12T03:59:10.956587+00:00,201,67.75,
2026-09-12T03:59:10.967883+00:00,201,80.32,
2026-09-12T03:59:10.979189+00:00,201,88.13,
2026-09-12T03:59:10.990824+00:00,201,82.04,
2026-09-12T03:59:11.001534+00:00,201,82.44,
2026-09-12T03:59:11.012865+00:00,201,80.92,
2026-09-12T03:59:11.023311+00:00,201,82.96,
2026-09-12T03:59:11.035114+00:00,201,74.37,
2026-09-12T03:59:11.045618+00:00,201,81.46,
2026-09-12T03:59:11.057079+00:00,201,73.74,
2026-09-12T03:59:11.068819+00:00,201,78.44,
2026-09-12T03:59:11.079009+00:00,201,77.61,
2026-09-12T03:59:11.089777+00:00,201,84.73,
2026-09-12T03:59:11.101133+00:00,201,91.87,
2026-09-12T03:59:11.113182+00:00,201,92.1,
2026-09-12T03:59:11.124309+00:00,201,103.31,
2026-09-12T03:59:11.135471+00:00,201,102.96,
2026-09-12T03:59:11.146926+00:00,201,111.39,
2026-09-12T03:59:11.157055+00:00,201,115.24,
2026-09-12T03:59:11.167926+00:00,201,120.76,
2026-09-12T03:59:11.189902+00:00,201,139.02,
2026-09-12T03:59:11.179808+00:00,201,153.01,
2026-09-12T03:59:11.200691+00:00,201,139.55,
2026-09-12T03:59:11.212350+00:00,201,139.89,
2026-09-12T03:59:11.224313+00:00,201,140.01,
2026-09-12T03:59:11.235201+00:00,201,135.32,
2026-09-12T03:59:11.245833+00:00,201,133.15,
2026-09-12T03:59:11.257031+00:00,201,134.15,
2026-09-12T03:59:11.268946+00:00,201,131.15,
2026-09-12T03:59:11.279827+00:00,201,123.72,
2026-09-12T03:59:11.290743+00:00,201,126.14,
2026-09-12T03:59:11.312374+00:00,201,119.66,
2026-09-12T03:59:11.301206+00:00,201,132.13,
2026-09-12T03:59:11.334999+00:00,201,115.67,
2026-09-12T03:59:11.323462+00:00,201,136.7,
2026-09-12T03:59:11.345818+00:00,201,120.3,
2026-09-12T03:59:11.357260+00:00,201,111.65,
2026-09-12T03:59:11.368530+00:00,201,113.25,
2026-09-12T03:59:11.380089+00:00,201,108.1,
2026-09-12T03:59:11.390958+00:00,201,103.26,
2026-09-12T03:59:11.401205+00:00,201,103.98,
2026-09-12T03:59:11.412697+00:00,201,100.74,
2026-09-12T03:59:11.423412+00:00,201,95.74,
2026-09-12T03:59:11.445784+00:00,201,99.04,
2026-09-12T03:59:11.434394+00:00,201,113.99,
2026-09-12T03:59:11.457087+00:00,201,96.54,
2026-09-12T03:59:11.468343+00:00,201,88.8,
2026-09-12T03:59:11.479566+00:00,201,92.28,
2026-09-12T03:59:11.490236+00:00,201,90.88,
2026-09-12T03:59:11.501160+00:00,201,89.82,
2026-09-12T03:59:11.513454+00:00,201,90.89,
2026-09-12T03:59:11.523653+00:00,201,90.94,
2026-09-12T03:59:11.545810+00:00,201,87.71,
2026-09-12T03:59:11.534564+00:00,201,100.45,
2026-09-12T03:59:11.557430+00:00,201,89.85,
2026-09-12T03:59:11.567250+00:00,201,85.99,
2026-09-12T03:59:11.578791+00:00,201,88.52,
2026-09-12T03:59:11.590663+00:00,201,90.84,
2026-09-12T03:59:11.601046+00:00,201,87.99,
2026-09-12T03:59:11.612445+00:00,201,96.65,
2026-09-12T03:59:11.623940+00:00,201,102.61,
2026-09-12T03:59:11.634597+00:00,201,110.84,
2026-09-12T03:59:11.646612+00:00,201,110.28,
2026-09-12T03:59:11.656685+00:00,201,103.06,
2026-09-12T03:59:11.667483+00:00,201,104.58,
2026-09-12T03:59:11.678429+00:00,201,102.86,
2026-09-12T03:59:11.689562+00:00,201,103.0,
2026-09-12T03:59:11.701017+00:00,201,96.24,
2026-09-12T03:59:11.712486+00:00,201,91.91,
2026-09-12T03:59:11.723679+00:00,201,90.52,
2026-09-12T03:59:11.734720+00:00,201,90.47,
2026-09-12T03:59:11.745347+00:00,201,81.06,
2026-09-12T03:59:11.757754+00:00,201,80.83,
2026-09-12T03:59:11.768863+00:00,201,80.59,
2026-09-12T03:59:11.778469+00:00,201,77.47,
2026-09-12T03:59:11.789866+00:00,201,73.29,
2026-09-12T03:59:11.800962+00:00,201,74.51,
2026-09-12T03:59:11.813246+00:00,201,71.81,
2026-09-12T03:59:11.823102+00:00,201,68.54,
2026-09-12T03:59:11.835382+00:00,201,63.27,
2026-09-12T03:59:11.845298+00:00,201,64.15,
2026-09-12T03:59:11.857452+00:00,201,62.98,
2026-09-12T03:59:11.879452+00:00,201,70.66,
2026-09-12T03:59:11.867997+00:00,201,83.16,
2026-09-12T03:59:11.890616+00:00,201,63.49,
2026-09-12T03:59:11.912955+00:00,201,58.04,
2026-09-12T03:59:11.901747+00:00,201,84.27,
2026-09-12T03:59:11.935282+00:00,201,60.27,
2026-09-12T03:59:11.924102+00:00,201,80.64,
2026-09-12T03:59:11.946213+00:00,201,65.27,
2026-09-12T03:59:11.968126+00:00,201,63.42,
2026-09-12T03:59:11.957194+00:00,201,77.5,
2026-09-12T03:59:11.979433+00:00,201,64.82,
2026-09-12T03:59:11.990770+00:00,201,64.22,
2026-09-12T03:59:12.002200+00:00,201,65.29,
2026-09-12T03:59:12.013350+00:00,201,63.15,
2026-09-12T03:59:12.035523+00:00,201,58.71,
2026-09-12T03:59:12.023999+00:00,201,84.16,
2026-09-12T03:59:12.046034+00:00,201,84.27,
2026-09-12T03:59:12.056330+00:00,201,75.51,
2026-09-12T03:59:12.079607+00:00,201,65.16,
2026-09-12T03:59:12.067675+00:00,201,78.05,
2026-09-12T03:59:12.091047+00:00,201,64.95,
2026-09-12T03:59:12.100784+00:00,201,65.14,
2026-09-12T03:59:12.113302+00:00,201,61.81,
2026-09-12T03:59:12.124352+00:00,201,60.77,
2026-09-12T03:59:12.145658+00:00,201,55.61,
2026-09-12T03:59:12.134457+00:00,201,70.24,
2026-09-12T03:59:12.167405+00:00,201,69.92,
2026-09-12T03:59:12.178439+00:00,201,61.88,
2026-09-12T03:59:12.156736+00:00,201,84.45,
2026-09-12T03:59:12.190822+00:00,201,58.38,
2026-09-12T03:59:12.200654+00:00,201,56.18,
2026-09-12T03:59:12.213217+00:00,201,69.14,
2026-09-12T03:59:12.234282+00:00,201,55.69,
2026-09-12T03:59:12.222966+00:00,201,78.95,
2026-09-12T03:59:12.245975+00:00,201,61.18,
2026-09-12T03:59:12.257294+00:00,201,66.15,
2026-09-12T03:59:12.268178+00:00,201,70.58,
2026-09-12T03:59:12.279234+00:00,201,73.07,
2026-09-12T03:59:12.291032+00:00,201,73.66,
2026-09-12T03:59:12.301667+00:00,201,70.02,
2026-09-12T03:59:12.312567+00:00,201,68.97,
2026-09-12T03:59:12.323370+00:00,201,69.14,
2026-09-12T03:59:12.335109+00:00,201,66.18,
2026-09-12T03:59:12.345105+00:00,201,66.39,
2026-09-12T03:59:12.356288+00:00,201,63.8,
2026-09-12T03:59:12.368856+00:00,201,64.72,
2026-09-12T03:59:12.390759+00:00,201,64.31,
2026-09-12T03:59:12.378473+00:00,201,80.35,
2026-09-12T03:59:12.401890+00:00,201,65.11,
2026-09-12T03:59:12.413033+00:00,201,65.12,
2026-09-12T03:59:12.435221+00:00,201,74.1,
2026-09-12T03:59:12.423715+00:00,201,88.22,
2026-09-12T03:59:12.447799+00:00,201,66.35,
2026-09-12T03:59:12.457177+00:00,201,68.84,
2026-09-12T03:59:12.468776+00:00,201,71.91,
2026-09-12T03:59:12.478759+00:00,201,83.6,
2026-09-12T03:59:12.490218+00:00,201,75.51,
2026-09-12T03:59:12.501528+00:00,201,68.74,
2026-09-12T03:59:12.512843+00:00,201,73.62,
2026-09-12T03:59:12.523975+00:00,201,73.61,
2026-09-12T03:59:12.545109+00:00,201,77.01,
2026-09-12T03:59:12.535234+00:00,201,87.62,
2026-09-12T03:59:12.556616+00:00,201,68.23,
2026-09-12T03:59:12.567957+00:00,201,65.06,
2026-09-12T03:59:12.579493+00:00,201,61.47,
2026-09-12T03:59:12.590623+00:00,201,59.68,
2026-09-12T03:59:12.601781+00:00,201,66.82,
