timestamp_iso,status_code,latency_ms,error
2026-09-12T03:45:33.973528+00:00,201,73.14,
2026-09-12T03:45:33.994897+00:00,201,61.73,
2026-09-12T03:45:34.015571+00:00,201,72.09,
2026-09-12T03:45:34.055004+00:00,201,46.15,
2026-09-12T03:45:34.034237+00:00,201,79.97,
2026-09-12T03:45:34.074133+00:00,201,45.88,
2026-09-12T03:45:34.094910+00:00,201,42.87,
2026-09-12T03:45:34.114362+00:00,201,45.69,
2026-09-12T03:45:34.134343+00:00,201,42.17,
2026-09-12T03:45:34.155382+00:00,201,40.4,
2026-09-12T03:45:34.195367+00:00,201,49.35,
2026-09-12T03:45:34.174519+00:00,201,73.85,
2026-09-12T03:45:34.215376+00:00,201,45.78,
2026-09-12T03:45:34.234964+00:00,201,40.9,
2026-09-12T03:45:34.254097+00:00,201,40.13,
2026-09-12T03:45:34.295184+00:00,201,43.51,
2026-09-12T03:45:34.274408+00:00,201,66.6,
2026-09-12T03:45:34.313997+00:00,201,41.98,
2026-09-12T03:45:34.334797+00:00,201,39.85,
2026-09-12T03:45:34.355278+00:00,201,41.87,
2026-09-12T03:45:34.374700+00:00,201,40.26,
2026-09-12T03:45:34.394395+00:00,201,40.94,
2026-09-12T03:45:34.415306+00:00,201,42.87,
2026-09-12T03:45:34.435101+00:00,201,43.09,
2026-09-12T03:45:34.454486+00:00,201,50.96,
2026-09-12T03:45:34.474147+00:00,201,55.79,
2026-09-12T03:45:34.494226+00:00,201,48.48,
2026-09-12T03:45:34.515292+00:00,201,47.12,
2026-09-12T03:45:34.534932+00:00,201,47.35,
2026-09-12T03:45:34.554274+00:00,201,65.56,
2026-09-12T03:45:34.575379+00:00,201,78.8,
2026-09-12T03:45:34.595375+00:00,201,70.52,
2026-09-12T03:45:34.615373+00:00,201,54.71,
2026-09-12T03:45:34.634511+00:00,201,59.03,
2026-09-12T03:45:34.655001+00:00,201,77.92,
2026-09-12T03:45:34.674140+00:00,201,76.27,
2026-09-12T03:45:34.694539+00:00,201,71.32,
2026-09-12T03:45:34.714457+00:00,201,76.2,
2026-09-12T03:45:34.734269+00:00,201,71.48,
2026-09-12T03:45:34.754565+00:00,201,53.85,
2026-09-12T03:45:34.774192+00:00,201,59.31,
2026-09-12T03:45:34.793923+00:00,201,78.31,
2026-09-12T03:45:34.814809+00:00,201,76.81,
2026-09-12T03:45:34.835248+00:00,201,59.52,
2026-09-12T03:45:34.854472+00:00,201,64.94,
2026-09-12T03:45:34.874865+00:00,201,74.11,
2026-09-12T03:45:34.895096+00:00,201,67.8,
2026-09-12T03:45:34.914024+00:00,201,66.1,
2026-09-12T03:45:34.933965+00:00,201,47.74,
2026-09-12T03:45:34.954840+00:00,201,57.75,
2026-09-12T03:45:34.973970+00:00,201,68.87,
2026-09-12T03:45:34.995276+00:00,201,60.08,
2026-09-12T03:45:35.014257+00:00,201,58.0,
2026-09-12T03:45:35.034330+00:00,201,53.65,
2026-09-12T03:45:35.055298+00:00,201,88.44,
2026-09-12T03:45:35.074310+00:00,201,89.06,
2026-09-12T03:45:35.095266+00:00,201,74.27,
2026-09-12T03:45:35.113889+00:00,201,78.86,
2026-09-12T03:45:35.134486+00:00,201,73.65,
2026-09-12T03:45:35.155176+00:00,201,54.31,
2026-09-12T03:45:35.175350+00:00,201,52.58,
2026-09-12T03:45:35.195395+00:00,201,44.47,
2026-09-12T03:45:35.214686+00:00,201,43.17,
2026-09-12T03:45:35.235221+00:00,201,63.93,
2026-09-12T03:45:35.254492+00:00,201,45.26,
2026-09-12T03:45:35.275073+00:00,201,73.29,
2026-09-12T03:45:35.294439+00:00,201,65.57,
2026-09-12T03:45:35.313930+00:00,201,57.67,
2026-09-12T03:45:35.334624+00:00,201,43.63,
2026-09-12T03:45:35.353988+00:00,201,68.51,
2026-09-12T03:45:35.374255+00:00,201,48.77,
2026-09-12T03:45:35.394261+00:00,201,54.31,
2026-09-12T03:45:35.414801+00:00,201,42.56,
2026-09-12T03:45:35.455006+00:00,201,52.25,
2026-09-12T03:45:35.434191+00:00,201,73.27,
2026-09-12T03:45:35.475025+00:00,201,50.0,
2026-09-12T03:45:35.495400+00:00,201,69.69,
2026-09-12T03:45:35.514216+00:00,201,62.02,
2026-09-12T03:45:35.533881+00:00,201,59.1,
2026-09-12T03:45:35.554449+00:00,201,66.19,
2026-09-12T03:45:35.575429+00:00,201,60.06,
2026-09-12T03:45:35.594331+00:00,201,62.66,
2026-09-12T03:45:35.614961+00:00,201,64.8,
2026-09-12T03:45:35.655193+00:00,201,47.28,
2026-09-12T03:45:35.634545+00:00,201,70.95,
2026-09-12T03:45:35.674453+00:00,201,48.17,
2026-09-12T03:45:35.695338+00:00,201,59.02,
2026-09-12T03:45:35.734848+00:00,201,42.49,
2026-09-12T03:45:35.714748+00:00,201,63.6,
2026-09-12T03:45:35.773933+00:00,201,40.74,
2026-09-12T03:45:35.755184+00:00,201,60.29,
2026-09-12T03:45:35.794911+00:00,201,45.56,
2026-09-12T03:45:35.815675+00:00,201,44.52,
2026-09-12T03:45:35.834027+00:00,201,55.31,
2026-09-12T03:45:35.853996+00:00,201,35.93,
2026-09-12T03:45:35.875212+00:00,201,65.18,
2026-09-12T03:45:35.894405+00:00,201,46.56,
2026-09-12T03:45:35.915326+00:00,201,41.6,
2026-09-12T03:45:35.954733+00:00,201,49.87,
2026-09-12T03:45:35.935480+00:00,201,69.24,
2026-09-12T03:45:35.975178+00:00,201,46.43,
2026-09-12T03:45:35.995282+00:00,201,54.26,
2026-09-12T03:45:36.035293+00:00,201,43.5,
2026-09-12T03:45:36.014548+00:00,201,69.49,
2026-09-12T03:45:36.055022+00:00,201,54.07,
2026-09-12T03:45:36.075403+00:00,201,39.83,
2026-09-12T03:45:36.095019+00:00,201,70.72,
2026-09-12T03:45:36.114532+00:00,201,61.37,
2026-09-12T03:45:36.135310+00:00,201,75.53,
2026-09-12T03:45:36.154541+00:00,201,68.39,
2026-09-12T03:45:36.175001+00:00,201,47.37,
2026-09-12T03:45:36.194962+00:00,201,45.83,
2026-09-12T03:45:36.215234+00:00,201,59.88,
2026-09-12T03:45:36.234421+00:00,201,72.05,
2026-09-12T03:45:36.255108+00:00,201,56.98,
2026-09-12T03:45:36.295204+00:00,201,63.29,
2026-09-12T03:45:36.274036+00:00,201,86.05,
2026-09-12T03:45:36.334444+00:00,201,52.32,
2026-09-12T03:45:36.313920+00:00,201,73.88,
2026-09-12T03:45:36.355497+00:00,201,53.98,
2026-09-12T03:45:36.375392+00:00,201,75.46,
2026-09-12T03:45:36.395237+00:00,201,68.12,
2026-09-12T03:45:36.434783+00:00,201,46.37,
2026-09-12T03:45:36.415171+00:00,201,66.01,
2026-09-12T03:45:36.454232+00:00,201,43.44,
2026-09-12T03:45:36.474392+00:00,201,44.54,
2026-09-12T03:45:36.494981+00:00,201,41.95,
2026-09-12T03:45:36.514172+00:00,201,78.75,
2026-09-12T03:45:36.534527+00:00,201,64.51,
2026-09-12T03:45:36.554158+00:00,201,57.06,
2026-09-12T03:45:36.575223+00:00,201,48.27,
2026-09-12T03:45:36.594221+00:00,201,44.09,
2026-09-12T03:45:36.614668+00:00,201,56.14,
2026-09-12T03:45:36.633986+00:00,201,76.02,
2026-09-12T03:45:36.655285+00:00,201,64.84,
2026-09-12T03:45:36.674711+00:00,201,60.43,
2026-09-12T03:45:36.693930+00:00,201,46.38,
2026-09-12T03:45:36.714168+00:00,201,40.96,
2026-09-12T03:45:36.734596+00:00,201,46.24,
2026-09-12T03:45:36.755342+00:00,201,56.13,
2026-09-12T03:45:36.774663+00:00,201,76.3,
2026-09-12T03:45:36.795489+00:00,201,66.56,
2026-09-12T03:45:36.815358+00:00,201,48.73,
2026-09-12T03:45:36.835302+00:00,201,55.0,
2026-09-12T03:45:36.854905+00:00,201,52.73,
2026-09-12T03:45:36.874630+00:00,201,41.85,
2026-09-12T03:45:36.894967+00:00,201,40.82,
2026-09-12T03:45:36.914489+00:00,201,56.76,
2026-09-12T03:45:36.935130+00:00,201,39.05,
2026-09-12T03:45:36.955035+00:00,201,37.68,
2026-09-12T03:45:36.974186+00:00,201,46.58,
2026-09-12T03:45:36.994013+00:00,201,43.39,
2026-09-12T03:45:37.014521+00:00,201,43.16,
2026-09-12T03:45:37.035305+00:00,201,42.82,
2026-09-12T03:45:37.055067+00:00,201,42.94,
2026-09-12T03:45:37.074050+00:00,201,41.08,
2026-09-12T03:45:37.094560+00:00,201,40.85,
2026-09-12T03:45:37.115289+00:00,201,39.92,
2026-09-12T03:45:37.135171+00:00,201,44.67,
2026-09-12T03:45:37.154109+00:00,201,40.04,
2026-09-12T03:45:37.174978+00:00,201,40.33,
2026-09-12T03:45:37.194526+00:00,201,64.23,
2026-09-12T03:45:37.214650+00:00,201,57.81,
2026-09-12T03:45:37.254354+00:00,201,42.14,
2026-09-12T03:45:37.235239+00:00,201,68.95,
2026-09-12T03:45:37.274023+00:00,201,42.95,
2026-09-12T03:45:37.294117+00:00,201,41.85,
2026-09-12T03:45:37.314803+00:00,201,43.54,
2026-09-12T03:45:37.334015+00:00,201,44.02,
2026-09-12T03:45:37.375262+00:00,201,43.56,
2026-09-12T03:45:37.354891+00:00,201,64.26,
2026-09-12T03:45:37.395001+00:00,201,40.8,
2026-09-12T03:45:37.434273+00:00,201,49.75,
2026-09-12T03:45:37.413959+00:00,201,70.44,
2026-09-12T03:45:37.454604+00:00,201,46.53,
2026-09-12T03:45:37.474012+00:00,201,41.99,
2026-09-12T03:45:37.495010+00:00,201,40.53,
2026-09-12T03:45:37.514086+00:00,201,42.25,
2026-09-12T03:45:37.535795+00:00,201,79.62,
2026-09-12T03:45:37.555130+00:00,201,70.83,
2026-09-12T03:45:37.575717+00:00,201,67.12,
2026-09-12T03:45:37.594928+00:00,201,48.31,
2026-09-12T03:45:37.614457+00:00,201,43.42,
2026-09-12T03:45:37.655408+00:00,201,53.06,
2026-09-12T03:45:37.634901+00:00,201,73.73,
2026-09-12T03:45:37.675353+00:00,201,59.7,
2026-09-12T03:45:37.693845+00:00,201,48.86,
2026-09-12T03:45:37.714749+00:00,201,49.61,
2026-09-12T03:45:37.735339+00:00,201,46.27,
2026-09-12T03:45:37.774350+00:00,201,46.47,
2026-09-12T03:45:37.754716+00:00,201,66.96,
2026-09-12T03:45:37.794728+00:00,201,72.32,
2026-09-12T03:45:37.814184+00:00,201,63.95,
2026-09-12T03:45:37.834572+00:00,201,58.3,
2026-09-12T03:45:37.874157+00:00,201,41.12,
2026-09-12T03:45:37.855382+00:00,201,63.82,
2026-09-12T03:45:37.915923+00:00,201,40.28,
2026-09-12T03:45:37.894036+00:00,201,62.82,
2026-09-12T03:45:37.935284+00:00,201,75.37,
2026-09-12T03:45:37.954616+00:00,201,56.58,
2026-09-12T03:45:37.974451+00:00,201,50.08,
2026-09-12T03:45:37.994625+00:00,201,96.78,
2026-09-12T03:45:38.014684+00:00,201,89.56,
2026-09-12T03:45:38.034588+00:00,201,84.4,
2026-09-12T03:45:38.054548+00:00,201,65.09,
2026-09-12T03:45:38.074647+00:00,201,72.77,
2026-09-12T03:45:38.095414+00:00,201,67.75,
2026-09-12T03:45:38.114836+00:00,201,61.59,
2026-09-12T03:45:38.134183+00:00,201,58.02,
2026-09-12T03:45:38.174556+00:00,201,42.83,
2026-09-12T03:45:38.155011+00:00,201,63.46,
2026-09-12T03:45:38.214991+00:00,201,42.72,
2026-09-12T03:45:38.194534+00:00,201,64.53,
2026-09-12T03:45:38.234609+00:00,201,42.39,
2026-09-12T03:45:38.253980+00:00,201,44.24,
2026-09-12T03:45:38.274573+00:00,201,45.74,
2026-09-12T03:45:38.294803+00:00,201,42.75,
2026-09-12T03:45:38.314061+00:00,201,39.68,
2026-09-12T03:45:38.334197+00:00,201,41.8,
2026-09-12T03:45:38.355370+00:00,201,39.73,
2026-09-12T03:45:38.374230+00:00,201,39.82,
2026-09-12T03:45:38.394317+00:00,201,72.31,
2026-09-12T03:45:38.415162+00:00,201,60.31,
2026-09-12T03:45:38.435136+00:00,201,46.04,
2026-09-12T03:45:38.454262+00:00,201,43.8,
2026-09-12T03:45:38.475505+00:00,201,44.71,
2026-09-12T03:45:38.495435+00:00,201,43.15,
2026-09-12T03:45:38.514867+00:00,201,43.71,
2026-09-12T03:45:38.534060+00:00,201,78.63,
2026-09-12T03:45:38.555250+00:00,201,66.14,
2026-09-12T03:45:38.575102+00:00,201,46.99,
2026-09-12T03:45:38.594180+00:00,201,42.68,
2026-09-12T03:45:38.614747+00:00,201,68.2,
2026-09-12T03:45:38.635120+00:00,201,50.63,
2026-09-12T03:45:38.654790+00:00,201,44.19,
2026-09-12T03:45:38.675115+00:00,201,42.26,
2026-09-12T03:45:38.695028+00:00,201,40.8,
2026-09-12T03:45:38.715419+00:00,201,41.75,
2026-09-12T03:45:38.735071+00:00,201,44.05,
2026-09-12T03:45:38.755124+00:00,201,40.47,
2026-09-12T03:45:38.774249+00:00,201,70.01,
2026-09-12T03:45:38.795924+00:00,201,59.05,
2026-09-12T03:45:38.814546+00:00,201,44.44,
2026-09-12T03:45:38.834593+00:00,201,65.66,
2026-09-12T03:45:38.854937+00:00,201,45.83,
2026-09-12T03:45:38.875237+00:00,201,43.29,
2026-09-12T03:45:38.895113+00:00,201,73.3,
2026-09-12T03:45:38.914067+00:00,201,65.08,
2026-09-12T03:45:38.934004+00:00,201,61.51,
2026-09-12T03:45:38.954057+00:00,201,44.3,
2026-09-12T03:45:38.975590+00:00,201,45.61,
2026-09-12T03:45:38.994285+00:00,201,43.36,
2026-09-12T03:45:39.014750+00:00,201,42.62,
2026-09-12T03:45:39.035464+00:00,201,39.97,
2026-09-12T03:45:39.054907+00:00,201,42.1,
2026-09-12T03:45:39.075340+00:00,201,42.16,
2026-09-12T03:45:39.094277+00:00,201,41.16,
2026-09-12T03:45:39.114964+00:00,201,37.99,
2026-09-12T03:45:39.134025+00:00,201,43.3,
2026-09-12T03:45:39.154902+00:00,201,40.59,
2026-09-12T03:45:39.175053+00:00,201,56.88,
2026-09-12T03:45:39.195185+00:00,201,42.29,
2026-09-12T03:45:39.214318+00:00,201,40.36,
2026-09-12T03:45:39.235132+00:00,201,40.47,
2026-09-12T03:45:39.254011+00:00,201,63.3,
2026-09-12T03:45:39.295222+00:00,201,40.72,
2026-09-12T03:45:39.275864+00:00,201,65.01,
2026-09-12T03:45:39.315183+00:00,201,64.95,
2026-09-12T03:45:39.334697+00:00,201,57.3,
2026-09-12T03:45:39.353872+00:00,201,43.66,
2026-09-12T03:45:39.374440+00:00,201,39.74,
2026-09-12T03:45:39.394367+00:00,201,42.77,
2026-09-12T03:45:39.415121+00:00,201,58.71,
2026-09-12T03:45:39.434249+00:00,201,40.55,
2026-09-12T03:45:39.455485+00:00,201,45.41,
2026-09-12T03:45:39.475258+00:00,201,43.24,
2026-09-12T03:45:39.494549+00:00,201,40.13,
2026-09-12T03:45:39.515266+00:00,201,44.89,
2026-09-12T03:45:39.555405+00:00,201,51.77,
2026-09-12T03:45:39.534794+00:00,201,74.0,
2026-09-12T03:45:39.574929+00:00,201,74.43,
2026-09-12T03:45:39.594618+00:00,201,66.76,
2026-09-12T03:45:39.614581+00:00,201,63.16,
2026-09-12T03:45:39.634438+00:00,201,56.62,
2026-09-12T03:45:39.655305+00:00,201,52.84,
2026-09-12T03:45:39.674392+00:00,201,41.23,
2026-09-12T03:45:39.694866+00:00,201,41.31,
2026-09-12T03:45:39.715454+00:00,201,60.96,
2026-09-12T03:45:39.755297+00:00,201,56.14,
2026-09-12T03:45:39.734159+00:00,201,82.08,
2026-09-12T03:45:39.774353+00:00,201,65.8,
2026-09-12T03:45:39.794407+00:00,201,50.73,
2026-09-12T03:45:39.814378+00:00,201,54.87,
2026-09-12T03:45:39.835131+00:00,201,80.21,
2026-09-12T03:45:39.854008+00:00,201,84.41,
2026-09-12T03:45:39.874203+00:00,201,77.15,
2026-09-12T03:45:39.894890+00:00,201,65.62,
2026-09-12T03:45:39.915676+00:00,201,60.71,
2026-09-12T03:45:39.934517+00:00,201,52.03,
2026-09-12T03:45:39.955084+00:00,201,53.87,
2026-09-12T03:45:39.974141+00:00,201,71.55,
2026-09-12T03:45:39.994648+00:00,201,69.88,
2026-09-12T03:45:40.014576+00:00,201,56.07,
2026-09-12T03:45:40.034168+00:00,201,54.2,
2026-09-12T03:45:40.055105+00:00,201,65.2,
2026-09-12T03:45:40.074218+00:00,201,59.92,
2026-09-12T03:45:40.093679+00:00,201,54.67,
2026-09-12T03:45:40.114689+00:00,201,41.27,
2026-09-12T03:45:40.134141+00:00,201,43.59,
2026-09-12T03:45:40.154619+00:00,201,44.49,
2026-09-12T03:45:40.175313+00:00,201,58.18,
2026-09-12T03:45:40.194384+00:00,201,68.7,
2026-09-12T03:45:40.215310+00:00,201,61.95,
2026-09-12T03:45:40.233840+00:00,201,45.91,
2026-09-12T03:45:40.255133+00:00,201,41.19,
2026-09-12T03:45:40.274354+00:00,201,43.51,
2026-09-12T03:45:40.294594+00:00,201,42.6,
2026-09-12T03:45:40.315115+00:00,201,70.14,
2026-09-12T03:45:40.334125+00:00,201,51.43,
2026-09-12T03:45:40.354353+00:00,201,69.17,
2026-09-12T03:45:40.375370+00:00,201,61.19,
2026-09-12T03:45:40.394938+00:00,201,58.33,
2026-09-12T03:45:40.414232+00:00,201,43.14,
2026-09-12T03:45:40.434767+00:00,201,45.39,
2026-09-12T03:45:40.455377+00:00,201,58.91,
2026-09-12T03:45:40.474608+00:00,201,63.32,
2026-09-12T03:45:40.495487+00:00,201,57.73,
2026-09-12T03:45:40.514526+00:00,201,68.9,
2026-09-12T03:45:40.535123+00:00,201,53.17,
2026-09-12T03:45:40.555368+00:00,201,52.91,
2026-09-12T03:45:40.574627+00:00,201,52.17,
2026-09-12T03:45:40.594833+00:00,201,45.88,
2026-09-12T03:45:40.615134+00:00,201,43.58,
2026-09-12T03:45:40.634703+00:00,201,49.04,
2026-09-12T03:45:40.655490+00:00,201,47.54,
2026-09-12T03:45:40.675038+00:00,201,44.7,
2026-09-12T03:45:40.695287+00:00,201,73.22,
2026-09-12T03:45:40.715010+00:00,201,53.59,
2026-09-12T03:45:40.734438+00:00,201,44.64,
2026-09-12T03:45:40.754308+00:00,201,44.48,
2026-09-12T03:45:40.774076+00:00,201,42.21,
2026-09-12T03:45:40.794692+00:00,201,46.43,
2026-09-12T03:45:40.815364+00:00,201,49.27,
2026-09-12T03:45:40.834087+00:00,201,46.97,
2026-09-12T03:45:40.854480+00:00,201,54.22,
2026-09-12T03:45:40.875502+00:00,201,41.06,
2026-09-12T03:45:40.895125+00:00,201,42.37,
2026-09-12T03:45:40.914596+00:00,201,68.08,
2026-09-12T03:45:40.935102+00:00,201,52.07,
2026-09-12T03:45:40.954520+00:00,201,51.51,
2026-09-12T03:45:40.975237+00:00,201,68.25,
2026-09-12T03:45:40.995562+00:00,201,57.87,
2026-09-12T03:45:41.014094+00:00,201,58.46,
2026-09-12T03:45:41.034626+00:00,201,50.91,
2026-09-12T03:45:41.055038+00:00,201,60.25,
2026-09-12T03:45:41.074825+00:00,201,50.29,
2026-09-12T03:45:41.095367+00:00,201,56.35,
2026-09-12T03:45:41.114582+00:00,201,69.56,
2026-09-12T03:45:41.135823+00:00,201,50.43,
2026-09-12T03:45:41.175088+00:00,201,54.98,
2026-09-12T03:45:41.154330+00:00,201,76.58,
2026-09-12T03:45:41.194516+00:00,201,47.59,
2026-09-12T03:45:41.214418+00:00,201,52.95,
2026-09-12T03:45:41.235087+00:00,201,39.94,
2026-09-12T03:45:41.254219+00:00,201,70.73,
2026-09-12T03:45:41.274282+00:00,201,62.57,
2026-09-12T03:45:41.294163+00:00,201,69.32,
2026-09-12T03:45:41.334606+00:00,201,42.27,
2026-09-12T03:45:41.314976+00:00,201,65.14,
2026-09-12T03:45:41.354418+00:00,201,42.49,
2026-09-12T03:45:41.375172+00:00,201,42.46,
2026-09-12T03:45:41.395406+00:00,201,41.52,
2026-09-12T03:45:41.415016+00:00,201,43.89,
2026-09-12T03:45:41.434549+00:00,201,41.54,
2026-09-12T03:45:41.454123+00:00,201,41.08,
2026-09-12T03:45:41.474071+00:00,201,49.52,
2026-09-12T03:45:41.495259+00:00,201,49.75,
2026-09-12T03:45:41.513989+00:00,201,58.86,
2026-09-12T03:45:41.535336+00:00,201,44.45,
2026-09-12T03:45:41.554129+00:00,201,44.06,
2026-09-12T03:45:41.573963+00:00,201,74.17,
2026-09-12T03:45:41.594423+00:00,201,65.06,
2026-09-12T03:45:41.615337+00:00,201,49.42,
2026-09-12T03:45:41.635064+00:00,201,49.99,
2026-09-12T03:45:41.655192+00:00,201,45.02,
2026-09-12T03:45:41.675393+00:00,201,43.99,
2026-09-12T03:45:41.694145+00:00,201,41.06,
2026-09-12T03:45:41.714792+00:00,201,66.98,
2026-09-12T03:45:41.733997+00:00,201,48.34,
2026-09-12T03:45:41.755438+00:00,201,51.87,
2026-09-12T03:45:41.774450+00:00,201,41.74,
2026-09-12T03:45:41.795329+00:00,201,67.05,
2026-09-12T03:45:41.814912+00:00,201,56.18,
2026-09-12T03:45:41.834384+00:00,201,53.93,
2026-09-12T03:45:41.855293+00:00,201,73.05,
2026-09-12T03:45:41.874504+00:00,201,66.33,
2026-09-12T03:45:41.894716+00:00,201,47.07,
2026-09-12T03:45:41.914025+00:00,201,44.97,
2026-09-12T03:45:41.934197+00:00,201,42.02,
2026-09-12T03:45:41.955314+00:00,201,43.6,
2026-09-12T03:45:41.974582+00:00,201,45.3,
2026-09-12T03:45:41.994576+00:00,201,80.24,
2026-09-12T03:45:42.014970+00:00,201,60.02,
2026-09-12T03:45:42.035085+00:00,201,55.44,
2026-09-12T03:45:42.054708+00:00,201,47.88,
2026-09-12T03:45:42.075377+00:00,201,47.29,
2026-09-12T03:45:42.094312+00:00,201,43.97,
2026-09-12T03:45:42.115361+00:00,201,62.78,
2026-09-12T03:45:42.135040+00:00,201,54.86,
2026-09-12T03:45:42.174928+00:00,201,38.33,
2026-09-12T03:45:42.153926+00:00,201,64.48,
2026-09-12T03:45:42.194623+00:00,201,40.32,
2026-09-12T03:45:42.214891+00:00,201,57.01,
2026-09-12T03:45:42.254552+00:00,201,47.28,
2026-09-12T03:45:42.235079+00:00,201,69.41,
2026-09-12T03:45:42.274997+00:00,201,46.49,
2026-09-12T03:45:42.314448+00:00,201,50.39,
2026-09-12T03:45:42.295320+00:00,201,70.3,
2026-09-12T03:45:42.334857+00:00,201,55.81,
2026-09-12T03:45:42.354847+00:00,201,41.7,
2026-09-12T03:45:42.375469+00:00,201,40.5,
2026-09-12T03:45:42.394577+00:00,201,41.65,
2026-09-12T03:45:42.415122+00:00,201,43.76,
2026-09-12T03:45:42.434465+00:00,201,40.09,
2026-09-12T03:45:42.455129+00:00,201,43.09,
2026-09-12T03:45:42.474804+00:00,201,42.29,
2026-09-12T03:45:42.495323+00:00,201,43.84,
2026-09-12T03:45:42.514633+00:00,201,46.47,
2026-09-12T03:45:42.554788+00:00,201,55.52,
2026-09-12T03:45:42.535334+00:00,201,76.14,
2026-09-12T03:45:42.574930+00:00,201,55.1,
2026-09-12T03:45:42.614202+00:00,201,45.13,
2026-09-12T03:45:42.594061+00:00,201,71.08,
2026-09-12T03:45:42.634003+00:00,201,64.4,
2026-09-12T03:45:42.654320+00:00,201,84.81,
2026-09-12T03:45:42.695163+00:00,201,61.36,
2026-09-12T03:45:42.675467+00:00,201,84.59,
2026-09-12T03:45:42.714761+00:00,201,69.33,
2026-09-12T03:45:42.734239+00:00,201,55.19,
2026-09-12T03:45:42.754004+00:00,201,75.75,
2026-09-12T03:45:42.775028+00:00,201,57.43,
2026-09-12T03:45:42.793803+00:00,201,52.65,
2026-09-12T03:45:42.815156+00:00,201,46.44,
2026-09-12T03:45:42.834166+00:00,201,82.57,
2026-09-12T03:45:42.854421+00:00,201,62.46,
2026-09-12T03:45:42.874185+00:00,201,51.9,
2026-09-12T03:45:42.913964+00:00,201,51.42,
2026-09-12T03:45:42.894747+00:00,201,71.56,
2026-09-12T03:45:42.934787+00:00,201,47.87,
2026-09-12T03:45:42.954779+00:00,201,55.36,
2026-09-12T03:45:42.973908+00:00,201,72.95,
2026-09-12T03:45:42.994236+00:00,201,64.15,
2026-09-12T03:45:43.013900+00:00,201,61.93,
2026-09-12T03:45:43.034339+00:00,201,44.63,
2026-09-12T03:45:43.055127+00:00,201,41.55,
2026-09-12T03:45:43.074094+00:00,201,43.13,
2026-09-12T03:45:43.094863+00:00,201,42.27,
2026-09-12T03:45:43.114327+00:00,201,42.5,
2026-09-12T03:45:43.134107+00:00,201,39.71,
2026-09-12T03:45:43.154895+00:00,201,41.87,
2026-09-12T03:45:43.174109+00:00,201,57.81,
2026-09-12T03:45:43.193931+00:00,201,40.63,
2026-09-12T03:45:43.214162+00:00,201,84.06,
2026-09-12T03:45:43.234714+00:00,201,74.48,
2026-09-12T03:45:43.254746+00:00,201,58.4,
2026-09-12T03:45:43.274761+00:00,201,54.32,
2026-09-12T03:45:43.294113+00:00,201,42.82,
2026-09-12T03:45:43.314567+00:00,201,41.11,
2026-09-12T03:45:43.335179+00:00,201,44.03,
2026-09-12T03:45:43.375268+00:00,201,119.58,
2026-09-12T03:45:43.354142+00:00,201,141.99,
2026-09-12T03:45:43.395035+00:00,201,111.08,
2026-09-12T03:45:43.414722+00:00,201,99.86,
2026-09-12T03:45:43.434262+00:00,201,102.33,
2026-09-12T03:45:43.479055+00:00,201,58.31,
2026-09-12T03:45:43.457244+00:00,201,89.49,
2026-09-12T03:45:43.494362+00:00,201,54.26,
2026-09-12T03:45:43.514348+00:00,201,49.11,
2026-09-12T03:45:43.535187+00:00,201,42.67,
2026-09-12T03:45:43.555052+00:00,201,43.96,
2026-09-12T03:45:43.573927+00:00,201,43.51,
2026-09-12T03:45:43.594691+00:00,201,43.23,
2026-09-12T03:45:43.615216+00:00,201,41.09,
2026-09-12T03:45:43.635077+00:00,201,39.11,
2026-09-12T03:45:43.654618+00:00,201,40.26,
2026-09-12T03:45:43.674598+00:00,201,41.62,
2026-09-12T03:45:43.694317+00:00,201,40.37,
2026-09-12T03:45:43.715452+00:00,201,43.02,
2026-09-12T03:45:43.734565+00:00,201,42.51,
2026-09-12T03:45:43.755201+00:00,201,44.5,
2026-09-12T03:45:43.775066+00:00,201,45.35,
2026-09-12T03:45:43.793905+00:00,201,77.25,
2026-09-12T03:45:43.814430+00:00,201,57.3,
2026-09-12T03:45:43.833969+00:00,201,50.1,
2026-09-12T03:45:43.855217+00:00,201,43.22,
2026-09-12T03:45:43.874239+00:00,201,40.72,
2026-09-12T03:45:43.894860+00:00,201,44.42,
2026-09-12T03:45:43.914019+00:00,201,74.34,
2026-09-12T03:45:43.934935+00:00,201,78.17,
2026-09-12T03:45:43.954951+00:00,201,77.94,
2026-09-12T03:45:43.974423+00:00,201,72.09,
2026-09-12T03:45:43.994265+00:00,201,64.48,
2026-09-12T03:45:44.014953+00:00,201,47.21,
2026-09-12T03:45:44.034053+00:00,201,43.74,
2026-09-12T03:45:44.054414+00:00,201,42.15,
2026-09-12T03:45:44.075312+00:00,201,43.96,
2026-09-12T03:45:44.094455+00:00,201,79.43,
2026-09-12T03:45:44.114019+00:00,201,72.77,
2026-09-12T03:45:44.134612+00:00,201,62.24,
2026-09-12T03:45:44.155335+00:00,201,48.9,
2026-09-12T03:45:44.174892+00:00,201,40.59,
2026-09-12T03:45:44.194290+00:00,201,41.38,
2026-09-12T03:45:44.213967+00:00,201,40.17,
2026-09-12T03:45:44.234874+00:00,201,42.46,
2026-09-12T03:45:44.254624+00:00,201,64.88,
2026-09-12T03:45:44.275461+00:00,201,55.19,
2026-09-12T03:45:44.294199+00:00,201,41.47,
2026-09-12T03:45:44.334421+00:00,201,50.11,
2026-09-12T03:45:44.314700+00:00,201,69.94,
2026-09-12T03:45:44.354735+00:00,201,45.3,
2026-09-12T03:45:44.374769+00:00,201,46.78,
2026-09-12T03:45:44.395137+00:00,201,38.49,
2026-09-12T03:45:44.414424+00:00,201,38.68,
2026-09-12T03:45:44.435158+00:00,201,60.6,
2026-09-12T03:45:44.474710+00:00,201,41.63,
2026-09-12T03:45:44.454814+00:00,201,67.63,
2026-09-12T03:45:44.493919+00:00,201,43.79,
2026-09-12T03:45:44.514429+00:00,201,42.12,
2026-09-12T03:45:44.534261+00:00,201,47.38,
2026-09-12T03:45:44.554584+00:00,201,43.5,
2026-09-12T03:45:44.575061+00:00,201,43.11,
2026-09-12T03:45:44.595073+00:00,201,51.39,
2026-09-12T03:45:44.634419+00:00,201,47.06,
2026-09-12T03:45:44.613956+00:00,201,67.44,
2026-09-12T03:45:44.653949+00:00,201,42.72,
2026-09-12T03:45:44.675248+00:00,201,38.25,
2026-09-12T03:45:44.695271+00:00,201,39.37,
2026-09-12T03:45:44.714285+00:00,201,39.55,
2026-09-12T03:45:44.734989+00:00,201,56.32,
2026-09-12T03:45:44.773988+00:00,201,38.22,
2026-09-12T03:45:44.754169+00:00,201,62.6,
2026-09-12T03:45:44.794481+00:00,201,41.54,
2026-09-12T03:45:44.814335+00:00,201,37.98,
2026-09-12T03:45:44.834415+00:00,201,39.12,
2026-09-12T03:45:44.854881+00:00,201,41.34,
2026-09-12T03:45:44.875396+00:00,201,41.68,
2026-09-12T03:45:44.894731+00:00,201,39.45,
2026-09-12T03:45:44.915335+00:00,201,41.48,
2026-09-12T03:45:44.934091+00:00,201,78.38,
2026-09-12T03:45:44.974557+00:00,201,55.03,
2026-09-12T03:45:44.955378+00:00,201,81.02,
2026-09-12T03:45:45.014931+00:00,201,48.16,
2026-09-12T03:45:44.993849+00:00,201,69.76,
2026-09-12T03:45:45.034131+00:00,201,50.98,
2026-09-12T03:45:45.054517+00:00,201,48.7,
2026-09-12T03:45:45.075410+00:00,201,46.96,
2026-09-12T03:45:45.094160+00:00,201,44.52,
2026-09-12T03:45:45.115413+00:00,201,86.29,
2026-09-12T03:45:45.155289+00:00,201,54.01,
2026-09-12T03:45:45.134795+00:00,201,75.22,
2026-09-12T03:45:45.175100+00:00,201,73.93,
2026-09-12T03:45:45.195230+00:00,201,70.07,
2026-09-12T03:45:45.234147+00:00,201,48.13,
2026-09-12T03:45:45.214333+00:00,201,70.68,
2026-09-12T03:45:45.255489+00:00,201,47.19,
2026-09-12T03:45:45.274343+00:00,201,43.16,
2026-09-12T03:45:45.314086+00:00,201,47.76,
2026-09-12T03:45:45.294140+00:00,201,68.13,
2026-09-12T03:45:45.335509+00:00,201,42.41,
2026-09-12T03:45:45.374502+00:00,201,48.6,
2026-09-12T03:45:45.354018+00:00,201,69.61,
2026-09-12T03:45:45.395793+00:00,201,52.95,
2026-09-12T03:45:45.413960+00:00,201,38.39,
2026-09-12T03:45:45.435305+00:00,201,39.61,
2026-09-12T03:45:45.453968+00:00,201,41.34,
2026-09-12T03:45:45.474524+00:00,201,40.0,
2026-09-12T03:45:45.494551+00:00,201,42.96,
2026-09-12T03:45:45.514903+00:00,201,71.6,
2026-09-12T03:45:45.534331+00:00,201,61.85,
2026-09-12T03:45:45.555273+00:00,201,47.35,
2026-09-12T03:45:45.574301+00:00,201,44.42,
2026-09-12T03:45:45.594425+00:00,201,39.21,
2026-09-12T03:45:45.614076+00:00,201,40.06,
2026-09-12T03:45:45.634455+00:00,201,40.31,
2026-09-12T03:45:45.654543+00:00,201,39.3,
2026-09-12T03:45:45.675009+00:00,201,39.98,
2026-09-12T03:45:45.695825+00:00,201,75.03,
2026-09-12T03:45:45.714018+00:00,201,67.09,
2026-09-12T03:45:45.734356+00:00,201,46.89,
2026-09-12T03:45:45.754660+00:00,201,51.45,
2026-09-12T03:45:45.774939+00:00,201,39.52,
2026-09-12T03:45:45.794063+00:00,201,42.36,
2026-09-12T03:45:45.815562+00:00,201,54.3,
2026-09-12T03:45:45.834231+00:00,201,39.06,
2026-09-12T03:45:45.874767+00:00,201,46.15,
2026-09-12T03:45:45.855432+00:00,201,65.84,
2026-09-12T03:45:45.894289+00:00,201,51.47,
2026-09-12T03:45:45.915251+00:00,201,40.0,
2026-09-12T03:45:45.954718+00:00,201,50.26,
2026-09-12T03:45:45.934170+00:00,201,75.23,
2026-09-12T03:45:45.974923+00:00,201,47.47,
2026-09-12T03:45:45.994577+00:00,201,41.32,
2026-09-12T03:45:46.014499+00:00,201,43.95,
2026-09-12T03:45:46.035507+00:00,201,41.37,
2026-09-12T03:45:46.053969+00:00,201,39.99,
2026-09-12T03:45:46.074940+00:00,201,47.96,
2026-09-12T03:45:46.095490+00:00,201,63.48,
2026-09-12T03:45:46.114502+00:00,201,74.93,
2026-09-12T03:45:46.155362+00:00,201,51.71,
2026-09-12T03:45:46.134527+00:00,201,72.93,
2026-09-12T03:45:46.173927+00:00,201,55.15,
2026-09-12T03:45:46.214246+00:00,201,50.94,
2026-09-12T03:45:46.195415+00:00,201,70.51,
2026-09-12T03:45:46.234157+00:00,201,49.27,
2026-09-12T03:45:46.254712+00:00,201,57.99,
2026-09-12T03:45:46.274141+00:00,201,49.25,
2026-09-12T03:45:46.295134+00:00,201,64.89,
2026-09-12T03:45:46.313977+00:00,201,59.26,
2026-09-12T03:45:46.335425+00:00,201,56.55,
2026-09-12T03:45:46.355019+00:00,201,68.05,
2026-09-12T03:45:46.374653+00:00,201,61.34,
2026-09-12T03:45:46.393898+00:00,201,59.59,
2026-09-12T03:45:46.414987+00:00,201,51.39,
2026-09-12T03:45:46.433962+00:00,201,50.67,
2026-09-12T03:45:46.454589+00:00,201,40.74,
2026-09-12T03:45:46.474988+00:00,201,42.66,
2026-09-12T03:45:46.495517+00:00,201,39.34,
2026-09-12T03:45:46.514191+00:00,201,40.64,
2026-09-12T03:45:46.535180+00:00,201,46.16,
2026-09-12T03:45:46.555138+00:00,201,54.9,
2026-09-12T03:45:46.594579+00:00,201,38.95,
2026-09-12T03:45:46.575466+00:00,201,65.69,
2026-09-12T03:45:46.614523+00:00,201,42.05,
2026-09-12T03:45:46.634741+00:00,201,38.96,
2026-09-12T03:45:46.654714+00:00,201,42.0,
2026-09-12T03:45:46.675198+00:00,201,39.58,
2026-09-12T03:45:46.694592+00:00,201,42.17,
2026-09-12T03:45:46.734033+00:00,201,36.73,
2026-09-12T03:45:46.714810+00:00,201,56.61,
2026-09-12T03:45:46.753959+00:00,201,40.01,
2026-09-12T03:45:46.775134+00:00,201,40.85,
2026-09-12T03:45:46.794880+00:00,201,41.28,
2026-09-12T03:45:46.834067+00:00,201,51.6,
2026-09-12T03:45:46.814499+00:00,201,71.71,
2026-09-12T03:45:46.855395+00:00,201,45.85,
2026-09-12T03:45:46.876030+00:00,201,48.36,
2026-09-12T03:45:46.894936+00:00,201,51.2,
2026-09-12T03:45:46.914019+00:00,201,51.02,
2026-09-12T03:45:46.934930+00:00,201,45.11,
2026-09-12T03:45:46.954654+00:00,201,39.36,
2026-09-12T03:45:46.975083+00:00,201,72.67,
2026-09-12T03:45:46.994415+00:00,201,62.5,
2026-09-12T03:45:47.014248+00:00,201,75.38,
2026-09-12T03:45:47.034635+00:00,201,55.94,
2026-09-12T03:45:47.054121+00:00,201,59.86,
2026-09-12T03:45:47.075268+00:00,201,41.71,
2026-09-12T03:45:47.093906+00:00,201,57.93,
2026-09-12T03:45:47.115411+00:00,201,40.11,
2026-09-12T03:45:47.135405+00:00,201,63.05,
2026-09-12T03:45:47.154599+00:00,201,44.24,
2026-09-12T03:45:47.194012+00:00,201,50.22,
2026-09-12T03:45:47.174871+00:00,201,69.69,
2026-09-12T03:45:47.215208+00:00,201,71.6,
2026-09-12T03:45:47.234988+00:00,201,62.85,
2026-09-12T03:45:47.254775+00:00,201,48.99,
2026-09-12T03:45:47.274369+00:00,201,42.39,
2026-09-12T03:45:47.294536+00:00,201,40.51,
2026-09-12T03:45:47.315178+00:00,201,41.67,
2026-09-12T03:45:47.334215+00:00,201,43.2,
2026-09-12T03:45:47.355036+00:00,201,42.49,
2026-09-12T03:45:47.374356+00:00,201,58.13,
2026-09-12T03:45:47.395417+00:00,201,39.86,
2026-09-12T03:45:47.414032+00:00,201,73.1,
2026-09-12T03:45:47.434647+00:00,201,52.58,
2026-09-12T03:45:47.454763+00:00,201,49.06,
2026-09-12T03:45:47.473882+00:00,201,41.37,
2026-09-12T03:45:47.494510+00:00,201,38.44,
2026-09-12T03:45:47.514583+00:00,201,41.29,
2026-09-12T03:45:47.534441+00:00,201,42.27,
2026-09-12T03:45:47.555067+00:00,201,44.38,
2026-09-12T03:45:47.574870+00:00,201,40.36,
2026-09-12T03:45:47.594992+00:00,201,40.85,
2026-09-12T03:45:47.614153+00:00,201,42.2,
2026-09-12T03:45:47.634008+00:00,201,40.01,
2026-09-12T03:45:47.655053+00:00,201,40.16,
2026-09-12T03:45:47.674270+00:00,201,39.78,
2026-09-12T03:45:47.694527+00:00,201,39.58,
2026-09-12T03:45:47.714965+00:00,201,65.7,
2026-09-12T03:45:47.734772+00:00,201,46.33,
2026-09-12T03:45:47.755132+00:00,201,43.61,
2026-09-12T03:45:47.794339+00:00,201,46.19,
2026-09-12T03:45:47.774126+00:00,201,66.73,
2026-09-12T03:45:47.835052+00:00,201,38.54,
2026-09-12T03:45:47.815507+00:00,201,60.35,
2026-09-12T03:45:47.854507+00:00,201,40.05,
2026-09-12T03:45:47.875693+00:00,201,41.14,
2026-09-12T03:45:47.895392+00:00,201,58.03,
2026-09-12T03:45:47.914812+00:00,201,39.12,
2026-09-12T03:45:47.934481+00:00,201,76.08,
2026-09-12T03:45:47.955253+00:00,201,70.61,
2026-09-12T03:45:47.974582+00:00,201,60.16,
2026-09-12T03:45:47.995107+00:00,201,48.83,
2026-09-12T03:45:48.014361+00:00,201,44.76,
2026-09-12T03:45:48.035098+00:00,201,46.82,
2026-09-12T03:45:48.055261+00:00,201,54.24,
2026-09-12T03:45:48.095288+00:00,201,43.71,
2026-09-12T03:45:48.074423+00:00,201,65.98,
2026-09-12T03:45:48.114596+00:00,201,43.47,
2026-09-12T03:45:48.133890+00:00,201,43.62,
2026-09-12T03:45:48.154624+00:00,201,39.91,
2026-09-12T03:45:48.175030+00:00,201,42.23,
2026-09-12T03:45:48.194570+00:00,201,41.41,
2026-09-12T03:45:48.214822+00:00,201,40.5,
2026-09-12T03:45:48.234321+00:00,201,43.52,
2026-09-12T03:45:48.254857+00:00,201,70.21,
2026-09-12T03:45:48.274116+00:00,201,61.57,
2026-09-12T03:45:48.294793+00:00,201,54.38,
2026-09-12T03:45:48.314805+00:00,201,39.54,
2026-09-12T03:45:48.334221+00:00,201,39.77,
2026-09-12T03:45:48.354707+00:00,201,64.03,
2026-09-12T03:45:48.375364+00:00,201,56.59,
2026-09-12T03:45:48.395064+00:00,201,52.31,
2026-09-12T03:45:48.414140+00:00,201,42.66,
2026-09-12T03:45:48.434715+00:00,201,44.34,
2026-09-12T03:45:48.454053+00:00,201,45.87,
2026-09-12T03:45:48.494348+00:00,201,51.61,
2026-09-12T03:45:48.475277+00:00,201,71.22,
2026-09-12T03:45:48.514829+00:00,201,46.52,
2026-09-12T03:45:48.534618+00:00,201,52.27,
2026-09-12T03:45:48.555121+00:00,201,44.16,
2026-09-12T03:45:48.594557+00:00,201,45.85,
2026-09-12T03:45:48.574251+00:00,201,68.91,
2026-09-12T03:45:48.614261+00:00,201,53.91,
2026-09-12T03:45:48.634925+00:00,201,69.17,
2026-09-12T03:45:48.654182+00:00,201,62.04,
2026-09-12T03:45:48.673932+00:00,201,59.42,
2026-09-12T03:45:48.714298+00:00,201,40.8,
2026-09-12T03:45:48.695348+00:00,201,66.07,
2026-09-12T03:45:48.735309+00:00,201,39.65,
2026-09-12T03:45:48.754852+00:00,201,41.61,
2026-09-12T03:45:48.774875+00:00,201,40.42,
2026-09-12T03:45:48.794346+00:00,201,67.3,
2026-09-12T03:45:48.814692+00:00,201,49.48,
2026-09-12T03:45:48.834449+00:00,201,55.77,
2026-09-12T03:45:48.854145+00:00,201,76.11,
2026-09-12T03:45:48.874958+00:00,201,66.5,
2026-09-12T03:45:48.895336+00:00,201,46.67,
2026-09-12T03:45:48.914067+00:00,201,43.01,
2026-09-12T03:45:48.934705+00:00,201,75.0,
2026-09-12T03:45:48.953937+00:00,201,56.34,
2026-09-12T03:45:48.973936+00:00,201,49.39,
2026-09-12T03:45:48.994091+00:00,201,44.02,
2026-09-12T03:45:49.014627+00:00,201,40.1,
2026-09-12T03:45:49.035497+00:00,201,44.69,
2026-09-12T03:45:49.054990+00:00,201,62.3,
2026-09-12T03:45:49.074654+00:00,201,72.32,
2026-09-12T03:45:49.094746+00:00,201,67.06,
2026-09-12T03:45:49.113997+00:00,201,62.67,
2026-09-12T03:45:49.134266+00:00,201,58.23,
2026-09-12T03:45:49.155335+00:00,201,44.05,
2026-09-12T03:45:49.174505+00:00,201,42.57,
2026-09-12T03:45:49.195432+00:00,201,67.12,
2026-09-12T03:45:49.214684+00:00,201,56.65,
2026-09-12T03:45:49.235331+00:00,201,75.01,
2026-09-12T03:45:49.254307+00:00,201,67.53,
2026-09-12T03:45:49.274845+00:00,201,61.88,
2026-09-12T03:45:49.295057+00:00,201,44.45,
2026-09-12T03:45:49.315088+00:00,201,42.63,
2026-09-12T03:45:49.334172+00:00,201,45.21,
2026-09-12T03:45:49.354747+00:00,201,48.55,
2026-09-12T03:45:49.375275+00:00,201,46.38,
2026-09-12T03:45:49.395207+00:00,201,44.26,
2026-09-12T03:45:49.414732+00:00,201,74.2,
2026-09-12T03:45:49.434912+00:00,201,64.33,
2026-09-12T03:45:49.455986+00:00,201,49.11,
2026-09-12T03:45:49.474309+00:00,201,43.58,
2026-09-12T03:45:49.495179+00:00,201,65.65,
2026-09-12T03:45:49.514375+00:00,201,47.31,
2026-09-12T03:45:49.535027+00:00,201,41.5,
2026-09-12T03:45:49.555488+00:00,201,41.68,
2026-09-12T03:45:49.574547+00:00,201,42.24,
2026-09-12T03:45:49.595488+00:00,201,40.42,
2026-09-12T03:45:49.614896+00:00,201,80.29,
2026-09-12T03:45:49.636276+00:00,201,69.13,
2026-09-12T03:45:49.655311+00:00,201,50.61,
2026-09-12T03:45:49.675234+00:00,201,46.5,
2026-09-12T03:45:49.694854+00:00,201,43.91,
2026-09-12T03:45:49.713979+00:00,201,44.03,
2026-09-12T03:45:49.734692+00:00,201,66.85,
2026-09-12T03:45:49.754271+00:00,201,51.25,
2026-09-12T03:45:49.775000+00:00,201,73.47,
2026-09-12T03:45:49.795464+00:00,201,56.57,
2026-09-12T03:45:49.815415+00:00,201,49.57,
2026-09-12T03:45:49.835430+00:00,201,55.78,
2026-09-12T03:45:49.854641+00:00,201,64.42,
2026-09-12T03:45:49.874188+00:00,201,63.11,
2026-09-12T03:45:49.894137+00:00,201,57.96,
2026-09-12T03:45:49.914804+00:00,201,47.12,
2026-09-12T03:45:49.935390+00:00,201,72.43,
2026-09-12T03:45:49.954376+00:00,201,61.8,
2026-09-12T03:45:49.975210+00:00,201,56.52,
2026-09-12T03:45:50.015183+00:00,201,41.03,
2026-09-12T03:45:49.994024+00:00,201,64.37,
2026-09-12T03:45:50.055072+00:00,201,42.12,
2026-09-12T03:45:50.034425+00:00,201,64.19,
2026-09-12T03:45:50.073943+00:00,201,71.61,
2026-09-12T03:45:50.094778+00:00,201,62.69,
2026-09-12T03:45:50.113875+00:00,201,59.8,
2026-09-12T03:45:50.134045+00:00,201,45.8,
2026-09-12T03:45:50.154651+00:00,201,44.43,
2026-09-12T03:45:50.174024+00:00,201,46.63,
2026-09-12T03:45:50.194478+00:00,201,53.88,
2026-09-12T03:45:50.214073+00:00,201,72.01,
2026-09-12T03:45:50.234764+00:00,201,69.86,
2026-09-12T03:45:50.255571+00:00,201,49.64,
2026-09-12T03:45:50.274320+00:00,201,46.86,
2026-09-12T03:45:50.295229+00:00,201,42.42,
2026-09-12T03:45:50.313900+00:00,201,70.31,
2026-09-12T03:45:50.335106+00:00,201,49.95,
2026-09-12T03:45:50.354577+00:00,201,60.88,
2026-09-12T03:45:50.375365+00:00,201,55.71,
2026-09-12T03:45:50.395265+00:00,201,48.92,
2026-09-12T03:45:50.413976+00:00,201,49.08,
2026-09-12T03:45:50.455468+00:00,201,87.24,
2026-09-12T03:45:50.434695+00:00,201,111.74,
2026-09-12T03:45:50.474201+00:00,201,90.91,
2026-09-12T03:45:50.495479+00:00,201,72.6,
2026-09-12T03:45:50.513953+00:00,201,65.9,
2026-09-12T03:45:50.535724+00:00,201,68.6,
2026-09-12T03:45:50.554861+00:00,201,49.89,
2026-09-12T03:45:50.574757+00:00,201,54.95,
2026-09-12T03:45:50.595414+00:00,201,48.18,
2026-09-12T03:45:50.614793+00:00,201,44.99,
2026-09-12T03:45:50.633993+00:00,201,44.05,
2026-09-12T03:45:50.654098+00:00,201,68.57,
2026-09-12T03:45:50.675107+00:00,201,49.64,
2026-09-12T03:45:50.695166+00:00,201,71.57,
2026-09-12T03:45:50.714967+00:00,201,63.32,
2026-09-12T03:45:50.734876+00:00,201,59.01,
2026-09-12T03:45:50.754349+00:00,201,55.39,
2026-09-12T03:45:50.774778+00:00,201,42.3,
2026-09-12T03:45:50.794254+00:00,201,65.45,
2026-09-12T03:45:50.814959+00:00,201,55.61,
2026-09-12T03:45:50.835324+00:00,201,51.89,
2026-09-12T03:45:50.854710+00:00,201,59.52,
2026-09-12T03:45:50.874672+00:00,201,41.03,
2026-09-12T03:45:50.894438+00:00,201,46.6,
2026-09-12T03:45:50.915004+00:00,201,45.11,
2026-09-12T03:45:50.934635+00:00,201,46.0,
2026-09-12T03:45:50.955203+00:00,201,46.46,
2026-09-12T03:45:50.974081+00:00,201,48.2,
2026-09-12T03:45:50.995289+00:00,201,68.53,
2026-09-12T03:45:51.014616+00:00,201,50.07,
2026-09-12T03:45:51.034466+00:00,201,44.57,
2026-09-12T03:45:51.055007+00:00,201,41.45,
2026-09-12T03:45:51.074133+00:00,201,41.86,
2026-09-12T03:45:51.094907+00:00,201,64.28,
2026-09-12T03:45:51.135063+00:00,201,44.35,
2026-09-12T03:45:51.116278+00:00,201,68.37,
2026-09-12T03:45:51.154470+00:00,201,65.55,
2026-09-12T03:45:51.174012+00:00,201,59.57,
2026-09-12T03:45:51.214626+00:00,201,44.45,
2026-09-12T03:45:51.194105+00:00,201,65.88,
2026-09-12T03:45:51.234993+00:00,201,43.39,
2026-09-12T03:45:51.254342+00:00,201,41.53,
2026-09-12T03:45:51.274985+00:00,201,41.86,
2026-09-12T03:45:51.294268+00:00,201,42.83,
2026-09-12T03:45:51.315406+00:00,201,45.44,
2026-09-12T03:45:51.334358+00:00,201,42.34,
2026-09-12T03:45:51.354117+00:00,201,79.5,
2026-09-12T03:45:51.374444+00:00,201,68.36,
2026-09-12T03:45:51.394461+00:00,201,61.14,
2026-09-12T03:45:51.414312+00:00,201,52.25,
2026-09-12T03:45:51.434720+00:00,201,41.18,
2026-09-12T03:45:51.454043+00:00,201,45.19,
2026-09-12T03:45:51.474640+00:00,201,44.17,
2026-09-12T03:45:51.494004+00:00,201,41.48,
2026-09-12T03:45:51.514329+00:00,201,38.01,
2026-09-12T03:45:51.535356+00:00,201,59.01,
2026-09-12T03:45:51.555270+00:00,201,39.52,
2026-09-12T03:45:51.575083+00:00,201,41.72,
2026-09-12T03:45:51.595684+00:00,201,47.97,
2026-09-12T03:45:51.614584+00:00,201,58.25,
2026-09-12T03:45:51.634341+00:00,201,54.81,
2026-09-12T03:45:51.654610+00:00,201,55.79,
2026-09-12T03:45:51.674540+00:00,201,56.64,
2026-09-12T03:45:51.694928+00:00,201,54.02,
2026-09-12T03:45:51.714176+00:00,201,79.43,
2026-09-12T03:45:51.735342+00:00,201,82.6,
2026-09-12T03:45:51.754845+00:00,201,82.04,
2026-09-12T03:45:51.774937+00:00,201,73.98,
2026-09-12T03:45:51.794721+00:00,201,59.97,
2026-09-12T03:45:51.814336+00:00,201,57.28,
2026-09-12T03:45:51.834502+00:00,201,74.69,
2026-09-12T03:45:51.855478+00:00,201,63.65,
2026-09-12T03:45:51.874503+00:00,201,62.44,
2026-09-12T03:45:51.895329+00:00,201,57.01,
2026-09-12T03:45:51.915304+00:00,201,53.61,
2026-09-12T03:45:51.934270+00:00,201,50.52,
2026-09-12T03:45:51.954458+00:00,201,46.58,
2026-09-12T03:45:51.974388+00:00,201,65.05,
2026-09-12T03:45:51.995206+00:00,201,53.96,
2026-09-12T03:45:52.014849+00:00,201,42.13,
2026-09-12T03:45:52.034300+00:00,201,76.01,
2026-09-12T03:45:52.055027+00:00,201,55.62,
2026-09-12T03:45:52.094611+00:00,201,46.2,
2026-09-12T03:45:52.075467+00:00,201,72.57,
2026-09-12T03:45:52.115439+00:00,201,49.98,
2026-09-12T03:45:52.134128+00:00,201,57.66,
2026-09-12T03:45:52.174824+00:00,201,38.26,
2026-09-12T03:45:52.155436+00:00,201,63.66,
2026-09-12T03:45:52.195115+00:00,201,40.95,
2026-09-12T03:45:52.214086+00:00,201,40.04,
2026-09-12T03:45:52.234200+00:00,201,40.26,
2026-09-12T03:45:52.254583+00:00,201,62.41,
2026-09-12T03:45:52.294452+00:00,201,39.9,
2026-09-12T03:45:52.275167+00:00,201,69.54,
2026-09-12T03:45:52.315171+00:00,201,42.14,
2026-09-12T03:45:52.334214+00:00,201,42.58,
2026-09-12T03:45:52.355101+00:00,201,41.32,
2026-09-12T03:45:52.374736+00:00,201,45.08,
2026-09-12T03:45:52.394097+00:00,201,43.93,
2026-09-12T03:45:52.415393+00:00,201,58.68,
2026-09-12T03:45:52.434461+00:00,201,40.06,
2026-09-12T03:45:52.454268+00:00,201,46.0,
2026-09-12T03:45:52.495289+00:00,201,42.23,
2026-09-12T03:45:52.474669+00:00,201,63.19,
2026-09-12T03:45:52.515090+00:00,201,76.3,
2026-09-12T03:45:52.534479+00:00,201,66.41,
2026-09-12T03:45:52.555167+00:00,201,46.4,
2026-09-12T03:45:52.575216+00:00,201,46.15,
2026-09-12T03:45:52.595326+00:00,201,83.04,
2026-09-12T03:45:52.614430+00:00,201,65.3,
2026-09-12T03:45:52.634885+00:00,201,54.34,
2026-09-12T03:45:52.674161+00:00,201,41.18,
2026-09-12T03:45:52.655172+00:00,201,64.21,
2026-09-12T03:45:52.695252+00:00,201,63.23,
2026-09-12T03:45:52.714554+00:00,201,55.99,
2026-09-12T03:45:52.734200+00:00,201,68.68,
2026-09-12T03:45:52.755264+00:00,201,66.92,
2026-09-12T03:45:52.774532+00:00,201,58.97,
2026-09-12T03:45:52.794956+00:00,201,44.8,
2026-09-12T03:45:52.814510+00:00,201,41.81,
2026-09-12T03:45:52.834539+00:00,201,39.68,
2026-09-12T03:45:52.854370+00:00,201,40.75,
2026-09-12T03:45:52.874208+00:00,201,40.54,
2026-09-12T03:45:52.895172+00:00,201,66.67,
2026-09-12T03:45:52.915071+00:00,201,58.23,
2026-09-12T03:45:52.934503+00:00,201,53.05,
2026-09-12T03:45:52.954676+00:00,201,48.4,
2026-09-12T03:45:52.975257+00:00,201,64.08,
2026-09-12T03:45:52.994909+00:00,201,46.0,
2026-09-12T03:45:53.014445+00:00,201,39.96,
2026-09-12T03:45:53.035208+00:00,201,38.61,
2026-09-12T03:45:53.054582+00:00,201,42.37,
2026-09-12T03:45:53.074570+00:00,201,58.2,
2026-09-12T03:45:53.094425+00:00,201,40.8,
2026-09-12T03:45:53.114497+00:00,201,42.02,
2026-09-12T03:45:53.134931+00:00,201,41.23,
2026-09-12T03:45:53.154758+00:00,201,43.9,
2026-09-12T03:45:53.174580+00:00,201,42.59,
2026-09-12T03:45:53.195433+00:00,201,49.69,
2026-09-12T03:45:53.214894+00:00,201,45.95,
2026-09-12T03:45:53.234303+00:00,201,55.51,
2026-09-12T03:45:53.275491+00:00,201,39.66,
2026-09-12T03:45:53.254642+00:00,201,60.99,
2026-09-12T03:45:53.294554+00:00,201,40.14,
2026-09-12T03:45:53.314616+00:00,201,40.07,
2026-09-12T03:45:53.334071+00:00,201,39.3,
2026-09-12T03:45:53.353993+00:00,201,38.87,
2026-09-12T03:45:53.375108+00:00,201,41.79,
2026-09-12T03:45:53.394566+00:00,201,38.66,
2026-09-12T03:45:53.415363+00:00,201,42.45,
2026-09-12T03:45:53.434040+00:00,201,75.36,
2026-09-12T03:45:53.454910+00:00,201,60.39,
2026-09-12T03:45:53.474805+00:00,201,50.4,
2026-09-12T03:45:53.495185+00:00,201,49.66,
2026-09-12T03:45:53.514182+00:00,201,63.16,
2026-09-12T03:45:53.534367+00:00,201,55.77,
2026-09-12T03:45:53.554022+00:00,201,42.62,
2026-09-12T03:45:53.575042+00:00,201,41.89,
2026-09-12T03:45:53.594268+00:00,201,42.58,
2026-09-12T03:45:53.614552+00:00,201,43.58,
2026-09-12T03:45:53.635262+00:00,201,40.84,
2026-09-12T03:45:53.654233+00:00,201,69.22,
2026-09-12T03:45:53.674880+00:00,201,61.14,
2026-09-12T03:45:53.694920+00:00,201,44.84,
2026-09-12T03:45:53.714750+00:00,201,48.19,
2026-09-12T03:45:53.735036+00:00,201,44.6,
2026-09-12T03:45:53.754618+00:00,201,44.63,
2026-09-12T03:45:53.774139+00:00,201,40.9,
2026-09-12T03:45:53.794943+00:00,201,42.16,
2026-09-12T03:45:53.834321+00:00,201,48.43,
2026-09-12T03:45:53.815413+00:00,201,67.52,
2026-09-12T03:45:53.855786+00:00,201,43.43,
2026-09-12T03:45:53.894233+00:00,201,47.53,
2026-09-12T03:45:53.875264+00:00,201,67.22,
2026-09-12T03:45:53.915378+00:00,201,41.27,
2026-09-12T03:45:53.935015+00:00,201,48.38,
2026-09-12T03:45:53.955213+00:00,201,55.25,
2026-09-12T03:45:53.975541+00:00,201,56.59,
2026-09-12T03:45:53.994109+00:00,201,53.34,
2026-09-12T03:45:54.014164+00:00,201,49.37,
2026-09-12T03:45:54.034786+00:00,201,42.77,
2026-09-12T03:45:54.055145+00:00,201,64.94,
2026-09-12T03:45:54.074337+00:00,201,57.02,
2026-09-12T03:45:54.094564+00:00,201,46.38,
2026-09-12T03:45:54.115345+00:00,201,44.61,
2026-09-12T03:45:54.134018+00:00,201,46.0,
2026-09-12T03:45:54.154744+00:00,201,43.49,
2026-09-12T03:45:54.175368+00:00,201,43.2,
2026-09-12T03:45:54.194736+00:00,201,40.69,
2026-09-12T03:45:54.234690+00:00,201,39.02,
2026-09-12T03:45:54.214144+00:00,201,59.78,
2026-09-12T03:45:54.254856+00:00,201,67.24,
2026-09-12T03:45:54.273955+00:00,201,48.45,
2026-09-12T03:45:54.294225+00:00,201,42.99,
2026-09-12T03:45:54.314126+00:00,201,40.02,
2026-09-12T03:45:54.335401+00:00,201,39.31,
2026-09-12T03:45:54.354421+00:00,201,49.57,
2026-09-12T03:45:54.375617+00:00,201,56.31,
2026-09-12T03:45:54.394899+00:00,201,77.99,
2026-09-12T03:45:54.414716+00:00,201,74.6,
2026-09-12T03:45:54.434191+00:00,201,58.87,
2026-09-12T03:45:54.454446+00:00,201,54.33,
2026-09-12T03:45:54.474482+00:00,201,47.18,
2026-09-12T03:45:54.494854+00:00,201,46.0,
2026-09-12T03:45:54.515234+00:00,201,47.27,
2026-09-12T03:45:54.534465+00:00,201,57.62,
2026-09-12T03:45:54.553937+00:00,201,66.76,
2026-09-12T03:45:54.574197+00:00,201,63.53,
2026-09-12T03:45:54.594317+00:00,201,57.17,
2026-09-12T03:45:54.614690+00:00,201,49.85,
2026-09-12T03:45:54.635387+00:00,201,41.72,
2026-09-12T03:45:54.654193+00:00,201,37.48,
2026-09-12T03:45:54.674456+00:00,201,43.34,
2026-09-12T03:45:54.694267+00:00,201,50.32,
2026-09-12T03:45:54.715171+00:00,201,39.15,
2026-09-12T03:45:54.735166+00:00,201,64.66,
2026-09-12T03:45:54.754181+00:00,201,46.62,
2026-09-12T03:45:54.774301+00:00,201,41.12,
2026-09-12T03:45:54.795245+00:00,201,38.99,
2026-09-12T03:45:54.813965+00:00,201,39.37,
2026-09-12T03:45:54.834793+00:00,201,59.31,
2026-09-12T03:45:54.854335+00:00,201,52.08,
2026-09-12T03:45:54.875252+00:00,201,41.49,
2026-09-12T03:45:54.894779+00:00,201,41.52,
2026-09-12T03:45:54.914153+00:00,201,39.17,
2026-09-12T03:45:54.934451+00:00,201,38.5,
2026-09-12T03:45:54.955082+00:00,201,42.61,
2026-09-12T03:45:54.974053+00:00,201,65.67,
2026-09-12T03:45:54.994965+00:00,201,54.94,
2026-09-12T03:45:55.015354+00:00,201,45.14,
2026-09-12T03:45:55.034805+00:00,201,44.17,
2026-09-12T03:45:55.074217+00:00,201,39.74,
2026-09-12T03:45:55.054909+00:00,201,59.28,
2026-09-12T03:45:55.094179+00:00,201,67.27,
2026-09-12T03:45:55.114605+00:00,201,47.23,
2026-09-12T03:45:55.134072+00:00,201,52.97,
2026-09-12T03:45:55.154178+00:00,201,38.63,
2026-09-12T03:45:55.175287+00:00,201,41.64,
2026-09-12T03:45:55.194654+00:00,201,38.58,
2026-09-12T03:45:55.214044+00:00,201,37.91,
2026-09-12T03:45:55.234922+00:00,201,35.35,
2026-09-12T03:45:55.253964+00:00,201,38.93,
2026-09-12T03:45:55.274465+00:00,201,41.13,
2026-09-12T03:45:55.294079+00:00,201,40.36,
2026-09-12T03:45:55.315968+00:00,201,39.48,
2026-09-12T03:45:55.334794+00:00,201,40.86,
2026-09-12T03:45:55.354587+00:00,201,40.8,
2026-09-12T03:45:55.374844+00:00,201,41.7,
2026-09-12T03:45:55.395406+00:00,201,67.24,
2026-09-12T03:45:55.414159+00:00,201,48.95,
2026-09-12T03:45:55.434002+00:00,201,42.36,
2026-09-12T03:45:55.474360+00:00,201,60.13,
2026-09-12T03:45:55.455048+00:00,201,81.73,
2026-09-12T03:45:55.495371+00:00,201,69.24,
2026-09-12T03:45:55.514420+00:00,201,50.96,
2026-09-12T03:45:55.534127+00:00,201,47.61,
2026-09-12T03:45:55.554908+00:00,201,66.38,
2026-09-12T03:45:55.574213+00:00,201,62.6,
2026-09-12T03:45:55.615369+00:00,201,49.44,
2026-09-12T03:45:55.594019+00:00,201,73.72,
2026-09-12T03:45:55.634674+00:00,201,65.54,
2026-09-12T03:45:55.654203+00:00,201,58.59,
2026-09-12T03:45:55.693950+00:00,201,40.06,
2026-09-12T03:45:55.674756+00:00,201,64.89,
2026-09-12T03:45:55.715305+00:00,201,62.48,
2026-09-12T03:45:55.733821+00:00,201,46.62,
2026-09-12T03:45:55.755351+00:00,201,44.82,
2026-09-12T03:45:55.774515+00:00,201,43.54,
2026-09-12T03:45:55.794990+00:00,201,41.08,
2026-09-12T03:45:55.813930+00:00,201,41.56,
2026-09-12T03:45:55.834700+00:00,201,38.4,
2026-09-12T03:45:55.855097+00:00,201,39.42,
2026-09-12T03:45:55.874108+00:00,201,43.26,
2026-09-12T03:45:55.894673+00:00,201,42.65,
2026-09-12T03:45:55.915023+00:00,201,40.21,
2026-09-12T03:45:55.935451+00:00,201,83.59,
2026-09-12T03:45:55.954393+00:00,201,72.9,
2026-09-12T03:45:55.994429+00:00,201,46.88,
2026-09-12T03:45:55.974877+00:00,201,71.61,
2026-09-12T03:45:56.014071+00:00,201,43.1,
2026-09-12T03:45:56.034045+00:00,201,43.34,
2026-09-12T03:45:56.054575+00:00,201,42.37,
2026-09-12T03:45:56.094812+00:00,201,48.55,
2026-09-12T03:45:56.075210+00:00,201,70.7,
2026-09-12T03:45:56.114535+00:00,201,56.85,
2026-09-12T03:45:56.134276+00:00,201,71.39,
2026-09-12T03:45:56.154331+00:00,201,63.93,
2026-09-12T03:45:56.174662+00:00,201,59.12,
2026-09-12T03:45:56.194536+00:00,201,52.46,
2026-09-12T03:45:56.235016+00:00,201,46.63,
2026-09-12T03:45:56.214987+00:00,201,67.57,
2026-09-12T03:45:56.254496+00:00,201,52.77,
2026-09-12T03:45:56.274997+00:00,201,38.93,
2026-09-12T03:45:56.294051+00:00,201,39.9,
2026-09-12T03:45:56.314842+00:00,201,38.75,
2026-09-12T03:45:56.335432+00:00,201,58.99,
2026-09-12T03:45:56.354777+00:00,201,54.22,
2026-09-12T03:45:56.394769+00:00,201,42.77,
2026-09-12T03:45:56.374295+00:00,201,63.84,
2026-09-12T03:45:56.414653+00:00,201,56.74,
2026-09-12T03:45:56.435002+00:00,201,37.1,
2026-09-12T03:45:56.475184+00:00,201,50.71,
2026-09-12T03:45:56.454552+00:00,201,71.94,
2026-09-12T03:45:56.494451+00:00,201,43.77,
2026-09-12T03:45:56.514713+00:00,201,40.47,
2026-09-12T03:45:56.535255+00:00,201,69.17,
2026-09-12T03:45:56.554361+00:00,201,60.67,
2026-09-12T03:45:56.573928+00:00,201,58.9,
2026-09-12T03:45:56.615087+00:00,201,42.86,
2026-09-12T03:45:56.594603+00:00,201,64.52,
2026-09-12T03:45:56.634414+00:00,201,62.52,
2026-09-12T03:45:56.654889+00:00,201,42.31,
2026-09-12T03:45:56.674745+00:00,201,67.81,
2026-09-12T03:45:56.695404+00:00,201,60.26,
2026-09-12T03:45:56.714702+00:00,201,57.36,
2026-09-12T03:45:56.734324+00:00,201,53.77,
2026-09-12T03:45:56.754084+00:00,201,44.34,
2026-09-12T03:45:56.774457+00:00,201,39.67,
2026-09-12T03:45:56.794898+00:00,201,42.06,
2026-09-12T03:45:56.815308+00:00,201,53.06,
2026-09-12T03:45:56.854727+00:00,201,38.12,
2026-09-12T03:45:56.833875+00:00,201,64.77,
2026-09-12T03:45:56.874271+00:00,201,42.75,
2026-09-12T03:45:56.894712+00:00,201,41.08,
2026-09-12T03:45:56.915023+00:00,201,42.46,
2026-09-12T03:45:56.933941+00:00,201,42.26,
2026-09-12T03:45:56.955007+00:00,201,42.36,
2026-09-12T03:45:56.974157+00:00,201,42.22,
2026-09-12T03:45:56.995352+00:00,201,39.58,
2026-09-12T03:45:57.014754+00:00,201,41.46,
2026-09-12T03:45:57.035200+00:00,201,78.89,
2026-09-12T03:45:57.054407+00:00,201,70.16,
2026-09-12T03:45:57.075380+00:00,201,60.92,
2026-09-12T03:45:57.094433+00:00,201,57.83,
2026-09-12T03:45:57.114695+00:00,201,47.39,
2026-09-12T03:45:57.134503+00:00,201,43.45,
2026-09-12T03:45:57.154192+00:00,201,44.11,
2026-09-12T03:45:57.175228+00:00,201,80.66,
2026-09-12T03:45:57.194762+00:00,201,62.58,
2026-09-12T03:45:57.214679+00:00,201,68.18,
2026-09-12T03:45:57.234415+00:00,201,54.33,
2026-09-12T03:45:57.255519+00:00,201,46.22,
2026-09-12T03:45:57.274379+00:00,201,42.83,
2026-09-12T03:45:57.295008+00:00,201,61.35,
2026-09-12T03:45:57.314741+00:00,201,45.76,
2026-09-12T03:45:57.354030+00:00,201,56.47,
2026-09-12T03:45:57.334884+00:00,201,78.07,
2026-09-12T03:45:57.374088+00:00,201,48.92,
2026-09-12T03:45:57.394123+00:00,201,53.64,
2026-09-12T03:45:57.414704+00:00,201,38.8,
2026-09-12T03:45:57.435015+00:00,201,45.34,
2026-09-12T03:45:57.454906+00:00,201,57.58,
2026-09-12T03:45:57.474451+00:00,201,40.61,
2026-09-12T03:45:57.494077+00:00,201,46.15,
2026-09-12T03:45:57.514798+00:00,201,53.3,
2026-09-12T03:45:57.534282+00:00,201,61.32,
2026-09-12T03:45:57.556032+00:00,201,63.99,
2026-09-12T03:45:57.574854+00:00,201,48.05,
2026-09-12T03:45:57.595330+00:00,201,59.56,
2026-09-12T03:45:57.613969+00:00,201,68.72,
2026-09-12T03:45:57.635076+00:00,201,60.2,
2026-09-12T03:45:57.655086+00:00,201,44.06,
2026-09-12T03:45:57.673976+00:00,201,44.44,
2026-09-12T03:45:57.695007+00:00,201,41.32,
2026-09-12T03:45:57.734955+00:00,201,49.33,
2026-09-12T03:45:57.714306+00:00,201,72.45,
2026-09-12T03:45:57.754844+00:00,201,47.04,
2026-09-12T03:45:57.774492+00:00,201,42.96,
2026-09-12T03:45:57.794708+00:00,201,48.78,
2026-09-12T03:45:57.815429+00:00,201,55.02,
2026-09-12T03:45:57.834390+00:00,201,71.95,
2026-09-12T03:45:57.854748+00:00,201,62.75,
2026-09-12T03:45:57.875199+00:00,201,43.17,
2026-09-12T03:45:57.894662+00:00,201,39.97,
2026-09-12T03:45:57.914587+00:00,201,38.24,
2026-09-12T03:45:57.934773+00:00,201,61.88,
2026-09-12T03:45:57.955782+00:00,201,41.47,
2026-09-12T03:45:57.975317+00:00,201,42.89,
2026-09-12T03:45:57.994048+00:00,201,40.89,
2026-09-12T03:45:58.014795+00:00,201,40.51,
2026-09-12T03:45:58.033799+00:00,201,44.06,
2026-09-12T03:45:58.054367+00:00,201,44.83,
2026-09-12T03:45:58.075350+00:00,201,43.02,
2026-09-12T03:45:58.094726+00:00,201,39.65,
2026-09-12T03:45:58.114041+00:00,201,51.98,
2026-09-12T03:45:58.155290+00:00,201,51.27,
2026-09-12T03:45:58.135802+00:00,201,71.27,
2026-09-12T03:45:58.174909+00:00,201,44.62,
2026-09-12T03:45:58.194346+00:00,201,42.75,
2026-09-12T03:45:58.214731+00:00,201,44.5,
2026-09-12T03:45:58.235438+00:00,201,46.07,
2026-09-12T03:45:58.255424+00:00,201,58.23,
2026-09-12T03:45:58.294648+00:00,201,43.0,
2026-09-12T03:45:58.274705+00:00,201,65.79,
2026-09-12T03:45:58.313754+00:00,201,40.95,
2026-09-12T03:45:58.335360+00:00,201,57.92,
2026-09-12T03:45:58.354562+00:00,201,39.6,
2026-09-12T03:45:58.375223+00:00,201,44.96,
2026-09-12T03:45:58.394083+00:00,201,45.17,
2026-09-12T03:45:58.413950+00:00,201,59.66,
2026-09-12T03:45:58.434895+00:00,201,42.71,
2026-09-12T03:45:58.455098+00:00,201,48.23,
2026-09-12T03:45:58.474080+00:00,201,45.76,
2026-09-12T03:45:58.494173+00:00,201,42.98,
2026-09-12T03:45:58.515268+00:00,201,79.03,
2026-09-12T03:45:58.534923+00:00,201,61.56,
2026-09-12T03:45:58.554476+00:00,201,68.91,
2026-09-12T03:45:58.575335+00:00,201,50.16,
2026-09-12T03:45:58.594134+00:00,201,50.28,
2026-09-12T03:45:58.615250+00:00,201,82.46,
2026-09-12T03:45:58.634332+00:00,201,81.93,
2026-09-12T03:45:58.654458+00:00,201,66.08,
2026-09-12T03:45:58.695088+00:00,201,50.02,
2026-09-12T03:45:58.675853+00:00,201,73.2,
2026-09-12T03:45:58.714123+00:00,201,48.07,
2026-09-12T03:45:58.734532+00:00,201,60.89,
2026-09-12T03:45:58.753984+00:00,201,53.96,
2026-09-12T03:45:58.774445+00:00,201,43.72,
2026-09-12T03:45:58.795477+00:00,201,39.02,
2026-09-12T03:45:58.814704+00:00,201,62.5,
2026-09-12T03:45:58.834947+00:00,201,52.08,
2026-09-12T03:45:58.854889+00:00,201,66.53,
2026-09-12T03:45:58.874409+00:00,201,47.59,
2026-09-12T03:45:58.894130+00:00,201,42.63,
2026-09-12T03:45:58.914019+00:00,201,94.67,
2026-09-12T03:45:58.934851+00:00,201,87.58,
2026-09-12T03:45:58.954492+00:00,201,75.43,
2026-09-12T03:45:58.974329+00:00,201,66.11,
2026-09-12T03:45:58.994786+00:00,201,55.07,
2026-09-12T03:45:59.015288+00:00,201,44.53,
2026-09-12T03:45:59.034888+00:00,201,56.86,
2026-09-12T03:45:59.055159+00:00,201,67.47,
2026-09-12T03:45:59.075056+00:00,201,62.01,
2026-09-12T03:45:59.095074+00:00,201,56.97,
2026-09-12T03:45:59.115187+00:00,201,51.58,
2026-09-12T03:45:59.135156+00:00,201,44.98,
2026-09-12T03:45:59.154479+00:00,201,42.45,
2026-09-12T03:45:59.175681+00:00,201,58.63,
2026-09-12T03:45:59.194130+00:00,201,40.58,
2026-09-12T03:45:59.215488+00:00,201,41.97,
2026-09-12T03:45:59.234911+00:00,201,42.0,
2026-09-12T03:45:59.255198+00:00,201,57.79,
2026-09-12T03:45:59.274282+00:00,201,39.11,
2026-09-12T03:45:59.294149+00:00,201,41.02,
2026-09-12T03:45:59.314822+00:00,201,39.21,
2026-09-12T03:45:59.335729+00:00,201,41.7,
2026-09-12T03:45:59.353997+00:00,201,50.27,
2026-09-12T03:45:59.375186+00:00,201,41.51,
2026-09-12T03:45:59.394472+00:00,201,59.22,
2026-09-12T03:45:59.414740+00:00,201,39.27,
2026-09-12T03:45:59.435209+00:00,201,38.84,
2026-09-12T03:45:59.454334+00:00,201,42.76,
2026-09-12T03:45:59.474291+00:00,201,44.24,
2026-09-12T03:45:59.494181+00:00,201,41.25,
2026-09-12T03:45:59.515201+00:00,201,44.34,
2026-09-12T03:45:59.534959+00:00,201,60.32,
2026-09-12T03:45:59.555017+00:00,201,73.24,
2026-09-12T03:45:59.574809+00:00,201,70.12,
2026-09-12T03:45:59.594716+00:00,201,54.13,
2026-09-12T03:45:59.615774+00:00,201,72.31,
2026-09-12T03:45:59.634680+00:00,201,54.25,
2026-09-12T03:45:59.654754+00:00,201,65.22,
2026-09-12T03:45:59.674513+00:00,201,62.34,
2026-09-12T03:45:59.694145+00:00,201,55.51,
2026-09-12T03:45:59.714511+00:00,201,42.65,
2026-09-12T03:45:59.735446+00:00,201,44.93,
2026-09-12T03:45:59.754742+00:00,201,41.16,
2026-09-12T03:45:59.775490+00:00,201,58.72,
2026-09-12T03:45:59.814521+00:00,201,37.53,
2026-09-12T03:45:59.794759+00:00,201,65.09,
2026-09-12T03:45:59.834064+00:00,201,40.3,
2026-09-12T03:45:59.854470+00:00,201,60.51,
2026-09-12T03:45:59.874767+00:00,201,66.03,
2026-09-12T03:45:59.894681+00:00,201,60.38,
2026-09-12T03:45:59.914022+00:00,201,42.86,
2026-09-12T03:45:59.935483+00:00,201,51.1,
2026-09-12T03:45:59.954958+00:00,201,39.01,
2026-09-12T03:45:59.974140+00:00,201,36.89,
2026-09-12T03:45:59.994940+00:00,201,42.92,
2026-09-12T03:46:00.015444+00:00,201,43.54,
2026-09-12T03:46:00.034222+00:00,201,39.52,
2026-09-12T03:46:00.055314+00:00,201,44.57,
2026-09-12T03:46:00.074655+00:00,201,57.09,
2026-09-12T03:46:00.094141+00:00,201,80.06,
2026-09-12T03:46:00.114443+00:00,201,69.95,
2026-09-12T03:46:00.135402+00:00,201,53.17,
2026-09-12T03:46:00.155337+00:00,201,46.22,
2026-09-12T03:46:00.174753+00:00,201,72.64,
2026-09-12T03:46:00.193926+00:00,201,68.15,
2026-09-12T03:46:00.215296+00:00,201,62.49,
2026-09-12T03:46:00.235106+00:00,201,57.61,
2026-09-12T03:46:00.254214+00:00,201,43.11,
2026-09-12T03:46:00.275089+00:00,201,47.01,
2026-09-12T03:46:00.295362+00:00,201,49.12,
2026-09-12T03:46:00.314509+00:00,201,54.54,
2026-09-12T03:46:00.334963+00:00,201,73.82,
2026-09-12T03:46:00.355400+00:00,201,54.17,
2026-09-12T03:46:00.375029+00:00,201,49.86,
2026-09-12T03:46:00.395215+00:00,201,44.6,
2026-09-12T03:46:00.414520+00:00,201,76.29,
2026-09-12T03:46:00.435344+00:00,201,57.33,
2026-09-12T03:46:00.455003+00:00,201,61.92,
2026-09-12T03:46:00.474572+00:00,201,65.55,
2026-09-12T03:46:00.494553+00:00,201,59.59,
2026-09-12T03:46:00.514182+00:00,201,55.23,
2026-09-12T03:46:00.534358+00:00,201,52.62,
2026-09-12T03:46:00.555252+00:00,201,48.28,
2026-09-12T03:46:00.574306+00:00,201,48.38,
2026-09-12T03:46:00.595395+00:00,201,41.95,
2026-09-12T03:46:00.615144+00:00,201,44.45,
2026-09-12T03:46:00.655990+00:00,201,44.18,
2026-09-12T03:46:00.635060+00:00,201,65.24,
2026-09-12T03:46:00.675374+00:00,201,45.79,
2026-09-12T03:46:00.694443+00:00,201,43.06,
2026-09-12T03:46:00.715169+00:00,201,45.25,
2026-09-12T03:46:00.734638+00:00,201,55.74,
2026-09-12T03:46:00.754486+00:00,201,42.6,
2026-09-12T03:46:00.774867+00:00,201,42.28,
2026-09-12T03:46:00.795109+00:00,201,41.31,
2026-09-12T03:46:00.815457+00:00,201,39.98,
2026-09-12T03:46:00.854620+00:00,201,52.0,
2026-09-12T03:46:00.833902+00:00,201,74.14,
2026-09-12T03:46:00.875494+00:00,201,53.5,
2026-09-12T03:46:00.895024+00:00,201,34.46,
2026-09-12T03:46:00.914854+00:00,201,89.34,
2026-09-12T03:46:00.933979+00:00,201,83.38,
2026-09-12T03:46:00.954670+00:00,201,68.05,
2026-09-12T03:46:00.973993+00:00,201,59.72,
2026-09-12T03:46:00.994230+00:00,201,54.17,
2026-09-12T03:46:01.014009+00:00,201,50.35,
2026-09-12T03:46:01.035196+00:00,201,56.39,
2026-09-12T03:46:01.055538+00:00,201,74.68,
2026-09-12T03:46:01.074637+00:00,201,60.28,
2026-09-12T03:46:01.094996+00:00,201,52.95,
2026-09-12T03:46:01.114183+00:00,201,45.15,
2026-09-12T03:46:01.134577+00:00,201,49.92,
2026-09-12T03:46:01.154966+00:00,201,58.39,
2026-09-12T03:46:01.174518+00:00,201,46.32,
2026-09-12T03:46:01.214678+00:00,201,54.77,
2026-09-12T03:46:01.193935+00:00,201,76.88,
2026-09-12T03:46:01.234951+00:00,201,73.49,
2026-09-12T03:46:01.254036+00:00,201,68.96,
2026-09-12T03:46:01.274939+00:00,201,64.58,
2026-09-12T03:46:01.294433+00:00,201,55.78,
2026-09-12T03:46:01.315295+00:00,201,40.92,
2026-09-12T03:46:01.334210+00:00,201,41.44,
2026-09-12T03:46:01.354560+00:00,201,39.17,
2026-09-12T03:46:01.375691+00:00,201,44.39,
2026-09-12T03:46:01.394042+00:00,201,84.09,
2026-09-12T03:46:01.415234+00:00,201,62.9,
2026-09-12T03:46:01.435147+00:00,201,59.41,
2026-09-12T03:46:01.474494+00:00,201,48.23,
2026-09-12T03:46:01.455509+00:00,201,73.49,
2026-09-12T03:46:01.494055+00:00,201,61.33,
2026-09-12T03:46:01.515406+00:00,201,53.39,
2026-09-12T03:46:01.554548+00:00,201,43.76,
2026-09-12T03:46:01.534181+00:00,201,67.75,
2026-09-12T03:46:01.574251+00:00,201,49.79,
2026-09-12T03:46:01.595470+00:00,201,48.04,
2026-09-12T03:46:01.634704+00:00,201,50.15,
2026-09-12T03:46:01.614154+00:00,201,71.27,
2026-09-12T03:46:01.655245+00:00,201,46.98,
2026-09-12T03:46:01.674623+00:00,201,71.05,
2026-09-12T03:46:01.694051+00:00,201,52.01,
2026-09-12T03:46:01.714134+00:00,201,56.54,
2026-09-12T03:46:01.734282+00:00,201,42.25,
2026-09-12T03:46:01.774280+00:00,201,46.41,
2026-09-12T03:46:01.755037+00:00,201,66.2,
2026-09-12T03:46:01.793867+00:00,201,40.87,
2026-09-12T03:46:01.815454+00:00,201,38.76,
2026-09-12T03:46:01.835138+00:00,201,40.1,
2026-09-12T03:46:01.854062+00:00,201,59.18,
2026-09-12T03:46:01.874307+00:00,201,41.84,
2026-09-12T03:46:01.894920+00:00,201,67.3,
2026-09-12T03:46:01.914696+00:00,201,47.87,
2026-09-12T03:46:01.934077+00:00,201,44.67,
2026-09-12T03:46:01.955110+00:00,201,41.55,
2026-09-12T03:46:01.974082+00:00,201,39.82,
2026-09-12T03:46:01.994506+00:00,201,41.87,
2026-09-12T03:46:02.015391+00:00,201,39.35,
2026-09-12T03:46:02.034270+00:00,201,40.7,
2026-09-12T03:46:02.054944+00:00,201,44.09,
2026-09-12T03:46:02.075235+00:00,201,46.35,
2026-09-12T03:46:02.096968+00:00,201,73.51,
2026-09-12T03:46:02.114288+00:00,201,69.18,
2026-09-12T03:46:02.134163+00:00,201,65.64,
2026-09-12T03:46:02.154063+00:00,201,57.82,
2026-09-12T03:46:02.174401+00:00,201,42.44,
2026-09-12T03:46:02.195432+00:00,201,39.31,
2026-09-12T03:46:02.214140+00:00,201,36.04,
2026-09-12T03:46:02.234977+00:00,201,68.84,
2026-09-12T03:46:02.254130+00:00,201,70.63,
2026-09-12T03:46:02.295207+00:00,201,41.78,
2026-09-12T03:46:02.274261+00:00,201,63.39,
2026-09-12T03:46:02.315431+00:00,201,49.83,
2026-09-12T03:46:02.334958+00:00,201,40.42,
2026-09-12T03:46:02.354673+00:00,201,71.85,
2026-09-12T03:46:02.375672+00:00,201,57.55,
2026-09-12T03:46:02.395104+00:00,201,44.25,
2026-09-12T03:46:02.415323+00:00,201,75.73,
2026-09-12T03:46:02.434349+00:00,201,70.17,
2026-09-12T03:46:02.454022+00:00,201,63.41,
2026-09-12T03:46:02.474651+00:00,201,49.38,
2026-09-12T03:46:02.495258+00:00,201,44.09,
2026-09-12T03:46:02.515419+00:00,201,40.78,
2026-09-12T03:46:02.534841+00:00,201,39.87,
2026-09-12T03:46:02.555431+00:00,201,59.94,
2026-09-12T03:46:02.573888+00:00,201,106.64,
2026-09-12T03:46:02.594382+00:00,201,98.78,
2026-09-12T03:46:02.614195+00:00,201,86.23,
2026-09-12T03:46:02.634232+00:00,201,79.45,
2026-09-12T03:46:02.673915+00:00,201,57.4,
2026-09-12T03:46:02.654998+00:00,201,84.18,
2026-09-12T03:46:02.695074+00:00,201,78.47,
2026-09-12T03:46:02.714205+00:00,201,76.6,
2026-09-12T03:46:02.734439+00:00,201,76.75,
2026-09-12T03:46:02.754276+00:00,201,62.5,
2026-09-12T03:46:02.775487+00:00,201,59.42,
2026-09-12T03:46:02.795100+00:00,201,50.4,
2026-09-12T03:46:02.814360+00:00,201,48.19,
2026-09-12T03:46:02.835351+00:00,201,68.61,
2026-09-12T03:46:02.854783+00:00,201,57.26,
2026-09-12T03:46:02.874912+00:00,201,48.61,
2026-09-12T03:46:02.894109+00:00,201,43.1,
2026-09-12T03:46:02.914899+00:00,201,59.57,
2026-09-12T03:46:02.934121+00:00,201,42.99,
2026-09-12T03:46:02.954424+00:00,201,68.54,
2026-09-12T03:46:02.974465+00:00,201,48.89,
2026-09-12T03:46:02.994602+00:00,201,55.7,
2026-09-12T03:46:03.015336+00:00,201,69.0,
2026-09-12T03:46:03.034369+00:00,201,60.95,
2026-09-12T03:46:03.055193+00:00,201,52.59,
2026-09-12T03:46:03.075385+00:00,201,49.42,
2026-09-12T03:46:03.094572+00:00,201,36.97,
2026-09-12T03:46:03.115028+00:00,201,68.31,
2026-09-12T03:46:03.134948+00:00,201,61.51,
2026-09-12T03:46:03.154727+00:00,201,50.15,
2026-09-12T03:46:03.173949+00:00,201,46.33,
2026-09-12T03:46:03.194677+00:00,201,42.99,
2026-09-12T03:46:03.214865+00:00,201,42.99,
2026-09-12T03:46:03.234646+00:00,201,41.77,
2026-09-12T03:46:03.254861+00:00,201,45.57,
2026-09-12T03:46:03.274508+00:00,201,43.78,
2026-09-12T03:46:03.295155+00:00,201,59.68,
2026-09-12T03:46:03.314188+00:00,201,41.88,
2026-09-12T03:46:03.334189+00:00,201,40.56,
2026-09-12T03:46:03.354530+00:00,201,44.86,
2026-09-12T03:46:03.375428+00:00,201,42.26,
2026-09-12T03:46:03.395119+00:00,201,55.63,
2026-09-12T03:46:03.414470+00:00,201,61.95,
2026-09-12T03:46:03.435313+00:00,201,58.56,
2026-09-12T03:46:03.454687+00:00,201,41.93,
2026-09-12T03:46:03.474390+00:00,201,44.92,
2026-09-12T03:46:03.493956+00:00,201,41.94,
2026-09-12T03:46:03.515479+00:00,201,41.46,
2026-09-12T03:46:03.534122+00:00,201,43.48,
2026-09-12T03:46:03.554940+00:00,201,43.96,
2026-09-12T03:46:03.574405+00:00,201,42.07,
2026-09-12T03:46:03.594208+00:00,201,64.23,
2026-09-12T03:46:03.615311+00:00,201,71.5,
2026-09-12T03:46:03.635395+00:00,201,65.07,
2026-09-12T03:46:03.655373+00:00,201,45.79,
2026-09-12T03:46:03.675206+00:00,201,44.74,
2026-09-12T03:46:03.694420+00:00,201,47.95,
2026-09-12T03:46:03.714688+00:00,201,76.38,
2026-09-12T03:46:03.733958+00:00,201,73.04,
2026-09-12T03:46:03.755390+00:00,201,62.67,
2026-09-12T03:46:03.774897+00:00,201,48.46,
2026-09-12T03:46:03.794727+00:00,201,41.4,
2026-09-12T03:46:03.814920+00:00,201,40.21,
2026-09-12T03:46:03.834674+00:00,201,42.81,
2026-09-12T03:46:03.874189+00:00,201,50.27,
2026-09-12T03:46:03.855457+00:00,201,72.33,
2026-09-12T03:46:03.895107+00:00,201,63.76,
2026-09-12T03:46:03.915223+00:00,201,67.16,
2026-09-12T03:46:03.934460+00:00,201,60.01,
2026-09-12T03:46:03.954608+00:00,201,55.8,
2026-09-12T03:46:03.974326+00:00,201,55.19,
2026-09-12T03:46:03.994441+00:00,201,72.7,
2026-09-12T03:46:04.034454+00:00,201,44.35,
2026-09-12T03:46:04.014959+00:00,201,64.63,
2026-09-12T03:46:04.054671+00:00,201,46.93,
2026-09-12T03:46:04.075465+00:00,201,47.38,
2026-09-12T03:46:04.094947+00:00,201,46.03,
2026-09-12T03:46:04.114689+00:00,201,58.13,
2026-09-12T03:46:04.134753+00:00,201,40.46,
2026-09-12T03:46:04.154786+00:00,201,66.97,
2026-09-12T03:46:04.175460+00:00,201,57.83,
2026-09-12T03:46:04.195333+00:00,201,54.58,
2026-09-12T03:46:04.214795+00:00,201,44.61,
2026-09-12T03:46:04.233962+00:00,201,43.3,
2026-09-12T03:46:04.254230+00:00,201,42.63,
2026-09-12T03:46:04.274730+00:00,201,42.62,
2026-09-12T03:46:04.294712+00:00,201,39.18,
2026-09-12T03:46:04.334566+00:00,201,44.09,
2026-09-12T03:46:04.315378+00:00,201,66.46,
2026-09-12T03:46:04.355398+00:00,201,44.93,
2026-09-12T03:46:04.374638+00:00,201,68.41,
2026-09-12T03:46:04.395337+00:00,201,58.09,
2026-09-12T03:46:04.414089+00:00,201,54.24,
2026-09-12T03:46:04.435255+00:00,201,45.6,
2026-09-12T03:46:04.454223+00:00,201,42.82,
2026-09-12T03:46:04.474120+00:00,201,60.73,
2026-09-12T03:46:04.494990+00:00,201,41.03,
2026-09-12T03:46:04.535065+00:00,201,50.12,
2026-09-12T03:46:04.514427+00:00,201,72.07,
2026-09-12T03:46:04.554954+00:00,201,44.55,
2026-09-12T03:46:04.575378+00:00,201,88.7,
2026-09-12T03:46:04.594308+00:00,201,80.79,
2026-09-12T03:46:04.614718+00:00,201,66.86,
2026-09-12T03:46:04.634942+00:00,201,61.65,
2026-09-12T03:46:04.654911+00:00,201,52.19,
2026-09-12T03:46:04.675037+00:00,201,50.76,
2026-09-12T03:46:04.694814+00:00,201,56.96,
2026-09-12T03:46:04.714459+00:00,201,77.92,
2026-09-12T03:46:04.734072+00:00,201,71.41,
2026-09-12T03:46:04.754709+00:00,201,61.75,
2026-09-12T03:46:04.774499+00:00,201,45.74,
2026-09-12T03:46:04.814438+00:00,201,51.4,
2026-09-12T03:46:04.795455+00:00,201,72.89,
2026-09-12T03:46:04.834703+00:00,201,59.46,
2026-09-12T03:46:04.854607+00:00,201,39.92,
2026-09-12T03:46:04.874288+00:00,201,44.1,
2026-09-12T03:46:04.894894+00:00,201,44.04,
2026-09-12T03:46:04.914132+00:00,201,47.17,
2026-09-12T03:46:04.935189+00:00,201,45.67,
2026-09-12T03:46:04.954774+00:00,201,53.89,
2026-09-12T03:46:04.974117+00:00,201,69.32,
2026-09-12T03:46:04.994627+00:00,201,65.43,
2026-09-12T03:46:05.014332+00:00,201,57.22,
2026-09-12T03:46:05.035024+00:00,201,50.34,
2026-09-12T03:46:05.054670+00:00,201,38.88,
2026-09-12T03:46:05.074007+00:00,201,40.68,
2026-09-12T03:46:05.094593+00:00,201,42.0,
2026-09-12T03:46:05.115050+00:00,201,41.24,
2026-09-12T03:46:05.134665+00:00,201,39.06,
2026-09-12T03:46:05.155491+00:00,201,40.77,
2026-09-12T03:46:05.175261+00:00,201,38.93,
2026-09-12T03:46:05.194889+00:00,201,38.48,
2026-09-12T03:46:05.214149+00:00,201,37.91,
2026-09-12T03:46:05.235059+00:00,201,57.75,
2026-09-12T03:46:05.255500+00:00,201,37.92,
2026-09-12T03:46:05.274937+00:00,201,39.37,
2026-09-12T03:46:05.294744+00:00,201,38.87,
2026-09-12T03:46:05.314549+00:00,201,40.86,
2026-09-12T03:46:05.335210+00:00,201,37.9,
2026-09-12T03:46:05.354295+00:00,201,37.56,
2026-09-12T03:46:05.374395+00:00,201,37.44,
2026-09-12T03:46:05.395009+00:00,201,41.17,
2026-09-12T03:46:05.415446+00:00,201,39.03,
2026-09-12T03:46:05.434493+00:00,201,71.03,
2026-09-12T03:46:05.453908+00:00,201,59.88,
2026-09-12T03:46:05.494269+00:00,201,40.87,
2026-09-12T03:46:05.475595+00:00,201,68.88,
2026-09-12T03:46:05.514986+00:00,201,41.74,
2026-09-12T03:46:05.534483+00:00,201,38.35,
2026-09-12T03:46:05.554693+00:00,201,43.08,
2026-09-12T03:46:05.595283+00:00,201,57.4,
2026-09-12T03:46:05.574779+00:00,201,78.47,
2026-09-12T03:46:05.614126+00:00,201,52.06,
2026-09-12T03:46:05.635335+00:00,201,77.4,
2026-09-12T03:46:05.654739+00:00,201,72.21,
2026-09-12T03:46:05.674110+00:00,201,53.45,
2026-09-12T03:46:05.695411+00:00,201,50.04,
2026-09-12T03:46:05.715337+00:00,201,47.52,
2026-09-12T03:46:05.735009+00:00,201,44.32,
2026-09-12T03:46:05.754905+00:00,201,69.22,
2026-09-12T03:46:05.774034+00:00,201,75.65,
2026-09-12T03:46:05.794665+00:00,201,66.26,
2026-09-12T03:46:05.814035+00:00,201,64.95,
2026-09-12T03:46:05.835406+00:00,201,49.91,
2026-09-12T03:46:05.854533+00:00,201,46.65,
2026-09-12T03:46:05.875115+00:00,201,46.46,
2026-09-12T03:46:05.894225+00:00,201,43.19,
2026-09-12T03:46:05.914086+00:00,201,49.86,
2026-09-12T03:46:05.934766+00:00,201,39.82,
2026-09-12T03:46:05.954770+00:00,201,46.27,
2026-09-12T03:46:05.974999+00:00,201,45.22,
2026-09-12T03:46:05.994493+00:00,201,76.48,
2026-09-12T03:46:06.015252+00:00,201,71.98,
2026-09-12T03:46:06.033983+00:00,201,53.83,
2026-09-12T03:46:06.055211+00:00,201,52.49,
2026-09-12T03:46:06.074618+00:00,201,48.23,
2026-09-12T03:46:06.095315+00:00,201,47.03,
2026-09-12T03:46:06.114583+00:00,201,46.22,
2026-09-12T03:46:06.135210+00:00,201,58.26,
2026-09-12T03:46:06.153983+00:00,201,59.97,
2026-09-12T03:46:06.194787+00:00,201,62.58,
2026-09-12T03:46:06.175409+00:00,201,82.58,
2026-09-12T03:46:06.214261+00:00,201,84.82,
2026-09-12T03:46:06.255312+00:00,201,60.0,
2026-09-12T03:46:06.234708+00:00,201,82.18,
2026-09-12T03:46:06.274774+00:00,201,55.79,
2026-09-12T03:46:06.295565+00:00,201,50.65,
2026-09-12T03:46:06.315494+00:00,201,51.29,
2026-09-12T03:46:06.334117+00:00,201,62.21,
2026-09-12T03:46:06.354616+00:00,201,57.96,
2026-09-12T03:46:06.394291+00:00,201,47.67,
2026-09-12T03:46:06.374792+00:00,201,69.58,
2026-09-12T03:46:06.414777+00:00,201,46.77,
2026-09-12T03:46:06.434090+00:00,201,46.68,
2026-09-12T03:46:06.454644+00:00,201,49.98,
2026-09-12T03:46:06.475407+00:00,201,49.39,
2026-09-12T03:46:06.494436+00:00,201,49.58,
2026-09-12T03:46:06.515419+00:00,201,50.62,
2026-09-12T03:46:06.534437+00:00,201,44.85,
2026-09-12T03:46:06.554781+00:00,201,42.77,
2026-09-12T03:46:06.575053+00:00,201,45.02,
2026-09-12T03:46:06.594199+00:00,201,55.43,
2026-09-12T03:46:06.615070+00:00,201,74.73,
2026-09-12T03:46:06.634721+00:00,201,66.46,
2026-09-12T03:46:06.654571+00:00,201,47.36,
2026-09-12T03:46:06.674702+00:00,201,41.65,
2026-09-12T03:46:06.695460+00:00,201,40.25,
2026-09-12T03:46:06.714169+00:00,201,43.02,
2026-09-12T03:46:06.734943+00:00,201,41.83,
2026-09-12T03:46:06.755351+00:00,201,45.27,
2026-09-12T03:46:06.774920+00:00,201,46.17,
2026-09-12T03:46:06.794310+00:00,201,41.9,
2026-09-12T03:46:06.814354+00:00,201,41.8,
2026-09-12T03:46:06.833941+00:00,201,39.81,
2026-09-12T03:46:06.854085+00:00,201,71.86,
2026-09-12T03:46:06.875208+00:00,201,62.35,
2026-09-12T03:46:06.894736+00:00,201,45.44,
2026-09-12T03:46:06.915398+00:00,201,40.48,
2026-09-12T03:46:06.934699+00:00,201,45.17,
2026-09-12T03:46:06.953908+00:00,201,43.54,
2026-09-12T03:46:06.975307+00:00,201,46.51,
2026-09-12T03:46:06.994657+00:00,201,43.06,
2026-09-12T03:46:07.015454+00:00,201,41.45,
2026-09-12T03:46:07.034597+00:00,201,76.39,
2026-09-12T03:46:07.053857+00:00,201,57.93,
2026-09-12T03:46:07.074960+00:00,201,60.08,
2026-09-12T03:46:07.114624+00:00,201,47.4,
2026-09-12T03:46:07.094627+00:00,201,67.95,
2026-09-12T03:46:07.134006+00:00,201,46.67,
2026-09-12T03:46:07.155317+00:00,201,44.31,
2026-09-12T03:46:07.174432+00:00,201,47.05,
2026-09-12T03:46:07.194039+00:00,201,72.8,
2026-09-12T03:46:07.214757+00:00,201,52.2,
2026-09-12T03:46:07.235151+00:00,201,46.78,
2026-09-12T03:46:07.254680+00:00,201,69.6,
2026-09-12T03:46:07.274191+00:00,201,61.57,
2026-09-12T03:46:07.295005+00:00,201,56.43,
2026-09-12T03:46:07.314664+00:00,201,68.01,
2026-09-12T03:46:07.354729+00:00,201,46.19,
2026-09-12T03:46:07.336076+00:00,201,66.46,
2026-09-12T03:46:07.374078+00:00,201,51.33,
2026-09-12T03:46:07.395496+00:00,201,50.29,
2026-09-12T03:46:07.414696+00:00,201,68.97,
2026-09-12T03:46:07.434519+00:00,201,59.1,
2026-09-12T03:46:07.454348+00:00,201,70.6,
2026-09-12T03:46:07.475390+00:00,201,62.3,
2026-09-12T03:46:07.494981+00:00,201,45.48,
2026-09-12T03:46:07.515437+00:00,201,49.89,
2026-09-12T03:46:07.535057+00:00,201,38.74,
2026-09-12T03:46:07.554778+00:00,201,38.86,
2026-09-12T03:46:07.575255+00:00,201,61.65,
2026-09-12T03:46:07.614982+00:00,201,40.51,
2026-09-12T03:46:07.595200+00:00,201,68.99,
2026-09-12T03:46:07.635550+00:00,201,43.66,
2026-09-12T03:46:07.654629+00:00,201,52.57,
2026-09-12T03:46:07.694722+00:00,201,49.39,
2026-09-12T03:46:07.674470+00:00,201,70.71,
2026-09-12T03:46:07.714948+00:00,201,43.18,
2026-09-12T03:46:07.734021+00:00,201,48.08,
2026-09-12T03:46:07.754804+00:00,201,37.55,
2026-09-12T03:46:07.774527+00:00,201,40.66,
2026-09-12T03:46:07.794311+00:00,201,37.41,
2026-09-12T03:46:07.814436+00:00,201,39.95,
2026-09-12T03:46:07.834604+00:00,201,38.61,
2026-09-12T03:46:07.856026+00:00,201,39.83,
2026-09-12T03:46:07.874613+00:00,201,34.58,
2026-09-12T03:46:07.894994+00:00,201,37.8,
2026-09-12T03:46:07.915391+00:00,201,40.86,
2026-09-12T03:46:07.933971+00:00,201,37.68,
2026-09-12T03:46:07.954036+00:00,201,37.56,
2026-09-12T03:46:07.974321+00:00,201,39.51,
2026-09-12T03:46:07.994756+00:00,201,38.51,
2026-09-12T03:46:08.014595+00:00,201,60.13,
2026-09-12T03:46:08.055079+00:00,201,40.66,
2026-09-12T03:46:08.033948+00:00,201,68.33,
2026-09-12T03:46:08.075606+00:00,201,51.49,
2026-09-12T03:46:08.094641+00:00,201,52.56,
2026-09-12T03:46:08.114153+00:00,201,70.24,
2026-09-12T03:46:08.134400+00:00,201,64.68,
2026-09-12T03:46:08.153821+00:00,201,46.04,
2026-09-12T03:46:08.174784+00:00,201,55.52,
2026-09-12T03:46:08.194682+00:00,201,46.21,
2026-09-12T03:46:08.215224+00:00,201,40.08,
2026-09-12T03:46:08.235543+00:00,201,66.54,
2026-09-12T03:46:08.254608+00:00,201,70.02,
2026-09-12T03:46:08.274899+00:00,201,60.43,
2026-09-12T03:46:08.295298+00:00,201,53.71,
2026-09-12T03:46:08.314414+00:00,201,50.45,
2026-09-12T03:46:08.334615+00:00,201,37.07,
2026-09-12T03:46:08.355304+00:00,201,93.83,
2026-09-12T03:46:08.374317+00:00,201,83.45,
2026-09-12T03:46:08.395255+00:00,201,69.73,
2026-09-12T03:46:08.414423+00:00,201,60.81,
2026-09-12T03:46:08.434245+00:00,201,51.73,
2026-09-12T03:46:08.454840+00:00,201,59.38,
2026-09-12T03:46:08.475323+00:00,201,54.01,
2026-09-12T03:46:08.494186+00:00,201,45.82,
2026-09-12T03:46:08.514567+00:00,201,43.55,
2026-09-12T03:46:08.534313+00:00,201,43.09,
2026-09-12T03:46:08.554535+00:00,201,40.87,
2026-09-12T03:46:08.575462+00:00,201,46.67,
2026-09-12T03:46:08.595086+00:00,201,49.35,
2026-09-12T03:46:08.614536+00:00,201,47.16,
2026-09-12T03:46:08.634089+00:00,201,51.76,
2026-09-12T03:46:08.655094+00:00,201,63.87,
2026-09-12T03:46:08.675376+00:00,201,44.05,
2026-09-12T03:46:08.695831+00:00,201,56.34,
2026-09-12T03:46:08.714231+00:00,201,38.05,
2026-09-12T03:46:08.734278+00:00,201,37.67,
2026-09-12T03:46:08.754479+00:00,201,39.55,
2026-09-12T03:46:08.774316+00:00,201,42.35,
2026-09-12T03:46:08.794911+00:00,201,41.41,
2026-09-12T03:46:08.814636+00:00,201,41.6,
2026-09-12T03:46:08.835319+00:00,201,55.75,
2026-09-12T03:46:08.854637+00:00,201,71.14,
2026-09-12T03:46:08.875396+00:00,201,62.16,
2026-09-12T03:46:08.894728+00:00,201,58.62,
2026-09-12T03:46:08.914402+00:00,201,45.66,
2026-09-12T03:46:08.935248+00:00,201,43.69,
2026-09-12T03:46:08.954301+00:00,201,44.24,
2026-09-12T03:46:08.975428+00:00,201,42.5,
2026-09-12T03:46:08.994994+00:00,201,43.01,
2026-09-12T03:46:09.014399+00:00,201,73.7,
2026-09-12T03:46:09.034740+00:00,201,53.84,
2026-09-12T03:46:09.054947+00:00,201,54.8,
2026-09-12T03:46:09.075076+00:00,201,42.1,
2026-09-12T03:46:09.094137+00:00,201,78.5,
2026-09-12T03:46:09.115278+00:00,201,63.19,
2026-09-12T03:46:09.134911+00:00,201,45.98,
2026-09-12T03:46:09.175390+00:00,201,45.15,
2026-09-12T03:46:09.155095+00:00,201,65.72,
2026-09-12T03:46:09.194416+00:00,201,61.74,
2026-09-12T03:46:09.213956+00:00,201,56.3,
2026-09-12T03:46:09.234781+00:00,201,41.39,
2026-09-12T03:46:09.253955+00:00,201,38.5,
2026-09-12T03:46:09.274893+00:00,201,40.24,
2026-09-12T03:46:09.295487+00:00,201,38.66,
2026-09-12T03:46:09.314793+00:00,201,39.43,
2026-09-12T03:46:09.354500+00:00,201,44.9,
2026-09-12T03:46:09.334448+00:00,201,66.01,
2026-09-12T03:46:09.373891+00:00,201,57.97,
2026-09-12T03:46:09.394641+00:00,201,37.84,
2026-09-12T03:46:09.414601+00:00,201,38.41,
2026-09-12T03:46:09.435703+00:00,201,37.76,
2026-09-12T03:46:09.454340+00:00,201,39.73,
2026-09-12T03:46:09.475281+00:00,201,77.26,
2026-09-12T03:46:09.494801+00:00,201,64.7,
2026-09-12T03:46:09.515225+00:00,201,48.9,
2026-09-12T03:46:09.534958+00:00,201,47.19,
2026-09-12T03:46:09.554096+00:00,201,44.36,
2026-09-12T03:46:09.574843+00:00,201,67.08,
2026-09-12T03:46:09.594224+00:00,201,48.8,
2026-09-12T03:46:09.613960+00:00,201,74.47,
2026-09-12T03:46:09.634892+00:00,201,63.19,
2026-09-12T03:46:09.654923+00:00,201,57.96,
2026-09-12T03:46:09.673994+00:00,201,42.92,
2026-09-12T03:46:09.695219+00:00,201,43.41,
2026-09-12T03:46:09.714752+00:00,201,41.06,
2026-09-12T03:46:09.734131+00:00,201,38.46,
2026-09-12T03:46:09.754717+00:00,201,41.92,
2026-09-12T03:46:09.774397+00:00,201,68.07,
2026-09-12T03:46:09.795135+00:00,201,47.94,
2026-09-12T03:46:09.814084+00:00,201,44.02,
2026-09-12T03:46:09.834890+00:00,201,66.59,
2026-09-12T03:46:09.854012+00:00,201,47.51,
2026-09-12T03:46:09.874256+00:00,201,58.98,
2026-09-12T03:46:09.894419+00:00,201,39.19,
2026-09-12T03:46:09.915012+00:00,201,39.02,
2026-09-12T03:46:09.935471+00:00,201,39.32,
2026-09-12T03:46:09.954981+00:00,201,66.67,
2026-09-12T03:46:09.995093+00:00,201,41.29,
2026-09-12T03:46:09.975482+00:00,201,68.33,
2026-09-12T03:46:10.015037+00:00,201,42.42,
2026-09-12T03:46:10.034461+00:00,201,41.57,
2026-09-12T03:46:10.055205+00:00,201,38.36,
2026-09-12T03:46:10.074139+00:00,201,40.83,
2026-09-12T03:46:10.114111+00:00,201,44.7,
2026-09-12T03:46:10.095135+00:00,201,64.22,
2026-09-12T03:46:10.134437+00:00,201,79.88,
2026-09-12T03:46:10.154098+00:00,201,64.08,
2026-09-12T03:46:10.175562+00:00,201,57.73,
2026-09-12T03:46:10.195864+00:00,201,52.9,
2026-09-12T03:46:10.234191+00:00,201,42.75,
2026-09-12T03:46:10.214596+00:00,201,69.72,
2026-09-12T03:46:10.254579+00:00,201,75.16,
2026-09-12T03:46:10.274965+00:00,201,60.05,
2026-09-12T03:46:10.294068+00:00,201,56.1,
2026-09-12T03:46:10.315472+00:00,201,47.13,
2026-09-12T03:46:10.334169+00:00,201,44.52,
2026-09-12T03:46:10.354194+00:00,201,51.69,
2026-09-12T03:46:10.374941+00:00,201,73.12,
2026-09-12T03:46:10.394166+00:00,201,66.76,
2026-09-12T03:46:10.415360+00:00,201,46.45,
2026-09-12T03:46:10.435250+00:00,201,45.69,
2026-09-12T03:46:10.454006+00:00,201,104.28,
2026-09-12T03:46:10.474246+00:00,201,97.99,
2026-09-12T03:46:10.493837+00:00,201,88.23,
2026-09-12T03:46:10.514690+00:00,201,86.29,
2026-09-12T03:46:10.534960+00:00,201,78.47,
2026-09-12T03:46:10.555052+00:00,201,62.27,
2026-09-12T03:46:10.574700+00:00,201,65.29,
2026-09-12T03:46:10.594151+00:00,201,55.79,
2026-09-12T03:46:10.614376+00:00,201,51.27,
2026-09-12T03:46:10.634612+00:00,201,45.27,
2026-09-12T03:46:10.655324+00:00,201,43.28,
2026-09-12T03:46:10.675119+00:00,201,45.56,
2026-09-12T03:46:10.694275+00:00,201,48.52,
2026-09-12T03:46:10.715075+00:00,201,50.8,
2026-09-12T03:46:10.734622+00:00,201,73.02,
2026-09-12T03:46:10.755090+00:00,201,66.63,
2026-09-12T03:46:10.773994+00:00,201,58.97,
2026-09-12T03:46:10.794831+00:00,201,43.35,
2026-09-12T03:46:10.814008+00:00,201,68.19,
2026-09-12T03:46:10.834570+00:00,201,58.98,
2026-09-12T03:46:10.853996+00:00,201,60.31,
2026-09-12T03:46:10.894783+00:00,201,48.93,
2026-09-12T03:46:10.875178+00:00,201,71.45,
2026-09-12T03:46:10.914759+00:00,201,67.7,
2026-09-12T03:46:10.935005+00:00,201,69.15,
2026-09-12T03:46:10.975208+00:00,201,58.24,
2026-09-12T03:46:10.954073+00:00,201,88.55,
2026-09-12T03:46:10.994641+00:00,201,66.46,
2026-09-12T03:46:11.014076+00:00,201,65.51,
2026-09-12T03:46:11.034533+00:00,201,59.36,
2026-09-12T03:46:11.054906+00:00,201,57.35,
2026-09-12T03:46:11.075692+00:00,201,61.12,
2026-09-12T03:46:11.113906+00:00,201,52.58,
2026-09-12T03:46:11.094252+00:00,201,74.94,
2026-09-12T03:46:11.134777+00:00,201,63.33,
2026-09-12T03:46:11.154692+00:00,201,50.21,
2026-09-12T03:46:11.174999+00:00,201,48.79,
2026-09-12T03:46:11.194100+00:00,201,72.14,
2026-09-12T03:46:11.214868+00:00,201,64.87,
2026-09-12T03:46:11.254649+00:00,201,53.24,
2026-09-12T03:46:11.234327+00:00,201,81.55,
2026-09-12T03:46:11.273898+00:00,201,57.18,
2026-09-12T03:46:11.294685+00:00,201,47.25,
2026-09-12T03:46:11.314087+00:00,201,43.7,
2026-09-12T03:46:11.354525+00:00,201,58.16,
2026-09-12T03:46:11.335281+00:00,201,78.07,
2026-09-12T03:46:11.375693+00:00,201,50.41,
2026-09-12T03:46:11.394326+00:00,201,71.74,
2026-09-12T03:46:11.415034+00:00,201,66.36,
2026-09-12T03:46:11.435485+00:00,201,48.12,
2026-09-12T03:46:11.454058+00:00,201,45.26,
2026-09-12T03:46:11.474418+00:00,201,101.11,
2026-09-12T03:46:11.495365+00:00,201,81.47,
2026-09-12T03:46:11.514163+00:00,201,78.46,
2026-09-12T03:46:11.534022+00:00,201,70.32,
2026-09-12T03:46:11.554697+00:00,201,61.42,
2026-09-12T03:46:11.574758+00:00,201,57.21,
2026-09-12T03:46:11.595213+00:00,201,55.55,
2026-09-12T03:46:11.614062+00:00,201,59.66,
2026-09-12T03:46:11.633931+00:00,201,57.15,
2026-09-12T03:46:11.654563+00:00,201,53.61,
2026-09-12T03:46:11.674192+00:00,201,73.14,
2026-09-12T03:46:11.695003+00:00,201,62.7,
2026-09-12T03:46:11.715881+00:00,201,60.64,
2026-09-12T03:46:11.734196+00:00,201,72.04,
2026-09-12T03:46:11.755041+00:00,201,64.16,
2026-09-12T03:46:11.774386+00:00,201,87.89,
2026-09-12T03:46:11.794482+00:00,201,79.09,
2026-09-12T03:46:11.814197+00:00,201,63.02,
2026-09-12T03:46:11.835150+00:00,201,57.31,
2026-09-12T03:46:11.854648+00:00,201,74.66,
2026-09-12T03:46:11.874253+00:00,201,56.93,
2026-09-12T03:46:11.894236+00:00,201,58.06,
2026-09-12T03:46:11.933873+00:00,201,48.86,
2026-09-12T03:46:11.914198+00:00,201,72.67,
2026-09-12T03:46:11.954743+00:00,201,54.27,
2026-09-12T03:46:11.975226+00:00,201,59.29,
2026-09-12T03:46:11.994358+00:00,201,55.02,
2026-09-12T03:46:12.014128+00:00,201,71.8,
2026-09-12T03:46:12.035258+00:00,201,54.37,
2026-09-12T03:46:12.054832+00:00,201,56.27,
2026-09-12T03:46:12.074983+00:00,201,60.16,
2026-09-12T03:46:12.094446+00:00,201,60.35,
2026-09-12T03:46:12.114544+00:00,201,54.95,
2026-09-12T03:46:12.135256+00:00,201,86.24,
2026-09-12T03:46:12.154839+00:00,201,80.98,
2026-09-12T03:46:12.174653+00:00,201,79.79,
2026-09-12T03:46:12.194657+00:00,201,61.91,
2026-09-12T03:46:12.234866+00:00,201,51.26,
2026-09-12T03:46:12.215468+00:00,201,75.05,
2026-09-12T03:46:12.254095+00:00,201,54.02,
2026-09-12T03:46:12.274289+00:00,201,55.49,
2026-09-12T03:46:12.294482+00:00,201,53.71,
2026-09-12T03:46:12.315430+00:00,201,63.89,
2026-09-12T03:46:12.334399+00:00,201,60.38,
2026-09-12T03:46:12.354844+00:00,201,51.95,
2026-09-12T03:46:12.373992+00:00,201,70.13,
2026-09-12T03:46:12.394824+00:00,201,65.03,
2026-09-12T03:46:12.434491+00:00,201,40.61,
2026-09-12T03:46:12.414678+00:00,201,60.49,
2026-09-12T03:46:12.455329+00:00,201,65.46,
2026-09-12T03:46:12.474408+00:00,201,46.74,
2026-09-12T03:46:12.495624+00:00,201,53.96,
2026-09-12T03:46:12.514413+00:00,201,40.33,
2026-09-12T03:46:12.534987+00:00,201,42.31,
2026-09-12T03:46:12.555418+00:00,201,42.9,
2026-09-12T03:46:12.574965+00:00,201,42.04,
2026-09-12T03:46:12.594521+00:00,201,41.81,
2026-09-12T03:46:12.614950+00:00,201,49.32,
2026-09-12T03:46:12.634391+00:00,201,54.69,
2026-09-12T03:46:12.655243+00:00,201,45.34,
2026-09-12T03:46:12.675341+00:00,201,79.38,
2026-09-12T03:46:12.694705+00:00,201,76.86,
2026-09-12T03:46:12.714502+00:00,201,65.86,
2026-09-12T03:46:12.735116+00:00,201,85.58,
2026-09-12T03:46:12.754994+00:00,201,67.05,
2026-09-12T03:46:12.774667+00:00,201,60.62,
2026-09-12T03:46:12.795138+00:00,201,56.54,
2026-09-12T03:46:12.814477+00:00,201,85.33,
2026-09-12T03:46:12.855151+00:00,201,62.38,
2026-09-12T03:46:12.833909+00:00,201,83.74,
2026-09-12T03:46:12.875177+00:00,201,70.49,
2026-09-12T03:46:12.894203+00:00,201,68.42,
2026-09-12T03:46:12.915163+00:00,201,55.67,
2026-09-12T03:46:12.934826+00:00,201,46.15,
2026-09-12T03:46:12.955320+00:00,201,45.01,
2026-09-12T03:46:12.974608+00:00,201,48.01,
2026-09-12T03:46:13.014527+00:00,201,43.27,
2026-09-12T03:46:12.994980+00:00,201,64.9,
2026-09-12T03:46:13.054788+00:00,201,49.9,
2026-09-12T03:46:13.034786+00:00,201,70.51,
2026-09-12T03:46:13.094196+00:00,201,42.04,
2026-09-12T03:46:13.074146+00:00,201,63.38,
2026-09-12T03:46:13.114615+00:00,201,54.51,
2026-09-12T03:46:13.134539+00:00,201,37.7,
2026-09-12T03:46:13.155059+00:00,201,44.17,
2026-09-12T03:46:13.174699+00:00,201,45.44,
2026-09-12T03:46:13.194649+00:00,201,42.61,
2026-09-12T03:46:13.215385+00:00,201,40.03,
2026-09-12T03:46:13.234445+00:00,201,44.41,
2026-09-12T03:46:13.254652+00:00,201,47.89,
2026-09-12T03:46:13.275128+00:00,201,52.74,
2026-09-12T03:46:13.294429+00:00,201,50.32,
2026-09-12T03:46:13.314057+00:00,201,44.82,
2026-09-12T03:46:13.334601+00:00,201,45.22,
2026-09-12T03:46:13.354462+00:00,201,48.29,
2026-09-12T03:46:13.375402+00:00,201,49.96,
2026-09-12T03:46:13.394702+00:00,201,72.67,
2026-09-12T03:46:13.414185+00:00,201,64.62,
2026-09-12T03:46:13.434243+00:00,201,67.01,
2026-09-12T03:46:13.455340+00:00,201,49.82,
2026-09-12T03:46:13.475350+00:00,201,54.31,
2026-09-12T03:46:13.495458+00:00,201,52.7,
2026-09-12T03:46:13.514848+00:00,201,50.8,
2026-09-12T03:46:13.555275+00:00,201,58.83,
2026-09-12T03:46:13.534564+00:00,201,81.22,
2026-09-12T03:46:13.575062+00:00,201,55.41,
2026-09-12T03:46:13.594876+00:00,201,80.34,
2026-09-12T03:46:13.614954+00:00,201,71.38,
2026-09-12T03:46:13.634627+00:00,201,51.98,
2026-09-12T03:46:13.654468+00:00,201,61.58,
2026-09-12T03:46:13.675371+00:00,201,51.95,
2026-09-12T03:46:13.694540+00:00,201,58.11,
2026-09-12T03:46:13.715371+00:00,201,62.56,
2026-09-12T03:46:13.734761+00:00,201,45.56,
2026-09-12T03:46:13.754241+00:00,201,44.42,
2026-09-12T03:46:13.774347+00:00,201,49.23,
2026-09-12T03:46:13.794859+00:00,201,54.46,
2026-09-12T03:46:13.814744+00:00,201,70.48,
2026-09-12T03:46:13.834920+00:00,201,53.72,
2026-09-12T03:46:13.853941+00:00,201,57.03,
2026-09-12T03:46:13.873907+00:00,201,51.57,
2026-09-12T03:46:13.895506+00:00,201,51.4,
2026-09-12T03:46:13.915148+00:00,201,48.15,
2026-09-12T03:46:13.934433+00:00,201,45.0,
2026-09-12T03:46:13.955131+00:00,201,62.94,
2026-09-12T03:46:13.974586+00:00,201,46.21,
2026-09-12T03:46:13.994144+00:00,201,48.01,
2026-09-12T03:46:14.014979+00:00,201,44.26,
2026-09-12T03:46:14.034853+00:00,201,59.08,
2026-09-12T03:46:14.054359+00:00,201,42.16,
2026-09-12T03:46:14.075107+00:00,201,43.81,
2026-09-12T03:46:14.094535+00:00,201,54.94,
2026-09-12T03:46:14.114795+00:00,201,71.19,
2026-09-12T03:46:14.134163+00:00,201,64.74,
2026-09-12T03:46:14.175028+00:00,201,52.84,
2026-09-12T03:46:14.154217+00:00,201,78.15,
2026-09-12T03:46:14.194129+00:00,201,62.83,
2026-09-12T03:46:14.214358+00:00,201,52.08,
2026-09-12T03:46:14.234151+00:00,201,49.41,
2026-09-12T03:46:14.254710+00:00,201,51.07,
2026-09-12T03:46:14.275356+00:00,201,60.79,
2026-09-12T03:46:14.294034+00:00,201,52.81,
2026-09-12T03:46:14.334410+00:00,201,53.15,
2026-09-12T03:46:14.315116+00:00,201,72.44,
2026-09-12T03:46:14.354273+00:00,201,48.51,
2026-09-12T03:46:14.375245+00:00,201,48.96,
2026-09-12T03:46:14.394237+00:00,201,48.28,
2026-09-12T03:46:14.414755+00:00,201,48.57,
2026-09-12T03:46:14.435290+00:00,201,48.84,
2026-09-12T03:46:14.454085+00:00,201,44.58,
2026-09-12T03:46:14.474282+00:00,201,43.28,
2026-09-12T03:46:14.494988+00:00,201,44.06,
2026-09-12T03:46:14.514579+00:00,201,41.6,
2026-09-12T03:46:14.534135+00:00,201,73.35,
2026-09-12T03:46:14.554965+00:00,201,61.15,
2026-09-12T03:46:14.594623+00:00,201,37.4,
2026-09-12T03:46:14.575620+00:00,201,65.68,
2026-09-12T03:46:14.634631+00:00,201,45.76,
2026-09-12T03:46:14.614031+00:00,201,67.35,
2026-09-12T03:46:14.654473+00:00,201,52.01,
2026-09-12T03:46:14.675296+00:00,201,37.09,
2026-09-12T03:46:14.694808+00:00,201,41.18,
2026-09-12T03:46:14.714289+00:00,201,59.67,
2026-09-12T03:46:14.735365+00:00,201,49.5,
2026-09-12T03:46:14.754873+00:00,201,38.88,
2026-09-12T03:46:14.774063+00:00,201,42.7,
2026-09-12T03:46:14.794383+00:00,201,38.36,
2026-09-12T03:46:14.814074+00:00,201,38.69,
2026-09-12T03:46:14.834781+00:00,201,38.06,
2026-09-12T03:46:14.854503+00:00,201,40.15,
2026-09-12T03:46:14.875417+00:00,201,55.52,
2026-09-12T03:46:14.894274+00:00,201,36.71,
2026-09-12T03:46:14.914783+00:00,201,38.8,
2026-09-12T03:46:14.935307+00:00,201,64.04,
2026-09-12T03:46:14.954559+00:00,201,46.06,
2026-09-12T03:46:14.975229+00:00,201,42.79,
2026-09-12T03:46:14.994729+00:00,201,42.03,
2026-09-12T03:46:15.015341+00:00,201,37.6,
2026-09-12T03:46:15.034825+00:00,201,40.82,
2026-09-12T03:46:15.054676+00:00,201,54.53,
2026-09-12T03:46:15.074320+00:00,201,76.45,
2026-09-12T03:46:15.094698+00:00,201,56.8,
2026-09-12T03:46:15.115509+00:00,201,59.33,
2026-09-12T03:46:15.134793+00:00,201,71.49,
2026-09-12T03:46:15.154465+00:00,201,75.95,
2026-09-12T03:46:15.175091+00:00,201,68.92,
2026-09-12T03:46:15.193875+00:00,201,56.39,
2026-09-12T03:46:15.214759+00:00,201,49.39,
2026-09-12T03:46:15.234585+00:00,201,42.86,
2026-09-12T03:46:15.254503+00:00,201,50.21,
2026-09-12T03:46:15.275062+00:00,201,54.85,
2026-09-12T03:46:15.294497+00:00,201,49.45,
2026-09-12T03:46:15.315496+00:00,201,53.4,
2026-09-12T03:46:15.334738+00:00,201,71.38,
2026-09-12T03:46:15.355278+00:00,201,125.75,
2026-09-12T03:46:15.374121+00:00,201,132.43,
2026-09-12T03:46:15.396598+00:00,201,146.24,
2026-09-12T03:46:15.422594+00:00,201,124.31,
2026-09-12T03:46:15.434186+00:00,201,116.16,
2026-09-12T03:46:15.454532+00:00,201,105.96,
2026-09-12T03:46:15.494850+00:00,201,80.56,
2026-09-12T03:46:15.474005+00:00,201,113.22,
2026-09-12T03:46:15.515470+00:00,201,81.36,
2026-09-12T03:46:15.535120+00:00,201,68.48,
2026-09-12T03:46:15.574706+00:00,201,47.97,
2026-09-12T03:46:15.554480+00:00,201,73.48,
2026-09-12T03:46:15.595401+00:00,201,49.09,
2026-09-12T03:46:15.614735+00:00,201,59.15,
2026-09-12T03:46:15.654681+00:00,201,52.51,
2026-09-12T03:46:15.635468+00:00,201,72.39,
2026-09-12T03:46:15.673912+00:00,201,64.32,
2026-09-12T03:46:15.695203+00:00,201,50.13,
2026-09-12T03:46:15.735317+00:00,201,50.16,
2026-09-12T03:46:15.714559+00:00,201,73.69,
2026-09-12T03:46:15.754848+00:00,201,48.38,
2026-09-12T03:46:15.774398+00:00,201,42.33,
2026-09-12T03:46:15.794930+00:00,201,66.76,
2026-09-12T03:46:15.815454+00:00,201,58.39,
2026-09-12T03:46:15.855477+00:00,201,43.15,
2026-09-12T03:46:15.835049+00:00,201,72.09,
2026-09-12T03:46:15.874365+00:00,201,45.24,
2026-09-12T03:46:15.896103+00:00,201,42.69,
2026-09-12T03:46:15.914479+00:00,201,42.98,
2026-09-12T03:46:15.934792+00:00,201,89.06,
2026-09-12T03:46:15.953863+00:00,201,78.15,
2026-09-12T03:46:15.994671+00:00,201,51.67,
2026-09-12T03:46:15.976170+00:00,201,77.54,
2026-09-12T03:46:16.014329+00:00,201,46.18,
2026-09-12T03:46:16.035204+00:00,201,40.65,
2026-09-12T03:46:16.055412+00:00,201,45.72,
2026-09-12T03:46:16.075190+00:00,201,50.05,
2026-09-12T03:46:16.094227+00:00,201,67.02,
2026-09-12T03:46:16.113917+00:00,201,58.36,
2026-09-12T03:46:16.134599+00:00,201,74.25,
2026-09-12T03:46:16.154175+00:00,201,69.27,
2026-09-12T03:46:16.174126+00:00,201,69.4,
2026-09-12T03:46:16.194075+00:00,201,60.46,
2026-09-12T03:46:16.234670+00:00,201,41.75,
2026-09-12T03:46:16.215026+00:00,201,66.97,
2026-09-12T03:46:16.254930+00:00,201,45.26,
2026-09-12T03:46:16.274484+00:00,201,42.98,
2026-09-12T03:46:16.295002+00:00,201,41.63,
2026-09-12T03:46:16.315472+00:00,201,44.29,
2026-09-12T03:46:16.334574+00:00,201,47.28,
2026-09-12T03:46:16.354008+00:00,201,61.2,
2026-09-12T03:46:16.374748+00:00,201,66.79,
2026-09-12T03:46:16.395144+00:00,201,50.61,
2026-09-12T03:46:16.415257+00:00,201,55.29,
2026-09-12T03:46:16.433950+00:00,201,43.67,
2026-09-12T03:46:16.454916+00:00,201,80.1,
2026-09-12T03:46:16.474112+00:00,201,61.36,
2026-09-12T03:46:16.493927+00:00,201,62.17,
2026-09-12T03:46:16.533955+00:00,201,48.97,
2026-09-12T03:46:16.515508+00:00,201,68.18,
2026-09-12T03:46:16.554245+00:00,201,48.06,
2026-09-12T03:46:16.574248+00:00,201,45.13,
2026-09-12T03:46:16.595015+00:00,201,45.04,
2026-09-12T03:46:16.614303+00:00,201,48.28,
2026-09-12T03:46:16.635460+00:00,201,53.24,
2026-09-12T03:46:16.654756+00:00,201,41.04,
2026-09-12T03:46:16.674684+00:00,201,65.48,
2026-09-12T03:46:16.696302+00:00,201,45.68,
2026-09-12T03:46:16.715475+00:00,201,51.24,
2026-09-12T03:46:16.734749+00:00,201,38.44,
2026-09-12T03:46:16.754038+00:00,201,42.33,
2026-09-12T03:46:16.774237+00:00,201,41.54,
2026-09-12T03:46:16.794362+00:00,201,39.74,
2026-09-12T03:46:16.815935+00:00,201,71.57,
2026-09-12T03:46:16.834852+00:00,201,63.48,
2026-09-12T03:46:16.856220+00:00,201,56.15,
2026-09-12T03:46:16.894017+00:00,201,37.97,
2026-09-12T03:46:16.874677+00:00,201,65.09,
2026-09-12T03:46:16.914996+00:00,201,39.03,
2026-09-12T03:46:16.934106+00:00,201,38.17,
2026-09-12T03:46:16.954341+00:00,201,43.63,
2026-09-12T03:46:16.974865+00:00,201,41.97,
2026-09-12T03:46:16.994052+00:00,201,61.71,
2026-09-12T03:46:17.035462+00:00,201,41.56,
2026-09-12T03:46:17.014752+00:00,201,69.14,
2026-09-12T03:46:17.054557+00:00,201,44.63,
2026-09-12T03:46:17.075358+00:00,201,40.69,
2026-09-12T03:46:17.095384+00:00,201,41.42,
2026-09-12T03:46:17.114254+00:00,201,41.68,
2026-09-12T03:46:17.135035+00:00,201,43.19,
2026-09-12T03:46:17.154168+00:00,201,83.38,
2026-09-12T03:46:17.174777+00:00,201,73.93,
2026-09-12T03:46:17.194673+00:00,201,55.48,
2026-09-12T03:46:17.214529+00:00,201,42.16,
2026-09-12T03:46:17.234819+00:00,201,42.94,
2026-09-12T03:46:17.255454+00:00,201,42.58,
2026-09-12T03:46:17.274368+00:00,201,45.15,
2026-09-12T03:46:17.294869+00:00,201,41.12,
2026-09-12T03:46:17.314297+00:00,201,42.66,
2026-09-12T03:46:17.335404+00:00,201,45.07,
2026-09-12T03:46:17.354897+00:00,201,44.3,
2026-09-12T03:46:17.374289+00:00,201,43.18,
2026-09-12T03:46:17.394857+00:00,201,45.09,
2026-09-12T03:46:17.414129+00:00,201,80.02,
2026-09-12T03:46:17.435132+00:00,201,59.6,
2026-09-12T03:46:17.454767+00:00,201,58.83,
2026-09-12T03:46:17.474049+00:00,201,52.42,
2026-09-12T03:46:17.495114+00:00,201,49.68,
2026-09-12T03:46:17.514286+00:00,201,44.85,
2026-09-12T03:46:17.554148+00:00,201,52.8,
2026-09-12T03:46:17.534819+00:00,201,72.41,
2026-09-12T03:46:17.573961+00:00,201,50.73,
2026-09-12T03:46:17.595233+00:00,201,46.78,
2026-09-12T03:46:17.614388+00:00,201,53.33,
2026-09-12T03:46:17.655111+00:00,201,41.14,
2026-09-12T03:46:17.635234+00:00,201,64.66,
2026-09-12T03:46:17.674312+00:00,201,47.01,
2026-09-12T03:46:17.694501+00:00,201,40.68,
2026-09-12T03:46:17.715329+00:00,201,69.83,
2026-09-12T03:46:17.735390+00:00,201,51.49,
2026-09-12T03:46:17.754858+00:00,201,46.38,
2026-09-12T03:46:17.774561+00:00,201,40.12,
2026-09-12T03:46:17.795081+00:00,201,62.63,
2026-09-12T03:46:17.814999+00:00,201,43.47,
2026-09-12T03:46:17.835041+00:00,201,39.55,
2026-09-12T03:46:17.854634+00:00,201,57.18,
2026-09-12T03:46:17.874929+00:00,201,59.55,
2026-09-12T03:46:17.914724+00:00,201,42.23,
2026-09-12T03:46:17.894381+00:00,201,75.92,
2026-09-12T03:46:17.954362+00:00,201,53.45,
2026-09-12T03:46:17.934998+00:00,201,72.76,
2026-09-12T03:46:17.975260+00:00,201,55.51,
2026-09-12T03:46:17.993896+00:00,201,49.25,
2026-09-12T03:46:18.035094+00:00,201,53.27,
2026-09-12T03:46:18.014464+00:00,201,74.17,
2026-09-12T03:46:18.055396+00:00,201,61.49,
2026-09-12T03:46:18.075206+00:00,201,47.18,
2026-09-12T03:46:18.094600+00:00,201,133.51,
2026-09-12T03:46:18.115466+00:00,201,164.92,
2026-09-12T03:46:18.134255+00:00,201,146.39,
2026-09-12T03:46:18.174342+00:00,201,106.92,
2026-09-12T03:46:18.154661+00:00,201,127.23,
2026-09-12T03:46:18.213979+00:00,201,68.76,
2026-09-12T03:46:18.194729+00:00,201,89.5,
2026-09-12T03:46:18.255380+00:00,201,56.27,
2026-09-12T03:46:18.235025+00:00,201,90.48,
2026-09-12T03:46:18.275370+00:00,201,50.58,
2026-09-12T03:46:18.315281+00:00,201,48.93,
2026-09-12T03:46:18.294656+00:00,201,69.59,
2026-09-12T03:46:18.334296+00:00,201,66.46,
2026-09-12T03:46:18.355033+00:00,201,47.2,
2026-09-12T03:46:18.374827+00:00,201,41.15,
2026-09-12T03:46:18.395439+00:00,201,40.77,
2026-09-12T03:46:18.414159+00:00,201,41.74,
2026-09-12T03:46:18.434267+00:00,201,40.21,
2026-09-12T03:46:18.454517+00:00,201,42.78,
2026-09-12T03:46:18.474769+00:00,201,43.84,
2026-09-12T03:46:18.494139+00:00,201,46.39,
2026-09-12T03:46:18.513944+00:00,201,44.29,
2026-09-12T03:46:18.534332+00:00,201,41.12,
2026-09-12T03:46:18.554786+00:00,201,54.82,
2026-09-12T03:46:18.575258+00:00,201,64.43,
2026-09-12T03:46:18.595432+00:00,201,64.95,
2026-09-12T03:46:18.614512+00:00,201,57.87,
2026-09-12T03:46:18.635364+00:00,201,51.33,
2026-09-12T03:46:18.654944+00:00,201,46.87,
2026-09-12T03:46:18.674033+00:00,201,44.61,
2026-09-12T03:46:18.694769+00:00,201,42.15,
2026-09-12T03:46:18.715425+00:00,201,47.03,
2026-09-12T03:46:18.734492+00:00,201,46.3,
2026-09-12T03:46:18.755030+00:00,201,42.16,
2026-09-12T03:46:18.775450+00:00,201,42.11,
2026-09-12T03:46:18.794441+00:00,201,42.68,
2026-09-12T03:46:18.814523+00:00,201,43.07,
2026-09-12T03:46:18.834784+00:00,201,43.69,
2026-09-12T03:46:18.855785+00:00,201,45.47,
2026-09-12T03:46:18.874106+00:00,201,41.32,
2026-09-12T03:46:18.894472+00:00,201,43.28,
2026-09-12T03:46:18.914717+00:00,201,46.1,
2026-09-12T03:46:18.934974+00:00,201,45.78,
2026-09-12T03:46:18.955405+00:00,201,50.42,
2026-09-12T03:46:18.974105+00:00,201,55.22,
2026-09-12T03:46:18.994227+00:00,201,58.05,
2026-09-12T03:46:19.014818+00:00,201,55.04,
2026-09-12T03:46:19.035425+00:00,201,51.39,
2026-09-12T03:46:19.054035+00:00,201,48.23,
2026-09-12T03:46:19.075058+00:00,201,47.75,
2026-09-12T03:46:19.095000+00:00,201,46.33,
2026-09-12T03:46:19.115372+00:00,201,46.58,
2026-09-12T03:46:19.134323+00:00,201,71.63,
2026-09-12T03:46:19.155473+00:00,201,53.24,
2026-09-12T03:46:19.174046+00:00,201,51.99,
2026-09-12T03:46:19.194574+00:00,201,52.69,
2026-09-12T03:46:19.215320+00:00,201,49.56,
2026-09-12T03:46:19.234156+00:00,201,53.61,
2026-09-12T03:46:19.254222+00:00,201,45.32,
2026-09-12T03:46:19.274569+00:00,201,39.14,
2026-09-12T03:46:19.295362+00:00,201,43.6,
2026-09-12T03:46:19.314656+00:00,201,41.48,
2026-09-12T03:46:19.334429+00:00,201,87.62,
2026-09-12T03:46:19.374860+00:00,201,48.65,
2026-09-12T03:46:19.354830+00:00,201,68.79,
2026-09-12T03:46:19.395326+00:00,201,45.59,
2026-09-12T03:46:19.414342+00:00,201,43.57,
2026-09-12T03:46:19.434058+00:00,201,44.7,
2026-09-12T03:46:19.454484+00:00,201,47.37,
2026-09-12T03:46:19.474967+00:00,201,46.79,
2026-09-12T03:46:19.494903+00:00,201,46.66,
2026-09-12T03:46:19.515344+00:00,201,48.09,
2026-09-12T03:46:19.535154+00:00,201,44.06,
2026-09-12T03:46:19.554099+00:00,201,42.06,
2026-09-12T03:46:19.574218+00:00,201,50.02,
2026-09-12T03:46:19.594264+00:00,201,65.98,
2026-09-12T03:46:19.614698+00:00,201,63.74,
2026-09-12T03:46:19.635305+00:00,201,54.95,
2026-09-12T03:46:19.653834+00:00,201,60.54,
2026-09-12T03:46:19.674504+00:00,201,48.9,
2026-09-12T03:46:19.694510+00:00,201,45.75,
2026-09-12T03:46:19.714996+00:00,201,44.64,
2026-09-12T03:46:19.735215+00:00,201,43.46,
2026-09-12T03:46:19.755305+00:00,201,41.43,
2026-09-12T03:46:19.774686+00:00,201,40.06,
2026-09-12T03:46:19.795181+00:00,201,41.22,
2026-09-12T03:46:19.814757+00:00,201,44.72,
2026-09-12T03:46:19.834523+00:00,201,46.92,
2026-09-12T03:46:19.854964+00:00,201,48.62,
2026-09-12T03:46:19.874081+00:00,201,44.12,
2026-09-12T03:46:19.894457+00:00,201,70.7,
2026-09-12T03:46:19.934972+00:00,201,43.48,
2026-09-12T03:46:19.914594+00:00,201,66.36,
2026-09-12T03:46:19.955276+00:00,201,65.79,
2026-09-12T03:46:19.974010+00:00,201,48.29,
2026-09-12T03:46:19.994486+00:00,201,40.47,
2026-09-12T03:46:20.014984+00:00,201,44.9,
2026-09-12T03:46:20.035260+00:00,201,41.78,
2026-09-12T03:46:20.054309+00:00,201,45.44,
2026-09-12T03:46:20.094939+00:00,201,44.04,
2026-09-12T03:46:20.074388+00:00,201,65.97,
2026-09-12T03:46:20.114965+00:00,201,44.69,
2026-09-12T03:46:20.135358+00:00,201,42.83,
2026-09-12T03:46:20.154303+00:00,201,63.75,
2026-09-12T03:46:20.174597+00:00,201,53.48,
2026-09-12T03:46:20.195118+00:00,201,43.05,
2026-09-12T03:46:20.214180+00:00,201,64.75,
2026-09-12T03:46:20.234319+00:00,201,45.43,
2026-09-12T03:46:20.254907+00:00,201,42.91,
2026-09-12T03:46:20.275197+00:00,201,40.9,
2026-09-12T03:46:20.294051+00:00,201,39.47,
2026-09-12T03:46:20.314132+00:00,201,39.39,
2026-09-12T03:46:20.334382+00:00,201,37.31,
2026-09-12T03:46:20.354533+00:00,201,40.75,
2026-09-12T03:46:20.374770+00:00,201,38.92,
2026-09-12T03:46:20.395210+00:00,201,39.38,
2026-09-12T03:46:20.414944+00:00,201,35.95,
2026-09-12T03:46:20.435304+00:00,201,40.56,
2026-09-12T03:46:20.454082+00:00,201,51.75,
2026-09-12T03:46:20.474500+00:00,201,51.76,
2026-09-12T03:46:20.494034+00:00,201,53.79,
2026-09-12T03:46:20.515249+00:00,201,75.55,
2026-09-12T03:46:20.534444+00:00,201,70.66,
2026-09-12T03:46:20.554230+00:00,201,62.1,
2026-09-12T03:46:20.574199+00:00,201,64.11,
2026-09-12T03:46:20.593972+00:00,201,63.51,
2026-09-12T03:46:20.614595+00:00,201,58.61,
2026-09-12T03:46:20.635121+00:00,201,70.77,
2026-09-12T03:46:20.654259+00:00,201,52.83,
2026-09-12T03:46:20.674933+00:00,201,49.54,
2026-09-12T03:46:20.695322+00:00,201,44.11,
2026-09-12T03:46:20.714362+00:00,201,39.89,
2026-09-12T03:46:20.734890+00:00,201,57.33,
2026-09-12T03:46:20.754058+00:00,201,66.27,
2026-09-12T03:46:20.774698+00:00,201,67.2,
2026-09-12T03:46:20.814242+00:00,201,44.6,
2026-09-12T03:46:20.794881+00:00,201,64.34,
2026-09-12T03:46:20.834846+00:00,201,51.28,
2026-09-12T03:46:20.855207+00:00,201,34.11,
2026-09-12T03:46:20.874544+00:00,201,34.77,
2026-09-12T03:46:20.894892+00:00,201,39.96,
2026-09-12T03:46:20.914659+00:00,201,40.32,
2026-09-12T03:46:20.935104+00:00,201,38.02,
2026-09-12T03:46:20.955483+00:00,201,47.35,
2026-09-12T03:46:20.974485+00:00,201,50.84,
2026-09-12T03:46:20.994278+00:00,201,52.31,
2026-09-12T03:46:21.014113+00:00,201,58.26,
2026-09-12T03:46:21.034478+00:00,201,56.29,
2026-09-12T03:46:21.055300+00:00,201,57.74,
2026-09-12T03:46:21.074089+00:00,201,64.16,
2026-09-12T03:46:21.095261+00:00,201,62.95,
2026-09-12T03:46:21.114051+00:00,201,64.4,
2026-09-12T03:46:21.134492+00:00,201,58.6,
2026-09-12T03:46:21.155453+00:00,201,49.85,
2026-09-12T03:46:21.174602+00:00,201,46.29,
2026-09-12T03:46:21.195386+00:00,201,55.94,
2026-09-12T03:46:21.214118+00:00,201,61.85,
2026-09-12T03:46:21.234448+00:00,201,59.69,
2026-09-12T03:46:21.254832+00:00,201,55.23,
2026-09-12T03:46:21.274608+00:00,201,42.87,
2026-09-12T03:46:21.294957+00:00,201,42.64,
2026-09-12T03:46:21.315405+00:00,201,41.3,
2026-09-12T03:46:21.334590+00:00,201,56.07,
2026-09-12T03:46:21.374730+00:00,201,40.4,
2026-09-12T03:46:21.354058+00:00,201,65.22,
2026-09-12T03:46:21.415110+00:00,201,39.3,
2026-09-12T03:46:21.394891+00:00,201,60.4,
2026-09-12T03:46:21.434187+00:00,201,68.64,
2026-09-12T03:46:21.454677+00:00,201,50.24,
2026-09-12T03:46:21.474556+00:00,201,44.37,
2026-09-12T03:46:21.494322+00:00,201,40.78,
2026-09-12T03:46:21.514916+00:00,201,38.46,
2026-09-12T03:46:21.535442+00:00,201,39.74,
2026-09-12T03:46:21.553897+00:00,201,42.38,
2026-09-12T03:46:21.574271+00:00,201,43.03,
2026-09-12T03:46:21.594621+00:00,201,42.83,
2026-09-12T03:46:21.615386+00:00,201,55.16,
2026-09-12T03:46:21.634446+00:00,201,61.37,
2026-09-12T03:46:21.654010+00:00,201,42.61,
2026-09-12T03:46:21.675064+00:00,201,45.83,
2026-09-12T03:46:21.694218+00:00,201,46.31,
2026-09-12T03:46:21.714994+00:00,201,42.06,
2026-09-12T03:46:21.734020+00:00,201,39.36,
2026-09-12T03:46:21.755102+00:00,201,40.49,
2026-09-12T03:46:21.775105+00:00,201,39.38,
2026-09-12T03:46:21.795259+00:00,201,40.3,
2026-09-12T03:46:21.814636+00:00,201,38.58,
2026-09-12T03:46:21.835196+00:00,201,38.07,
2026-09-12T03:46:21.853929+00:00,201,68.39,
2026-09-12T03:46:21.894386+00:00,201,44.98,
2026-09-12T03:46:21.874389+00:00,201,66.11,
2026-09-12T03:46:21.915087+00:00,201,42.46,
2026-09-12T03:46:21.934505+00:00,201,38.37,
2026-09-12T03:46:21.955379+00:00,201,41.58,
2026-09-12T03:46:21.975484+00:00,201,49.7,
2026-09-12T03:46:21.994015+00:00,201,54.8,
2026-09-12T03:46:22.034107+00:00,201,40.7,
2026-09-12T03:46:22.015021+00:00,201,61.95,
2026-09-12T03:46:22.055274+00:00,201,41.91,
2026-09-12T03:46:22.075071+00:00,201,44.41,
2026-09-12T03:46:22.094164+00:00,201,40.61,
2026-09-12T03:46:22.114907+00:00,201,42.68,
2026-09-12T03:46:22.134316+00:00,201,40.98,
2026-09-12T03:46:22.154167+00:00,201,37.55,
2026-09-12T03:46:22.174525+00:00,201,54.32,
2026-09-12T03:46:22.195030+00:00,201,35.36,
2026-09-12T03:46:22.214315+00:00,201,39.55,
2026-09-12T03:46:22.234451+00:00,201,35.07,
2026-09-12T03:46:22.254986+00:00,201,62.78,
2026-09-12T03:46:22.274091+00:00,201,55.96,
2026-09-12T03:46:22.294163+00:00,201,51.29,
2026-09-12T03:46:22.314556+00:00,201,42.68,
2026-09-12T03:46:22.335191+00:00,201,38.56,
2026-09-12T03:46:22.354745+00:00,201,41.96,
2026-09-12T03:46:22.374723+00:00,201,44.1,
2026-09-12T03:46:22.395245+00:00,201,43.0,
2026-09-12T03:46:22.414195+00:00,201,42.28,
2026-09-12T03:46:22.434784+00:00,201,38.33,
2026-09-12T03:46:22.455312+00:00,201,40.07,
2026-09-12T03:46:22.474241+00:00,201,41.54,
2026-09-12T03:46:22.494544+00:00,201,39.66,
2026-09-12T03:46:22.515048+00:00,201,39.09,
2026-09-12T03:46:22.535268+00:00,201,38.38,
2026-09-12T03:46:22.554190+00:00,201,65.74,
2026-09-12T03:46:22.574929+00:00,201,58.81,
2026-09-12T03:46:22.595432+00:00,201,45.63,
2026-09-12T03:46:22.614370+00:00,201,48.61,
2026-09-12T03:46:22.634804+00:00,201,55.08,
2026-09-12T03:46:22.653798+00:00,201,59.69,
2026-09-12T03:46:22.674324+00:00,201,74.55,
2026-09-12T03:46:22.693943+00:00,201,76.12,
2026-09-12T03:46:22.714675+00:00,201,56.25,
2026-09-12T03:46:22.735045+00:00,201,77.51,
2026-09-12T03:46:22.754120+00:00,201,65.36,
2026-09-12T03:46:22.774994+00:00,201,60.45,
2026-09-12T03:46:22.794756+00:00,201,63.53,
2026-09-12T03:46:22.814644+00:00,201,52.5,
2026-09-12T03:46:22.835241+00:00,201,52.2,
2026-09-12T03:46:22.854152+00:00,201,51.01,
2026-09-12T03:46:22.874359+00:00,201,47.18,
2026-09-12T03:46:22.894313+00:00,201,71.18,
2026-09-12T03:46:22.935297+00:00,201,43.75,
2026-09-12T03:46:22.915044+00:00,201,64.09,
2026-09-12T03:46:22.954223+00:00,201,53.49,
2026-09-12T03:46:22.975151+00:00,201,69.88,
2026-09-12T03:46:22.993978+00:00,201,67.37,
2026-09-12T03:46:23.014487+00:00,201,62.91,
2026-09-12T03:46:23.034455+00:00,201,60.7,
2026-09-12T03:46:23.054937+00:00,201,51.23,
2026-09-12T03:46:23.073930+00:00,201,51.84,
2026-09-12T03:46:23.094230+00:00,201,68.05,
2026-09-12T03:46:23.114737+00:00,201,50.65,
2026-09-12T03:46:23.135415+00:00,201,48.81,
2026-09-12T03:46:23.154663+00:00,201,46.62,
2026-09-12T03:46:23.174887+00:00,201,46.19,
2026-09-12T03:46:23.194158+00:00,201,79.66,
2026-09-12T03:46:23.214764+00:00,201,61.04,
2026-09-12T03:46:23.235219+00:00,201,53.72,
2026-09-12T03:46:23.254487+00:00,201,56.54,
2026-09-12T03:46:23.275330+00:00,201,55.39,
2026-09-12T03:46:23.295314+00:00,201,72.81,
2026-09-12T03:46:23.314111+00:00,201,55.79,
2026-09-12T03:46:23.334729+00:00,201,68.68,
2026-09-12T03:46:23.355449+00:00,201,58.82,
2026-09-12T03:46:23.374729+00:00,201,55.97,
2026-09-12T03:46:23.395498+00:00,201,54.88,
2026-09-12T03:46:23.414903+00:00,201,55.25,
2026-09-12T03:46:23.435487+00:00,201,68.3,
2026-09-12T03:46:23.454755+00:00,201,49.87,
2026-09-12T03:46:23.474116+00:00,201,77.72,
2026-09-12T03:46:23.494264+00:00,201,65.03,
2026-09-12T03:46:23.515103+00:00,201,67.89,
2026-09-12T03:46:23.534092+00:00,201,92.07,
2026-09-12T03:46:23.555158+00:00,201,71.37,
2026-09-12T03:46:23.575285+00:00,201,55.1,
2026-09-12T03:46:23.594126+00:00,201,60.54,
2026-09-12T03:46:23.614848+00:00,201,56.33,
2026-09-12T03:46:23.635835+00:00,201,55.22,
2026-09-12T03:46:23.654771+00:00,201,62.08,
2026-09-12T03:46:23.674317+00:00,201,76.03,
2026-09-12T03:46:23.714320+00:00,201,76.46,
2026-09-12T03:46:23.695073+00:00,201,96.21,
2026-09-12T03:46:23.754343+00:00,201,48.56,
2026-09-12T03:46:23.734936+00:00,201,79.5,
2026-09-12T03:46:23.774949+00:00,201,60.64,
2026-09-12T03:46:23.794751+00:00,201,56.87,
2026-09-12T03:46:23.814181+00:00,201,55.39,
2026-09-12T03:46:23.834667+00:00,201,73.1,
2026-09-12T03:46:23.854005+00:00,201,54.87,
2026-09-12T03:46:23.874853+00:00,201,52.03,
2026-09-12T03:46:23.914689+00:00,201,52.93,
2026-09-12T03:46:23.894296+00:00,201,75.89,
2026-09-12T03:46:23.934008+00:00,201,52.7,
2026-09-12T03:46:23.954024+00:00,201,60.2,
2026-09-12T03:46:23.975299+00:00,201,47.52,
2026-09-12T03:46:23.994352+00:00,201,71.12,
2026-09-12T03:46:24.014910+00:00,201,65.14,
2026-09-12T03:46:24.034389+00:00,201,61.64,
2026-09-12T03:46:24.055093+00:00,201,49.49,
2026-09-12T03:46:24.074616+00:00,201,48.34,
2026-09-12T03:46:24.093926+00:00,201,47.81,
2026-09-12T03:46:24.114666+00:00,201,60.1,
2026-09-12T03:46:24.134950+00:00,201,51.67,
2026-09-12T03:46:24.154027+00:00,201,49.47,
2026-09-12T03:46:24.174361+00:00,201,63.34,
2026-09-12T03:46:24.214637+00:00,201,57.66,
2026-09-12T03:46:24.195382+00:00,201,83.28,
2026-09-12T03:46:24.235063+00:00,201,69.12,
2026-09-12T03:46:24.253973+00:00,201,76.19,
2026-09-12T03:46:24.275543+00:00,201,68.05,
2026-09-12T03:46:24.295429+00:00,201,60.6,
2026-09-12T03:46:24.314080+00:00,201,58.81,
2026-09-12T03:46:24.334377+00:00,201,53.99,
2026-09-12T03:46:24.354090+00:00,201,73.38,
2026-09-12T03:46:24.375030+00:00,201,67.05,
2026-09-12T03:46:24.395322+00:00,201,62.98,
2026-09-12T03:46:24.414557+00:00,201,51.48,
2026-09-12T03:46:24.435050+00:00,201,51.89,
2026-09-12T03:46:24.454468+00:00,201,47.25,
2026-09-12T03:46:24.475086+00:00,201,53.6,
2026-09-12T03:46:24.494565+00:00,201,71.73,
2026-09-12T03:46:24.515227+00:00,201,66.83,
2026-09-12T03:46:24.534284+00:00,201,67.84,
2026-09-12T03:46:24.554800+00:00,201,49.79,
2026-09-12T03:46:24.574326+00:00,201,49.08,
2026-09-12T03:46:24.594713+00:00,201,43.08,
2026-09-12T03:46:24.615146+00:00,201,70.72,
2026-09-12T03:46:24.633887+00:00,201,53.06,
2026-09-12T03:46:24.654738+00:00,201,49.22,
2026-09-12T03:46:24.675399+00:00,201,48.6,
2026-09-12T03:46:24.694353+00:00,201,45.4,
2026-09-12T03:46:24.714528+00:00,201,69.08,
2026-09-12T03:46:24.735461+00:00,201,67.09,
2026-09-12T03:46:24.754713+00:00,201,62.64,
2026-09-12T03:46:24.775227+00:00,201,47.26,
2026-09-12T03:46:24.794076+00:00,201,47.51,
2026-09-12T03:46:24.814802+00:00,201,68.35,
2026-09-12T03:46:24.835383+00:00,201,63.65,
2026-09-12T03:46:24.854562+00:00,201,47.4,
2026-09-12T03:46:24.875053+00:00,201,68.39,
2026-09-12T03:46:24.894259+00:00,201,65.52,
2026-09-12T03:46:24.914990+00:00,201,62.34,
2026-09-12T03:46:24.935105+00:00,201,48.21,
2026-09-12T03:46:24.954266+00:00,201,44.12,
2026-09-12T03:46:24.975199+00:00,201,36.96,
2026-09-12T03:46:24.994240+00:00,201,35.63,
2026-09-12T03:46:25.014973+00:00,201,49.78,
2026-09-12T03:46:25.035269+00:00,201,66.47,
2026-09-12T03:46:25.054297+00:00,201,60.39,
2026-09-12T03:46:25.075909+00:00,201,44.73,
2026-09-12T03:46:25.094017+00:00,201,41.59,
2026-09-12T03:46:25.114801+00:00,201,40.99,
2026-09-12T03:46:25.135191+00:00,201,40.93,
2026-09-12T03:46:25.154269+00:00,201,39.89,
2026-09-12T03:46:25.174929+00:00,201,51.12,
2026-09-12T03:46:25.195003+00:00,201,35.3,
2026-09-12T03:46:25.214060+00:00,201,59.21,
2026-09-12T03:46:25.234417+00:00,201,42.08,
2026-09-12T03:46:25.254950+00:00,201,40.95,
2026-09-12T03:46:25.294512+00:00,201,47.99,
2026-09-12T03:46:25.273961+00:00,201,68.51,
2026-09-12T03:46:25.315017+00:00,201,40.2,
2026-09-12T03:46:25.334048+00:00,201,38.8,
2026-09-12T03:46:25.354844+00:00,201,79.08,
2026-09-12T03:46:25.375486+00:00,201,59.45,
2026-09-12T03:46:25.395377+00:00,201,68.23,
2026-09-12T03:46:25.415001+00:00,201,49.71,
2026-09-12T03:46:25.434065+00:00,201,46.08,
2026-09-12T03:46:25.454706+00:00,201,50.55,
2026-09-12T03:46:25.475343+00:00,201,35.31,
2026-09-12T03:46:25.494392+00:00,201,58.43,
2026-09-12T03:46:25.514708+00:00,201,50.95,
2026-09-12T03:46:25.555426+00:00,201,47.37,
2026-09-12T03:46:25.535115+00:00,201,70.33,
2026-09-12T03:46:25.574702+00:00,201,43.56,
2026-09-12T03:46:25.593976+00:00,201,51.71,
2026-09-12T03:46:25.615232+00:00,201,41.29,
2026-09-12T03:46:25.634154+00:00,201,36.94,
2026-09-12T03:46:25.654831+00:00,201,40.08,
2026-09-12T03:46:25.675306+00:00,201,55.89,
2026-09-12T03:46:25.694307+00:00,201,39.5,
2026-09-12T03:46:25.714950+00:00,201,70.29,
2026-09-12T03:46:25.733978+00:00,201,51.78,
2026-09-12T03:46:25.754810+00:00,201,42.76,
2026-09-12T03:46:25.775219+00:00,201,56.5,
2026-09-12T03:46:25.793888+00:00,201,46.01,
2026-09-12T03:46:25.814266+00:00,201,39.48,
2026-09-12T03:46:25.834611+00:00,201,86.03,
2026-09-12T03:46:25.854971+00:00,201,73.62,
2026-09-12T03:46:25.873912+00:00,201,66.86,
2026-09-12T03:46:25.894995+00:00,201,51.54,
2026-09-12T03:46:25.915369+00:00,201,41.74,
2026-09-12T03:46:25.934958+00:00,201,67.51,
2026-09-12T03:46:25.955204+00:00,201,47.8,
2026-09-12T03:46:25.974790+00:00,201,58.62,
2026-09-12T03:46:25.995011+00:00,201,47.9,
2026-09-12T03:46:26.014208+00:00,201,75.13,
2026-09-12T03:46:26.034832+00:00,201,57.38,
2026-09-12T03:46:26.054314+00:00,201,53.13,
2026-09-12T03:46:26.075280+00:00,201,47.8,
2026-09-12T03:46:26.094411+00:00,201,46.79,
2026-09-12T03:46:26.114788+00:00,201,44.69,
2026-09-12T03:46:26.134017+00:00,201,55.44,
2026-09-12T03:46:26.175421+00:00,201,54.36,
2026-09-12T03:46:26.154634+00:00,201,78.55,
2026-09-12T03:46:26.195785+00:00,201,54.51,
2026-09-12T03:46:26.215503+00:00,201,50.2,
2026-09-12T03:46:26.234231+00:00,201,47.97,
2026-09-12T03:46:26.254856+00:00,201,66.64,
2026-09-12T03:46:26.275460+00:00,201,59.97,
2026-09-12T03:46:26.315056+00:00,201,48.99,
2026-09-12T03:46:26.294041+00:00,201,75.35,
2026-09-12T03:46:26.335402+00:00,201,56.04,
2026-09-12T03:46:26.354673+00:00,201,53.05,
2026-09-12T03:46:26.375383+00:00,201,50.34,
2026-09-12T03:46:26.394266+00:00,201,50.18,
2026-09-12T03:46:26.414988+00:00,201,50.29,
2026-09-12T03:46:26.434165+00:00,201,63.86,
2026-09-12T03:46:26.474227+00:00,201,50.05,
2026-09-12T03:46:26.455073+00:00,201,77.11,
2026-09-12T03:46:26.494939+00:00,201,57.22,
2026-09-12T03:46:26.515334+00:00,201,62.62,
2026-09-12T03:46:26.554881+00:00,201,51.35,
2026-09-12T03:46:26.534735+00:00,201,77.01,
2026-09-12T03:46:26.574115+00:00,201,81.75,
2026-09-12T03:46:26.594768+00:00,201,68.62,
2026-09-12T03:46:26.615422+00:00,201,66.88,
2026-09-12T03:46:26.635453+00:00,201,61.05,
2026-09-12T03:46:26.654594+00:00,201,62.41,
2026-09-12T03:46:26.694614+00:00,201,54.31,
2026-09-12T03:46:26.675374+00:00,201,77.31,
2026-09-12T03:46:26.715300+00:00,201,54.23,
2026-09-12T03:46:26.734436+00:00,201,51.3,
2026-09-12T03:46:26.754709+00:00,201,78.31,
2026-09-12T03:46:26.775293+00:00,201,60.43,
2026-09-12T03:46:26.794423+00:00,201,70.02,
2026-09-12T03:46:26.815454+00:00,201,53.98,
2026-09-12T03:46:26.834943+00:00,201,53.22,
2026-09-12T03:46:26.854214+00:00,201,67.93,
2026-09-12T03:46:26.875087+00:00,201,49.99,
2026-09-12T03:46:26.894674+00:00,201,59.65,
2026-09-12T03:46:26.914752+00:00,201,66.08,
2026-09-12T03:46:26.935068+00:00,201,47.46,
2026-09-12T03:46:26.954490+00:00,201,50.92,
2026-09-12T03:46:26.974508+00:00,201,65.06,
2026-09-12T03:46:26.994969+00:00,201,72.93,
2026-09-12T03:46:27.015246+00:00,201,67.34,
2026-09-12T03:46:27.034931+00:00,201,66.42,
2026-09-12T03:46:27.055265+00:00,201,57.29,
2026-09-12T03:46:27.074827+00:00,201,52.58,
2026-09-12T03:46:27.094042+00:00,201,49.18,
2026-09-12T03:46:27.114124+00:00,201,49.19,
2026-09-12T03:46:27.134561+00:00,201,47.69,
2026-09-12T03:46:27.174474+00:00,201,58.49,
2026-09-12T03:46:27.155502+00:00,201,82.74,
2026-09-12T03:46:27.194913+00:00,201,58.4,
2026-09-12T03:46:27.214313+00:00,201,59.84,
2026-09-12T03:46:27.234972+00:00,201,56.27,
2026-09-12T03:46:27.254029+00:00,201,56.32,
2026-09-12T03:46:27.274277+00:00,201,53.75,
2026-09-12T03:46:27.295007+00:00,201,48.5,
2026-09-12T03:46:27.315327+00:00,201,57.92,
2026-09-12T03:46:27.334323+00:00,201,58.99,
2026-09-12T03:46:27.374039+00:00,201,48.42,
2026-09-12T03:46:27.354891+00:00,201,74.13,
2026-09-12T03:46:27.394888+00:00,201,52.17,
2026-09-12T03:46:27.415396+00:00,201,50.3,
2026-09-12T03:46:27.434775+00:00,201,53.75,
2026-09-12T03:46:27.455443+00:00,201,50.28,
2026-09-12T03:46:27.474345+00:00,201,52.34,
2026-09-12T03:46:27.494907+00:00,201,46.42,
2026-09-12T03:46:27.534795+00:00,201,57.91,
2026-09-12T03:46:27.514110+00:00,201,79.87,
2026-09-12T03:46:27.555388+00:00,201,51.59,
2026-09-12T03:46:27.574930+00:00,201,50.76,
2026-09-12T03:46:27.595395+00:00,201,45.96,
2026-09-12T03:46:27.614655+00:00,201,69.82,
2026-09-12T03:46:27.635454+00:00,201,61.64,
2026-09-12T03:46:27.654593+00:00,201,54.83,
2026-09-12T03:46:27.694530+00:00,201,46.1,
2026-09-12T03:46:27.675434+00:00,201,65.61,
2026-09-12T03:46:27.715062+00:00,201,55.93,
2026-09-12T03:46:27.754126+00:00,201,47.73,
2026-09-12T03:46:27.735294+00:00,201,70.48,
2026-09-12T03:46:27.775124+00:00,201,49.93,
2026-09-12T03:46:27.794226+00:00,201,45.04,
2026-09-12T03:46:27.814686+00:00,201,69.11,
2026-09-12T03:46:27.835286+00:00,201,65.37,
2026-09-12T03:46:27.854049+00:00,201,61.65,
2026-09-12T03:46:27.874265+00:00,201,57.04,
2026-09-12T03:46:27.895878+00:00,201,46.38,
2026-09-12T03:46:27.915306+00:00,201,45.55,
2026-09-12T03:46:27.934543+00:00,201,44.13,
2026-09-12T03:46:27.955216+00:00,201,45.4,
2026-09-12T03:46:27.974552+00:00,201,44.71,
2026-09-12T03:46:27.994911+00:00,201,42.99,
2026-09-12T03:46:28.014245+00:00,201,58.92,
2026-09-12T03:46:28.055045+00:00,201,46.69,
2026-09-12T03:46:28.034355+00:00,201,70.45,
2026-09-12T03:46:28.074140+00:00,201,47.8,
2026-09-12T03:46:28.094653+00:00,201,45.16,
2026-09-12T03:46:28.114343+00:00,201,49.76,
2026-09-12T03:46:28.135052+00:00,201,47.44,
2026-09-12T03:46:28.155821+00:00,201,63.18,
2026-09-12T03:46:28.174684+00:00,201,51.25,
2026-09-12T03:46:28.195027+00:00,201,52.71,
2026-09-12T03:46:28.214229+00:00,201,69.02,
2026-09-12T03:46:28.234866+00:00,201,64.97,
2026-09-12T03:46:28.274522+00:00,201,48.17,
2026-09-12T03:46:28.255441+00:00,201,74.07,
2026-09-12T03:46:28.294310+00:00,201,50.13,
2026-09-12T03:46:28.314356+00:00,201,57.33,
2026-09-12T03:46:28.334930+00:00,201,74.62,
2026-09-12T03:46:28.355493+00:00,201,66.65,
2026-09-12T03:46:28.374332+00:00,201,62.77,
2026-09-12T03:46:28.395087+00:00,201,59.72,
2026-09-12T03:46:28.434929+00:00,201,47.61,
2026-09-12T03:46:28.414255+00:00,201,68.77,
2026-09-12T03:46:28.455502+00:00,201,53.54,
2026-09-12T03:46:28.474991+00:00,201,67.25,
2026-09-12T03:46:28.494649+00:00,201,66.59,
2026-09-12T03:46:28.515019+00:00,201,52.3,
2026-09-12T03:46:28.534118+00:00,201,47.54,
2026-09-12T03:46:28.575199+00:00,201,48.5,
2026-09-12T03:46:28.555036+00:00,201,69.8,
2026-09-12T03:46:28.594993+00:00,201,53.9,
2026-09-12T03:46:28.634914+00:00,201,44.8,
2026-09-12T03:46:28.614166+00:00,201,69.96,
2026-09-12T03:46:28.653951+00:00,201,61.47,
2026-09-12T03:46:28.674760+00:00,201,47.74,
2026-09-12T03:46:28.694085+00:00,201,51.08,
2026-09-12T03:46:28.714582+00:00,201,48.49,
2026-09-12T03:46:28.735238+00:00,201,44.7,
2026-09-12T03:46:28.754313+00:00,201,42.99,
2026-09-12T03:46:28.775203+00:00,201,76.21,
2026-09-12T03:46:28.794309+00:00,201,57.14,
2026-09-12T03:46:28.815143+00:00,201,58.34,
2026-09-12T03:46:28.854313+00:00,201,45.86,
2026-09-12T03:46:28.835449+00:00,201,71.77,
2026-09-12T03:46:28.875050+00:00,201,51.19,
2026-09-12T03:46:28.894069+00:00,201,51.14,
2026-09-12T03:46:28.914684+00:00,201,47.27,
2026-09-12T03:46:28.934132+00:00,201,48.26,
2026-09-12T03:46:28.954632+00:00,201,56.16,
2026-09-12T03:46:28.975341+00:00,201,53.52,
2026-09-12T03:46:29.015187+00:00,201,47.18,
2026-09-12T03:46:28.994138+00:00,201,68.68,
2026-09-12T03:46:29.033948+00:00,201,44.65,
2026-09-12T03:46:29.054777+00:00,201,44.79,
2026-09-12T03:46:29.075297+00:00,201,48.5,
2026-09-12T03:46:29.094033+00:00,201,62.8,
2026-09-12T03:46:29.113941+00:00,201,54.91,
2026-09-12T03:46:29.134700+00:00,201,43.55,
2026-09-12T03:46:29.155270+00:00,201,41.88,
2026-09-12T03:46:29.174425+00:00,201,39.91,
2026-09-12T03:46:29.195178+00:00,201,43.83,
2026-09-12T03:46:29.214237+00:00,201,77.16,
2026-09-12T03:46:29.255151+00:00,201,56.14,
2026-09-12T03:46:29.234942+00:00,201,83.41,
2026-09-12T03:46:29.274443+00:00,201,46.93,
2026-09-12T03:46:29.294442+00:00,201,47.87,
2026-09-12T03:46:29.314694+00:00,201,56.39,
2026-09-12T03:46:29.334165+00:00,201,41.39,
2026-09-12T03:46:29.354590+00:00,201,50.96,
2026-09-12T03:46:29.375438+00:00,201,45.12,
2026-09-12T03:46:29.395231+00:00,201,41.95,
2026-09-12T03:46:29.414283+00:00,201,40.25,
2026-09-12T03:46:29.434788+00:00,201,44.34,
2026-09-12T03:46:29.455231+00:00,201,47.61,
2026-09-12T03:46:29.473985+00:00,201,39.91,
2026-09-12T03:46:29.494277+00:00,201,112.14,
2026-09-12T03:46:29.534542+00:00,201,72.48,
2026-09-12T03:46:29.515317+00:00,201,93.16,
2026-09-12T03:46:29.554560+00:00,201,55.37,
2026-09-12T03:46:29.574467+00:00,201,58.72,
2026-09-12T03:46:29.594491+00:00,201,55.47,
2026-09-12T03:46:29.614379+00:00,201,55.23,
2026-09-12T03:46:29.635135+00:00,201,55.76,
2026-09-12T03:46:29.654274+00:00,201,65.4,
2026-09-12T03:46:29.673955+00:00,201,56.52,
2026-09-12T03:46:29.694855+00:00,201,54.32,
2026-09-12T03:46:29.714109+00:00,201,54.28,
2026-09-12T03:46:29.734789+00:00,201,59.93,
2026-09-12T03:46:29.754235+00:00,201,53.73,
2026-09-12T03:46:29.775486+00:00,201,55.86,
2026-09-12T03:46:29.795113+00:00,201,88.98,
2026-09-12T03:46:29.834727+00:00,201,58.22,
2026-09-12T03:46:29.815195+00:00,201,85.54,
2026-09-12T03:46:29.855425+00:00,201,76.07,
2026-09-12T03:46:29.874546+00:00,201,62.15,
2026-09-12T03:46:29.894002+00:00,201,62.52,
2026-09-12T03:46:29.914570+00:00,201,58.98,
2026-09-12T03:46:29.934009+00:00,201,56.51,
2026-09-12T03:46:29.954782+00:00,201,54.97,
2026-09-12T03:46:29.974372+00:00,201,57.83,
2026-09-12T03:46:29.995590+00:00,201,54.91,
2026-09-12T03:46:30.014175+00:00,201,73.01,
2026-09-12T03:46:30.034782+00:00,201,63.53,
2026-09-12T03:46:30.054110+00:00,201,62.81,
2026-09-12T03:46:30.075291+00:00,201,59.13,
2026-09-12T03:46:30.095427+00:00,201,64.96,
2026-09-12T03:46:30.134725+00:00,201,68.25,
2026-09-12T03:46:30.113997+00:00,201,90.81,
2026-09-12T03:46:30.154131+00:00,201,71.34,
2026-09-12T03:46:30.175448+00:00,201,71.92,
2026-09-12T03:46:30.194123+00:00,201,65.73,
2026-09-12T03:46:30.214894+00:00,201,61.08,
2026-09-12T03:46:30.234703+00:00,201,59.05,
2026-09-12T03:46:30.254224+00:00,201,65.64,
2026-09-12T03:46:30.275156+00:00,201,60.95,
2026-09-12T03:46:30.294502+00:00,201,61.11,
2026-09-12T03:46:30.314027+00:00,201,60.66,
2026-09-12T03:46:30.334968+00:00,201,64.98,
2026-09-12T03:46:30.354596+00:00,201,94.57,
2026-09-12T03:46:30.375025+00:00,201,75.72,
2026-09-12T03:46:30.395319+00:00,201,68.4,
2026-09-12T03:46:30.414992+00:00,201,62.23,
2026-09-12T03:46:30.434319+00:00,201,73.19,
2026-09-12T03:46:30.455282+00:00,201,71.52,
2026-09-12T03:46:30.474249+00:00,201,71.35,
2026-09-12T03:46:30.494579+00:00,201,74.52,
2026-09-12T03:46:30.514955+00:00,201,71.22,
2026-09-12T03:46:30.535276+00:00,201,120.41,
2026-09-12T03:46:30.575127+00:00,201,160.95,
2026-09-12T03:46:30.554297+00:00,201,189.71,
2026-09-12T03:46:30.594525+00:00,201,172.38,
2026-09-12T03:46:30.614636+00:00,201,159.64,
2026-09-12T03:46:30.634514+00:00,201,148.23,
2026-09-12T03:46:30.713961+00:00,201,115.11,
2026-09-12T03:46:30.656052+00:00,201,177.59,
2026-09-12T03:46:30.675414+00:00,201,172.29,
2026-09-12T03:46:30.735388+00:00,201,113.88,
2026-09-12T03:46:30.754042+00:00,201,127.77,
2026-09-12T03:46:30.694958+00:00,201,189.97,
2026-09-12T03:46:30.774433+00:00,201,112.48,
2026-09-12T03:46:30.795311+00:00,201,119.31,
2026-09-12T03:46:30.814620+00:00,201,103.54,
2026-09-12T03:46:30.834973+00:00,201,100.84,
2026-09-12T03:46:30.855049+00:00,201,90.53,
2026-09-12T03:46:30.874816+00:00,201,83.14,
2026-09-12T03:46:30.894397+00:00,201,92.61,
2026-09-12T03:46:30.934695+00:00,201,76.0,
2026-09-12T03:46:30.914613+00:00,201,105.19,
2026-09-12T03:46:30.954634+00:00,201,78.17,
2026-09-12T03:46:30.974538+00:00,201,98.19,
2026-09-12T03:46:31.014665+00:00,201,79.31,
2026-09-12T03:46:30.994296+00:00,201,101.46,
2026-09-12T03:46:31.034230+00:00,201,81.08,
2026-09-12T03:46:31.054650+00:00,201,88.07,
2026-09-12T03:46:31.074280+00:00,201,76.11,
2026-09-12T03:46:31.094595+00:00,201,80.26,
2026-09-12T03:46:31.114277+00:00,201,74.02,
2026-09-12T03:46:31.135396+00:00,201,63.37,
2026-09-12T03:46:31.155149+00:00,201,63.6,
2026-09-12T03:46:31.175202+00:00,201,63.09,
2026-09-12T03:46:31.194323+00:00,201,61.56,
2026-09-12T03:46:31.214312+00:00,201,65.24,
2026-09-12T03:46:31.233898+00:00,201,64.21,
2026-09-12T03:46:31.273950+00:00,201,78.8,
2026-09-12T03:46:31.254932+00:00,201,98.04,
2026-09-12T03:46:31.295191+00:00,201,62.37,
2026-09-12T03:46:31.314695+00:00,201,57.49,
2026-09-12T03:46:31.334340+00:00,201,75.31,
2026-09-12T03:46:31.354881+00:00,201,55.38,
2026-09-12T03:46:31.394981+00:00,201,51.58,
2026-09-12T03:46:31.373999+00:00,201,72.83,
2026-09-12T03:46:31.414008+00:00,201,68.92,
2026-09-12T03:46:31.435097+00:00,201,49.3,
2026-09-12T03:46:31.454438+00:00,201,76.96,
2026-09-12T03:46:31.474459+00:00,201,57.52,
2026-09-12T03:46:31.494408+00:00,201,67.77,
2026-09-12T03:46:31.514873+00:00,201,47.79,
2026-09-12T03:46:31.534011+00:00,201,76.59,
2026-09-12T03:46:31.554733+00:00,201,72.55,
2026-09-12T03:46:31.573909+00:00,201,75.15,
2026-09-12T03:46:31.594856+00:00,201,61.16,
2026-09-12T03:46:31.635217+00:00,201,62.07,
2026-09-12T03:46:31.614181+00:00,201,83.63,
2026-09-12T03:46:31.655087+00:00,201,61.21,
2026-09-12T03:46:31.674997+00:00,201,66.61,
2026-09-12T03:46:31.694515+00:00,201,70.8,
2026-09-12T03:46:31.715100+00:00,201,53.62,
2026-09-12T03:46:31.734728+00:00,201,62.72,
2026-09-12T03:46:31.755096+00:00,201,50.76,
2026-09-12T03:46:31.773953+00:00,201,54.19,
2026-09-12T03:46:31.794839+00:00,201,52.42,
2026-09-12T03:46:31.815143+00:00,201,47.87,
2026-09-12T03:46:31.834719+00:00,201,73.49,
2026-09-12T03:46:31.855424+00:00,201,63.94,
2026-09-12T03:46:31.875817+00:00,201,61.48,
2026-09-12T03:46:31.894666+00:00,201,56.71,
2026-09-12T03:46:31.915190+00:00,201,47.26,
2026-09-12T03:46:31.935262+00:00,201,47.21,
2026-09-12T03:46:31.953922+00:00,201,45.25,
2026-09-12T03:46:31.994707+00:00,201,53.43,
2026-09-12T03:46:31.973917+00:00,201,75.33,
2026-09-12T03:46:32.014065+00:00,201,59.14,
2026-09-12T03:46:32.034872+00:00,201,41.49,
2026-09-12T03:46:32.054358+00:00,201,44.58,
2026-09-12T03:46:32.094921+00:00,201,47.27,
2026-09-12T03:46:32.074821+00:00,201,67.65,
2026-09-12T03:46:32.114379+00:00,201,52.48,
2026-09-12T03:46:32.135512+00:00,201,85.17,
2026-09-12T03:46:32.155121+00:00,201,77.74,
2026-09-12T03:46:32.174895+00:00,201,66.94,
2026-09-12T03:46:32.195155+00:00,201,58.63,
2026-09-12T03:46:32.213991+00:00,201,87.6,
2026-09-12T03:46:32.235429+00:00,201,84.18,
2026-09-12T03:46:32.255197+00:00,201,75.4,
2026-09-12T03:46:32.274543+00:00,201,75.75,
2026-09-12T03:46:32.294977+00:00,201,57.25,
2026-09-12T03:46:32.314935+00:00,201,59.96,
2026-09-12T03:46:32.334594+00:00,201,47.5,
2026-09-12T03:46:32.355316+00:00,201,60.99,
2026-09-12T03:46:32.375180+00:00,201,78.77,
2026-09-12T03:46:32.395286+00:00,201,68.46,
2026-09-12T03:46:32.415125+00:00,201,59.08,
2026-09-12T03:46:32.435233+00:00,201,58.02,
2026-09-12T03:46:32.454059+00:00,201,63.09,
2026-09-12T03:46:32.474770+00:00,201,48.28,
2026-09-12T03:46:32.494289+00:00,201,48.11,
2026-09-12T03:46:32.514349+00:00,201,46.3,
2026-09-12T03:46:32.535177+00:00,201,61.73,
2026-09-12T03:46:32.554189+00:00,201,43.45,
2026-09-12T03:46:32.575355+00:00,201,46.41,
2026-09-12T03:46:32.594455+00:00,201,45.67,
2026-09-12T03:46:32.615010+00:00,201,59.25,
2026-09-12T03:46:32.635315+00:00,201,39.57,
2026-09-12T03:46:32.654861+00:00,201,97.47,
2026-09-12T03:46:32.675351+00:00,201,77.43,
2026-09-12T03:46:32.694108+00:00,201,79.57,
2026-09-12T03:46:32.715468+00:00,201,70.01,
2026-09-12T03:46:32.735257+00:00,201,60.32,
2026-09-12T03:46:32.754077+00:00,201,52.98,
2026-09-12T03:46:32.774039+00:00,201,64.57,
2026-09-12T03:46:32.794792+00:00,201,108.02,
2026-09-12T03:46:32.815416+00:00,201,103.96,
2026-09-12T03:46:32.834407+00:00,201,91.69,
2026-09-12T03:46:32.855364+00:00,201,86.32,
2026-09-12T03:46:32.874954+00:00,201,88.81,
2026-09-12T03:46:32.899900+00:00,201,65.06,
2026-09-12T03:46:32.914294+00:00,201,58.43,
2026-09-12T03:46:32.935380+00:00,201,56.36,
2026-09-12T03:46:32.954222+00:00,201,55.01,
2026-09-12T03:46:32.975146+00:00,201,55.31,
2026-09-12T03:46:32.994430+00:00,201,56.67,
2026-09-12T03:46:33.013946+00:00,201,81.8,
2026-09-12T03:46:33.035406+00:00,201,78.05,
2026-09-12T03:46:33.054538+00:00,201,73.12,
2026-09-12T03:46:33.074232+00:00,201,61.18,
2026-09-12T03:46:33.094213+00:00,201,58.47,
2026-09-12T03:46:33.113959+00:00,201,69.65,
2026-09-12T03:46:33.135694+00:00,201,49.39,
2026-09-12T03:46:33.174366+00:00,201,56.8,
2026-09-12T03:46:33.153970+00:00,201,82.37,
2026-09-12T03:46:33.195326+00:00,201,70.41,
2026-09-12T03:46:33.214927+00:00,201,62.74,
2026-09-12T03:46:33.234522+00:00,201,53.8,
2026-09-12T03:46:33.255311+00:00,201,63.13,
2026-09-12T03:46:33.275271+00:00,201,49.17,
2026-09-12T03:46:33.294716+00:00,201,52.46,
2026-09-12T03:46:33.315245+00:00,201,55.3,
2026-09-12T03:46:33.334496+00:00,201,49.77,
2026-09-12T03:46:33.355372+00:00,201,49.42,
2026-09-12T03:46:33.374792+00:00,201,50.22,
2026-09-12T03:46:33.394192+00:00,201,73.79,
2026-09-12T03:46:33.414818+00:00,201,64.01,
2026-09-12T03:46:33.434402+00:00,201,52.41,
2026-09-12T03:46:33.455230+00:00,201,53.64,
2026-09-12T03:46:33.474298+00:00,201,54.89,
2026-09-12T03:46:33.494960+00:00,201,54.88,
2026-09-12T03:46:33.513949+00:00,201,55.18,
2026-09-12T03:46:33.535112+00:00,201,53.27,
2026-09-12T03:46:33.554427+00:00,201,51.25,
2026-09-12T03:46:33.574140+00:00,201,54.6,
2026-09-12T03:46:33.594316+00:00,201,55.77,
2026-09-12T03:46:33.615389+00:00,201,55.27,
2026-09-12T03:46:33.634966+00:00,201,57.2,
2026-09-12T03:46:33.654239+00:00,201,55.31,
2026-09-12T03:46:33.675492+00:00,201,65.6,
2026-09-12T03:46:33.695009+00:00,201,56.64,
2026-09-12T03:46:33.714835+00:00,201,53.53,
2026-09-12T03:46:33.734110+00:00,201,53.78,
2026-09-12T03:46:33.754547+00:00,201,54.25,
2026-09-12T03:46:33.775426+00:00,201,73.7,
2026-09-12T03:46:33.794586+00:00,201,55.74,
2026-09-12T03:46:33.815511+00:00,201,56.57,
2026-09-12T03:46:33.834966+00:00,201,52.66,
2026-09-12T03:46:33.854698+00:00,201,58.98,
2026-09-12T03:46:33.874427+00:00,201,67.51,
2026-09-12T03:46:33.895227+00:00,201,69.54,
2026-09-12T03:46:33.914657+00:00,201,65.81,
2026-09-12T03:46:33.954126+00:00,201,63.0,
2026-09-12T03:46:33.934596+00:00,201,83.32,
