timestamp_iso,status_code,latency_ms,error
2026-09-21T02:00:39.532966+00:00,201,172.25,
2026-09-21T02:00:39.554473+00:00,201,160.81,
2026-09-21T02:00:39.522105+00:00,201,195.67,
2026-09-21T02:00:39.509230+00:00,201,209.17,
2026-09-21T02:00:39.543955+00:00,201,185.49,
2026-09-21T02:00:39.567998+00:00,201,165.64,
2026-09-21T02:00:39.577316+00:00,201,165.63,
2026-09-21T02:00:39.588573+00:00,201,185.13,
2026-09-21T02:00:39.611055+00:00,201,182.4,
2026-09-21T02:00:39.599684+00:00,201,194.56,
2026-09-21T02:00:39.631814+00:00,201,184.37,
2026-09-21T02:00:39.643777+00:00,201,172.99,
2026-09-21T02:00:39.622334+00:00,201,194.85,
2026-09-21T02:00:39.654064+00:00,201,172.29,
2026-09-21T02:00:39.666512+00:00,201,171.66,
2026-09-21T02:00:39.676251+00:00,201,183.0,
2026-09-21T02:00:39.698383+00:00,201,164.69,
2026-09-21T02:00:39.688554+00:00,201,185.26,
2026-09-21T02:00:39.722098+00:00,201,161.25,
2026-09-21T02:00:39.710057+00:00,201,175.3,
2026-09-21T02:00:39.732124+00:00,201,170.46,
2026-09-21T02:00:39.744066+00:00,201,160.99,
2026-09-21T02:00:39.755457+00:00,201,186.89,
2026-09-21T02:00:39.765644+00:00,201,178.65,
2026-09-21T02:00:39.777210+00:00,201,176.78,
2026-09-21T02:00:39.800026+00:00,201,171.27,
2026-09-21T02:00:39.788880+00:00,201,185.93,
2026-09-21T02:00:39.809675+00:00,201,176.15,
2026-09-21T02:00:39.821146+00:00,201,181.94,
2026-09-21T02:00:39.831983+00:00,201,172.02,
2026-09-21T02:00:39.843135+00:00,201,177.79,
2026-09-21T02:00:39.854513+00:00,201,185.5,
2026-09-21T02:00:39.877006+00:00,201,172.45,
2026-09-21T02:00:39.865972+00:00,201,186.38,
2026-09-21T02:00:39.888346+00:00,201,176.16,
2026-09-21T02:00:39.900025+00:00,201,184.85,
2026-09-21T02:00:39.910300+00:00,201,175.15,
2026-09-21T02:00:39.922085+00:00,201,175.38,
2026-09-21T02:00:39.944501+00:00,201,170.88,
2026-09-21T02:00:39.932788+00:00,201,183.7,
2026-09-21T02:00:39.954928+00:00,201,177.32,
2026-09-21T02:00:39.976767+00:00,201,169.71,
2026-09-21T02:00:39.966614+00:00,201,182.05,
2026-09-21T02:00:39.998822+00:00,201,156.12,
2026-09-21T02:00:39.987597+00:00,201,173.6,
2026-09-21T02:00:40.021345+00:00,201,177.12,
2026-09-21T02:00:40.010237+00:00,201,191.93,
2026-09-21T02:00:40.044480+00:00,201,158.31,
2026-09-21T02:00:40.054097+00:00,201,155.89,
2026-09-21T02:00:40.033077+00:00,201,177.86,
2026-09-21T02:00:40.065617+00:00,201,161.97,
2026-09-21T02:00:40.077360+00:00,201,154.72,
2026-09-21T02:00:40.088897+00:00,201,159.49,
2026-09-21T02:00:40.098702+00:00,201,181.25,
2026-09-21T02:00:40.110374+00:00,201,181.84,
2026-09-21T02:00:40.132621+00:00,201,164.32,
2026-09-21T02:00:40.121792+00:00,201,175.52,
2026-09-21T02:00:40.155308+00:00,201,173.84,
2026-09-21T02:00:40.143816+00:00,201,186.98,
2026-09-21T02:00:40.166542+00:00,201,176.9,
2026-09-21T02:00:40.198807+00:00,201,161.0,
2026-09-21T02:00:40.176387+00:00,201,186.99,
2026-09-21T02:00:40.187827+00:00,201,202.19,
2026-09-21T02:00:40.221349+00:00,201,169.21,
2026-09-21T02:00:40.210334+00:00,201,181.07,
2026-09-21T02:00:40.232391+00:00,201,186.72,
2026-09-21T02:00:40.242949+00:00,201,179.75,
2026-09-21T02:00:40.254929+00:00,201,181.6,
2026-09-21T02:00:40.266146+00:00,201,174.84,
2026-09-21T02:00:40.287786+00:00,201,164.34,
2026-09-21T02:00:40.277448+00:00,201,180.31,
2026-09-21T02:00:40.299053+00:00,201,180.94,
2026-09-21T02:00:40.310566+00:00,201,170.38,
2026-09-21T02:00:40.322197+00:00,201,185.17,
2026-09-21T02:00:40.343343+00:00,201,173.23,
2026-09-21T02:00:40.331863+00:00,201,187.1,
2026-09-21T02:00:40.355228+00:00,201,179.15,
2026-09-21T02:00:40.365236+00:00,201,170.53,
2026-09-21T02:00:40.376800+00:00,201,169.8,
2026-09-21T02:00:40.387385+00:00,201,179.39,
2026-09-21T02:00:40.398455+00:00,201,171.49,
2026-09-21T02:00:40.410296+00:00,201,171.82,
2026-09-21T02:00:40.432704+00:00,201,162.58,
2026-09-21T02:00:40.421852+00:00,201,175.52,
2026-09-21T02:00:40.444016+00:00,201,165.28,
2026-09-21T02:00:40.455561+00:00,201,176.38,
2026-09-21T02:00:40.465569+00:00,201,183.9,
2026-09-21T02:00:40.487826+00:00,201,175.55,
2026-09-21T02:00:40.477434+00:00,201,186.36,
2026-09-21T02:00:40.511381+00:00,201,156.8,
2026-09-21T02:00:40.499593+00:00,201,180.07,
2026-09-21T02:00:40.521774+00:00,201,175.76,
2026-09-21T02:00:40.532828+00:00,201,180.27,
2026-09-21T02:00:40.554180+00:00,201,168.49,
2026-09-21T02:00:40.543080+00:00,201,181.32,
2026-09-21T02:00:40.566044+00:00,201,173.79,
2026-09-21T02:00:40.587411+00:00,201,157.29,
2026-09-21T02:00:40.576235+00:00,201,180.11,
2026-09-21T02:00:40.598592+00:00,201,172.65,
2026-09-21T02:00:40.610040+00:00,201,163.25,
2026-09-21T02:00:40.632684+00:00,201,172.88,
2026-09-21T02:00:40.621354+00:00,201,185.73,
2026-09-21T02:00:40.643549+00:00,201,165.19,
2026-09-21T02:00:40.654566+00:00,201,163.4,
2026-09-21T02:00:40.666020+00:00,201,173.8,
2026-09-21T02:00:40.677652+00:00,201,176.21,
2026-09-21T02:00:40.698815+00:00,201,158.17,
2026-09-21T02:00:40.687621+00:00,201,169.9,
2026-09-21T02:00:40.710472+00:00,201,175.38,
2026-09-21T02:00:40.732118+00:00,201,162.01,
2026-09-21T02:00:40.722123+00:00,201,186.29,
2026-09-21T02:00:40.754410+00:00,201,162.42,
2026-09-21T02:00:40.743109+00:00,201,176.48,
2026-09-21T02:00:40.766556+00:00,201,175.91,
2026-09-21T02:00:40.788232+00:00,201,167.13,
2026-09-21T02:00:40.776709+00:00,201,179.37,
2026-09-21T02:00:40.800050+00:00,201,173.77,
2026-09-21T02:00:40.809647+00:00,201,167.25,
2026-09-21T02:00:40.821191+00:00,201,161.62,
2026-09-21T02:00:40.832334+00:00,201,176.39,
2026-09-21T02:00:40.843482+00:00,201,177.92,
2026-09-21T02:00:40.865716+00:00,201,159.03,
2026-09-21T02:00:40.854750+00:00,201,179.91,
2026-09-21T02:00:40.877113+00:00,201,162.59,
2026-09-21T02:00:40.899361+00:00,201,170.8,
2026-09-21T02:00:40.887248+00:00,201,183.1,
2026-09-21T02:00:40.911097+00:00,201,159.94,
2026-09-21T02:00:40.920840+00:00,201,179.84,
2026-09-21T02:00:40.932538+00:00,201,169.22,
2026-09-21T02:00:40.943823+00:00,201,171.78,
2026-09-21T02:00:40.955658+00:00,201,178.15,
2026-09-21T02:00:40.976238+00:00,201,172.79,
2026-09-21T02:00:40.966624+00:00,201,184.42,
2026-09-21T02:00:40.988075+00:00,201,177.13,
2026-09-21T02:00:40.999350+00:00,201,182.92,
2026-09-21T02:00:41.021915+00:00,201,177.01,
2026-09-21T02:00:41.010875+00:00,201,191.09,
2026-09-21T02:00:41.044144+00:00,201,158.76,
2026-09-21T02:00:41.054189+00:00,201,157.65,
2026-09-21T02:00:41.032250+00:00,201,181.24,
2026-09-21T02:00:41.088445+00:00,201,157.9,
2026-09-21T02:00:41.065604+00:00,201,182.31,
2026-09-21T02:00:41.076791+00:00,201,171.47,
2026-09-21T02:00:41.111014+00:00,201,157.46,
2026-09-21T02:00:41.121078+00:00,201,158.62,
2026-09-21T02:00:41.100101+00:00,201,180.21,
2026-09-21T02:00:41.132009+00:00,201,187.15,
2026-09-21T02:00:41.143961+00:00,201,187.82,
2026-09-21T02:00:41.155395+00:00,201,179.46,
2026-09-21T02:00:41.177005+00:00,201,161.96,
2026-09-21T02:00:41.165553+00:00,201,179.34,
2026-09-21T02:00:41.188571+00:00,201,172.66,
2026-09-21T02:00:41.221957+00:00,201,156.13,
2026-09-21T02:00:41.210429+00:00,201,168.39,
2026-09-21T02:00:41.199449+00:00,201,181.44,
2026-09-21T02:00:41.242970+00:00,201,171.1,
2026-09-21T02:00:41.232937+00:00,201,181.8,
2026-09-21T02:00:41.254056+00:00,201,161.59,
2026-09-21T02:00:41.265729+00:00,201,176.92,
2026-09-21T02:00:41.288809+00:00,201,160.0,
2026-09-21T02:00:41.277318+00:00,201,180.57,
2026-09-21T02:00:41.298774+00:00,201,173.44,
2026-09-21T02:00:41.310670+00:00,201,180.74,
2026-09-21T02:00:41.343288+00:00,201,162.25,
2026-09-21T02:00:41.321657+00:00,201,185.54,
2026-09-21T02:00:41.332081+00:00,201,176.54,
2026-09-21T02:00:41.365273+00:00,201,172.72,
2026-09-21T02:00:41.355175+00:00,201,183.52,
2026-09-21T02:00:41.387883+00:00,201,162.85,
2026-09-21T02:00:41.377175+00:00,201,177.73,
2026-09-21T02:00:41.399643+00:00,201,161.54,
2026-09-21T02:00:41.411244+00:00,201,167.54,
2026-09-21T02:00:41.421229+00:00,201,186.77,
2026-09-21T02:00:41.443854+00:00,201,173.54,
2026-09-21T02:00:41.432516+00:00,201,187.73,
2026-09-21T02:00:41.465433+00:00,201,170.44,
2026-09-21T02:00:41.455319+00:00,201,182.77,
2026-09-21T02:00:41.487441+00:00,201,156.3,
2026-09-21T02:00:41.477324+00:00,201,175.29,
2026-09-21T02:00:41.499546+00:00,201,187.93,
2026-09-21T02:00:41.532336+00:00,201,156.97,
2026-09-21T02:00:41.510686+00:00,201,178.78,
2026-09-21T02:00:41.522253+00:00,201,179.24,
2026-09-21T02:00:41.543648+00:00,201,162.63,
2026-09-21T02:00:41.565113+00:00,201,177.22,
2026-09-21T02:00:41.554925+00:00,201,187.69,
2026-09-21T02:00:41.576757+00:00,201,177.08,
2026-09-21T02:00:41.588409+00:00,201,173.07,
2026-09-21T02:00:41.598463+00:00,201,170.5,
2026-09-21T02:00:41.610325+00:00,201,164.3,
2026-09-21T02:00:41.621021+00:00,201,155.6,
2026-09-21T02:00:41.632027+00:00,201,174.37,
2026-09-21T02:00:41.643573+00:00,201,179.04,
2026-09-21T02:00:41.655311+00:00,201,169.41,
2026-09-21T02:00:41.665371+00:00,201,160.16,
2026-09-21T02:00:41.676923+00:00,201,178.02,
2026-09-21T02:00:41.698631+00:00,201,171.54,
2026-09-21T02:00:41.687897+00:00,201,184.03,
2026-09-21T02:00:41.722047+00:00,201,162.5,
2026-09-21T02:00:41.710521+00:00,201,178.53,
2026-09-21T02:00:41.731907+00:00,201,171.63,
2026-09-21T02:00:41.755048+00:00,201,163.14,
2026-09-21T02:00:41.743876+00:00,201,181.34,
2026-09-21T02:00:41.766651+00:00,201,173.53,
2026-09-21T02:00:41.787335+00:00,201,155.88,
2026-09-21T02:00:41.776447+00:00,201,175.94,
2026-09-21T02:00:41.799035+00:00,201,158.04,
2026-09-21T02:00:41.810071+00:00,201,176.02,
2026-09-21T02:00:41.831862+00:00,201,171.42,
2026-09-21T02:00:41.820856+00:00,201,182.85,
2026-09-21T02:00:41.844254+00:00,201,163.15,
2026-09-21T02:00:41.855226+00:00,201,182.3,
2026-09-21T02:00:41.877648+00:00,201,161.63,
2026-09-21T02:00:41.866113+00:00,201,191.58,
2026-09-21T02:00:41.899685+00:00,201,168.55,
2026-09-21T02:00:41.887498+00:00,201,184.59,
2026-09-21T02:00:41.910965+00:00,201,173.81,
2026-09-21T02:00:41.932248+00:00,201,160.96,
2026-09-21T02:00:41.920794+00:00,201,185.87,
2026-09-21T02:00:41.943660+00:00,201,175.26,
2026-09-21T02:00:41.965360+00:00,201,160.2,
2026-09-21T02:00:41.955110+00:00,201,185.98,
2026-09-21T02:00:41.988541+00:00,201,157.23,
2026-09-21T02:00:41.977268+00:00,201,176.27,
2026-09-21T02:00:41.998714+00:00,201,190.77,
2026-09-21T02:00:42.009825+00:00,201,181.48,
2026-09-21T02:00:42.043783+00:00,201,158.78,
2026-09-21T02:00:42.032819+00:00,201,170.22,
2026-09-21T02:00:42.021356+00:00,201,182.07,
2026-09-21T02:00:42.055563+00:00,201,180.35,
2026-09-21T02:00:42.065950+00:00,201,184.35,
2026-09-21T02:00:42.077330+00:00,201,173.93,
2026-09-21T02:00:42.088585+00:00,201,173.91,
2026-09-21T02:00:42.109671+00:00,201,163.49,
2026-09-21T02:00:42.099881+00:00,201,180.39,
2026-09-21T02:00:42.121391+00:00,201,171.22,
2026-09-21T02:00:42.132349+00:00,201,162.03,
2026-09-21T02:00:42.155296+00:00,201,168.51,
2026-09-21T02:00:42.144087+00:00,201,181.05,
2026-09-21T02:00:42.165427+00:00,201,178.0,
2026-09-21T02:00:42.187538+00:00,201,158.35,
2026-09-21T02:00:42.177088+00:00,201,170.6,
2026-09-21T02:00:42.199225+00:00,201,176.23,
2026-09-21T02:00:42.221868+00:00,201,161.71,
2026-09-21T02:00:42.209734+00:00,201,183.99,
2026-09-21T02:00:42.232498+00:00,201,174.65,
2026-09-21T02:00:42.254184+00:00,201,157.28,
2026-09-21T02:00:42.243185+00:00,201,179.87,
2026-09-21T02:00:42.265378+00:00,201,175.57,
2026-09-21T02:00:42.276871+00:00,201,184.31,
2026-09-21T02:00:42.300036+00:00,201,162.71,
2026-09-21T02:00:42.310080+00:00,201,163.85,
2026-09-21T02:00:42.288122+00:00,201,189.21,
2026-09-21T02:00:42.332800+00:00,201,172.45,
2026-09-21T02:00:42.321313+00:00,201,187.58,
2026-09-21T02:00:42.344405+00:00,201,178.26,
2026-09-21T02:00:42.354538+00:00,201,186.12,
2026-09-21T02:00:42.365172+00:00,201,176.25,
2026-09-21T02:00:42.388302+00:00,201,158.74,
2026-09-21T02:00:42.376683+00:00,201,176.8,
2026-09-21T02:00:42.399721+00:00,201,171.69,
2026-09-21T02:00:42.409898+00:00,201,177.71,
2026-09-21T02:00:42.433360+00:00,201,169.03,
2026-09-21T02:00:42.420805+00:00,201,183.68,
2026-09-21T02:00:42.443561+00:00,201,176.0,
2026-09-21T02:00:42.454350+00:00,201,183.1,
2026-09-21T02:00:42.465536+00:00,201,173.72,
2026-09-21T02:00:42.476908+00:00,201,175.95,
2026-09-21T02:00:42.498800+00:00,201,162.19,
2026-09-21T02:00:42.488574+00:00,201,175.59,
2026-09-21T02:00:42.510177+00:00,201,175.54,
2026-09-21T02:00:42.532790+00:00,201,156.65,
2026-09-21T02:00:42.543530+00:00,201,158.52,
2026-09-21T02:00:42.521893+00:00,201,180.28,
2026-09-21T02:00:42.565115+00:00,201,164.37,
2026-09-21T02:00:42.554043+00:00,201,181.19,
2026-09-21T02:00:42.588773+00:00,201,157.55,
2026-09-21T02:00:42.577203+00:00,201,181.18,
2026-09-21T02:00:42.598729+00:00,201,172.86,
2026-09-21T02:00:42.621747+00:00,201,158.69,
2026-09-21T02:00:42.610234+00:00,201,173.54,
2026-09-21T02:00:42.632596+00:00,201,172.21,
2026-09-21T02:00:42.643037+00:00,201,179.42,
2026-09-21T02:00:42.665462+00:00,201,174.28,
2026-09-21T02:00:42.655134+00:00,201,185.76,
2026-09-21T02:00:42.677210+00:00,201,180.55,
2026-09-21T02:00:42.699228+00:00,201,173.68,
2026-09-21T02:00:42.688520+00:00,201,185.3,
2026-09-21T02:00:42.710731+00:00,201,179.18,
2026-09-21T02:00:42.732025+00:00,201,173.18,
2026-09-21T02:00:42.722275+00:00,201,184.6,
2026-09-21T02:00:42.744203+00:00,201,177.01,
2026-09-21T02:00:42.766588+00:00,201,156.75,
2026-09-21T02:00:42.754639+00:00,201,180.75,
2026-09-21T02:00:42.776281+00:00,201,179.49,
2026-09-21T02:00:42.800457+00:00,201,157.89,
2026-09-21T02:00:42.788763+00:00,201,182.07,
2026-09-21T02:00:42.810582+00:00,201,177.86,
2026-09-21T02:00:42.820734+00:00,201,184.95,
2026-09-21T02:00:42.833344+00:00,201,189.44,
2026-09-21T02:00:42.843889+00:00,201,181.56,
2026-09-21T02:00:42.854668+00:00,201,182.28,
2026-09-21T02:00:42.876770+00:00,201,161.74,
2026-09-21T02:00:42.866543+00:00,201,186.19,
2026-09-21T02:00:42.887305+00:00,201,182.34,
2026-09-21T02:00:42.920813+00:00,201,160.25,
2026-09-21T02:00:42.909639+00:00,201,173.63,
2026-09-21T02:00:42.900099+00:00,201,186.7,
2026-09-21T02:00:42.932651+00:00,201,160.04,
2026-09-21T02:00:42.943269+00:00,201,173.3,
2026-09-21T02:00:42.966505+00:00,201,159.54,
2026-09-21T02:00:42.955106+00:00,201,175.72,
2026-09-21T02:00:42.976818+00:00,201,180.86,
2026-09-21T02:00:43.000055+00:00,201,159.95,
2026-09-21T02:00:42.988851+00:00,201,180.22,
2026-09-21T02:00:43.010058+00:00,201,165.41,
2026-09-21T02:00:43.032354+00:00,201,154.63,
2026-09-21T02:00:43.021908+00:00,201,180.04,
2026-09-21T02:00:43.044095+00:00,201,163.55,
2026-09-21T02:00:43.054080+00:00,201,179.06,
2026-09-21T02:00:43.077545+00:00,201,158.9,
2026-09-21T02:00:43.065833+00:00,201,180.75,
2026-09-21T02:00:43.099210+00:00,201,156.74,
2026-09-21T02:00:43.088346+00:00,201,175.21,
2026-09-21T02:00:43.110386+00:00,201,169.49,
2026-09-21T02:00:43.131883+00:00,201,165.1,
2026-09-21T02:00:43.122084+00:00,201,175.38,
2026-09-21T02:00:43.143565+00:00,201,163.36,
2026-09-21T02:00:43.155063+00:00,201,157.1,
2026-09-21T02:00:43.165465+00:00,201,182.71,
2026-09-21T02:00:43.188096+00:00,201,173.2,
2026-09-21T02:00:43.176747+00:00,201,186.62,
2026-09-21T02:00:43.198624+00:00,201,180.95,
2026-09-21T02:00:43.221228+00:00,201,173.32,
2026-09-21T02:00:43.211231+00:00,201,185.34,
2026-09-21T02:00:43.232387+00:00,201,177.02,
2026-09-21T02:00:43.254216+00:00,201,170.97,
2026-09-21T02:00:43.244497+00:00,201,182.86,
2026-09-21T02:00:43.265800+00:00,201,178.65,
2026-09-21T02:00:43.288884+00:00,201,172.68,
2026-09-21T02:00:43.277119+00:00,201,184.97,
2026-09-21T02:00:43.310111+00:00,201,155.69,
2026-09-21T02:00:43.298656+00:00,201,175.85,
2026-09-21T02:00:43.321232+00:00,201,155.53,
2026-09-21T02:00:43.332886+00:00,201,178.26,
2026-09-21T02:00:43.355935+00:00,201,158.4,
2026-09-21T02:00:43.343999+00:00,201,178.93,
2026-09-21T02:00:43.365611+00:00,201,175.38,
2026-09-21T02:00:43.389178+00:00,201,162.57,
2026-09-21T02:00:43.376982+00:00,201,179.83,
2026-09-21T02:00:43.398737+00:00,201,177.34,
2026-09-21T02:00:43.409734+00:00,201,184.67,
2026-09-21T02:00:43.420665+00:00,201,188.0,
2026-09-21T02:00:43.432521+00:00,201,177.72,
2026-09-21T02:00:43.454535+00:00,201,170.07,
2026-09-21T02:00:43.465244+00:00,201,161.31,
2026-09-21T02:00:43.444693+00:00,201,182.6,
2026-09-21T02:00:43.477320+00:00,201,157.44,
2026-09-21T02:00:43.487677+00:00,201,157.56,
2026-09-21T02:00:43.498904+00:00,201,163.63,
2026-09-21T02:00:43.520923+00:00,201,157.52,
2026-09-21T02:00:43.510411+00:00,201,172.65,
2026-09-21T02:00:43.532081+00:00,201,172.32,
2026-09-21T02:00:43.543735+00:00,201,162.12,
2026-09-21T02:00:43.555183+00:00,201,156.76,
2026-09-21T02:00:43.566574+00:00,201,169.97,
2026-09-21T02:00:43.587623+00:00,201,164.75,
2026-09-21T02:00:43.576334+00:00,201,177.91,
2026-09-21T02:00:43.610871+00:00,201,173.15,
2026-09-21T02:00:43.599011+00:00,201,188.41,
2026-09-21T02:00:43.622391+00:00,201,167.5,
2026-09-21T02:00:43.633413+00:00,201,157.36,
2026-09-21T02:00:43.643125+00:00,201,177.67,
2026-09-21T02:00:43.665874+00:00,201,171.54,
2026-09-21T02:00:43.654054+00:00,201,183.93,
2026-09-21T02:00:43.677276+00:00,201,161.15,
2026-09-21T02:00:43.688187+00:00,201,167.33,
2026-09-21T02:00:43.699101+00:00,201,174.29,
2026-09-21T02:00:43.710565+00:00,201,178.93,
2026-09-21T02:00:43.721750+00:00,201,184.98,
2026-09-21T02:00:43.731962+00:00,201,175.42,
2026-09-21T02:00:43.744456+00:00,201,174.13,
2026-09-21T02:00:43.755520+00:00,201,183.65,
2026-09-21T02:00:43.777421+00:00,201,175.9,
2026-09-21T02:00:43.765699+00:00,201,191.99,
2026-09-21T02:00:43.800652+00:00,201,157.51,
2026-09-21T02:00:43.788716+00:00,201,182.02,
2026-09-21T02:00:43.821138+00:00,201,160.34,
2026-09-21T02:00:43.810170+00:00,201,174.98,
2026-09-21T02:00:43.833179+00:00,201,164.19,
2026-09-21T02:00:43.844381+00:00,201,178.15,
2026-09-21T02:00:43.854213+00:00,201,181.7,
2026-09-21T02:00:43.865650+00:00,201,172.45,
2026-09-21T02:00:43.876278+00:00,201,183.15,
2026-09-21T02:00:43.887609+00:00,201,181.59,
2026-09-21T02:00:43.910384+00:00,201,162.09,
2026-09-21T02:00:43.898960+00:00,201,187.06,
2026-09-21T02:00:43.932187+00:00,201,163.06,
2026-09-21T02:00:43.922067+00:00,201,176.41,
2026-09-21T02:00:43.943503+00:00,201,168.9,
2026-09-21T02:00:43.966511+00:00,201,157.67,
2026-09-21T02:00:43.955054+00:00,201,174.84,
2026-09-21T02:00:43.976337+00:00,201,177.58,
2026-09-21T02:00:43.987507+00:00,201,177.86,
2026-09-21T02:00:44.000106+00:00,201,179.25,
2026-09-21T02:00:44.010438+00:00,201,169.45,
2026-09-21T02:00:44.022838+00:00,201,172.85,
2026-09-21T02:00:44.043685+00:00,201,162.02,
2026-09-21T02:00:44.032668+00:00,201,176.23,
2026-09-21T02:00:44.066157+00:00,201,158.71,
2026-09-21T02:00:44.054848+00:00,201,172.18,
2026-09-21T02:00:44.077415+00:00,201,179.57,
2026-09-21T02:00:44.098771+00:00,201,171.46,
2026-09-21T02:00:44.087299+00:00,201,183.73,
2026-09-21T02:00:44.122365+00:00,201,178.6,
2026-09-21T02:00:44.111025+00:00,201,190.39,
2026-09-21T02:00:44.154205+00:00,201,157.03,
2026-09-21T02:00:44.132089+00:00,201,183.83,
2026-09-21T02:00:44.143721+00:00,201,173.29,
2026-09-21T02:00:44.176426+00:00,201,161.04,
2026-09-21T02:00:44.165762+00:00,201,179.88,
2026-09-21T02:00:44.187863+00:00,201,158.51,
2026-09-21T02:00:44.199542+00:00,201,156.54,
2026-09-21T02:00:44.211104+00:00,201,157.43,
2026-09-21T02:00:44.220930+00:00,201,165.92,
2026-09-21T02:00:44.244319+00:00,201,169.38,
2026-09-21T02:00:44.231790+00:00,201,182.38,
2026-09-21T02:00:44.265589+00:00,201,183.12,
2026-09-21T02:00:44.255707+00:00,201,194.59,
2026-09-21T02:00:44.288794+00:00,201,164.54,
2026-09-21T02:00:44.277185+00:00,201,181.69,
2026-09-21T02:00:44.298813+00:00,201,164.69,
2026-09-21T02:00:44.310550+00:00,201,156.52,
2026-09-21T02:00:44.322148+00:00,201,167.51,
2026-09-21T02:00:44.332906+00:00,201,158.63,
2026-09-21T02:00:44.344411+00:00,201,160.73,
2026-09-21T02:00:44.366019+00:00,201,155.23,
2026-09-21T02:00:44.376358+00:00,201,155.29,
2026-09-21T02:00:44.354153+00:00,201,181.68,
2026-09-21T02:00:44.399777+00:00,201,170.2,
2026-09-21T02:00:44.387649+00:00,201,186.95,
2026-09-21T02:00:44.410978+00:00,201,175.11,
2026-09-21T02:00:44.421616+00:00,201,186.12,
2026-09-21T02:00:44.454313+00:00,201,164.02,
2026-09-21T02:00:44.433063+00:00,201,192.03,
2026-09-21T02:00:44.444498+00:00,201,180.95,
2026-09-21T02:00:44.465983+00:00,201,171.03,
2026-09-21T02:00:44.477641+00:00,201,176.1,
2026-09-21T02:00:44.498794+00:00,201,170.72,
2026-09-21T02:00:44.488876+00:00,201,183.49,
2026-09-21T02:00:44.521920+00:00,201,158.31,
2026-09-21T02:00:44.510216+00:00,201,173.21,
2026-09-21T02:00:44.542927+00:00,201,159.26,
2026-09-21T02:00:44.531925+00:00,201,187.59,
2026-09-21T02:00:44.554503+00:00,201,187.31,
2026-09-21T02:00:44.577592+00:00,201,171.11,
2026-09-21T02:00:44.588635+00:00,201,162.54,
2026-09-21T02:00:44.566497+00:00,201,187.29,
2026-09-21T02:00:44.610555+00:00,201,161.28,
2026-09-21T02:00:44.598444+00:00,201,175.11,
2026-09-21T02:00:44.621573+00:00,201,167.68,
2026-09-21T02:00:44.632868+00:00,201,158.5,
2026-09-21T02:00:44.643112+00:00,201,183.65,
2026-09-21T02:00:44.666001+00:00,201,167.84,
2026-09-21T02:00:44.677770+00:00,201,164.62,
2026-09-21T02:00:44.654879+00:00,201,187.95,
2026-09-21T02:00:44.699015+00:00,201,161.41,
2026-09-21T02:00:44.711223+00:00,201,157.13,
2026-09-21T02:00:44.687667+00:00,201,184.89,
2026-09-21T02:00:44.743193+00:00,201,160.19,
2026-09-21T02:00:44.732349+00:00,201,171.75,
2026-09-21T02:00:44.722222+00:00,201,182.38,
2026-09-21T02:00:44.766368+00:00,201,154.92,
2026-09-21T02:00:44.777892+00:00,201,157.24,
2026-09-21T02:00:44.754612+00:00,201,184.55,
2026-09-21T02:00:44.787700+00:00,201,163.42,
2026-09-21T02:00:44.799064+00:00,201,164.05,
2026-09-21T02:00:44.810653+00:00,201,178.07,
2026-09-21T02:00:44.832908+00:00,201,159.48,
2026-09-21T02:00:44.820889+00:00,201,184.24,
2026-09-21T02:00:44.843074+00:00,201,177.15,
2026-09-21T02:00:44.854225+00:00,201,180.79,
2026-09-21T02:00:44.865878+00:00,201,169.74,
2026-09-21T02:00:44.877077+00:00,201,161.85,
2026-09-21T02:00:44.899067+00:00,201,168.8,
2026-09-21T02:00:44.910853+00:00,201,161.63,
2026-09-21T02:00:44.887399+00:00,201,186.88,
2026-09-21T02:00:44.920795+00:00,201,162.64,
2026-09-21T02:00:44.932356+00:00,201,166.68,
2026-09-21T02:00:44.943833+00:00,201,172.44,
2026-09-21T02:00:44.965546+00:00,201,158.41,
2026-09-21T02:00:44.977244+00:00,201,157.15,
2026-09-21T02:00:44.955575+00:00,201,179.29,
2026-09-21T02:00:44.989035+00:00,201,175.19,
2026-09-21T02:00:44.998462+00:00,201,182.31,
2026-09-21T02:00:45.010641+00:00,201,170.73,
2026-09-21T02:00:45.032932+00:00,201,157.76,
2026-09-21T02:00:45.020637+00:00,201,174.28,
2026-09-21T02:00:45.043537+00:00,201,167.79,
2026-09-21T02:00:45.055023+00:00,201,162.09,
2026-09-21T02:00:45.065479+00:00,201,162.92,
2026-09-21T02:00:45.088016+00:00,201,162.93,
2026-09-21T02:00:45.099807+00:00,201,156.07,
2026-09-21T02:00:45.077313+00:00,201,183.12,
2026-09-21T02:00:45.110901+00:00,201,157.53,
2026-09-21T02:00:45.132162+00:00,201,159.29,
2026-09-21T02:00:45.122034+00:00,201,179.57,
2026-09-21T02:00:45.155487+00:00,201,160.05,
2026-09-21T02:00:45.143153+00:00,201,173.02,
2026-09-21T02:00:45.176326+00:00,201,167.66,
2026-09-21T02:00:45.166790+00:00,201,184.66,
2026-09-21T02:00:45.187427+00:00,201,165.91,
2026-09-21T02:00:45.209599+00:00,201,172.72,
2026-09-21T02:00:45.198378+00:00,201,187.3,
2026-09-21T02:00:45.220689+00:00,201,177.65,
2026-09-21T02:00:45.243422+00:00,201,168.58,
2026-09-21T02:00:45.256132+00:00,201,158.31,
2026-09-21T02:00:45.232266+00:00,201,184.29,
2026-09-21T02:00:45.265514+00:00,201,180.26,
2026-09-21T02:00:45.298674+00:00,201,158.21,
2026-09-21T02:00:45.277170+00:00,201,183.22,
2026-09-21T02:00:45.288478+00:00,201,173.44,
2026-09-21T02:00:45.310580+00:00,201,161.87,
2026-09-21T02:00:45.320785+00:00,201,172.38,
2026-09-21T02:00:45.332641+00:00,201,180.26,
2026-09-21T02:00:45.355233+00:00,201,162.73,
2026-09-21T02:00:45.365337+00:00,201,164.44,
2026-09-21T02:00:45.344233+00:00,201,187.76,
2026-09-21T02:00:45.388456+00:00,201,166.74,
2026-09-21T02:00:45.376991+00:00,201,182.61,
2026-09-21T02:00:45.399386+00:00,201,176.83,
2026-09-21T02:00:45.421216+00:00,201,158.13,
2026-09-21T02:00:45.432740+00:00,201,159.73,
2026-09-21T02:00:45.411103+00:00,201,181.77,
2026-09-21T02:00:45.444441+00:00,201,177.0,
2026-09-21T02:00:45.466226+00:00,201,157.45,
2026-09-21T02:00:45.454540+00:00,201,181.39,
2026-09-21T02:00:45.477753+00:00,201,178.44,
2026-09-21T02:00:45.499146+00:00,201,174.84,
2026-09-21T02:00:45.488149+00:00,201,188.55,
2026-09-21T02:00:45.520713+00:00,201,163.12,
2026-09-21T02:00:45.510996+00:00,201,180.02,
2026-09-21T02:00:45.532400+00:00,201,172.1,
2026-09-21T02:00:45.544057+00:00,201,162.26,
2026-09-21T02:00:45.555575+00:00,201,165.11,
2026-09-21T02:00:45.565160+00:00,201,172.21,
2026-09-21T02:00:45.576792+00:00,201,175.84,
2026-09-21T02:00:45.599578+00:00,201,170.53,
2026-09-21T02:00:45.588328+00:00,201,184.4,
2026-09-21T02:00:45.611047+00:00,201,173.93,
2026-09-21T02:00:45.632084+00:00,201,156.55,
2026-09-21T02:00:45.642926+00:00,201,159.22,
2026-09-21T02:00:45.622852+00:00,201,181.05,
2026-09-21T02:00:45.665461+00:00,201,159.88,
2026-09-21T02:00:45.655438+00:00,201,186.11,
2026-09-21T02:00:45.676936+00:00,201,181.76,
2026-09-21T02:00:45.699722+00:00,201,174.06,
2026-09-21T02:00:45.687850+00:00,201,187.22,
2026-09-21T02:00:45.721834+00:00,201,164.2,
2026-09-21T02:00:45.710610+00:00,201,177.18,
2026-09-21T02:00:45.743972+00:00,201,158.03,
2026-09-21T02:00:45.731819+00:00,201,173.52,
2026-09-21T02:00:45.755020+00:00,201,159.67,
2026-09-21T02:00:45.765144+00:00,201,171.21,
2026-09-21T02:00:45.788977+00:00,201,159.38,
2026-09-21T02:00:45.776638+00:00,201,177.24,
2026-09-21T02:00:45.798295+00:00,201,171.59,
2026-09-21T02:00:45.810737+00:00,201,164.94,
2026-09-21T02:00:45.832297+00:00,201,157.06,
2026-09-21T02:00:45.822177+00:00,201,180.55,
2026-09-21T02:00:45.843522+00:00,201,177.33,
2026-09-21T02:00:45.866521+00:00,201,162.26,
2026-09-21T02:00:45.854868+00:00,201,180.0,
2026-09-21T02:00:45.876321+00:00,201,174.59,
2026-09-21T02:00:45.899988+00:00,201,157.46,
2026-09-21T02:00:45.887871+00:00,201,178.33,
2026-09-21T02:00:45.909831+00:00,201,172.67,
2026-09-21T02:00:45.921354+00:00,201,180.23,
2026-09-21T02:00:45.933087+00:00,201,185.16,
2026-09-21T02:00:45.944448+00:00,201,175.44,
2026-09-21T02:00:45.954046+00:00,201,176.19,
2026-09-21T02:00:45.976837+00:00,201,158.39,
2026-09-21T02:00:45.965470+00:00,201,180.41,
2026-09-21T02:00:45.988777+00:00,201,174.87,
2026-09-21T02:00:45.999128+00:00,201,187.8,
2026-09-21T02:00:46.021455+00:00,201,172.38,
2026-09-21T02:00:46.010294+00:00,201,185.57,
2026-09-21T02:00:46.031810+00:00,201,180.2,
2026-09-21T02:00:46.042964+00:00,201,188.37,
2026-09-21T02:00:46.054192+00:00,201,178.11,
2026-09-21T02:00:46.065602+00:00,201,180.93,
2026-09-21T02:00:46.088495+00:00,201,174.45,
2026-09-21T02:00:46.077773+00:00,201,186.05,
2026-09-21T02:00:46.098640+00:00,201,179.82,
2026-09-21T02:00:46.132110+00:00,201,155.13,
2026-09-21T02:00:46.121902+00:00,201,168.23,
2026-09-21T02:00:46.110399+00:00,201,185.26,
2026-09-21T02:00:46.143531+00:00,201,181.16,
2026-09-21T02:00:46.155358+00:00,201,169.77,
2026-09-21T02:00:46.166782+00:00,201,158.82,
2026-09-21T02:00:46.176603+00:00,201,158.13,
2026-09-21T02:00:46.199613+00:00,201,157.01,
2026-09-21T02:00:46.188230+00:00,201,179.12,
2026-09-21T02:00:46.210067+00:00,201,174.67,
2026-09-21T02:00:46.221137+00:00,201,166.08,
2026-09-21T02:00:46.244414+00:00,201,167.98,
2026-09-21T02:00:46.232592+00:00,201,183.88,
2026-09-21T02:00:46.254159+00:00,201,174.83,
2026-09-21T02:00:46.265635+00:00,201,183.87,
2026-09-21T02:00:46.277501+00:00,201,182.39,
2026-09-21T02:00:46.288176+00:00,201,173.08,
2026-09-21T02:00:46.299895+00:00,201,173.81,
2026-09-21T02:00:46.321521+00:00,201,169.62,
2026-09-21T02:00:46.309822+00:00,201,182.31,
2026-09-21T02:00:46.332789+00:00,201,160.78,
2026-09-21T02:00:46.344601+00:00,201,179.57,
2026-09-21T02:00:46.354461+00:00,201,170.9,
2026-09-21T02:00:46.377216+00:00,201,162.86,
2026-09-21T02:00:46.366393+00:00,201,175.21,
2026-09-21T02:00:46.388867+00:00,201,162.49,
2026-09-21T02:00:46.398507+00:00,201,176.53,
2026-09-21T02:00:46.410296+00:00,201,182.42,
2026-09-21T02:00:46.443026+00:00,201,157.96,
2026-09-21T02:00:46.421831+00:00,201,185.03,
2026-09-21T02:00:46.433358+00:00,201,174.32,
2026-09-21T02:00:46.454145+00:00,201,158.76,
2026-09-21T02:00:46.465607+00:00,201,171.23,
2026-09-21T02:00:46.488701+00:00,201,157.33,
2026-09-21T02:00:46.477080+00:00,201,176.09,
2026-09-21T02:00:46.498712+00:00,201,158.1,
2026-09-21T02:00:46.510122+00:00,201,158.2,
2026-09-21T02:00:46.531907+00:00,201,157.22,
2026-09-21T02:00:46.522134+00:00,201,184.01,
2026-09-21T02:00:46.542919+00:00,201,180.31,
2026-09-21T02:00:46.576307+00:00,201,159.22,
2026-09-21T02:00:46.566847+00:00,201,171.2,
2026-09-21T02:00:46.554604+00:00,201,185.6,
2026-09-21T02:00:46.599524+00:00,201,156.75,
2026-09-21T02:00:46.587943+00:00,201,181.93,
2026-09-21T02:00:46.632454+00:00,201,157.96,
2026-09-21T02:00:46.610259+00:00,201,180.68,
2026-09-21T02:00:46.621002+00:00,201,186.88,
2026-09-21T02:00:46.642962+00:00,201,179.7,
2026-09-21T02:00:46.654275+00:00,201,171.16,
2026-09-21T02:00:46.665778+00:00,201,175.86,
2026-09-21T02:00:46.677192+00:00,201,165.6,
2026-09-21T02:00:46.688387+00:00,201,156.72,
2026-09-21T02:00:46.700483+00:00,201,167.17,
2026-09-21T02:00:46.720961+00:00,201,157.33,
2026-09-21T02:00:46.710906+00:00,201,174.98,
2026-09-21T02:00:46.732770+00:00,201,191.07,
2026-09-21T02:00:46.742971+00:00,201,181.44,
2026-09-21T02:00:46.765743+00:00,201,170.53,
2026-09-21T02:00:46.754287+00:00,201,186.06,
2026-09-21T02:00:46.779242+00:00,201,175.11,
2026-09-21T02:00:46.810457+00:00,201,156.71,
2026-09-21T02:00:46.799441+00:00,201,169.91,
2026-09-21T02:00:46.788069+00:00,201,181.88,
2026-09-21T02:00:46.821370+00:00,201,181.22,
2026-09-21T02:00:46.843355+00:00,201,166.09,
2026-09-21T02:00:46.832791+00:00,201,186.4,
2026-09-21T02:00:46.865558+00:00,201,167.18,
2026-09-21T02:00:46.877439+00:00,201,157.86,
2026-09-21T02:00:46.855494+00:00,201,181.07,
2026-09-21T02:00:46.887619+00:00,201,181.79,
2026-09-21T02:00:46.909717+00:00,201,171.32,
2026-09-21T02:00:46.899272+00:00,201,185.83,
2026-09-21T02:00:46.921239+00:00,201,175.66,
2026-09-21T02:00:46.932289+00:00,201,182.36,
2026-09-21T02:00:46.943227+00:00,201,173.0,
2026-09-21T02:00:46.954855+00:00,201,178.85,
2026-09-21T02:00:46.966624+00:00,201,180.87,
2026-09-21T02:00:46.976926+00:00,201,172.36,
2026-09-21T02:00:46.988575+00:00,201,174.96,
2026-09-21T02:00:47.011443+00:00,201,156.39,
2026-09-21T02:00:47.000199+00:00,201,179.05,
2026-09-21T02:00:47.022280+00:00,201,171.94,
2026-09-21T02:00:47.043218+00:00,201,160.48,
2026-09-21T02:00:47.032187+00:00,201,178.31,
2026-09-21T02:00:47.065646+00:00,201,157.19,
2026-09-21T02:00:47.054231+00:00,201,172.09,
2026-09-21T02:00:47.088934+00:00,201,162.94,
2026-09-21T02:00:47.077153+00:00,201,182.57,
2026-09-21T02:00:47.099971+00:00,201,176.73,
2026-09-21T02:00:47.121255+00:00,201,168.03,
2026-09-21T02:00:47.109957+00:00,201,184.38,
2026-09-21T02:00:47.132994+00:00,201,179.71,
2026-09-21T02:00:47.142904+00:00,201,184.41,
2026-09-21T02:00:47.177707+00:00,201,161.8,
2026-09-21T02:00:47.165898+00:00,201,176.23,
2026-09-21T02:00:47.154514+00:00,201,189.16,
2026-09-21T02:00:47.187532+00:00,201,158.79,
2026-09-21T02:00:47.199690+00:00,201,158.64,
2026-09-21T02:00:47.210960+00:00,201,159.02,
2026-09-21T02:00:47.232199+00:00,201,172.86,
2026-09-21T02:00:47.220887+00:00,201,185.76,
2026-09-21T02:00:47.243868+00:00,201,176.67,
2026-09-21T02:00:47.255364+00:00,201,167.68,
2026-09-21T02:00:47.276767+00:00,201,154.29,
2026-09-21T02:00:47.265156+00:00,201,172.4,
2026-09-21T02:00:47.287516+00:00,201,183.44,
2026-09-21T02:00:47.321492+00:00,201,158.35,
2026-09-21T02:00:47.298585+00:00,201,187.16,
2026-09-21T02:00:47.309727+00:00,201,178.86,
2026-09-21T02:00:47.354023+00:00,201,159.21,
2026-09-21T02:00:47.332783+00:00,201,182.93,
2026-09-21T02:00:47.344175+00:00,201,172.85,
2026-09-21T02:00:47.365909+00:00,201,157.85,
2026-09-21T02:00:47.377639+00:00,201,170.67,
2026-09-21T02:00:47.387705+00:00,201,174.27,
2026-09-21T02:00:47.399319+00:00,201,179.86,
2026-09-21T02:00:47.411066+00:00,201,169.74,
2026-09-21T02:00:47.421091+00:00,201,176.57,
2026-09-21T02:00:47.432811+00:00,201,181.68,
2026-09-21T02:00:47.444234+00:00,201,185.17,
2026-09-21T02:00:47.454169+00:00,201,176.76,
2026-09-21T02:00:47.477777+00:00,201,164.84,
2026-09-21T02:00:47.466060+00:00,201,179.43,
2026-09-21T02:00:47.498936+00:00,201,156.93,
2026-09-21T02:00:47.487435+00:00,201,173.01,
2026-09-21T02:00:47.521669+00:00,201,173.06,
2026-09-21T02:00:47.510139+00:00,201,185.21,
2026-09-21T02:00:47.544365+00:00,201,157.38,
2026-09-21T02:00:47.531807+00:00,201,175.17,
2026-09-21T02:00:47.554213+00:00,201,169.44,
2026-09-21T02:00:47.565854+00:00,201,171.55,
2026-09-21T02:00:47.577232+00:00,201,175.85,
2026-09-21T02:00:47.598876+00:00,201,162.23,
2026-09-21T02:00:47.588632+00:00,201,179.3,
2026-09-21T02:00:47.621499+00:00,201,158.28,
2026-09-21T02:00:47.609751+00:00,201,176.25,
2026-09-21T02:00:47.642813+00:00,201,162.51,
2026-09-21T02:00:47.654113+00:00,201,167.15,
2026-09-21T02:00:47.632941+00:00,201,190.0,
2026-09-21T02:00:47.665235+00:00,201,158.51,
2026-09-21T02:00:47.688997+00:00,201,160.9,
2026-09-21T02:00:47.676891+00:00,201,175.67,
2026-09-21T02:00:47.698879+00:00,201,163.27,
2026-09-21T02:00:47.709668+00:00,201,162.73,
2026-09-21T02:00:47.721309+00:00,201,182.77,
2026-09-21T02:00:47.743122+00:00,201,161.6,
2026-09-21T02:00:47.732906+00:00,201,186.19,
2026-09-21T02:00:47.754355+00:00,201,165.83,
2026-09-21T02:00:47.777678+00:00,201,158.57,
2026-09-21T02:00:47.765760+00:00,201,170.83,
2026-09-21T02:00:47.787302+00:00,201,165.58,
2026-09-21T02:00:47.799539+00:00,201,171.93,
2026-09-21T02:00:47.832170+00:00,201,158.61,
2026-09-21T02:00:47.810060+00:00,201,182.33,
2026-09-21T02:00:47.843288+00:00,201,156.66,
2026-09-21T02:00:47.821466+00:00,201,183.13,
2026-09-21T02:00:47.866486+00:00,201,169.86,
2026-09-21T02:00:47.854847+00:00,201,184.9,
2026-09-21T02:00:47.876547+00:00,201,177.61,
2026-09-21T02:00:47.888207+00:00,201,182.35,
2026-09-21T02:00:47.899986+00:00,201,186.52,
2026-09-21T02:00:47.911114+00:00,201,177.12,
2026-09-21T02:00:47.932250+00:00,201,161.1,
2026-09-21T02:00:47.922333+00:00,201,176.82,
2026-09-21T02:00:47.943332+00:00,201,175.63,
2026-09-21T02:00:47.954798+00:00,201,181.91,
2026-09-21T02:00:47.966378+00:00,201,186.05,
2026-09-21T02:00:47.976324+00:00,201,178.43,
2026-09-21T02:00:47.988003+00:00,201,181.53,
2026-09-21T02:00:48.020744+00:00,201,159.68,
2026-09-21T02:00:48.010992+00:00,201,173.67,
2026-09-21T02:00:48.000201+00:00,201,186.09,
2026-09-21T02:00:48.032447+00:00,201,159.72,
2026-09-21T02:00:48.043953+00:00,201,156.86,
2026-09-21T02:00:48.054387+00:00,201,175.97,
2026-09-21T02:00:48.076468+00:00,201,159.87,
2026-09-21T02:00:48.066697+00:00,201,180.28,
2026-09-21T02:00:48.087480+00:00,201,174.12,
2026-09-21T02:00:48.099421+00:00,201,180.36,
2026-09-21T02:00:48.121958+00:00,201,162.66,
2026-09-21T02:00:48.110114+00:00,201,191.83,
2026-09-21T02:00:48.144319+00:00,201,165.31,
2026-09-21T02:00:48.131830+00:00,201,182.65,
2026-09-21T02:00:48.166488+00:00,201,158.99,
2026-09-21T02:00:48.154135+00:00,201,176.45,
2026-09-21T02:00:48.176378+00:00,201,188.01,
2026-09-21T02:00:48.198706+00:00,201,177.44,
2026-09-21T02:00:48.188956+00:00,201,193.29,
2026-09-21T02:00:48.210458+00:00,201,181.87,
2026-09-21T02:00:48.222037+00:00,201,171.58,
2026-09-21T02:00:48.233208+00:00,201,176.76,
2026-09-21T02:00:48.254377+00:00,201,156.24,
2026-09-21T02:00:48.266140+00:00,201,158.49,
2026-09-21T02:00:48.244466+00:00,201,181.0,
2026-09-21T02:00:48.277820+00:00,201,157.95,
2026-09-21T02:00:48.299565+00:00,201,169.68,
2026-09-21T02:00:48.287494+00:00,201,185.37,
2026-09-21T02:00:48.310154+00:00,201,177.62,
2026-09-21T02:00:48.332622+00:00,201,158.74,
2026-09-21T02:00:48.320756+00:00,201,182.22,
2026-09-21T02:00:48.344189+00:00,201,172.76,
2026-09-21T02:00:48.354179+00:00,201,182.24,
2026-09-21T02:00:48.365670+00:00,201,171.37,
2026-09-21T02:00:48.376813+00:00,201,176.41,
2026-09-21T02:00:48.400032+00:00,201,165.74,
2026-09-21T02:00:48.388135+00:00,201,182.05,
2026-09-21T02:00:48.410204+00:00,201,166.7,
2026-09-21T02:00:48.432990+00:00,201,161.78,
2026-09-21T02:00:48.421164+00:00,201,179.73,
2026-09-21T02:00:48.444333+00:00,201,178.39,
2026-09-21T02:00:48.455679+00:00,201,180.92,
2026-09-21T02:00:48.477127+00:00,201,173.28,
2026-09-21T02:00:48.465607+00:00,201,187.62,
2026-09-21T02:00:48.488396+00:00,201,165.1,
2026-09-21T02:00:48.499915+00:00,201,167.29,
2026-09-21T02:00:48.521253+00:00,201,159.66,
2026-09-21T02:00:48.510101+00:00,201,175.77,
2026-09-21T02:00:48.532937+00:00,201,164.91,
2026-09-21T02:00:48.554429+00:00,201,164.14,
2026-09-21T02:00:48.542988+00:00,201,177.8,
2026-09-21T02:00:48.566200+00:00,201,157.7,
2026-09-21T02:00:48.577586+00:00,201,167.33,
2026-09-21T02:00:48.588940+00:00,201,181.0,
2026-09-21T02:00:48.610911+00:00,201,173.81,
2026-09-21T02:00:48.599141+00:00,201,187.75,
2026-09-21T02:00:48.622014+00:00,201,177.19,
2026-09-21T02:00:48.633317+00:00,201,169.72,
2026-09-21T02:00:48.643564+00:00,201,175.41,
2026-09-21T02:00:48.654393+00:00,201,169.2,
2026-09-21T02:00:48.666225+00:00,201,177.24,
2026-09-21T02:00:48.676831+00:00,201,179.78,
2026-09-21T02:00:48.699567+00:00,201,173.28,
2026-09-21T02:00:48.688612+00:00,201,184.55,
2026-09-21T02:00:48.721053+00:00,201,164.29,
2026-09-21T02:00:48.710654+00:00,201,175.33,
2026-09-21T02:00:48.733256+00:00,201,164.11,
2026-09-21T02:00:48.744033+00:00,201,157.89,
2026-09-21T02:00:48.754119+00:00,201,166.96,
2026-09-21T02:00:48.766585+00:00,201,159.77,
2026-09-21T02:00:48.787779+00:00,201,156.97,
2026-09-21T02:00:48.776720+00:00,201,175.46,
2026-09-21T02:00:48.799471+00:00,201,179.46,
2026-09-21T02:00:48.810399+00:00,201,185.36,
2026-09-21T02:00:48.821356+00:00,201,185.53,
2026-09-21T02:00:48.832762+00:00,201,187.3,
2026-09-21T02:00:48.842940+00:00,201,177.35,
2026-09-21T02:00:48.876505+00:00,201,157.67,
2026-09-21T02:00:48.854760+00:00,201,180.98,
2026-09-21T02:00:48.887863+00:00,201,154.86,
2026-09-21T02:00:48.866916+00:00,201,183.1,
2026-09-21T02:00:48.899491+00:00,201,168.74,
2026-09-21T02:00:48.910524+00:00,201,171.58,
2026-09-21T02:00:48.922085+00:00,201,160.75,
2026-09-21T02:00:48.944140+00:00,201,173.3,
2026-09-21T02:00:48.932498+00:00,201,186.57,
2026-09-21T02:00:48.967201+00:00,201,159.82,
2026-09-21T02:00:48.955539+00:00,201,176.07,
2026-09-21T02:00:48.977085+00:00,201,163.08,
2026-09-21T02:00:48.988876+00:00,201,173.27,
2026-09-21T02:00:49.022168+00:00,201,156.44,
2026-09-21T02:00:48.999353+00:00,201,183.28,
2026-09-21T02:00:49.043439+00:00,201,155.67,
2026-09-21T02:00:49.010639+00:00,201,188.84,
2026-09-21T02:00:49.032255+00:00,201,180.92,
2026-09-21T02:00:49.055170+00:00,201,159.85,
2026-09-21T02:00:49.088068+00:00,201,157.14,
2026-09-21T02:00:49.065263+00:00,201,181.67,
2026-09-21T02:00:49.076398+00:00,201,186.68,
2026-09-21T02:00:49.110953+00:00,201,162.24,
2026-09-21T02:00:49.120739+00:00,201,158.99,
2026-09-21T02:00:49.099043+00:00,201,182.57,
2026-09-21T02:00:49.132488+00:00,201,181.4,
2026-09-21T02:00:49.155628+00:00,201,159.32,
2026-09-21T02:00:49.144030+00:00,201,184.14,
2026-09-21T02:00:49.166496+00:00,201,176.88,
2026-09-21T02:00:49.187957+00:00,201,170.04,
2026-09-21T02:00:49.199048+00:00,201,159.95,
2026-09-21T02:00:49.176388+00:00,201,186.49,
2026-09-21T02:00:49.211085+00:00,201,183.79,
2026-09-21T02:00:49.220840+00:00,201,174.44,
2026-09-21T02:00:49.232680+00:00,201,174.09,
2026-09-21T02:00:49.244398+00:00,201,180.41,
2026-09-21T02:00:49.254594+00:00,201,171.42,
2026-09-21T02:00:49.265989+00:00,201,172.98,
2026-09-21T02:00:49.277690+00:00,201,183.52,
2026-09-21T02:00:49.287227+00:00,201,188.34,
2026-09-21T02:00:49.298912+00:00,201,177.52,
2026-09-21T02:00:49.310595+00:00,201,171.48,
2026-09-21T02:00:49.332118+00:00,201,155.23,
2026-09-21T02:00:49.322291+00:00,201,165.56,
2026-09-21T02:00:49.343627+00:00,201,156.51,
2026-09-21T02:00:49.376552+00:00,201,157.97,
2026-09-21T02:00:49.354727+00:00,201,181.58,
2026-09-21T02:00:49.366417+00:00,201,170.37,
2026-09-21T02:00:49.399661+00:00,201,173.84,
2026-09-21T02:00:49.388424+00:00,201,185.55,
2026-09-21T02:00:49.410622+00:00,201,176.28,
2026-09-21T02:00:49.433233+00:00,201,167.98,
2026-09-21T02:00:49.421779+00:00,201,182.17,
2026-09-21T02:00:49.443216+00:00,201,173.66,
2026-09-21T02:00:49.454025+00:00,201,181.67,
2026-09-21T02:00:49.488136+00:00,201,163.15,
2026-09-21T02:00:49.477395+00:00,201,176.34,
2026-09-21T02:00:49.465782+00:00,201,188.37,
2026-09-21T02:00:49.509949+00:00,201,173.93,
2026-09-21T02:00:49.499430+00:00,201,185.56,
2026-09-21T02:00:49.521932+00:00,201,175.1,
2026-09-21T02:00:49.533217+00:00,201,178.58,
2026-09-21T02:00:49.543048+00:00,201,171.05,
2026-09-21T02:00:49.566161+00:00,201,169.94,
2026-09-21T02:00:49.554304+00:00,201,182.84,
2026-09-21T02:00:49.588774+00:00,201,165.63,
2026-09-21T02:00:49.577255+00:00,201,180.97,
2026-09-21T02:00:49.610403+00:00,201,164.79,
2026-09-21T02:00:49.621560+00:00,201,166.62,
2026-09-21T02:00:49.598716+00:00,201,190.34,
2026-09-21T02:00:49.643415+00:00,201,156.83,
2026-09-21T02:00:49.633424+00:00,201,170.37,
2026-09-21T02:00:49.654596+00:00,201,164.16,
2026-09-21T02:00:49.666184+00:00,201,174.34,
2026-09-21T02:00:49.676460+00:00,201,178.59,
2026-09-21T02:00:49.688373+00:00,201,191.66,
2026-09-21T02:00:49.698952+00:00,201,181.6,
2026-09-21T02:00:49.710912+00:00,201,171.4,
2026-09-21T02:00:49.720786+00:00,201,172.27,
2026-09-21T02:00:49.732504+00:00,201,162.22,
2026-09-21T02:00:49.743490+00:00,201,179.21,
2026-09-21T02:00:49.766194+00:00,201,161.38,
2026-09-21T02:00:49.754783+00:00,201,182.19,
2026-09-21T02:00:49.777061+00:00,201,176.62,
2026-09-21T02:00:49.800563+00:00,201,159.54,
2026-09-21T02:00:49.810714+00:00,201,155.82,
2026-09-21T02:00:49.788122+00:00,201,179.38,
2026-09-21T02:00:49.822346+00:00,201,181.75,
2026-09-21T02:00:49.831975+00:00,201,174.47,
2026-09-21T02:00:49.843862+00:00,201,178.45,
2026-09-21T02:00:49.855287+00:00,201,183.93,
2026-09-21T02:00:49.877045+00:00,201,181.39,
2026-09-21T02:00:49.865240+00:00,201,194.7,
2026-09-21T02:00:49.888481+00:00,201,184.0,
2026-09-21T02:00:49.909821+00:00,201,177.1,
2026-09-21T02:00:49.899898+00:00,201,189.58,
2026-09-21T02:00:49.933093+00:00,201,157.8,
2026-09-21T02:00:49.921275+00:00,201,182.47,
2026-09-21T02:00:49.944279+00:00,201,176.04,
2026-09-21T02:00:49.965186+00:00,201,165.06,
2026-09-21T02:00:49.955421+00:00,201,181.74,
2026-09-21T02:00:49.988156+00:00,201,160.01,
2026-09-21T02:00:49.976419+00:00,201,176.33,
2026-09-21T02:00:50.011070+00:00,201,175.87,
2026-09-21T02:00:50.000071+00:00,201,188.28,
2026-09-21T02:00:50.020864+00:00,201,177.34,
2026-09-21T02:00:50.033030+00:00,201,167.51,
2026-09-21T02:00:50.044444+00:00,201,170.69,
2026-09-21T02:00:50.054384+00:00,201,178.23,
2026-09-21T02:00:50.065689+00:00,201,182.21,
2026-09-21T02:00:50.076832+00:00,201,172.38,
2026-09-21T02:00:50.088133+00:00,201,174.91,
2026-09-21T02:00:50.099819+00:00,201,180.19,
2026-09-21T02:00:50.111275+00:00,201,185.68,
2026-09-21T02:00:50.122163+00:00,201,176.76,
2026-09-21T02:00:50.143349+00:00,201,157.84,
2026-09-21T02:00:50.132062+00:00,201,183.49,
2026-09-21T02:00:50.155019+00:00,201,175.44,
2026-09-21T02:00:50.165927+00:00,201,181.86,
2026-09-21T02:00:50.187298+00:00,201,164.97,
2026-09-21T02:00:50.178013+00:00,201,181.61,
2026-09-21T02:00:50.209998+00:00,201,158.83,
2026-09-21T02:00:50.198964+00:00,201,179.58,
2026-09-21T02:00:50.232787+00:00,201,158.52,
2026-09-21T02:00:50.221331+00:00,201,171.78,
2026-09-21T02:00:50.244545+00:00,201,157.91,
2026-09-21T02:00:50.255585+00:00,201,159.4,
2026-09-21T02:00:50.265659+00:00,201,164.47,
2026-09-21T02:00:50.276922+00:00,201,162.61,
2026-09-21T02:00:50.299182+00:00,201,157.39,
2026-09-21T02:00:50.321581+00:00,201,156.01,
2026-09-21T02:00:50.289006+00:00,201,189.81,
2026-09-21T02:00:50.310513+00:00,201,179.77,
2026-09-21T02:00:50.343366+00:00,201,158.34,
2026-09-21T02:00:50.333259+00:00,201,171.42,
2026-09-21T02:00:50.354529+00:00,201,166.82,
2026-09-21T02:00:50.365496+00:00,201,173.9,
2026-09-21T02:00:50.387676+00:00,201,164.13,
2026-09-21T02:00:50.376691+00:00,201,179.2,
2026-09-21T02:00:50.399451+00:00,201,175.11,
2026-09-21T02:00:50.409623+00:00,201,182.62,
2026-09-21T02:00:50.432588+00:00,201,160.21,
2026-09-21T02:00:50.421109+00:00,201,185.74,
2026-09-21T02:00:50.444170+00:00,201,175.84,
2026-09-21T02:00:50.466648+00:00,201,169.5,
2026-09-21T02:00:50.454244+00:00,201,183.2,
2026-09-21T02:00:50.477858+00:00,201,173.27,
2026-09-21T02:00:50.499507+00:00,201,164.06,
2026-09-21T02:00:50.510486+00:00,201,157.28,
2026-09-21T02:00:50.487435+00:00,201,180.71,
2026-09-21T02:00:50.521894+00:00,201,158.61,
2026-09-21T02:00:50.531775+00:00,201,159.96,
2026-09-21T02:00:50.554457+00:00,201,165.27,
2026-09-21T02:00:50.543469+00:00,201,180.18,
2026-09-21T02:00:50.565445+00:00,201,168.42,
2026-09-21T02:00:50.588747+00:00,201,164.02,
2026-09-21T02:00:50.577040+00:00,201,181.09,
2026-09-21T02:00:50.599267+00:00,201,160.86,
2026-09-21T02:00:50.610460+00:00,201,156.25,
2026-09-21T02:00:50.643429+00:00,201,156.78,
2026-09-21T02:00:50.631849+00:00,201,171.8,
2026-09-21T02:00:50.621840+00:00,201,183.7,
2026-09-21T02:00:50.655234+00:00,201,167.37,
2026-09-21T02:00:50.665165+00:00,201,172.13,
2026-09-21T02:00:50.688083+00:00,201,158.67,
2026-09-21T02:00:50.676595+00:00,201,176.95,
2026-09-21T02:00:50.699800+00:00,201,156.93,
2026-09-21T02:00:50.710870+00:00,201,161.64,
2026-09-21T02:00:50.732171+00:00,201,176.03,
2026-09-21T02:00:50.722142+00:00,201,187.07,
2026-09-21T02:00:50.744317+00:00,201,177.07,
2026-09-21T02:00:50.755570+00:00,201,185.0,
2026-09-21T02:00:50.765308+00:00,201,177.62,
2026-09-21T02:00:50.777053+00:00,201,176.05,
2026-09-21T02:00:50.798872+00:00,201,173.86,
2026-09-21T02:00:50.788752+00:00,201,186.87,
2026-09-21T02:00:50.809964+00:00,201,179.35,
2026-09-21T02:00:50.821290+00:00,201,184.27,
2026-09-21T02:00:50.854360+00:00,201,160.19,
2026-09-21T02:00:50.832919+00:00,201,185.0,
2026-09-21T02:00:50.842970+00:00,201,177.11,
2026-09-21T02:00:50.877172+00:00,201,165.11,
2026-09-21T02:00:50.865884+00:00,201,188.72,
2026-09-21T02:00:50.898796+00:00,201,164.88,
2026-09-21T02:00:50.888864+00:00,201,177.17,
2026-09-21T02:00:50.910361+00:00,201,163.17,
2026-09-21T02:00:50.922080+00:00,201,155.0,
2026-09-21T02:00:50.942983+00:00,201,163.97,
2026-09-21T02:00:50.932863+00:00,201,192.31,
2026-09-21T02:00:50.965992+00:00,201,168.41,
2026-09-21T02:00:50.954034+00:00,201,180.93,
2026-09-21T02:00:50.976947+00:00,201,176.89,
2026-09-21T02:00:50.999451+00:00,201,168.07,
2026-09-21T02:00:50.988194+00:00,201,181.94,
2026-09-21T02:00:51.010747+00:00,201,172.54,
2026-09-21T02:00:51.022159+00:00,201,175.44,
2026-09-21T02:00:51.054617+00:00,201,159.08,
2026-09-21T02:00:51.043417+00:00,201,171.94,
2026-09-21T02:00:51.032133+00:00,201,183.6,
2026-09-21T02:00:51.065991+00:00,201,156.94,
2026-09-21T02:00:51.077290+00:00,201,168.28,
2026-09-21T02:00:51.087833+00:00,201,176.16,
2026-09-21T02:00:51.110324+00:00,201,162.92,
2026-09-21T02:00:51.099143+00:00,201,182.0,
2026-09-21T02:00:51.121905+00:00,201,175.28,
2026-09-21T02:00:51.132067+00:00,201,182.24,
2026-09-21T02:00:51.143981+00:00,201,185.48,
2026-09-21T02:00:51.155044+00:00,201,175.88,
2026-09-21T02:00:51.176351+00:00,201,163.22,
2026-09-21T02:00:51.165156+00:00,201,181.57,
2026-09-21T02:00:51.187580+00:00,201,172.62,
2026-09-21T02:00:51.210523+00:00,201,161.31,
2026-09-21T02:00:51.199443+00:00,201,177.25,
2026-09-21T02:00:51.221755+00:00,201,170.1,
2026-09-21T02:00:51.243826+00:00,201,159.77,
2026-09-21T02:00:51.233379+00:00,201,173.71,
2026-09-21T02:00:51.255066+00:00,201,170.44,
2026-09-21T02:00:51.266542+00:00,201,164.08,
2026-09-21T02:00:51.288944+00:00,201,161.69,
2026-09-21T02:00:51.277630+00:00,201,182.67,
2026-09-21T02:00:51.298940+00:00,201,178.61,
2026-09-21T02:00:51.322266+00:00,201,162.39,
2026-09-21T02:00:51.310893+00:00,201,179.6,
2026-09-21T02:00:51.332265+00:00,201,174.63,
2026-09-21T02:00:51.344070+00:00,201,180.73,
2026-09-21T02:00:51.355548+00:00,201,181.61,
2026-09-21T02:00:51.376955+00:00,201,177.64,
2026-09-21T02:00:51.369911+00:00,201,188.17,
2026-09-21T02:00:51.387559+00:00,201,181.25,
2026-09-21T02:00:51.399670+00:00,201,169.49,
2026-09-21T02:00:51.420902+00:00,201,155.34,
2026-09-21T02:00:51.411109+00:00,201,175.16,
2026-09-21T02:00:51.444246+00:00,201,173.9,
2026-09-21T02:00:51.432410+00:00,201,189.44,
2026-09-21T02:00:51.455413+00:00,201,182.07,
2026-09-21T02:00:51.487847+00:00,201,167.15,
2026-09-21T02:00:51.465368+00:00,201,193.07,
2026-09-21T02:00:51.476776+00:00,201,182.04,
2026-09-21T02:00:51.510311+00:00,201,177.44,
2026-09-21T02:00:51.499524+00:00,201,191.82,
2026-09-21T02:00:51.521768+00:00,201,170.19,
2026-09-21T02:00:51.531963+00:00,201,172.37,
2026-09-21T02:00:51.543896+00:00,201,179.31,
2026-09-21T02:00:51.566300+00:00,201,158.65,
2026-09-21T02:00:51.554804+00:00,201,182.19,
2026-09-21T02:00:51.576369+00:00,201,162.05,
2026-09-21T02:00:51.588081+00:00,201,155.55,
2026-09-21T02:00:51.599483+00:00,201,158.84,
2026-09-21T02:00:51.620653+00:00,201,159.05,
2026-09-21T02:00:51.610930+00:00,201,178.61,
2026-09-21T02:00:51.633523+00:00,201,167.04,
2026-09-21T02:00:51.644437+00:00,201,177.45,
2026-09-21T02:00:51.666004+00:00,201,174.78,
2026-09-21T02:00:51.654162+00:00,201,188.96,
2026-09-21T02:00:51.677837+00:00,201,180.31,
2026-09-21T02:00:51.700311+00:00,201,161.04,
2026-09-21T02:00:51.710239+00:00,201,159.15,
2026-09-21T02:00:51.687989+00:00,201,185.14,
2026-09-21T02:00:51.721259+00:00,201,166.97,
2026-09-21T02:00:51.732715+00:00,201,158.84,
2026-09-21T02:00:51.744375+00:00,201,157.78,
2026-09-21T02:00:51.777385+00:00,201,159.42,
2026-09-21T02:00:51.765598+00:00,201,173.04,
2026-09-21T02:00:51.754074+00:00,201,186.88,
2026-09-21T02:00:51.787601+00:00,201,162.41,
2026-09-21T02:00:51.799098+00:00,201,191.75,
2026-09-21T02:00:51.809885+00:00,201,184.1,
2026-09-21T02:00:51.832496+00:00,201,170.13,
2026-09-21T02:00:51.822198+00:00,201,181.26,
2026-09-21T02:00:51.843537+00:00,201,173.8,
2026-09-21T02:00:51.865983+00:00,201,160.34,
2026-09-21T02:00:51.854840+00:00,201,179.05,
2026-09-21T02:00:51.877071+00:00,201,161.16,
2026-09-21T02:00:51.898836+00:00,201,160.19,
2026-09-21T02:00:51.888518+00:00,201,181.88,
2026-09-21T02:00:51.911247+00:00,201,161.81,
2026-09-21T02:00:51.921261+00:00,201,162.91,
2026-09-21T02:00:51.933324+00:00,201,158.81,
2026-09-21T02:00:51.943259+00:00,201,158.57,
2026-09-21T02:00:51.976307+00:00,201,159.93,
2026-09-21T02:00:51.954721+00:00,201,183.47,
2026-09-21T02:00:51.988091+00:00,201,157.97,
2026-09-21T02:00:51.966487+00:00,201,182.14,
2026-09-21T02:00:51.999722+00:00,201,156.75,
2026-09-21T02:00:52.022046+00:00,201,156.74,
2026-09-21T02:00:52.009563+00:00,201,176.93,
2026-09-21T02:00:52.031947+00:00,201,171.89,
2026-09-21T02:00:52.043532+00:00,201,180.95,
2026-09-21T02:00:52.065439+00:00,201,161.86,
2026-09-21T02:00:52.055637+00:00,201,181.17,
2026-09-21T02:00:52.076639+00:00,201,174.54,
2026-09-21T02:00:52.088466+00:00,201,163.58,
2026-09-21T02:00:52.099808+00:00,201,155.82,
2026-09-21T02:00:52.109661+00:00,201,156.26,
2026-09-21T02:00:52.121061+00:00,201,156.89,
2026-09-21T02:00:52.133210+00:00,201,155.73,
2026-09-21T02:00:52.144559+00:00,201,167.19,
2026-09-21T02:00:52.166063+00:00,201,160.31,
2026-09-21T02:00:52.154399+00:00,201,174.08,
2026-09-21T02:00:52.177851+00:00,201,164.19,
2026-09-21T02:00:52.187828+00:00,201,176.19,
2026-09-21T02:00:52.199956+00:00,201,176.81,
2026-09-21T02:00:52.220999+00:00,201,157.92,
2026-09-21T02:00:52.210178+00:00,201,183.34,
2026-09-21T02:00:52.232423+00:00,201,163.19,
2026-09-21T02:00:52.254221+00:00,201,161.14,
2026-09-21T02:00:52.265464+00:00,201,159.17,
2026-09-21T02:00:52.243965+00:00,201,183.06,
2026-09-21T02:00:52.278157+00:00,201,157.58,
2026-09-21T02:00:52.287910+00:00,201,173.68,
2026-09-21T02:00:52.298546+00:00,201,172.59,
2026-09-21T02:00:52.321580+00:00,201,163.8,
2026-09-21T02:00:52.332495+00:00,201,156.66,
2026-09-21T02:00:52.309659+00:00,201,181.93,
2026-09-21T02:00:52.343740+00:00,201,153.93,
2026-09-21T02:00:52.354306+00:00,201,160.01,
2026-09-21T02:00:52.365136+00:00,201,172.6,
2026-09-21T02:00:52.387498+00:00,201,159.71,
2026-09-21T02:00:52.377085+00:00,201,177.83,
2026-09-21T02:00:52.398529+00:00,201,161.66,
2026-09-21T02:00:52.410265+00:00,201,154.24,
2026-09-21T02:00:52.421504+00:00,201,164.09,
2026-09-21T02:00:52.432971+00:00,201,161.88,
2026-09-21T02:00:52.444335+00:00,201,162.96,
2026-09-21T02:00:52.454376+00:00,201,184.3,
2026-09-21T02:00:52.488660+00:00,201,159.68,
2026-09-21T02:00:52.477105+00:00,201,171.69,
2026-09-21T02:00:52.465617+00:00,201,187.82,
2026-09-21T02:00:52.501439+00:00,201,156.74,
2026-09-21T02:00:52.511007+00:00,201,175.67,
2026-09-21T02:00:52.521864+00:00,201,165.41,
2026-09-21T02:00:52.531970+00:00,201,173.63,
2026-09-21T02:00:52.544493+00:00,201,176.14,
2026-09-21T02:00:52.554092+00:00,201,187.43,
2026-09-21T02:00:52.577869+00:00,201,164.19,
2026-09-21T02:00:52.565191+00:00,201,178.45,
2026-09-21T02:00:52.587356+00:00,201,186.93,
2026-09-21T02:00:52.610958+00:00,201,178.87,
2026-09-21T02:00:52.598867+00:00,201,191.95,
2026-09-21T02:00:52.632680+00:00,201,163.32,
2026-09-21T02:00:52.621102+00:00,201,185.44,
2026-09-21T02:00:52.655596+00:00,201,165.4,
2026-09-21T02:00:52.643109+00:00,201,179.74,
2026-09-21T02:00:52.665571+00:00,201,172.01,
2026-09-21T02:00:52.687519+00:00,201,156.43,
2026-09-21T02:00:52.677197+00:00,201,175.29,
2026-09-21T02:00:52.698645+00:00,201,171.5,
2026-09-21T02:00:52.710248+00:00,201,173.3,
2026-09-21T02:00:52.732751+00:00,201,167.83,
2026-09-21T02:00:52.721160+00:00,201,181.88,
2026-09-21T02:00:52.744310+00:00,201,180.41,
2026-09-21T02:00:52.766508+00:00,201,175.94,
2026-09-21T02:00:52.754239+00:00,201,188.95,
2026-09-21T02:00:52.777310+00:00,201,179.27,
2026-09-21T02:00:52.787361+00:00,201,185.73,
2026-09-21T02:00:52.799080+00:00,201,174.68,
2026-09-21T02:00:52.811251+00:00,201,175.1,
2026-09-21T02:00:52.832480+00:00,201,158.91,
2026-09-21T02:00:52.844297+00:00,201,154.76,
2026-09-21T02:00:52.820930+00:00,201,181.02,
2026-09-21T02:00:52.854086+00:00,201,159.23,
2026-09-21T02:00:52.865920+00:00,201,182.77,
2026-09-21T02:00:52.876542+00:00,201,176.82,
2026-09-21T02:00:52.888033+00:00,201,177.78,
2026-09-21T02:00:52.901527+00:00,201,181.3,
2026-09-21T02:00:52.910413+00:00,201,173.95,
2026-09-21T02:00:52.922069+00:00,201,164.06,
2026-09-21T02:00:52.932171+00:00,201,180.47,
2026-09-21T02:00:52.954487+00:00,201,174.4,
2026-09-21T02:00:52.944006+00:00,201,188.85,
2026-09-21T02:00:52.977667+00:00,201,156.94,
2026-09-21T02:00:52.987359+00:00,201,154.75,
2026-09-21T02:00:52.965857+00:00,201,177.99,
2026-09-21T02:00:52.999416+00:00,201,156.4,
2026-09-21T02:00:53.011111+00:00,201,165.59,
2026-09-21T02:00:53.032170+00:00,201,176.94,
2026-09-21T02:00:53.021932+00:00,201,191.26,
2026-09-21T02:00:53.054663+00:00,201,164.53,
2026-09-21T02:00:53.043785+00:00,201,176.09,
2026-09-21T02:00:53.066264+00:00,201,163.83,
2026-09-21T02:00:53.088082+00:00,201,158.65,
2026-09-21T02:00:53.076717+00:00,201,173.63,
2026-09-21T02:00:53.111234+00:00,201,164.31,
2026-09-21T02:00:53.099532+00:00,201,180.58,
2026-09-21T02:00:53.121416+00:00,201,173.67,
2026-09-21T02:00:53.132241+00:00,201,181.25,
2026-09-21T02:00:53.166174+00:00,201,158.58,
2026-09-21T02:00:53.144102+00:00,201,186.73,
2026-09-21T02:00:53.155063+00:00,201,176.9,
2026-09-21T02:00:53.177178+00:00,201,157.97,
2026-09-21T02:00:53.187401+00:00,201,162.41,
2026-09-21T02:00:53.199048+00:00,201,178.83,
2026-09-21T02:00:53.221801+00:00,201,173.86,
2026-09-21T02:00:53.210991+00:00,201,185.22,
2026-09-21T02:00:53.254337+00:00,201,157.18,
2026-09-21T02:00:53.233067+00:00,201,179.94,
2026-09-21T02:00:53.244591+00:00,201,180.13,
2026-09-21T02:00:53.265920+00:00,201,178.15,
2026-09-21T02:00:53.299410+00:00,201,157.28,
2026-09-21T02:00:53.277478+00:00,201,180.77,
2026-09-21T02:00:53.287484+00:00,201,173.06,
2026-09-21T02:00:53.320971+00:00,201,159.64,
2026-09-21T02:00:53.311155+00:00,201,180.39,
2026-09-21T02:00:53.332616+00:00,201,175.15,
2026-09-21T02:00:53.344403+00:00,201,175.33,
2026-09-21T02:00:53.366076+00:00,201,169.41,
2026-09-21T02:00:53.378194+00:00,201,161.11,
2026-09-21T02:00:53.355607+00:00,201,184.37,
2026-09-21T02:00:53.387548+00:00,201,161.69,
2026-09-21T02:00:53.410099+00:00,201,175.1,
2026-09-21T02:00:53.398975+00:00,201,188.48,
2026-09-21T02:00:53.421525+00:00,201,178.9,
2026-09-21T02:00:53.433639+00:00,201,167.21,
2026-09-21T02:00:53.454780+00:00,201,167.38,
2026-09-21T02:00:53.444393+00:00,201,178.21,
2026-09-21T02:00:53.466101+00:00,201,161.44,
2026-09-21T02:00:53.477971+00:00,201,171.96,
2026-09-21T02:00:53.487833+00:00,201,175.74,
2026-09-21T02:00:53.499387+00:00,201,190.11,
2026-09-21T02:00:53.522235+00:00,201,169.6,
2026-09-21T02:00:53.510871+00:00,201,187.64,
2026-09-21T02:00:53.531914+00:00,201,168.38,
2026-09-21T02:00:53.543032+00:00,201,169.46,
2026-09-21T02:00:53.554097+00:00,201,169.12,
2026-09-21T02:00:53.565782+00:00,201,164.69,
2026-09-21T02:00:53.577926+00:00,201,180.5,
2026-09-21T02:00:53.587691+00:00,201,185.75,
2026-09-21T02:00:53.600058+00:00,201,173.94,
2026-09-21T02:00:53.621405+00:00,201,157.34,
2026-09-21T02:00:53.609874+00:00,201,177.89,
2026-09-21T02:00:53.644259+00:00,201,156.45,
2026-09-21T02:00:53.632564+00:00,201,170.72,
2026-09-21T02:00:53.655230+00:00,201,188.8,
2026-09-21T02:00:53.666594+00:00,201,179.4,
2026-09-21T02:00:53.676681+00:00,201,181.16,
2026-09-21T02:00:53.698758+00:00,201,163.93,
2026-09-21T02:00:53.688188+00:00,201,182.56,
2026-09-21T02:00:53.710211+00:00,201,165.55,
2026-09-21T02:00:53.721547+00:00,201,168.83,
2026-09-21T02:00:53.733361+00:00,201,170.76,
2026-09-21T02:00:53.744247+00:00,201,177.07,
2026-09-21T02:00:53.766038+00:00,201,171.57,
2026-09-21T02:00:53.754511+00:00,201,183.73,
2026-09-21T02:00:53.777198+00:00,201,179.9,
2026-09-21T02:00:53.798482+00:00,201,171.88,
2026-09-21T02:00:53.788719+00:00,201,183.2,
2026-09-21T02:00:53.810103+00:00,201,164.92,
2026-09-21T02:00:53.832870+00:00,201,165.31,
2026-09-21T02:00:53.821047+00:00,201,181.42,
2026-09-21T02:00:53.843032+00:00,201,163.34,
2026-09-21T02:00:53.855169+00:00,201,181.45,
2026-09-21T02:00:53.876167+00:00,201,162.61,
2026-09-21T02:00:53.887919+00:00,201,159.32,
2026-09-21T02:00:53.866515+00:00,201,183.51,
2026-09-21T02:00:53.899540+00:00,201,180.11,
2026-09-21T02:00:53.909791+00:00,201,171.43,
2026-09-21T02:00:53.931857+00:00,201,159.72,
2026-09-21T02:00:53.921389+00:00,201,175.73,
2026-09-21T02:00:53.943504+00:00,201,170.18,
2026-09-21T02:00:53.966660+00:00,201,159.6,
2026-09-21T02:00:53.954931+00:00,201,173.08,
2026-09-21T02:00:53.976315+00:00,201,156.44,
2026-09-21T02:00:53.987700+00:00,201,162.1,
2026-09-21T02:00:54.010561+00:00,201,158.74,
2026-09-21T02:00:54.021582+00:00,201,157.01,
2026-09-21T02:00:53.999184+00:00,201,182.92,
2026-09-21T02:00:54.033084+00:00,201,178.79,
2026-09-21T02:00:54.043807+00:00,201,187.15,
2026-09-21T02:00:54.055314+00:00,201,176.58,
2026-09-21T02:00:54.076957+00:00,201,161.35,
2026-09-21T02:00:54.066835+00:00,201,179.45,
2026-09-21T02:00:54.100046+00:00,201,176.86,
2026-09-21T02:00:54.088659+00:00,201,189.41,
2026-09-21T02:00:54.110074+00:00,201,178.06,
2026-09-21T02:00:54.121541+00:00,201,180.97,
2026-09-21T02:00:54.132986+00:00,201,171.19,
2026-09-21T02:00:54.155070+00:00,201,161.35,
2026-09-21T02:00:54.143603+00:00,201,173.3,
2026-09-21T02:00:54.165209+00:00,201,159.22,
2026-09-21T02:00:54.176435+00:00,201,173.62,
2026-09-21T02:00:54.187792+00:00,201,184.72,
2026-09-21T02:00:54.210259+00:00,201,170.94,
2026-09-21T02:00:54.199941+00:00,201,186.12,
2026-09-21T02:00:54.221676+00:00,201,178.46,
2026-09-21T02:00:54.254136+00:00,201,158.92,
2026-09-21T02:00:54.232854+00:00,201,183.31,
2026-09-21T02:00:54.244430+00:00,201,189.02,
2026-09-21T02:00:54.278239+00:00,201,163.34,
2026-09-21T02:00:54.266211+00:00,201,179.58,
2026-09-21T02:00:54.288047+00:00,201,158.93,
2026-09-21T02:00:54.298952+00:00,201,157.01,
2026-09-21T02:00:54.309931+00:00,201,166.5,
2026-09-21T02:00:54.321332+00:00,201,172.2,
2026-09-21T02:00:54.343420+00:00,201,157.11,
2026-09-21T02:00:54.333007+00:00,201,176.82,
2026-09-21T02:00:54.366608+00:00,201,164.81,
2026-09-21T02:00:54.354605+00:00,201,177.52,
2026-09-21T02:00:54.387934+00:00,201,171.94,
2026-09-21T02:00:54.376627+00:00,201,183.7,
2026-09-21T02:00:54.399496+00:00,201,176.5,
2026-09-21T02:00:54.409596+00:00,201,182.88,
2026-09-21T02:00:54.433770+00:00,201,162.27,
2026-09-21T02:00:54.421856+00:00,201,186.13,
2026-09-21T02:00:54.455160+00:00,201,161.22,
2026-09-21T02:00:54.443674+00:00,201,176.57,
2026-09-21T02:00:54.465207+00:00,201,173.74,
2026-09-21T02:00:54.476805+00:00,201,176.14,
2026-09-21T02:00:54.498639+00:00,201,170.65,
2026-09-21T02:00:54.510023+00:00,201,160.37,
2026-09-21T02:00:54.488652+00:00,201,182.47,
2026-09-21T02:00:54.521169+00:00,201,166.55,
2026-09-21T02:00:54.555331+00:00,201,169.63,
2026-09-21T02:00:54.544145+00:00,201,182.91,
2026-09-21T02:00:54.533075+00:00,201,195.41,
2026-09-21T02:00:54.566802+00:00,201,175.46,
2026-09-21T02:00:54.577197+00:00,201,167.72,
2026-09-21T02:00:54.588963+00:00,201,159.11,
2026-09-21T02:00:54.598646+00:00,201,160.84,
2026-09-21T02:00:54.610676+00:00,201,155.16,
2026-09-21T02:00:54.632529+00:00,201,162.0,
2026-09-21T02:00:54.620789+00:00,201,182.78,
2026-09-21T02:00:54.654520+00:00,201,165.23,
2026-09-21T02:00:54.642928+00:00,201,178.96,
2026-09-21T02:00:54.666077+00:00,201,169.25,
2026-09-21T02:00:54.677276+00:00,201,180.68,
2026-09-21T02:00:54.699059+00:00,201,170.37,
2026-09-21T02:00:54.688824+00:00,201,181.79,
2026-09-21T02:00:54.721618+00:00,201,158.11,
2026-09-21T02:00:54.711050+00:00,201,175.26,
2026-09-21T02:00:54.732937+00:00,201,177.45,
2026-09-21T02:00:54.743406+00:00,201,181.81,
2026-09-21T02:00:54.754871+00:00,201,185.4,
2026-09-21T02:00:54.777426+00:00,201,178.25,
2026-09-21T02:00:54.765745+00:00,201,192.13,
2026-09-21T02:00:54.799180+00:00,201,163.08,
2026-09-21T02:00:54.787486+00:00,201,180.57,
2026-09-21T02:00:54.821989+00:00,201,157.54,
2026-09-21T02:00:54.809627+00:00,201,176.52,
2026-09-21T02:00:54.832044+00:00,201,169.69,
2026-09-21T02:00:54.844442+00:00,201,175.54,
2026-09-21T02:00:54.854300+00:00,201,182.36,
2026-09-21T02:00:54.865997+00:00,201,171.19,
2026-09-21T02:00:54.877512+00:00,201,160.5,
2026-09-21T02:00:54.888858+00:00,201,163.06,
2026-09-21T02:00:54.899019+00:00,201,186.43,
2026-09-21T02:00:54.910375+00:00,201,176.45,
2026-09-21T02:00:54.932345+00:00,201,162.52,
2026-09-21T02:00:54.922058+00:00,201,180.54,
2026-09-21T02:00:54.943375+00:00,201,162.68,
2026-09-21T02:00:54.966351+00:00,201,158.74,
2026-09-21T02:00:54.954891+00:00,201,179.63,
2026-09-21T02:00:54.977824+00:00,201,181.41,
2026-09-21T02:00:54.987447+00:00,201,173.89,
2026-09-21T02:00:55.010530+00:00,201,159.57,
2026-09-21T02:00:54.998838+00:00,201,176.64,
2026-09-21T02:00:55.021867+00:00,201,160.96,
2026-09-21T02:00:55.033232+00:00,201,175.63,
2026-09-21T02:00:55.043597+00:00,201,180.88,
2026-09-21T02:00:55.065533+00:00,201,162.82,
2026-09-21T02:00:55.080590+00:00,201,163.68,
2026-09-21T02:00:55.055547+00:00,201,191.15,
2026-09-21T02:00:55.098581+00:00,201,175.65,
2026-09-21T02:00:55.087360+00:00,201,189.65,
2026-09-21T02:00:55.109910+00:00,201,177.29,
2026-09-21T02:00:55.133231+00:00,201,170.0,
2026-09-21T02:00:55.121448+00:00,201,185.45,
2026-09-21T02:00:55.144161+00:00,201,176.85,
2026-09-21T02:00:55.166337+00:00,201,155.27,
2026-09-21T02:00:55.177712+00:00,201,157.68,
2026-09-21T02:00:55.154375+00:00,201,184.27,
2026-09-21T02:00:55.187524+00:00,201,165.16,
2026-09-21T02:00:55.199038+00:00,201,170.23,
2026-09-21T02:00:55.210859+00:00,201,172.8,
2026-09-21T02:00:55.222199+00:00,201,180.78,
2026-09-21T02:00:55.243614+00:00,201,175.12,
2026-09-21T02:00:55.231995+00:00,201,188.95,
2026-09-21T02:00:55.265216+00:00,201,162.26,
2026-09-21T02:00:55.255148+00:00,201,180.6,
2026-09-21T02:00:55.277373+00:00,201,171.15,
2026-09-21T02:00:55.298661+00:00,201,159.04,
2026-09-21T02:00:55.288172+00:00,201,179.89,
2026-09-21T02:00:55.309861+00:00,201,170.73,
2026-09-21T02:00:55.332727+00:00,201,161.85,
2026-09-21T02:00:55.321824+00:00,201,176.45,
2026-09-21T02:00:55.344460+00:00,201,164.08,
2026-09-21T02:00:55.366310+00:00,201,168.56,
2026-09-21T02:00:55.354444+00:00,201,181.07,
2026-09-21T02:00:55.387630+00:00,201,163.3,
2026-09-21T02:00:55.376294+00:00,201,191.77,
2026-09-21T02:00:55.399427+00:00,201,180.68,
2026-09-21T02:00:55.421845+00:00,201,176.34,
2026-09-21T02:00:55.410908+00:00,201,188.04,
2026-09-21T02:00:55.443963+00:00,201,157.01,
2026-09-21T02:00:55.431986+00:00,201,179.88,
2026-09-21T02:00:55.454040+00:00,201,158.16,
2026-09-21T02:00:55.465266+00:00,201,165.74,
2026-09-21T02:00:55.488566+00:00,201,173.03,
2026-09-21T02:00:55.498451+00:00,201,164.81,
2026-09-21T02:00:55.477008+00:00,201,187.71,
2026-09-21T02:00:55.521729+00:00,201,167.99,
2026-09-21T02:00:55.510120+00:00,201,181.12,
2026-09-21T02:00:55.531918+00:00,201,174.01,
2026-09-21T02:00:55.544362+00:00,201,182.03,
2026-09-21T02:00:55.555624+00:00,201,184.66,
2026-09-21T02:00:55.565626+00:00,201,175.57,
2026-09-21T02:00:55.577872+00:00,201,175.38,
2026-09-21T02:00:55.609726+00:00,201,154.51,
2026-09-21T02:00:55.587714+00:00,201,181.35,
2026-09-21T02:00:55.598811+00:00,201,170.75,
2026-09-21T02:00:55.620929+00:00,201,169.11,
2026-09-21T02:00:55.632261+00:00,201,172.38,
2026-09-21T02:00:55.644202+00:00,201,162.14,
2026-09-21T02:00:55.665733+00:00,201,163.21,
2026-09-21T02:00:55.654591+00:00,201,185.19,
2026-09-21T02:00:55.676891+00:00,201,177.3,
2026-09-21T02:00:55.688259+00:00,201,180.65,
2026-09-21T02:00:55.721583+00:00,201,156.96,
2026-09-21T02:00:55.709747+00:00,201,172.67,
2026-09-21T02:00:55.699830+00:00,201,185.56,
2026-09-21T02:00:55.733101+00:00,201,159.09,
2026-09-21T02:00:55.743408+00:00,201,156.05,
2026-09-21T02:00:55.754438+00:00,201,167.68,
2026-09-21T02:00:55.765821+00:00,201,170.0,
2026-09-21T02:00:55.776335+00:00,201,191.65,
2026-09-21T02:00:55.787783+00:00,201,182.63,
2026-09-21T02:00:55.799423+00:00,201,173.12,
2026-09-21T02:00:55.809833+00:00,201,182.57,
2026-09-21T02:00:55.844412+00:00,201,157.91,
2026-09-21T02:00:55.820763+00:00,201,182.26,
2026-09-21T02:00:55.832448+00:00,201,172.3,
2026-09-21T02:00:55.854511+00:00,201,157.2,
2026-09-21T02:00:55.865124+00:00,201,186.94,
2026-09-21T02:00:55.887896+00:00,201,168.12,
2026-09-21T02:00:55.876287+00:00,201,181.32,
2026-09-21T02:00:55.909809+00:00,201,159.94,
2026-09-21T02:00:55.899840+00:00,201,179.68,
2026-09-21T02:00:55.921583+00:00,201,172.32,
2026-09-21T02:00:55.943600+00:00,201,158.88,
2026-09-21T02:00:55.932001+00:00,201,182.75,
2026-09-21T02:00:55.954741+00:00,201,174.45,
2026-09-21T02:00:55.965747+00:00,201,165.59,
2026-09-21T02:00:55.988811+00:00,201,156.47,
2026-09-21T02:00:55.976906+00:00,201,180.95,
2026-09-21T02:00:55.998578+00:00,201,187.2,
2026-09-21T02:00:56.022079+00:00,201,164.02,
2026-09-21T02:00:56.010492+00:00,201,181.61,
2026-09-21T02:00:56.044325+00:00,201,157.55,
2026-09-21T02:00:56.032293+00:00,201,178.03,
2026-09-21T02:00:56.055444+00:00,201,163.63,
2026-09-21T02:00:56.077407+00:00,201,157.62,
2026-09-21T02:00:56.065841+00:00,201,177.98,
2026-09-21T02:00:56.088811+00:00,201,170.42,
2026-09-21T02:00:56.109961+00:00,201,161.99,
2026-09-21T02:00:56.098619+00:00,201,177.46,
2026-09-21T02:00:56.121485+00:00,201,159.82,
2026-09-21T02:00:56.133149+00:00,201,165.92,
2026-09-21T02:00:56.143424+00:00,201,178.37,
2026-09-21T02:00:56.177409+00:00,201,156.4,
2026-09-21T02:00:56.154834+00:00,201,180.31,
2026-09-21T02:00:56.166477+00:00,201,169.81,
2026-09-21T02:00:56.188323+00:00,201,157.99,
2026-09-21T02:00:56.199174+00:00,201,169.39,
2026-09-21T02:00:56.210471+00:00,201,172.65,
2026-09-21T02:00:56.221669+00:00,201,178.01,
2026-09-21T02:00:56.233465+00:00,201,168.64,
2026-09-21T02:00:56.243094+00:00,201,180.36,
2026-09-21T02:00:56.254544+00:00,201,184.52,
2026-09-21T02:00:56.277092+00:00,201,164.27,
2026-09-21T02:00:56.265367+00:00,201,191.46,
2026-09-21T02:00:56.299303+00:00,201,170.68,
2026-09-21T02:00:56.287659+00:00,201,184.36,
2026-09-21T02:00:56.310037+00:00,201,162.48,
2026-09-21T02:00:56.334171+00:00,201,159.35,
2026-09-21T02:00:56.322042+00:00,201,177.2,
2026-09-21T02:00:56.343695+00:00,201,156.73,
2026-09-21T02:00:56.355060+00:00,201,181.21,
2026-09-21T02:00:56.365101+00:00,201,183.07,
2026-09-21T02:00:56.377090+00:00,201,172.98,
2026-09-21T02:00:56.388963+00:00,201,176.19,
2026-09-21T02:00:56.410069+00:00,201,175.75,
2026-09-21T02:00:56.398960+00:00,201,188.23,
2026-09-21T02:00:56.421595+00:00,201,166.25,
2026-09-21T02:00:56.433052+00:00,201,162.5,
2026-09-21T02:00:56.443205+00:00,201,172.17,
2026-09-21T02:00:56.454708+00:00,201,161.81,
2026-09-21T02:00:56.465766+00:00,201,160.4,
2026-09-21T02:00:56.477265+00:00,201,170.36,
2026-09-21T02:00:56.488772+00:00,201,170.78,
2026-09-21T02:00:56.510262+00:00,201,166.24,
2026-09-21T02:00:56.498583+00:00,201,178.69,
2026-09-21T02:00:56.533399+00:00,201,163.02,
2026-09-21T02:00:56.521658+00:00,201,175.28,
2026-09-21T02:00:56.542982+00:00,201,155.68,
2026-09-21T02:00:56.576552+00:00,201,161.1,
2026-09-21T02:00:56.565431+00:00,201,172.92,
2026-09-21T02:00:56.554643+00:00,201,186.3,
2026-09-21T02:00:56.599116+00:00,201,170.04,
2026-09-21T02:00:56.588110+00:00,201,183.08,
2026-09-21T02:00:56.621471+00:00,201,160.95,
2026-09-21T02:00:56.610239+00:00,201,178.47,
2026-09-21T02:00:56.633213+00:00,201,168.78,
2026-09-21T02:00:56.644392+00:00,201,177.67,
2026-09-21T02:00:56.665512+00:00,201,163.37,
2026-09-21T02:00:56.654047+00:00,201,186.28,
2026-09-21T02:00:56.677514+00:00,201,179.77,
2026-09-21T02:00:56.699682+00:00,201,158.87,
2026-09-21T02:00:56.688273+00:00,201,184.41,
2026-09-21T02:00:56.709870+00:00,201,178.01,
2026-09-21T02:00:56.732620+00:00,201,159.5,
2026-09-21T02:00:56.722325+00:00,201,181.12,
2026-09-21T02:00:56.743327+00:00,201,175.23,
2026-09-21T02:00:56.765680+00:00,201,157.52,
2026-09-21T02:00:56.777005+00:00,201,157.9,
2026-09-21T02:00:56.754622+00:00,201,180.79,
2026-09-21T02:00:56.800007+00:00,201,174.78,
2026-09-21T02:00:56.788924+00:00,201,187.22,
2026-09-21T02:00:56.810883+00:00,201,165.67,
2026-09-21T02:00:56.820887+00:00,201,184.64,
2026-09-21T02:00:56.843190+00:00,201,177.16,
2026-09-21T02:00:56.833022+00:00,201,191.16,
2026-09-21T02:00:56.866714+00:00,201,158.48,
2026-09-21T02:00:56.876613+00:00,201,158.78,
2026-09-21T02:00:56.855652+00:00,201,181.34,
2026-09-21T02:00:56.887994+00:00,201,175.48,
2026-09-21T02:00:56.909717+00:00,201,172.0,
2026-09-21T02:00:56.899672+00:00,201,183.4,
2026-09-21T02:00:56.921061+00:00,201,180.9,
2026-09-21T02:00:56.942930+00:00,201,173.13,
2026-09-21T02:00:56.932770+00:00,201,184.75,
2026-09-21T02:00:56.954601+00:00,201,164.12,
2026-09-21T02:00:56.976731+00:00,201,158.69,
2026-09-21T02:00:56.966194+00:00,201,181.6,
2026-09-21T02:00:57.010780+00:00,201,159.04,
2026-09-21T02:00:56.987651+00:00,201,182.84,
2026-09-21T02:00:56.999222+00:00,201,181.34,
2026-09-21T02:00:57.020661+00:00,201,173.44,
2026-09-21T02:00:57.043194+00:00,201,156.58,
2026-09-21T02:00:57.033458+00:00,201,178.96,
2026-09-21T02:00:57.054463+00:00,201,159.19,
2026-09-21T02:00:57.066315+00:00,201,157.52,
2026-09-21T02:00:57.099497+00:00,201,157.9,
2026-09-21T02:00:57.076664+00:00,201,186.55,
2026-09-21T02:00:57.087851+00:00,201,176.91,
2026-09-21T02:00:57.110436+00:00,201,162.2,
2026-09-21T02:00:57.121640+00:00,201,171.8,
2026-09-21T02:00:57.133095+00:00,201,174.18,
2026-09-21T02:00:57.143263+00:00,201,182.41,
2026-09-21T02:00:57.154920+00:00,201,172.26,
2026-09-21T02:00:57.166840+00:00,201,172.03,
2026-09-21T02:00:57.198584+00:00,201,157.39,
2026-09-21T02:00:57.176692+00:00,201,181.08,
2026-09-21T02:00:57.210112+00:00,201,155.92,
2026-09-21T02:00:57.188668+00:00,201,184.89,
2026-09-21T02:00:57.231913+00:00,201,176.16,
2026-09-21T02:00:57.221713+00:00,201,189.22,
2026-09-21T02:00:57.244228+00:00,201,176.06,
2026-09-21T02:00:57.265943+00:00,201,170.45,
2026-09-21T02:00:57.254418+00:00,201,185.28,
2026-09-21T02:00:57.277360+00:00,201,174.19,
2026-09-21T02:00:57.287649+00:00,201,181.34,
2026-09-21T02:00:57.299885+00:00,201,170.44,
2026-09-21T02:00:57.322413+00:00,201,158.37,
2026-09-21T02:00:57.310251+00:00,201,178.84,
2026-09-21T02:00:57.333389+00:00,201,157.69,
2026-09-21T02:00:57.344132+00:00,201,181.8,
2026-09-21T02:00:57.366598+00:00,201,159.79,
2026-09-21T02:00:57.354195+00:00,201,184.54,
2026-09-21T02:00:57.376301+00:00,201,181.18,
2026-09-21T02:00:57.399101+00:00,201,173.9,
2026-09-21T02:00:57.387706+00:00,201,185.8,
2026-09-21T02:00:57.411318+00:00,201,181.9,
2026-09-21T02:00:57.444139+00:00,201,157.86,
2026-09-21T02:00:57.432494+00:00,201,170.76,
2026-09-21T02:00:57.420684+00:00,201,182.86,
2026-09-21T02:00:57.454231+00:00,201,159.77,
2026-09-21T02:00:57.465497+00:00,201,161.93,
2026-09-21T02:00:57.476703+00:00,201,172.22,
2026-09-21T02:00:57.500009+00:00,201,158.08,
2026-09-21T02:00:57.488516+00:00,201,176.86,
2026-09-21T02:00:57.510336+00:00,201,160.01,
2026-09-21T02:00:57.522116+00:00,201,157.31,
2026-09-21T02:00:57.531991+00:00,201,156.45,
2026-09-21T02:00:57.554274+00:00,201,165.11,
2026-09-21T02:00:57.543913+00:00,201,179.31,
2026-09-21T02:00:57.565792+00:00,201,162.92,
2026-09-21T02:00:57.577422+00:00,201,177.55,
2026-09-21T02:00:57.599461+00:00,201,170.62,
2026-09-21T02:00:57.588686+00:00,201,184.0,
2026-09-21T02:00:57.610906+00:00,201,177.13,
2026-09-21T02:00:57.620710+00:00,201,168.25,
2026-09-21T02:00:57.632334+00:00,201,171.22,
2026-09-21T02:00:57.643709+00:00,201,177.84,
2026-09-21T02:00:57.666262+00:00,201,171.79,
2026-09-21T02:00:57.654912+00:00,201,184.05,
2026-09-21T02:00:57.699340+00:00,201,156.92,
2026-09-21T02:00:57.676990+00:00,201,179.97,
2026-09-21T02:00:57.688798+00:00,201,182.59,
2026-09-21T02:00:57.711080+00:00,201,165.34,
2026-09-21T02:00:57.732619+00:00,201,157.49,
2026-09-21T02:00:57.721392+00:00,201,188.13,
2026-09-21T02:00:57.755201+00:00,201,168.83,
2026-09-21T02:00:57.743939+00:00,201,181.22,
2026-09-21T02:00:57.765803+00:00,201,160.43,
2026-09-21T02:00:57.777682+00:00,201,161.6,
2026-09-21T02:00:57.799284+00:00,201,168.88,
2026-09-21T02:00:57.788269+00:00,201,181.89,
2026-09-21T02:00:57.811008+00:00,201,174.28,
2026-09-21T02:00:57.820759+00:00,201,187.82,
2026-09-21T02:00:57.832369+00:00,201,176.83,
2026-09-21T02:00:57.843663+00:00,201,174.43,
2026-09-21T02:00:57.854340+00:00,201,164.17,
2026-09-21T02:00:57.877363+00:00,201,180.52,
2026-09-21T02:00:57.866070+00:00,201,193.31,
2026-09-21T02:00:57.887469+00:00,201,179.8,
2026-09-21T02:00:57.899906+00:00,201,169.53,
2026-09-21T02:00:57.910424+00:00,201,165.02,
2026-09-21T02:00:57.922101+00:00,201,181.14,
2026-09-21T02:00:57.943356+00:00,201,169.14,
2026-09-21T02:00:57.931844+00:00,201,186.42,
2026-09-21T02:00:57.965823+00:00,201,157.81,
2026-09-21T02:00:57.955339+00:00,201,175.88,
2026-09-21T02:00:57.977780+00:00,201,158.96,
2026-09-21T02:00:57.987865+00:00,201,158.21,
2026-09-21T02:00:57.999455+00:00,201,156.49,
2026-09-21T02:00:58.009486+00:00,201,169.59,
2026-09-21T02:00:58.033530+00:00,201,157.42,
2026-09-21T02:00:58.021524+00:00,201,174.9,
2026-09-21T02:00:58.043519+00:00,201,189.69,
2026-09-21T02:00:58.055054+00:00,201,180.27,
2026-09-21T02:00:58.066483+00:00,201,179.14,
2026-09-21T02:00:58.099779+00:00,201,163.26,
2026-09-21T02:00:58.076393+00:00,201,187.12,
2026-09-21T02:00:58.088149+00:00,201,175.93,
2026-09-21T02:00:58.132484+00:00,201,171.81,
2026-09-21T02:00:58.144048+00:00,201,160.76,
2026-09-21T02:00:58.109702+00:00,201,195.48,
2026-09-21T02:00:58.121139+00:00,201,184.58,
2026-09-21T02:00:58.166779+00:00,201,157.52,
2026-09-21T02:00:58.155385+00:00,201,170.59,
2026-09-21T02:00:58.176723+00:00,201,156.43,
2026-09-21T02:00:58.187728+00:00,201,171.12,
2026-09-21T02:00:58.210412+00:00,201,163.95,
2026-09-21T02:00:58.198953+00:00,201,197.61,
2026-09-21T02:00:58.222071+00:00,201,174.57,
2026-09-21T02:00:58.243591+00:00,201,163.46,
2026-09-21T02:00:58.231958+00:00,201,176.67,
2026-09-21T02:00:58.265306+00:00,201,178.27,
2026-09-21T02:00:58.254890+00:00,201,192.02,
2026-09-21T02:00:58.277189+00:00,201,182.31,
2026-09-21T02:00:58.298656+00:00,201,172.96,
2026-09-21T02:00:58.288379+00:00,201,183.93,
2026-09-21T02:00:58.321305+00:00,201,155.66,
2026-09-21T02:00:58.309891+00:00,201,182.15,
2026-09-21T02:00:58.344355+00:00,201,154.25,
2026-09-21T02:00:58.332986+00:00,201,178.05,
2026-09-21T02:00:58.354105+00:00,201,180.21,
2026-09-21T02:00:58.365364+00:00,201,169.53,
2026-09-21T02:00:58.377352+00:00,201,174.64,
2026-09-21T02:00:58.399587+00:00,201,154.61,
2026-09-21T02:00:58.388698+00:00,201,179.16,
2026-09-21T02:00:58.410677+00:00,201,180.84,
2026-09-21T02:00:58.421333+00:00,201,171.37,
2026-09-21T02:00:58.443873+00:00,201,166.77,
2026-09-21T02:00:58.432495+00:00,201,184.77,
2026-09-21T02:00:58.465483+00:00,201,156.54,
2026-09-21T02:00:58.477222+00:00,201,156.43,
2026-09-21T02:00:58.455557+00:00,201,179.04,
2026-09-21T02:00:58.498796+00:00,201,159.09,
2026-09-21T02:00:58.488456+00:00,201,176.85,
2026-09-21T02:00:58.509805+00:00,201,171.95,
2026-09-21T02:00:58.521589+00:00,201,160.57,
2026-09-21T02:00:58.531961+00:00,201,172.38,
2026-09-21T02:00:58.554456+00:00,201,161.59,
2026-09-21T02:00:58.543427+00:00,201,176.41,
2026-09-21T02:00:58.565904+00:00,201,155.83,
2026-09-21T02:00:58.578211+00:00,201,161.06,
2026-09-21T02:00:58.599242+00:00,201,172.21,
2026-09-21T02:00:58.587708+00:00,201,185.84,
2026-09-21T02:00:58.611329+00:00,201,162.53,
2026-09-21T02:00:58.621396+00:00,201,159.72,
2026-09-21T02:00:58.633043+00:00,201,160.17,
2026-09-21T02:00:58.643181+00:00,201,181.65,
2026-09-21T02:00:58.665583+00:00,201,160.97,
2026-09-21T02:00:58.654488+00:00,201,186.11,
2026-09-21T02:00:58.676936+00:00,201,164.04,
2026-09-21T02:00:58.688496+00:00,201,184.84,
2026-09-21T02:00:58.698464+00:00,201,175.67,
2026-09-21T02:00:58.721766+00:00,201,164.84,
2026-09-21T02:00:58.711089+00:00,201,179.7,
2026-09-21T02:00:58.733003+00:00,201,176.04,
2026-09-21T02:00:58.754589+00:00,201,159.05,
2026-09-21T02:00:58.743094+00:00,201,181.12,
2026-09-21T02:00:58.766233+00:00,201,169.3,
2026-09-21T02:00:58.788196+00:00,201,163.62,
2026-09-21T02:00:58.776901+00:00,201,177.04,
2026-09-21T02:00:58.799961+00:00,201,161.31,
2026-09-21T02:00:58.809668+00:00,201,175.59,
2026-09-21T02:00:58.832907+00:00,201,164.75,
2026-09-21T02:00:58.821473+00:00,201,180.22,
2026-09-21T02:00:58.843069+00:00,201,179.79,
2026-09-21T02:00:58.854750+00:00,201,184.16,
2026-09-21T02:00:58.867116+00:00,201,172.26,
2026-09-21T02:00:58.876542+00:00,201,174.88,
2026-09-21T02:00:58.887766+00:00,201,180.8,
2026-09-21T02:00:58.899831+00:00,201,172.05,
2026-09-21T02:00:58.910877+00:00,201,179.85,
2026-09-21T02:00:58.920921+00:00,201,188.88,
2026-09-21T02:00:58.932765+00:00,201,178.83,
2026-09-21T02:00:58.944241+00:00,201,183.03,
2026-09-21T02:00:58.965349+00:00,201,179.64,
2026-09-21T02:00:58.953893+00:00,201,191.93,
2026-09-21T02:00:58.988824+00:00,201,166.79,
2026-09-21T02:00:58.977352+00:00,201,180.36,
2026-09-21T02:00:58.998796+00:00,201,175.99,
2026-09-21T02:00:59.021628+00:00,201,157.38,
2026-09-21T02:00:59.010496+00:00,201,175.71,
2026-09-21T02:00:59.043109+00:00,201,155.71,
2026-09-21T02:00:59.033121+00:00,201,168.83,
2026-09-21T02:00:59.054916+00:00,201,182.28,
2026-09-21T02:00:59.066423+00:00,201,172.08,
2026-09-21T02:00:59.087930+00:00,201,163.49,
2026-09-21T02:00:59.076466+00:00,201,177.31,
2026-09-21T02:00:59.099215+00:00,201,162.27,
2026-09-21T02:00:59.110261+00:00,201,176.9,
2026-09-21T02:00:59.131894+00:00,201,166.74,
2026-09-21T02:00:59.121983+00:00,201,178.75,
2026-09-21T02:00:59.145481+00:00,201,170.4,
2026-09-21T02:00:59.165575+00:00,201,155.61,
2026-09-21T02:00:59.154493+00:00,201,179.03,
2026-09-21T02:00:59.177058+00:00,201,174.29,
2026-09-21T02:00:59.188179+00:00,201,180.02,
2026-09-21T02:00:59.211095+00:00,201,165.02,
2026-09-21T02:00:59.199512+00:00,201,186.96,
2026-09-21T02:00:59.220900+00:00,201,175.42,
2026-09-21T02:00:59.243891+00:00,201,165.22,
2026-09-21T02:00:59.232177+00:00,201,179.99,
2026-09-21T02:00:59.255655+00:00,201,157.87,
2026-09-21T02:00:59.265612+00:00,201,180.63,
2026-09-21T02:00:59.287754+00:00,201,172.03,
2026-09-21T02:00:59.277263+00:00,201,183.59,
2026-09-21T02:00:59.299202+00:00,201,176.92,
2026-09-21T02:00:59.322214+00:00,201,163.3,
2026-09-21T02:00:59.310909+00:00,201,182.66,
2026-09-21T02:00:59.332677+00:00,201,179.12,
2026-09-21T02:00:59.344012+00:00,201,182.36,
2026-09-21T02:00:59.354196+00:00,201,176.23,
2026-09-21T02:00:59.365691+00:00,201,165.02,
2026-09-21T02:00:59.387683+00:00,201,158.33,
2026-09-21T02:00:59.376330+00:00,201,182.93,
2026-09-21T02:00:59.399294+00:00,201,163.91,
2026-09-21T02:00:59.422766+00:00,201,160.08,
2026-09-21T02:00:59.410779+00:00,201,177.65,
2026-09-21T02:00:59.432157+00:00,201,169.98,
2026-09-21T02:00:59.443494+00:00,201,161.07,
2026-09-21T02:00:59.454926+00:00,201,167.53,
2026-09-21T02:00:59.466125+00:00,201,165.83,
2026-09-21T02:00:59.476563+00:00,201,175.24,
2026-09-21T02:00:59.487420+00:00,201,177.44,
2026-09-21T02:00:59.511004+00:00,201,169.07,
2026-09-21T02:00:59.499242+00:00,201,182.51,
2026-09-21T02:00:59.520881+00:00,201,166.88,
2026-09-21T02:00:59.531915+00:00,201,156.61,
2026-09-21T02:00:59.554321+00:00,201,160.02,
2026-09-21T02:00:59.543166+00:00,201,178.85,
2026-09-21T02:00:59.565411+00:00,201,178.8,
2026-09-21T02:00:59.577004+00:00,201,180.04,
2026-09-21T02:00:59.610793+00:00,201,158.63,
2026-09-21T02:00:59.598514+00:00,201,172.35,
2026-09-21T02:00:59.588898+00:00,201,183.8,
2026-09-21T02:00:59.622167+00:00,201,182.38,
2026-09-21T02:00:59.632872+00:00,201,174.13,
2026-09-21T02:00:59.642914+00:00,201,180.66,
2026-09-21T02:00:59.654895+00:00,201,169.89,
2026-09-21T02:00:59.667531+00:00,201,180.94,
2026-09-21T02:00:59.678240+00:00,201,178.76,
2026-09-21T02:00:59.699062+00:00,201,162.92,
2026-09-21T02:00:59.688053+00:00,201,185.85,
2026-09-21T02:00:59.710903+00:00,201,182.61,
2026-09-21T02:00:59.722267+00:00,201,171.75,
2026-09-21T02:00:59.733357+00:00,201,165.56,
2026-09-21T02:00:59.754499+00:00,201,156.23,
2026-09-21T02:00:59.743485+00:00,201,184.09,
2026-09-21T02:00:59.766227+00:00,201,174.91,
2026-09-21T02:00:59.777901+00:00,201,179.41,
2026-09-21T02:00:59.788019+00:00,201,180.98,
2026-09-21T02:00:59.799205+00:00,201,171.5,
2026-09-21T02:00:59.821472+00:00,201,158.35,
2026-09-21T02:00:59.809935+00:00,201,175.74,
2026-09-21T02:00:59.832505+00:00,201,156.82,
2026-09-21T02:00:59.843611+00:00,201,192.86,
2026-09-21T02:00:59.865935+00:00,201,193.1,
2026-09-21T02:00:59.887782+00:00,201,173.26,
2026-09-21T02:00:59.854218+00:00,201,208.33,
2026-09-21T02:00:59.876372+00:00,201,195.45,
2026-09-21T02:00:59.900329+00:00,201,198.29,
2026-09-21T02:00:59.921242+00:00,201,177.9,
2026-09-21T02:00:59.910060+00:00,201,190.53,
2026-09-21T02:00:59.933015+00:00,201,181.56,
2026-09-21T02:00:59.944167+00:00,201,171.98,
2026-09-21T02:00:59.955496+00:00,201,165.79,
2026-09-21T02:00:59.977844+00:00,201,169.33,
2026-09-21T02:00:59.966409+00:00,201,182.02,
2026-09-21T02:00:59.999782+00:00,201,157.15,
2026-09-21T02:00:59.987896+00:00,201,177.81,
2026-09-21T02:01:00.010387+00:00,201,174.53,
2026-09-21T02:01:00.021887+00:00,201,164.23,
2026-09-21T02:01:00.031882+00:00,201,164.91,
2026-09-21T02:01:00.043940+00:00,201,164.11,
2026-09-21T02:01:00.054034+00:00,201,181.32,
2026-09-21T02:01:00.076265+00:00,201,163.12,
2026-09-21T02:01:00.065313+00:00,201,183.32,
2026-09-21T02:01:00.087726+00:00,201,180.17,
2026-09-21T02:01:00.110373+00:00,201,169.19,
2026-09-21T02:01:00.099322+00:00,201,183.92,
2026-09-21T02:01:00.121841+00:00,201,180.06,
2026-09-21T02:01:00.131808+00:00,201,178.84,
2026-09-21T02:01:00.154203+00:00,201,174.79,
2026-09-21T02:01:00.142968+00:00,201,187.79,
2026-09-21T02:01:00.166157+00:00,201,179.17,
2026-09-21T02:01:00.176520+00:00,201,183.67,
2026-09-21T02:01:00.188290+00:00,201,174.02,
2026-09-21T02:01:00.199249+00:00,201,176.96,
2026-09-21T02:01:00.232653+00:00,201,157.69,
2026-09-21T02:01:00.220919+00:00,201,170.98,
2026-09-21T02:01:00.210886+00:00,201,181.94,
2026-09-21T02:01:00.243953+00:00,201,182.58,
2026-09-21T02:01:00.255381+00:00,201,172.44,
2026-09-21T02:01:00.276303+00:00,201,155.11,
2026-09-21T02:01:00.265710+00:00,201,168.07,
2026-09-21T02:01:00.299367+00:00,201,180.48,
2026-09-21T02:01:00.287585+00:00,201,192.81,
2026-09-21T02:01:00.332445+00:00,201,157.9,
2026-09-21T02:01:00.310631+00:00,201,182.35,
2026-09-21T02:01:00.322222+00:00,201,186.57,
2026-09-21T02:01:00.354831+00:00,201,159.58,
2026-09-21T02:01:00.343653+00:00,201,179.19,
2026-09-21T02:01:00.376463+00:00,201,157.99,
2026-09-21T02:01:00.366614+00:00,201,173.85,
2026-09-21T02:01:00.398707+00:00,201,170.2,
2026-09-21T02:01:00.388087+00:00,201,182.79,
2026-09-21T02:01:00.410275+00:00,201,177.67,
2026-09-21T02:01:00.421746+00:00,201,184.82,
2026-09-21T02:01:00.443011+00:00,201,178.59,
2026-09-21T02:01:00.431810+00:00,201,190.36,
2026-09-21T02:01:00.466071+00:00,201,167.17,
2026-09-21T02:01:00.454623+00:00,201,181.73,
2026-09-21T02:01:00.476896+00:00,201,168.17,
2026-09-21T02:01:00.499239+00:00,201,169.89,
2026-09-21T02:01:00.487860+00:00,201,182.97,
2026-09-21T02:01:00.509827+00:00,201,185.18,
2026-09-21T02:01:00.521456+00:00,201,180.98,
2026-09-21T02:01:00.532584+00:00,201,172.66,
2026-09-21T02:01:00.544231+00:00,201,161.52,
2026-09-21T02:01:00.565413+00:00,201,163.71,
2026-09-21T02:01:00.555361+00:00,201,179.53,
2026-09-21T02:01:00.576660+00:00,201,178.77,
2026-09-21T02:01:00.600164+00:00,201,157.89,
2026-09-21T02:01:00.588192+00:00,201,187.12,
2026-09-21T02:01:00.611053+00:00,201,175.97,
2026-09-21T02:01:00.632016+00:00,201,159.58,
2026-09-21T02:01:00.643514+00:00,201,159.66,
2026-09-21T02:01:00.622532+00:00,201,186.23,
2026-09-21T02:01:00.655111+00:00,201,157.03,
2026-09-21T02:01:00.665332+00:00,201,174.32,
2026-09-21T02:01:00.676741+00:00,201,178.25,
2026-09-21T02:01:00.689258+00:00,201,168.38,
2026-09-21T02:01:00.699597+00:00,201,171.45,
2026-09-21T02:01:00.713871+00:00,201,172.46,
2026-09-21T02:01:00.733423+00:00,201,174.78,
2026-09-21T02:01:00.722101+00:00,201,186.68,
2026-09-21T02:01:00.744387+00:00,201,179.24,
2026-09-21T02:01:00.776460+00:00,201,163.43,
2026-09-21T02:01:00.765461+00:00,201,176.88,
2026-09-21T02:01:00.755649+00:00,201,188.14,
2026-09-21T02:01:00.799499+00:00,201,156.78,
2026-09-21T02:01:00.788186+00:00,201,186.53,
2026-09-21T02:01:00.821392+00:00,201,156.08,
2026-09-21T02:01:00.809676+00:00,201,180.45,
2026-09-21T02:01:00.833022+00:00,201,167.9,
2026-09-21T02:01:00.843793+00:00,201,159.9,
2026-09-21T02:01:00.855261+00:00,201,159.46,
2026-09-21T02:01:00.866183+00:00,201,158.69,
2026-09-21T02:01:00.887503+00:00,201,157.78,
2026-09-21T02:01:00.877808+00:00,201,171.2,
2026-09-21T02:01:00.900111+00:00,201,162.04,
2026-09-21T02:01:00.910034+00:00,201,176.21,
2026-09-21T02:01:00.921529+00:00,201,176.59,
2026-09-21T02:01:00.955189+00:00,201,156.31,
2026-09-21T02:01:00.943998+00:00,201,169.31,
2026-09-21T02:01:00.933004+00:00,201,181.3,
2026-09-21T02:01:00.965249+00:00,201,185.73,
2026-09-21T02:01:00.988100+00:00,201,164.44,
2026-09-21T02:01:00.976860+00:00,201,188.96,
2026-09-21T02:01:01.011090+00:00,201,165.02,
2026-09-21T02:01:00.999969+00:00,201,193.28,
2026-09-21T02:01:01.022106+00:00,201,184.6,
2026-09-21T02:01:01.044126+00:00,201,174.84,
2026-09-21T02:01:01.031856+00:00,201,189.51,
2026-09-21T02:01:01.066802+00:00,201,160.72,
2026-09-21T02:01:01.055037+00:00,201,178.72,
2026-09-21T02:01:01.077728+00:00,201,157.31,
2026-09-21T02:01:01.087730+00:00,201,161.16,
2026-09-21T02:01:01.099319+00:00,201,156.35,
2026-09-21T02:01:01.109670+00:00,201,182.93,
2026-09-21T02:01:01.120992+00:00,201,182.39,
2026-09-21T02:01:01.132520+00:00,201,181.4,
2026-09-21T02:01:01.155462+00:00,201,161.72,
2026-09-21T02:01:01.144419+00:00,201,202.6,
2026-09-21T02:01:01.176371+00:00,201,172.78,
2026-09-21T02:01:01.166075+00:00,201,186.54,
2026-09-21T02:01:01.188806+00:00,201,171.51,
2026-09-21T02:01:01.210104+00:00,201,168.85,
2026-09-21T02:01:01.221594+00:00,201,159.61,
2026-09-21T02:01:01.198729+00:00,201,182.88,
2026-09-21T02:01:01.232038+00:00,201,175.2,
2026-09-21T02:01:01.243122+00:00,201,165.88,
2026-09-21T02:01:01.254436+00:00,201,173.7,
2026-09-21T02:01:01.266241+00:00,201,167.34,
2026-09-21T02:01:01.288026+00:00,201,171.04,
2026-09-21T02:01:01.276312+00:00,201,189.2,
2026-09-21T02:01:01.298585+00:00,201,181.52,
2026-09-21T02:01:01.310241+00:00,201,170.46,
2026-09-21T02:01:01.322092+00:00,201,168.97,
2026-09-21T02:01:01.333397+00:00,201,170.46,
2026-09-21T02:01:01.343087+00:00,201,182.01,
2026-09-21T02:01:01.354801+00:00,201,181.52,
2026-09-21T02:01:01.366403+00:00,201,172.08,
2026-09-21T02:01:01.387789+00:00,201,158.59,
2026-09-21T02:01:01.377900+00:00,201,179.03,
2026-09-21T02:01:01.409809+00:00,201,160.52,
2026-09-21T02:01:01.399995+00:00,201,170.73,
2026-09-21T02:01:01.431961+00:00,201,171.98,
2026-09-21T02:01:01.421276+00:00,201,183.95,
2026-09-21T02:01:01.454098+00:00,201,162.62,
2026-09-21T02:01:01.443911+00:00,201,175.65,
2026-09-21T02:01:01.477256+00:00,201,161.45,
2026-09-21T02:01:01.465667+00:00,201,194.68,
2026-09-21T02:01:01.488614+00:00,201,174.03,
2026-09-21T02:01:01.510160+00:00,201,160.1,
2026-09-21T02:01:01.498641+00:00,201,185.14,
2026-09-21T02:01:01.522071+00:00,201,174.19,
2026-09-21T02:01:01.543210+00:00,201,164.04,
2026-09-21T02:01:01.531903+00:00,201,180.32,
2026-09-21T02:01:01.576858+00:00,201,159.81,
2026-09-21T02:01:01.566630+00:00,201,170.54,
2026-09-21T02:01:01.554458+00:00,201,183.56,
2026-09-21T02:01:01.610227+00:00,201,181.56,
2026-09-21T02:01:01.621300+00:00,201,171.56,
2026-09-21T02:01:01.599494+00:00,201,195.79,
2026-09-21T02:01:01.587795+00:00,201,207.86,
2026-09-21T02:01:01.632828+00:00,201,184.37,
2026-09-21T02:01:01.644356+00:00,201,195.19,
2026-09-21T02:01:01.655741+00:00,201,184.3,
2026-09-21T02:01:01.676997+00:00,201,210.82,
2026-09-21T02:01:01.665565+00:00,201,223.12,
2026-09-21T02:01:01.698524+00:00,201,190.73,
2026-09-21T02:01:01.720933+00:00,201,183.17,
2026-09-21T02:01:01.709667+00:00,201,194.84,
2026-09-21T02:01:01.688609+00:00,201,219.31,
2026-09-21T02:01:01.743423+00:00,201,185.62,
2026-09-21T02:01:01.732650+00:00,201,199.75,
2026-09-21T02:01:01.754398+00:00,201,194.38,
2026-09-21T02:01:01.766122+00:00,201,183.55,
2026-09-21T02:01:01.776654+00:00,201,218.37,
2026-09-21T02:01:01.799905+00:00,201,196.31,
2026-09-21T02:01:01.788768+00:00,201,211.44,
2026-09-21T02:01:01.809846+00:00,201,190.97,
2026-09-21T02:01:01.833348+00:00,201,170.92,
2026-09-21T02:01:01.821366+00:00,201,183.75,
2026-09-21T02:01:01.855217+00:00,201,165.73,
2026-09-21T02:01:01.843527+00:00,201,179.97,
2026-09-21T02:01:01.866052+00:00,201,184.18,
2026-09-21T02:01:01.876512+00:00,201,175.74,
2026-09-21T02:01:01.910807+00:00,201,160.32,
2026-09-21T02:01:01.898519+00:00,201,172.72,
2026-09-21T02:01:01.888555+00:00,201,191.82,
2026-09-21T02:01:01.920877+00:00,201,162.36,
2026-09-21T02:01:01.932727+00:00,201,181.96,
2026-09-21T02:01:01.943745+00:00,201,171.59,
2026-09-21T02:01:01.955002+00:00,201,178.26,
2026-09-21T02:01:01.977363+00:00,201,161.05,
2026-09-21T02:01:01.966823+00:00,201,176.52,
2026-09-21T02:01:01.987751+00:00,201,165.77,
2026-09-21T02:01:02.001188+00:00,201,171.86,
2026-09-21T02:01:02.021967+00:00,201,172.33,
2026-09-21T02:01:02.010486+00:00,201,184.71,
2026-09-21T02:01:02.043901+00:00,201,158.39,
2026-09-21T02:01:02.032158+00:00,201,177.42,
2026-09-21T02:01:02.055501+00:00,201,164.81,
2026-09-21T02:01:02.076255+00:00,201,157.84,
2026-09-21T02:01:02.065543+00:00,201,170.79,
2026-09-21T02:01:02.099438+00:00,201,156.94,
2026-09-21T02:01:02.087721+00:00,201,183.54,
2026-09-21T02:01:02.121093+00:00,201,160.85,
2026-09-21T02:01:02.109596+00:00,201,175.13,
2026-09-21T02:01:02.133524+00:00,201,158.75,
2026-09-21T02:01:02.143756+00:00,201,176.38,
2026-09-21T02:01:02.154747+00:00,201,179.37,
2026-09-21T02:01:02.176562+00:00,201,172.9,
2026-09-21T02:01:02.166631+00:00,201,186.77,
2026-09-21T02:01:02.210710+00:00,201,158.83,
2026-09-21T02:01:02.187877+00:00,201,183.28,
2026-09-21T02:01:02.199382+00:00,201,185.87,
2026-09-21T02:01:02.222305+00:00,201,182.86,
2026-09-21T02:01:02.243931+00:00,201,162.66,
2026-09-21T02:01:02.232660+00:00,201,182.5,
2026-09-21T02:01:02.255660+00:00,201,162.46,
2026-09-21T02:01:02.265476+00:00,201,169.86,
2026-09-21T02:01:02.276323+00:00,201,174.12,
2026-09-21T02:01:02.287804+00:00,201,166.28,
2026-09-21T02:01:02.298964+00:00,201,184.18,
2026-09-21T02:01:02.331837+00:00,201,161.69,
2026-09-21T02:01:02.310656+00:00,201,185.36,
2026-09-21T02:01:02.321894+00:00,201,175.65,
2026-09-21T02:01:02.343474+00:00,201,160.06,
2026-09-21T02:01:02.354425+00:00,201,156.6,
2026-09-21T02:01:02.366051+00:00,201,163.28,
2026-09-21T02:01:02.377081+00:00,201,164.46,
2026-09-21T02:01:02.388395+00:00,201,174.32,
2026-09-21T02:01:02.410491+00:00,201,163.07,
2026-09-21T02:01:02.398636+00:00,201,177.3,
2026-09-21T02:01:02.422080+00:00,201,164.96,
2026-09-21T02:01:02.432148+00:00,201,164.45,
2026-09-21T02:01:02.455190+00:00,201,167.58,
2026-09-21T02:01:02.443591+00:00,201,180.64,
2026-09-21T02:01:02.466043+00:00,201,159.38,
2026-09-21T02:01:02.477239+00:00,201,163.37,
2026-09-21T02:01:02.487369+00:00,201,175.7,
2026-09-21T02:01:02.498937+00:00,201,181.55,
2026-09-21T02:01:02.533110+00:00,201,157.95,
2026-09-21T02:01:02.521608+00:00,201,171.37,
2026-09-21T02:01:02.510441+00:00,201,183.06,
2026-09-21T02:01:02.543285+00:00,201,179.45,
2026-09-21T02:01:02.554858+00:00,201,184.58,
2026-09-21T02:01:02.566422+00:00,201,174.08,
2026-09-21T02:01:02.576418+00:00,201,177.64,
2026-09-21T02:01:02.588148+00:00,201,181.29,
2026-09-21T02:01:02.599286+00:00,201,171.98,
2026-09-21T02:01:02.610986+00:00,201,162.73,
2026-09-21T02:01:02.620667+00:00,201,158.74,
2026-09-21T02:01:02.632312+00:00,201,171.01,
2026-09-21T02:01:02.643542+00:00,201,175.61,
2026-09-21T02:01:02.665233+00:00,201,154.99,
2026-09-21T02:01:02.655070+00:00,201,182.43,
2026-09-21T02:01:02.676921+00:00,201,177.57,
2026-09-21T02:01:02.699671+00:00,201,163.86,
2026-09-21T02:01:02.710358+00:00,201,161.35,
2026-09-21T02:01:02.688227+00:00,201,184.94,
2026-09-21T02:01:02.732115+00:00,201,162.67,
2026-09-21T02:01:02.744097+00:00,201,159.05,
2026-09-21T02:01:02.722156+00:00,201,184.54,
2026-09-21T02:01:02.754104+00:00,201,164.77,
2026-09-21T02:01:02.765713+00:00,201,177.02,
2026-09-21T02:01:02.777274+00:00,201,177.46,
2026-09-21T02:01:02.788847+00:00,201,180.26,
2026-09-21T02:01:02.798839+00:00,201,171.67,
2026-09-21T02:01:02.820840+00:00,201,163.04,
2026-09-21T02:01:02.810714+00:00,201,187.41,
2026-09-21T02:01:02.844216+00:00,201,168.75,
2026-09-21T02:01:02.832201+00:00,201,187.45,
2026-09-21T02:01:02.866625+00:00,201,165.47,
2026-09-21T02:01:02.855175+00:00,201,178.31,
2026-09-21T02:01:02.877615+00:00,201,156.29,
2026-09-21T02:01:02.898565+00:00,201,169.15,
2026-09-21T02:01:02.888791+00:00,201,179.81,
2026-09-21T02:01:02.909748+00:00,201,162.84,
2026-09-21T02:01:02.920756+00:00,201,162.75,
2026-09-21T02:01:02.932397+00:00,201,166.39,
2026-09-21T02:01:02.954193+00:00,201,158.6,
2026-09-21T02:01:02.943031+00:00,201,173.73,
2026-09-21T02:01:02.976798+00:00,201,163.69,
2026-09-21T02:01:02.988188+00:00,201,155.66,
2026-09-21T02:01:02.965614+00:00,201,180.31,
2026-09-21T02:01:02.999216+00:00,201,162.4,
2026-09-21T02:01:03.020938+00:00,201,155.19,
2026-09-21T02:01:03.009811+00:00,201,166.65,
2026-09-21T02:01:03.044008+00:00,201,159.28,
2026-09-21T02:01:03.032262+00:00,201,177.77,
2026-09-21T02:01:03.055313+00:00,201,172.13,
2026-09-21T02:01:03.065224+00:00,201,178.59,
2026-09-21T02:01:03.088720+00:00,201,170.15,
2026-09-21T02:01:03.099093+00:00,201,160.74,
2026-09-21T02:01:03.077027+00:00,201,183.45,
2026-09-21T02:01:03.110051+00:00,201,163.31,
2026-09-21T02:01:03.132627+00:00,201,176.64,
2026-09-21T02:01:03.121117+00:00,201,188.77,
2026-09-21T02:01:03.154362+00:00,201,163.65,
2026-09-21T02:01:03.144285+00:00,201,180.21,
2026-09-21T02:01:03.165351+00:00,201,170.62,
2026-09-21T02:01:03.188565+00:00,201,159.75,
2026-09-21T02:01:03.176858+00:00,201,173.08,
2026-09-21T02:01:03.198687+00:00,201,159.43,
2026-09-21T02:01:03.210598+00:00,201,175.5,
2026-09-21T02:01:03.232729+00:00,201,157.65,
2026-09-21T02:01:03.220740+00:00,201,179.38,
2026-09-21T02:01:03.244300+00:00,201,171.83,
2026-09-21T02:01:03.266497+00:00,201,155.06,
2026-09-21T02:01:03.255057+00:00,201,180.87,
2026-09-21T02:01:03.276431+00:00,201,171.84,
2026-09-21T02:01:03.299397+00:00,201,163.28,
2026-09-21T02:01:03.287802+00:00,201,176.52,
2026-09-21T02:01:03.320927+00:00,201,176.47,
2026-09-21T02:01:03.310188+00:00,201,191.01,
2026-09-21T02:01:03.343419+00:00,201,158.66,
2026-09-21T02:01:03.332004+00:00,201,179.24,
2026-09-21T02:01:03.354625+00:00,201,170.78,
2026-09-21T02:01:03.366048+00:00,201,173.91,
2026-09-21T02:01:03.387550+00:00,201,169.67,
2026-09-21T02:01:03.376611+00:00,201,182.2,
2026-09-21T02:01:03.399404+00:00,201,178.72,
2026-09-21T02:01:03.421798+00:00,201,170.01,
2026-09-21T02:01:03.409880+00:00,201,184.22,
2026-09-21T02:01:03.432541+00:00,201,163.96,
2026-09-21T02:01:03.454165+00:00,201,159.43,
2026-09-21T02:01:03.444166+00:00,201,178.97,
2026-09-21T02:01:03.465585+00:00,201,173.53,
2026-09-21T02:01:03.476778+00:00,201,182.66,
2026-09-21T02:01:03.488269+00:00,201,185.85,
2026-09-21T02:01:03.509743+00:00,201,176.83,
2026-09-21T02:01:03.521231+00:00,201,165.94,
2026-09-21T02:01:03.498622+00:00,201,191.72,
2026-09-21T02:01:03.532846+00:00,201,173.93,
2026-09-21T02:01:03.544436+00:00,201,164.0,
2026-09-21T02:01:03.565418+00:00,201,163.21,
2026-09-21T02:01:03.555555+00:00,201,185.23,
2026-09-21T02:01:03.588291+00:00,201,157.62,
2026-09-21T02:01:03.576787+00:00,201,177.1,
2026-09-21T02:01:03.599351+00:00,201,168.46,
2026-09-21T02:01:03.610073+00:00,201,169.41,
2026-09-21T02:01:03.620975+00:00,201,172.27,
2026-09-21T02:01:03.632434+00:00,201,178.61,
2026-09-21T02:01:03.644595+00:00,201,179.27,
2026-09-21T02:01:03.665487+00:00,201,163.27,
2026-09-21T02:01:03.677149+00:00,201,163.31,
2026-09-21T02:01:03.655457+00:00,201,186.34,
2026-09-21T02:01:03.699882+00:00,201,162.15,
2026-09-21T02:01:03.688404+00:00,201,182.73,
2026-09-21T02:01:03.720850+00:00,201,167.34,
2026-09-21T02:01:03.711064+00:00,201,179.26,
2026-09-21T02:01:03.732712+00:00,201,158.13,
2026-09-21T02:01:03.744350+00:00,201,153.97,
2026-09-21T02:01:03.765824+00:00,201,159.59,
2026-09-21T02:01:03.754324+00:00,201,183.14,
2026-09-21T02:01:03.787841+00:00,201,161.67,
2026-09-21T02:01:03.799363+00:00,201,159.22,
2026-09-21T02:01:03.777903+00:00,201,181.17,
2026-09-21T02:01:03.809776+00:00,201,179.63,
2026-09-21T02:01:03.832453+00:00,201,170.19,
2026-09-21T02:01:03.821003+00:00,201,184.36,
2026-09-21T02:01:03.854263+00:00,201,158.17,
2026-09-21T02:01:03.843021+00:00,201,176.79,
2026-09-21T02:01:03.865979+00:00,201,158.79,
2026-09-21T02:01:03.877522+00:00,201,156.68,
2026-09-21T02:01:03.887408+00:00,201,160.96,
2026-09-21T02:01:03.898520+00:00,201,156.34,
2026-09-21T02:01:03.911098+00:00,201,171.85,
2026-09-21T02:01:03.921212+00:00,201,181.99,
2026-09-21T02:01:03.954097+00:00,201,157.87,
2026-09-21T02:01:03.933110+00:00,201,185.2,
2026-09-21T02:01:03.944355+00:00,201,174.79,
2026-09-21T02:01:03.965881+00:00,201,185.68,
2026-09-21T02:01:03.977719+00:00,201,176.29,
2026-09-21T02:01:03.987326+00:00,201,175.63,
2026-09-21T02:01:04.010494+00:00,201,162.22,
2026-09-21T02:01:03.999106+00:00,201,180.97,
2026-09-21T02:01:04.031907+00:00,201,157.11,
2026-09-21T02:01:04.022145+00:00,201,172.2,
2026-09-21T02:01:04.043351+00:00,201,185.01,
2026-09-21T02:01:04.054837+00:00,201,174.16,
2026-09-21T02:01:04.076731+00:00,201,158.4,
2026-09-21T02:01:04.066779+00:00,201,182.22,
2026-09-21T02:01:04.099862+00:00,201,161.54,
2026-09-21T02:01:04.088029+00:00,201,175.04,
2026-09-21T02:01:04.121325+00:00,201,167.26,
2026-09-21T02:01:04.111066+00:00,201,185.64,
2026-09-21T02:01:04.132732+00:00,201,174.13,
2026-09-21T02:01:04.165760+00:00,201,155.69,
2026-09-21T02:01:04.154458+00:00,201,169.18,
2026-09-21T02:01:04.144507+00:00,201,179.62,
2026-09-21T02:01:04.189272+00:00,201,156.81,
2026-09-21T02:01:04.177217+00:00,201,177.11,
2026-09-21T02:01:04.198879+00:00,201,169.65,
2026-09-21T02:01:04.210802+00:00,201,160.35,
2026-09-21T02:01:04.232467+00:00,201,172.11,
2026-09-21T02:01:04.221444+00:00,201,187.34,
2026-09-21T02:01:04.255497+00:00,201,164.26,
2026-09-21T02:01:04.244013+00:00,201,179.04,
2026-09-21T02:01:04.266817+00:00,201,161.69,
2026-09-21T02:01:04.288801+00:00,201,160.17,
2026-09-21T02:01:04.276889+00:00,201,177.51,
2026-09-21T02:01:04.299716+00:00,201,170.42,
2026-09-21T02:01:04.310793+00:00,201,159.92,
2026-09-21T02:01:04.320856+00:00,201,182.41,
2026-09-21T02:01:04.354587+00:00,201,156.03,
2026-09-21T02:01:04.344106+00:00,201,169.94,
2026-09-21T02:01:04.332519+00:00,201,185.65,
2026-09-21T02:01:04.365737+00:00,201,156.8,
2026-09-21T02:01:04.377267+00:00,201,173.01,
2026-09-21T02:01:04.400135+00:00,201,158.49,
2026-09-21T02:01:04.388359+00:00,201,175.97,
2026-09-21T02:01:04.410734+00:00,201,154.91,
2026-09-21T02:01:04.422335+00:00,201,156.92,
2026-09-21T02:01:04.431821+00:00,201,161.53,
2026-09-21T02:01:04.454707+00:00,201,164.11,
2026-09-21T02:01:04.466546+00:00,201,157.73,
2026-09-21T02:01:04.443673+00:00,201,184.21,
2026-09-21T02:01:04.487960+00:00,201,157.71,
2026-09-21T02:01:04.477517+00:00,201,182.77,
2026-09-21T02:01:04.511064+00:00,201,158.42,
2026-09-21T02:01:04.499556+00:00,201,175.24,
2026-09-21T02:01:04.521255+00:00,201,167.6,
2026-09-21T02:01:04.532397+00:00,201,173.17,
2026-09-21T02:01:04.555769+00:00,201,160.23,
2026-09-21T02:01:04.543559+00:00,201,175.82,
2026-09-21T02:01:04.566566+00:00,201,161.54,
2026-09-21T02:01:04.576681+00:00,201,161.7,
2026-09-21T02:01:04.588243+00:00,201,165.21,
2026-09-21T02:01:04.599722+00:00,201,165.25,
2026-09-21T02:01:04.610056+00:00,201,183.01,
2026-09-21T02:01:04.632076+00:00,201,163.03,
2026-09-21T02:01:04.621911+00:00,201,181.11,
2026-09-21T02:01:04.643880+00:00,201,170.85,
2026-09-21T02:01:04.655679+00:00,201,160.47,
2026-09-21T02:01:04.665599+00:00,201,175.21,
2026-09-21T02:01:04.677195+00:00,201,178.22,
2026-09-21T02:01:04.700195+00:00,201,171.38,
2026-09-21T02:01:04.688087+00:00,201,186.84,
2026-09-21T02:01:04.722327+00:00,201,162.87,
2026-09-21T02:01:04.710011+00:00,201,178.86,
2026-09-21T02:01:04.731912+00:00,201,157.33,
2026-09-21T02:01:04.742907+00:00,201,161.71,
2026-09-21T02:01:04.765238+00:00,201,163.45,
2026-09-21T02:01:04.754791+00:00,201,183.89,
2026-09-21T02:01:04.788184+00:00,201,156.96,
2026-09-21T02:01:04.776679+00:00,201,174.07,
2026-09-21T02:01:04.810555+00:00,201,179.33,
2026-09-21T02:01:04.800094+00:00,201,191.44,
2026-09-21T02:01:04.821266+00:00,201,185.42,
2026-09-21T02:01:04.832155+00:00,201,176.74,
2026-09-21T02:01:04.843719+00:00,201,175.98,
2026-09-21T02:01:04.877732+00:00,201,157.88,
2026-09-21T02:01:04.865134+00:00,201,171.15,
2026-09-21T02:01:04.855094+00:00,201,181.5,
2026-09-21T02:01:04.889427+00:00,201,156.43,
2026-09-21T02:01:04.910276+00:00,201,159.48,
2026-09-21T02:01:04.898602+00:00,201,173.55,
2026-09-21T02:01:04.921993+00:00,201,180.31,
2026-09-21T02:01:04.931999+00:00,201,170.7,
2026-09-21T02:01:04.943124+00:00,201,166.79,
2026-09-21T02:01:04.954120+00:00,201,181.88,
2026-09-21T02:01:04.965704+00:00,201,185.38,
2026-09-21T02:01:04.977485+00:00,201,175.9,
2026-09-21T02:01:04.998954+00:00,201,165.98,
2026-09-21T02:01:04.987331+00:00,201,180.53,
2026-09-21T02:01:05.020849+00:00,201,159.25,
2026-09-21T02:01:05.010667+00:00,201,171.06,
2026-09-21T02:01:05.031964+00:00,201,159.02,
2026-09-21T02:01:05.044226+00:00,201,161.11,
2026-09-21T02:01:05.054990+00:00,201,159.56,
2026-09-21T02:01:05.065485+00:00,201,182.97,
2026-09-21T02:01:05.077390+00:00,201,173.26,
2026-09-21T02:01:05.088266+00:00,201,174.5,
2026-09-21T02:01:05.098415+00:00,201,184.63,
2026-09-21T02:01:05.131885+00:00,201,162.91,
2026-09-21T02:01:05.109944+00:00,201,187.65,
2026-09-21T02:01:05.121717+00:00,201,177.1,
2026-09-21T02:01:05.154868+00:00,201,164.22,
2026-09-21T02:01:05.143484+00:00,201,192.0,
2026-09-21T02:01:05.176782+00:00,201,174.71,
2026-09-21T02:01:05.165103+00:00,201,186.82,
2026-09-21T02:01:05.188779+00:00,201,170.18,
2026-09-21T02:01:05.209656+00:00,201,159.1,
2026-09-21T02:01:05.198653+00:00,201,181.36,
2026-09-21T02:01:05.220775+00:00,201,178.03,
2026-09-21T02:01:05.232493+00:00,201,183.73,
2026-09-21T02:01:05.244077+00:00,201,172.84,
2026-09-21T02:01:05.256068+00:00,201,181.36,
2026-09-21T02:01:05.266069+00:00,201,173.02,
2026-09-21T02:01:05.277904+00:00,201,166.21,
2026-09-21T02:01:05.287495+00:00,201,157.58,
2026-09-21T02:01:05.299160+00:00,201,171.47,
2026-09-21T02:01:05.310547+00:00,201,178.09,
2026-09-21T02:01:05.321821+00:00,201,181.6,
2026-09-21T02:01:05.344317+00:00,201,163.93,
2026-09-21T02:01:05.335797+00:00,201,180.07,
2026-09-21T02:01:05.365291+00:00,201,157.67,
2026-09-21T02:01:05.353976+00:00,201,177.54,
2026-09-21T02:01:05.376413+00:00,201,156.95,
2026-09-21T02:01:05.399279+00:00,201,157.68,
2026-09-21T02:01:05.387803+00:00,201,177.06,
2026-09-21T02:01:05.411074+00:00,201,168.91,
2026-09-21T02:01:05.421642+00:00,201,160.97,
2026-09-21T02:01:05.432783+00:00,201,158.61,
2026-09-21T02:01:05.444610+00:00,201,182.19,
2026-09-21T02:01:05.455349+00:00,201,173.61,
2026-09-21T02:01:05.466451+00:00,201,173.1,
2026-09-21T02:01:05.476659+00:00,201,163.47,
2026-09-21T02:01:05.487899+00:00,201,167.86,
2026-09-21T02:01:05.498607+00:00,201,162.77,
2026-09-21T02:01:05.510174+00:00,201,154.29,
2026-09-21T02:01:05.521529+00:00,201,173.13,
2026-09-21T02:01:05.532636+00:00,201,172.84,
2026-09-21T02:01:05.544391+00:00,201,177.08,
2026-09-21T02:01:05.565833+00:00,201,162.49,
2026-09-21T02:01:05.554940+00:00,201,183.46,
2026-09-21T02:01:05.577315+00:00,201,163.04,
2026-09-21T02:01:05.588904+00:00,201,160.35,
2026-09-21T02:01:05.598773+00:00,201,162.36,
2026-09-21T02:01:05.610466+00:00,201,179.75,
2026-09-21T02:01:05.643108+00:00,201,160.37,
2026-09-21T02:01:05.621424+00:00,201,182.54,
2026-09-21T02:01:05.633041+00:00,201,171.31,
2026-09-21T02:01:05.655063+00:00,201,162.39,
2026-09-21T02:01:05.665646+00:00,201,163.4,
2026-09-21T02:01:05.688489+00:00,201,158.94,
2026-09-21T02:01:05.677325+00:00,201,177.26,
2026-09-21T02:01:05.700093+00:00,201,169.2,
2026-09-21T02:01:05.732177+00:00,201,158.45,
2026-09-21T02:01:05.709876+00:00,201,182.08,
2026-09-21T02:01:05.720666+00:00,201,182.25,
2026-09-21T02:01:05.754497+00:00,201,166.24,
2026-09-21T02:01:05.744474+00:00,201,177.02,
2026-09-21T02:01:05.776315+00:00,201,157.63,
2026-09-21T02:01:05.766367+00:00,201,173.2,
2026-09-21T02:01:05.788020+00:00,201,181.05,
2026-09-21T02:01:05.810375+00:00,201,177.55,
2026-09-21T02:01:05.800265+00:00,201,190.15,
2026-09-21T02:01:05.821430+00:00,201,182.2,
2026-09-21T02:01:05.843917+00:00,201,160.12,
2026-09-21T02:01:05.832782+00:00,201,190.25,
2026-09-21T02:01:05.866193+00:00,201,159.3,
2026-09-21T02:01:05.854807+00:00,201,180.42,
2026-09-21T02:01:05.876686+00:00,201,175.74,
2026-09-21T02:01:05.900108+00:00,201,160.23,
2026-09-21T02:01:05.888223+00:00,201,178.6,
2026-09-21T02:01:05.909819+00:00,201,171.14,
2026-09-21T02:01:05.920983+00:00,201,161.78,
2026-09-21T02:01:05.954434+00:00,201,156.45,
2026-09-21T02:01:05.934337+00:00,201,179.59,
2026-09-21T02:01:05.944223+00:00,201,170.66,
2026-09-21T02:01:05.976691+00:00,201,168.06,
2026-09-21T02:01:05.966419+00:00,201,182.02,
2026-09-21T02:01:05.988159+00:00,201,173.09,
2026-09-21T02:01:05.999952+00:00,201,180.61,
2026-09-21T02:01:06.021404+00:00,201,177.66,
2026-09-21T02:01:06.009600+00:00,201,189.88,
2026-09-21T02:01:06.033166+00:00,201,167.92,
2026-09-21T02:01:06.043141+00:00,201,159.55,
2026-09-21T02:01:06.066215+00:00,201,162.58,
2026-09-21T02:01:06.054915+00:00,201,186.7,
2026-09-21T02:01:06.076413+00:00,201,179.47,
2026-09-21T02:01:06.088804+00:00,201,167.63,
2026-09-21T02:01:06.098740+00:00,201,159.68,
2026-09-21T02:01:06.121728+00:00,201,168.62,
2026-09-21T02:01:06.111231+00:00,201,179.5,
2026-09-21T02:01:06.132631+00:00,201,170.54,
2026-09-21T02:01:06.143943+00:00,201,163.14,
2026-09-21T02:01:06.165913+00:00,201,160.19,
2026-09-21T02:01:06.155647+00:00,201,181.68,
2026-09-21T02:01:06.188970+00:00,201,155.81,
2026-09-21T02:01:06.177211+00:00,201,174.84,
2026-09-21T02:01:06.198628+00:00,201,162.96,
2026-09-21T02:01:06.210641+00:00,201,173.8,
2026-09-21T02:01:06.222364+00:00,201,163.14,
2026-09-21T02:01:06.232633+00:00,201,156.15,
2026-09-21T02:01:06.243679+00:00,201,172.96,
2026-09-21T02:01:06.276571+00:00,201,167.07,
2026-09-21T02:01:06.255016+00:00,201,190.88,
2026-09-21T02:01:06.266448+00:00,201,193.66,
2026-09-21T02:01:06.299414+00:00,201,171.08,
2026-09-21T02:01:06.288238+00:00,201,185.47,
2026-09-21T02:01:06.320874+00:00,201,165.9,
2026-09-21T02:01:06.332363+00:00,201,156.49,
2026-09-21T02:01:06.311014+00:00,201,178.8,
2026-09-21T02:01:06.343361+00:00,201,162.39,
2026-09-21T02:01:06.366046+00:00,201,156.7,
2026-09-21T02:01:06.354879+00:00,201,186.08,
2026-09-21T02:01:06.377439+00:00,201,164.84,
2026-09-21T02:01:06.410309+00:00,201,157.31,
2026-09-21T02:01:06.398502+00:00,201,172.73,
2026-09-21T02:01:06.388387+00:00,201,183.12,
2026-09-21T02:01:06.432867+00:00,201,168.48,
2026-09-21T02:01:06.421031+00:00,201,183.81,
2026-09-21T02:01:06.445773+00:00,201,170.7,
2026-09-21T02:01:06.454700+00:00,201,180.08,
2026-09-21T02:01:06.466367+00:00,201,170.97,
2026-09-21T02:01:06.477790+00:00,201,174.43,
2026-09-21T02:01:06.498929+00:00,201,158.4,
2026-09-21T02:01:06.489093+00:00,201,175.14,
2026-09-21T02:01:06.510342+00:00,201,155.28,
2026-09-21T02:01:06.532309+00:00,201,163.05,
2026-09-21T02:01:06.521935+00:00,201,185.65,
2026-09-21T02:01:06.543525+00:00,201,178.11,
2026-09-21T02:01:06.565186+00:00,201,159.77,
2026-09-21T02:01:06.554937+00:00,201,186.76,
2026-09-21T02:01:06.576634+00:00,201,179.07,
2026-09-21T02:01:06.610849+00:00,201,159.23,
2026-09-21T02:01:06.599591+00:00,201,171.34,
2026-09-21T02:01:06.587924+00:00,201,183.61,
2026-09-21T02:01:06.621781+00:00,201,184.4,
2026-09-21T02:01:06.633395+00:00,201,188.39,
2026-09-21T02:01:06.643457+00:00,201,179.5,
2026-09-21T02:01:06.666021+00:00,201,170.4,
2026-09-21T02:01:06.654169+00:00,201,187.54,
2026-09-21T02:01:06.677715+00:00,201,180.05,
2026-09-21T02:01:06.710432+00:00,201,158.93,
2026-09-21T02:01:06.699494+00:00,201,170.46,
2026-09-21T02:01:06.687603+00:00,201,183.62,
2026-09-21T02:01:06.742951+00:00,201,159.28,
2026-09-21T02:01:06.732725+00:00,201,171.37,
2026-09-21T02:01:06.721948+00:00,201,183.75,
2026-09-21T02:01:06.765759+00:00,201,173.58,
2026-09-21T02:01:06.755985+00:00,201,185.96,
2026-09-21T02:01:06.777700+00:00,201,165.76,
2026-09-21T02:01:06.799335+00:00,201,162.38,
2026-09-21T02:01:06.787738+00:00,201,185.88,
2026-09-21T02:01:06.810643+00:00,201,178.56,
2026-09-21T02:01:06.832054+00:00,201,160.49,
2026-09-21T02:01:06.821451+00:00,201,181.98,
2026-09-21T02:01:06.843474+00:00,201,175.54,
2026-09-21T02:01:06.854349+00:00,201,180.69,
2026-09-21T02:01:06.877349+00:00,201,174.51,
2026-09-21T02:01:06.865704+00:00,201,187.69,
2026-09-21T02:01:06.900041+00:00,201,156.27,
2026-09-21T02:01:06.888207+00:00,201,179.37,
2026-09-21T02:01:06.910448+00:00,201,173.39,
2026-09-21T02:01:06.922033+00:00,201,162.3,
2026-09-21T02:01:06.944379+00:00,201,168.2,
2026-09-21T02:01:06.932425+00:00,201,185.18,
2026-09-21T02:01:06.955451+00:00,201,180.74,
2026-09-21T02:01:06.965658+00:00,201,186.14,
2026-09-21T02:01:06.977066+00:00,201,175.28,
2026-09-21T02:01:07.000117+00:00,201,162.1,
2026-09-21T02:01:07.009723+00:00,201,157.73,
2026-09-21T02:01:06.988253+00:00,201,181.46,
2026-09-21T02:01:07.020739+00:00,201,178.11,
2026-09-21T02:01:07.043826+00:00,201,158.46,
2026-09-21T02:01:07.032217+00:00,201,182.7,
2026-09-21T02:01:07.055608+00:00,201,178.8,
2026-09-21T02:01:07.065547+00:00,201,182.08,
2026-09-21T02:01:07.077205+00:00,201,186.14,
2026-09-21T02:01:07.088472+00:00,201,176.15,
2026-09-21T02:01:07.098471+00:00,201,179.78,
2026-09-21T02:01:07.122094+00:00,201,173.91,
2026-09-21T02:01:07.109974+00:00,201,186.78,
2026-09-21T02:01:07.143537+00:00,201,155.27,
2026-09-21T02:01:07.132085+00:00,201,178.6,
2026-09-21T02:01:07.165802+00:00,201,158.52,
2026-09-21T02:01:07.155356+00:00,201,169.79,
2026-09-21T02:01:07.177342+00:00,201,158.85,
2026-09-21T02:01:07.188820+00:00,201,162.25,
2026-09-21T02:01:07.209978+00:00,201,158.9,
2026-09-21T02:01:07.199172+00:00,201,174.75,
2026-09-21T02:01:07.221519+00:00,201,187.15,
2026-09-21T02:01:07.233144+00:00,201,176.33,
2026-09-21T02:01:07.265796+00:00,201,157.95,
2026-09-21T02:01:07.242974+00:00,201,182.25,
2026-09-21T02:01:07.254412+00:00,201,187.32,
2026-09-21T02:01:07.276239+00:00,201,183.44,
2026-09-21T02:01:07.299832+00:00,201,162.72,
2026-09-21T02:01:07.287718+00:00,201,185.15,
2026-09-21T02:01:07.311180+00:00,201,179.17,
2026-09-21T02:01:07.332748+00:00,201,169.46,
2026-09-21T02:01:07.321269+00:00,201,182.22,
2026-09-21T02:01:07.354549+00:00,201,158.16,
2026-09-21T02:01:07.344545+00:00,201,173.3,
2026-09-21T02:01:07.376187+00:00,201,157.55,
2026-09-21T02:01:07.387743+00:00,201,157.58,
2026-09-21T02:01:07.366236+00:00,201,185.43,
2026-09-21T02:01:07.399708+00:00,201,170.27,
2026-09-21T02:01:07.410055+00:00,201,176.58,
2026-09-21T02:01:07.421364+00:00,201,185.38,
2026-09-21T02:01:07.444436+00:00,201,174.66,
2026-09-21T02:01:07.433075+00:00,201,186.81,
2026-09-21T02:01:07.454044+00:00,201,179.96,
2026-09-21T02:01:07.466232+00:00,201,184.45,
2026-09-21T02:01:07.498375+00:00,201,158.15,
2026-09-21T02:01:07.488242+00:00,201,175.72,
2026-09-21T02:01:07.477563+00:00,201,191.01,
2026-09-21T02:01:07.510235+00:00,201,170.46,
2026-09-21T02:01:07.521931+00:00,201,171.8,
2026-09-21T02:01:07.532040+00:00,201,173.4,
2026-09-21T02:01:07.554694+00:00,201,157.1,
2026-09-21T02:01:07.543464+00:00,201,177.35,
2026-09-21T02:01:07.566454+00:00,201,169.35,
2026-09-21T02:01:07.576353+00:00,201,162.03,
2026-09-21T02:01:07.587540+00:00,201,160.47,
2026-09-21T02:01:07.610094+00:00,201,158.7,
2026-09-21T02:01:07.598569+00:00,201,180.41,
2026-09-21T02:01:07.622113+00:00,201,161.41,
2026-09-21T02:01:07.632142+00:00,201,177.16,
2026-09-21T02:01:07.665676+00:00,201,154.99,
2026-09-21T02:01:07.643875+00:00,201,178.62,
2026-09-21T02:01:07.654344+00:00,201,168.48,
2026-09-21T02:01:07.687340+00:00,201,170.04,
2026-09-21T02:01:07.677464+00:00,201,180.32,
2026-09-21T02:01:07.709668+00:00,201,156.18,
2026-09-21T02:01:07.699058+00:00,201,170.94,
2026-09-21T02:01:07.721090+00:00,201,181.87,
2026-09-21T02:01:07.731789+00:00,201,177.48,
2026-09-21T02:01:07.744584+00:00,201,178.5,
2026-09-21T02:01:07.768885+00:00,201,163.8,
2026-09-21T02:01:07.756336+00:00,201,185.05,
2026-09-21T02:01:07.777021+00:00,201,180.5,
2026-09-21T02:01:07.787486+00:00,201,186.32,
2026-09-21T02:01:07.798933+00:00,201,176.32,
2026-09-21T02:01:07.809940+00:00,201,177.21,
2026-09-21T02:01:07.832517+00:00,201,156.37,
2026-09-21T02:01:07.821216+00:00,201,181.12,
2026-09-21T02:01:07.843569+00:00,201,174.35,
2026-09-21T02:01:07.854966+00:00,201,180.69,
2026-09-21T02:01:07.877332+00:00,201,160.26,
2026-09-21T02:01:07.887359+00:00,201,155.76,
2026-09-21T02:01:07.866626+00:00,201,183.76,
2026-09-21T02:01:07.898523+00:00,201,163.21,
2026-09-21T02:01:07.910527+00:00,201,164.93,
2026-09-21T02:01:07.922213+00:00,201,161.07,
2026-09-21T02:01:07.944220+00:00,201,166.98,
2026-09-21T02:01:07.935785+00:00,201,182.56,
2026-09-21T02:01:07.954655+00:00,201,169.03,
2026-09-21T02:01:07.977363+00:00,201,161.56,
2026-09-21T02:01:07.965636+00:00,201,186.55,
2026-09-21T02:01:07.988821+00:00,201,163.92,
2026-09-21T02:01:08.010739+00:00,201,157.28,
2026-09-21T02:01:07.999714+00:00,201,181.78,
2026-09-21T02:01:08.022201+00:00,201,173.61,
2026-09-21T02:01:08.043435+00:00,201,156.55,
2026-09-21T02:01:08.032096+00:00,201,179.0,
2026-09-21T02:01:08.055011+00:00,201,172.03,
2026-09-21T02:01:08.066140+00:00,201,177.63,
2026-09-21T02:01:08.087791+00:00,201,162.28,
2026-09-21T02:01:08.099601+00:00,201,155.36,
2026-09-21T02:01:08.076148+00:00,201,186.47,
2026-09-21T02:01:08.109870+00:00,201,162.68,
2026-09-21T02:01:08.122191+00:00,201,160.57,
2026-09-21T02:01:08.132429+00:00,201,164.35,
2026-09-21T02:01:08.155194+00:00,201,156.77,
2026-09-21T02:01:08.144090+00:00,201,184.23,
2026-09-21T02:01:08.165113+00:00,201,176.49,
2026-09-21T02:01:08.176972+00:00,201,179.99,
2026-09-21T02:01:08.188457+00:00,201,170.03,
2026-09-21T02:01:08.199314+00:00,201,174.62,
2026-09-21T02:01:08.211389+00:00,201,176.82,
2026-09-21T02:01:08.222172+00:00,201,183.08,
2026-09-21T02:01:08.233445+00:00,201,172.35,
2026-09-21T02:01:08.254300+00:00,201,164.56,
2026-09-21T02:01:08.243791+00:00,201,179.23,
2026-09-21T02:01:08.288271+00:00,201,162.13,
2026-09-21T02:01:08.277241+00:00,201,180.15,
2026-09-21T02:01:08.265583+00:00,201,192.35,
2026-09-21T02:01:08.299605+00:00,201,162.4,
2026-09-21T02:01:08.310791+00:00,201,178.37,
2026-09-21T02:01:08.333381+00:00,201,160.35,
2026-09-21T02:01:08.321985+00:00,201,180.03,
2026-09-21T02:01:08.354975+00:00,201,158.3,
2026-09-21T02:01:08.343559+00:00,201,174.92,
2026-09-21T02:01:08.376299+00:00,201,159.93,
2026-09-21T02:01:08.366405+00:00,201,183.57,
2026-09-21T02:01:08.387832+00:00,201,177.36,
2026-09-21T02:01:08.399674+00:00,201,181.25,
2026-09-21T02:01:08.421426+00:00,201,162.3,
2026-09-21T02:01:08.411258+00:00,201,175.71,
2026-09-21T02:01:08.432434+00:00,201,158.93,
2026-09-21T02:01:08.466029+00:00,201,158.98,
2026-09-21T02:01:08.444149+00:00,201,181.4,
2026-09-21T02:01:08.455558+00:00,201,181.03,
2026-09-21T02:01:08.477331+00:00,201,173.64,
2026-09-21T02:01:08.488227+00:00,201,176.16,
2026-09-21T02:01:08.499925+00:00,201,167.36,
2026-09-21T02:01:08.511009+00:00,201,160.53,
2026-09-21T02:01:08.533275+00:00,201,171.17,
2026-09-21T02:01:08.521188+00:00,201,185.15,
2026-09-21T02:01:08.544362+00:00,201,167.99,
2026-09-21T02:01:08.554097+00:00,201,159.51,
2026-09-21T02:01:08.576865+00:00,201,160.39,
2026-09-21T02:01:08.566043+00:00,201,175.19,
2026-09-21T02:01:08.600064+00:00,201,158.48,
2026-09-21T02:01:08.588177+00:00,201,183.48,
2026-09-21T02:01:08.611133+00:00,201,176.27,
2026-09-21T02:01:08.621625+00:00,201,167.9,
2026-09-21T02:01:08.631871+00:00,201,165.24,
2026-09-21T02:01:08.643064+00:00,201,182.19,
2026-09-21T02:01:08.665681+00:00,201,159.96,
2026-09-21T02:01:08.654624+00:00,201,183.98,
2026-09-21T02:01:08.677327+00:00,201,174.49,
2026-09-21T02:01:08.699562+00:00,201,159.48,
2026-09-21T02:01:08.710657+00:00,201,153.88,
2026-09-21T02:01:08.688988+00:00,201,180.24,
2026-09-21T02:01:08.721039+00:00,201,168.02,
2026-09-21T02:01:08.743586+00:00,201,157.19,
2026-09-21T02:01:08.733005+00:00,201,172.45,
2026-09-21T02:01:08.754447+00:00,201,156.44,
2026-09-21T02:01:08.766605+00:00,201,158.4,
2026-09-21T02:01:08.777258+00:00,201,179.64,
2026-09-21T02:01:08.787676+00:00,201,185.53,
2026-09-21T02:01:08.798868+00:00,201,174.93,
2026-09-21T02:01:08.810700+00:00,201,181.74,
2026-09-21T02:01:08.833020+00:00,201,162.97,
2026-09-21T02:01:08.821106+00:00,201,185.38,
2026-09-21T02:01:08.844305+00:00,201,181.46,
2026-09-21T02:01:08.876654+00:00,201,157.61,
2026-09-21T02:01:08.865309+00:00,201,172.77,
2026-09-21T02:01:08.855449+00:00,201,184.34,
2026-09-21T02:01:08.899840+00:00,201,161.67,
2026-09-21T02:01:08.888274+00:00,201,179.75,
2026-09-21T02:01:08.921436+00:00,201,159.02,
2026-09-21T02:01:08.911189+00:00,201,175.04,
2026-09-21T02:01:08.932797+00:00,201,158.71,
2026-09-21T02:01:08.944480+00:00,201,176.56,
2026-09-21T02:01:08.954691+00:00,201,184.56,
2026-09-21T02:01:08.989022+00:00,201,163.65,
2026-09-21T02:01:08.977299+00:00,201,176.75,
2026-09-21T02:01:08.967032+00:00,201,187.41,
2026-09-21T02:01:08.998778+00:00,201,167.0,
2026-09-21T02:01:09.010637+00:00,201,160.3,
2026-09-21T02:01:09.032078+00:00,201,159.62,
2026-09-21T02:01:09.021789+00:00,201,183.56,
2026-09-21T02:01:09.044129+00:00,201,169.88,
2026-09-21T02:01:09.054311+00:00,201,177.63,
2026-09-21T02:01:09.066164+00:00,201,182.37,
2026-09-21T02:01:09.077632+00:00,201,172.33,
2026-09-21T02:01:09.098766+00:00,201,159.99,
2026-09-21T02:01:09.087309+00:00,201,177.22,
2026-09-21T02:01:09.110108+00:00,201,164.85,
2026-09-21T02:01:09.121386+00:00,201,176.52,
2026-09-21T02:01:09.132766+00:00,201,185.32,
2026-09-21T02:01:09.154691+00:00,201,176.45,
2026-09-21T02:01:09.144464+00:00,201,188.1,
2026-09-21T02:01:09.166547+00:00,201,181.19,
2026-09-21T02:01:09.188128+00:00,201,164.63,
2026-09-21T02:01:09.176528+00:00,201,186.62,
2026-09-21T02:01:09.199954+00:00,201,163.85,
2026-09-21T02:01:09.232168+00:00,201,162.38,
2026-09-21T02:01:09.211475+00:00,201,186.88,
2026-09-21T02:01:09.220969+00:00,201,179.51,
2026-09-21T02:01:09.266452+00:00,201,160.47,
2026-09-21T02:01:09.254678+00:00,201,173.13,
2026-09-21T02:01:09.244051+00:00,201,186.12,
2026-09-21T02:01:09.276226+00:00,201,165.44,
2026-09-21T02:01:09.288057+00:00,201,157.97,
2026-09-21T02:01:09.299196+00:00,201,163.96,
2026-09-21T02:01:09.322079+00:00,201,169.84,
2026-09-21T02:01:09.310596+00:00,201,183.32,
2026-09-21T02:01:09.333315+00:00,201,176.16,
2026-09-21T02:01:09.355191+00:00,201,164.9,
2026-09-21T02:01:09.343553+00:00,201,180.82,
2026-09-21T02:01:09.365106+00:00,201,169.63,
2026-09-21T02:01:09.388496+00:00,201,169.12,
2026-09-21T02:01:09.376540+00:00,201,182.2,
2026-09-21T02:01:09.398935+00:00,201,171.75,
2026-09-21T02:01:09.420874+00:00,201,159.53,
2026-09-21T02:01:09.410334+00:00,201,177.0,
2026-09-21T02:01:09.444511+00:00,201,157.52,
2026-09-21T02:01:09.433168+00:00,201,169.72,
2026-09-21T02:01:09.454431+00:00,201,184.42,
2026-09-21T02:01:09.465906+00:00,201,176.83,
2026-09-21T02:01:09.500065+00:00,201,156.46,
2026-09-21T02:01:09.477077+00:00,201,179.83,
2026-09-21T02:01:09.488548+00:00,201,182.36,
2026-09-21T02:01:09.510152+00:00,201,161.26,
2026-09-21T02:01:09.532127+00:00,201,161.23,
2026-09-21T02:01:09.521993+00:00,201,185.65,
2026-09-21T02:01:09.555479+00:00,201,157.17,
2026-09-21T02:01:09.543462+00:00,201,177.15,
2026-09-21T02:01:09.565342+00:00,201,175.17,
2026-09-21T02:01:09.588140+00:00,201,155.05,
2026-09-21T02:01:09.576703+00:00,201,176.93,
2026-09-21T02:01:09.599556+00:00,201,160.87,
2026-09-21T02:01:09.610951+00:00,201,179.67,
2026-09-21T02:01:09.632776+00:00,201,164.68,
2026-09-21T02:01:09.620973+00:00,201,185.79,
2026-09-21T02:01:09.654470+00:00,201,158.32,
2026-09-21T02:01:09.643646+00:00,201,180.08,
2026-09-21T02:01:09.666297+00:00,201,172.29,
2026-09-21T02:01:09.687515+00:00,201,159.82,
2026-09-21T02:01:09.677546+00:00,201,177.87,
2026-09-21T02:01:09.699009+00:00,201,169.99,
2026-09-21T02:01:09.710478+00:00,201,159.61,
2026-09-21T02:01:09.721689+00:00,201,173.33,
2026-09-21T02:01:09.733304+00:00,201,175.27,
2026-09-21T02:01:09.743469+00:00,201,169.23,
2026-09-21T02:01:09.766591+00:00,201,158.6,
2026-09-21T02:01:09.755427+00:00,201,183.25,
2026-09-21T02:01:09.777080+00:00,201,176.52,
2026-09-21T02:01:09.799887+00:00,201,157.22,
2026-09-21T02:01:09.811178+00:00,201,158.33,
2026-09-21T02:01:09.788360+00:00,201,182.7,
2026-09-21T02:01:09.831992+00:00,201,171.05,
2026-09-21T02:01:09.820797+00:00,201,183.49,
2026-09-21T02:01:09.843150+00:00,201,179.47,
2026-09-21T02:01:09.865503+00:00,201,160.0,
2026-09-21T02:01:09.855522+00:00,201,183.08,
2026-09-21T02:01:09.876908+00:00,201,178.64,
2026-09-21T02:01:09.899774+00:00,201,170.26,
2026-09-21T02:01:09.888545+00:00,201,183.21,
2026-09-21T02:01:09.909608+00:00,201,176.9,
2026-09-21T02:01:09.933392+00:00,201,158.55,
2026-09-21T02:01:09.921435+00:00,201,197.22,
2026-09-21T02:01:09.954299+00:00,201,165.26,
2026-09-21T02:01:09.944293+00:00,201,175.94,
2026-09-21T02:01:09.966567+00:00,201,158.8,
2026-09-21T02:01:09.977203+00:00,201,158.63,
2026-09-21T02:01:09.998998+00:00,201,159.63,
2026-09-21T02:01:09.987458+00:00,201,180.46,
2026-09-21T02:01:10.009992+00:00,201,174.18,
2026-09-21T02:01:10.021723+00:00,201,171.06,
2026-09-21T02:01:10.032078+00:00,201,176.49,
2026-09-21T02:01:10.043233+00:00,201,166.72,
2026-09-21T02:01:10.054894+00:00,201,163.76,
2026-09-21T02:01:10.077695+00:00,201,174.63,
2026-09-21T02:01:10.066524+00:00,201,191.46,
2026-09-21T02:01:10.087810+00:00,201,179.94,
2026-09-21T02:01:10.110372+00:00,201,175.35,
2026-09-21T02:01:10.098605+00:00,201,189.51,
2026-09-21T02:01:10.131819+00:00,201,169.66,
2026-09-21T02:01:10.121390+00:00,201,180.96,
2026-09-21T02:01:10.143172+00:00,201,159.66,
2026-09-21T02:01:10.154633+00:00,201,181.33,
2026-09-21T02:01:10.177722+00:00,201,168.28,
2026-09-21T02:01:10.188681+00:00,201,160.86,
2026-09-21T02:01:10.166060+00:00,201,183.85,
2026-09-21T02:01:10.199812+00:00,201,183.02,
2026-09-21T02:01:10.233022+00:00,201,161.32,
2026-09-21T02:01:10.222005+00:00,201,174.1,
2026-09-21T02:01:10.210794+00:00,201,186.82,
2026-09-21T02:01:10.265197+00:00,201,159.5,
2026-09-21T02:01:10.244021+00:00,201,181.81,
2026-09-21T02:01:10.254623+00:00,201,172.24,
2026-09-21T02:01:10.288328+00:00,201,157.58,
2026-09-21T02:01:10.276854+00:00,201,180.99,
2026-09-21T02:01:10.300041+00:00,201,175.39,
2026-09-21T02:01:10.321268+00:00,201,162.49,
2026-09-21T02:01:10.332675+00:00,201,157.97,
2026-09-21T02:01:10.309579+00:00,201,185.8,
2026-09-21T02:01:10.356001+00:00,201,156.3,
2026-09-21T02:01:10.344071+00:00,201,182.38,
2026-09-21T02:01:10.365503+00:00,201,176.19,
2026-09-21T02:01:10.388419+00:00,201,158.26,
2026-09-21T02:01:10.377097+00:00,201,176.45,
2026-09-21T02:01:10.400033+00:00,201,170.6,
2026-09-21T02:01:10.421387+00:00,201,165.42,
2026-09-21T02:01:10.410039+00:00,201,182.04,
2026-09-21T02:01:10.432452+00:00,201,169.74,
2026-09-21T02:01:10.444178+00:00,201,176.6,
2026-09-21T02:01:10.476667+00:00,201,162.26,
2026-09-21T02:01:10.465294+00:00,201,174.46,
2026-09-21T02:01:10.455282+00:00,201,184.83,
2026-09-21T02:01:10.510525+00:00,201,158.74,
2026-09-21T02:01:10.499968+00:00,201,169.92,
2026-09-21T02:01:10.488212+00:00,201,183.89,
2026-09-21T02:01:10.521724+00:00,201,157.9,
2026-09-21T02:01:10.532811+00:00,201,169.81,
2026-09-21T02:01:10.554322+00:00,201,157.15,
2026-09-21T02:01:10.542947+00:00,201,176.72,
2026-09-21T02:01:10.565978+00:00,201,162.08,
2026-09-21T02:01:10.577906+00:00,201,179.13,
2026-09-21T02:01:10.598467+00:00,201,162.27,
2026-09-21T02:01:10.609586+00:00,201,162.36,
2026-09-21T02:01:10.588612+00:00,201,183.92,
2026-09-21T02:01:10.620741+00:00,201,183.8,
2026-09-21T02:01:10.644491+00:00,201,179.15,
2026-09-21T02:01:10.632771+00:00,201,193.29,
2026-09-21T02:01:10.666027+00:00,201,170.6,
2026-09-21T02:01:10.654310+00:00,201,184.35,
2026-09-21T02:01:10.677873+00:00,201,176.54,
2026-09-21T02:01:10.699855+00:00,201,164.06,
2026-09-21T02:01:10.687976+00:00,201,176.39,
2026-09-21T02:01:10.709833+00:00,201,162.95,
2026-09-21T02:01:10.720670+00:00,201,174.1,
2026-09-21T02:01:10.732300+00:00,201,163.61,
2026-09-21T02:01:10.753962+00:00,201,156.84,
2026-09-21T02:01:10.744386+00:00,201,180.29,
2026-09-21T02:01:10.765205+00:00,201,178.79,
2026-09-21T02:01:10.776274+00:00,201,178.89,
2026-09-21T02:01:10.788789+00:00,201,167.16,
2026-09-21T02:01:10.799773+00:00,201,172.47,
2026-09-21T02:01:10.821635+00:00,201,156.35,
2026-09-21T02:01:10.810525+00:00,201,175.05,
2026-09-21T02:01:10.843397+00:00,201,158.65,
2026-09-21T02:01:10.832847+00:00,201,170.93,
2026-09-21T02:01:10.877304+00:00,201,158.77,
2026-09-21T02:01:10.854724+00:00,201,183.21,
2026-09-21T02:01:10.866274+00:00,201,185.78,
2026-09-21T02:01:10.899433+00:00,201,161.55,
2026-09-21T02:01:10.887788+00:00,201,180.55,
2026-09-21T02:01:10.911065+00:00,201,170.35,
2026-09-21T02:01:10.921166+00:00,201,181.13,
2026-09-21T02:01:10.955449+00:00,201,158.46,
2026-09-21T02:01:10.944393+00:00,201,171.67,
2026-09-21T02:01:10.932353+00:00,201,185.81,
2026-09-21T02:01:10.965528+00:00,201,158.86,
2026-09-21T02:01:10.976645+00:00,201,157.18,
2026-09-21T02:01:10.988344+00:00,201,164.43,
2026-09-21T02:01:10.999362+00:00,201,187.62,
2026-09-21T02:01:11.011106+00:00,201,176.51,
2026-09-21T02:01:11.020885+00:00,201,180.81,
2026-09-21T02:01:11.043846+00:00,201,160.79,
2026-09-21T02:01:11.032390+00:00,201,186.55,
2026-09-21T02:01:11.065192+00:00,201,154.54,
2026-09-21T02:01:11.055505+00:00,201,177.99,
2026-09-21T02:01:11.076516+00:00,201,178.06,
2026-09-21T02:01:11.088148+00:00,201,184.79,
2026-09-21T02:01:11.099675+00:00,201,173.7,
2026-09-21T02:01:11.111256+00:00,201,175.75,
2026-09-21T02:01:11.121184+00:00,201,183.86,
2026-09-21T02:01:11.155659+00:00,201,165.82,
2026-09-21T02:01:11.144082+00:00,201,179.79,
2026-09-21T02:01:11.133045+00:00,201,191.85,
2026-09-21T02:01:11.165753+00:00,201,188.4,
2026-09-21T02:01:11.177563+00:00,201,179.17,
2026-09-21T02:01:11.209733+00:00,201,157.53,
2026-09-21T02:01:11.187771+00:00,201,182.8,
2026-09-21T02:01:11.200509+00:00,201,185.32,
2026-09-21T02:01:11.232514+00:00,201,158.21,
2026-09-21T02:01:11.220942+00:00,201,179.51,
2026-09-21T02:01:11.243381+00:00,201,160.29,
2026-09-21T02:01:11.254968+00:00,201,154.85,
2026-09-21T02:01:11.265300+00:00,201,154.66,
2026-09-21T02:01:11.276253+00:00,201,170.95,
2026-09-21T02:01:11.299250+00:00,201,158.77,
2026-09-21T02:01:11.287776+00:00,201,178.08,
2026-09-21T02:01:11.311234+00:00,201,167.36,
2026-09-21T02:01:11.321763+00:00,201,163.05,
2026-09-21T02:01:11.343500+00:00,201,175.48,
2026-09-21T02:01:11.332947+00:00,201,186.84,
2026-09-21T02:01:11.365828+00:00,201,162.36,
2026-09-21T02:01:11.354455+00:00,201,179.4,
2026-09-21T02:01:11.377427+00:00,201,158.31,
2026-09-21T02:01:11.388986+00:00,201,177.06,
2026-09-21T02:01:11.421407+00:00,201,156.38,
2026-09-21T02:01:11.411135+00:00,201,168.27,
2026-09-21T02:01:11.399305+00:00,201,180.64,
2026-09-21T02:01:11.444589+00:00,201,162.12,
2026-09-21T02:01:11.431895+00:00,201,177.05,
2026-09-21T02:01:11.455024+00:00,201,162.77,
2026-09-21T02:01:11.476400+00:00,201,155.67,
2026-09-21T02:01:11.465600+00:00,201,166.72,
2026-09-21T02:01:11.488647+00:00,201,164.63,
2026-09-21T02:01:11.498907+00:00,201,166.51,
2026-09-21T02:01:11.511037+00:00,201,179.46,
2026-09-21T02:01:11.533067+00:00,201,159.6,
2026-09-21T02:01:11.520717+00:00,201,173.33,
2026-09-21T02:01:11.553972+00:00,201,163.3,
2026-09-21T02:01:11.543431+00:00,201,180.58,
2026-09-21T02:01:11.566294+00:00,201,172.65,
2026-09-21T02:01:11.577167+00:00,201,180.32,
2026-09-21T02:01:11.598890+00:00,201,160.03,
2026-09-21T02:01:11.588606+00:00,201,180.46,
2026-09-21T02:01:11.620845+00:00,201,157.5,
2026-09-21T02:01:11.610323+00:00,201,176.72,
2026-09-21T02:01:11.655169+00:00,201,163.89,
2026-09-21T02:01:11.633222+00:00,201,190.04,
2026-09-21T02:01:11.644295+00:00,201,179.37,
2026-09-21T02:01:11.665660+00:00,201,158.93,
2026-09-21T02:01:11.676519+00:00,201,177.76,
2026-09-21T02:01:11.698368+00:00,201,172.19,
2026-09-21T02:01:11.688224+00:00,201,185.58,
2026-09-21T02:01:11.710128+00:00,201,180.16,
2026-09-21T02:01:11.733132+00:00,201,167.72,
2026-09-21T02:01:11.721159+00:00,201,183.68,
2026-09-21T02:01:11.754086+00:00,201,158.14,
2026-09-21T02:01:11.743158+00:00,201,179.2,
2026-09-21T02:01:11.765174+00:00,201,174.94,
2026-09-21T02:01:11.776620+00:00,201,177.89,
2026-09-21T02:01:11.787765+00:00,201,183.95,
2026-09-21T02:01:11.798785+00:00,201,173.55,
2026-09-21T02:01:11.810389+00:00,201,178.38,
2026-09-21T02:01:11.820614+00:00,201,183.37,
2026-09-21T02:01:11.832109+00:00,201,175.81,
2026-09-21T02:01:11.843475+00:00,201,180.65,
2026-09-21T02:01:11.866745+00:00,201,163.86,
2026-09-21T02:01:11.854874+00:00,201,183.94,
2026-09-21T02:01:11.887560+00:00,201,165.5,
2026-09-21T02:01:11.877797+00:00,201,176.14,
2026-09-21T02:01:11.898927+00:00,201,186.74,
2026-09-21T02:01:11.910508+00:00,201,176.34,
2026-09-21T02:01:11.932067+00:00,201,158.68,
2026-09-21T02:01:11.920703+00:00,201,177.49,
2026-09-21T02:01:11.943910+00:00,201,156.38,
2026-09-21T02:01:11.954891+00:00,201,164.46,
2026-09-21T02:01:11.966679+00:00,201,155.08,
2026-09-21T02:01:11.976452+00:00,201,158.96,
2026-09-21T02:01:11.999597+00:00,201,161.43,
2026-09-21T02:01:11.988293+00:00,201,179.13,
2026-09-21T02:01:12.021078+00:00,201,167.46,
2026-09-21T02:01:12.010835+00:00,201,191.46,
2026-09-21T02:01:12.043023+00:00,201,162.61,
2026-09-21T02:01:12.031897+00:00,201,181.62,
2026-09-21T02:01:12.054722+00:00,201,178.85,
2026-09-21T02:01:12.066237+00:00,201,183.31,
2026-09-21T02:01:12.087417+00:00,201,172.28,
2026-09-21T02:01:12.078259+00:00,201,182.97,
2026-09-21T02:01:12.098873+00:00,201,178.57,
2026-09-21T02:01:12.133081+00:00,201,159.21,
2026-09-21T02:01:12.121971+00:00,201,171.98,
2026-09-21T02:01:12.110565+00:00,201,184.01,
2026-09-21T02:01:12.143624+00:00,201,178.87,
2026-09-21T02:01:12.165421+00:00,201,158.36,
2026-09-21T02:01:12.155305+00:00,201,179.13,
2026-09-21T02:01:12.198890+00:00,201,155.61,
2026-09-21T02:01:12.177521+00:00,201,179.81,
2026-09-21T02:01:12.188975+00:00,201,180.06,
2026-09-21T02:01:12.210192+00:00,201,176.02,
2026-09-21T02:01:12.221333+00:00,201,185.09,
2026-09-21T02:01:12.232650+00:00,201,185.62,
2026-09-21T02:01:12.243646+00:00,201,177.48,
2026-09-21T02:01:12.255516+00:00,201,178.16,
2026-09-21T02:01:12.277012+00:00,201,169.92,
2026-09-21T02:01:12.265909+00:00,201,183.49,
2026-09-21T02:01:12.298431+00:00,201,154.4,
2026-09-21T02:01:12.288853+00:00,201,183.19,
2026-09-21T02:01:12.310916+00:00,201,178.33,
2026-09-21T02:01:12.322854+00:00,201,178.06,
2026-09-21T02:01:12.332538+00:00,201,179.77,
2026-09-21T02:01:12.354866+00:00,201,162.65,
2026-09-21T02:01:12.343856+00:00,201,184.68,
2026-09-21T02:01:12.365660+00:00,201,177.79,
2026-09-21T02:01:12.399039+00:00,201,161.35,
2026-09-21T02:01:12.388015+00:00,201,173.96,
2026-09-21T02:01:12.376791+00:00,201,186.42,
2026-09-21T02:01:12.410785+00:00,201,165.49,
2026-09-21T02:01:12.422069+00:00,201,171.08,
2026-09-21T02:01:12.443900+00:00,201,164.22,
2026-09-21T02:01:12.431999+00:00,201,180.86,
2026-09-21T02:01:12.455321+00:00,201,170.57,
2026-09-21T02:01:12.468986+00:00,201,171.75,
2026-09-21T02:01:12.476890+00:00,201,183.83,
2026-09-21T02:01:12.487586+00:00,201,174.32,
2026-09-21T02:01:12.498603+00:00,201,177.44,
2026-09-21T02:01:12.521651+00:00,201,169.9,
2026-09-21T02:01:12.510235+00:00,201,182.8,
2026-09-21T02:01:12.532859+00:00,201,179.98,
2026-09-21T02:01:12.544186+00:00,201,180.09,
2026-09-21T02:01:12.555485+00:00,201,185.32,
2026-09-21T02:01:12.565489+00:00,201,177.42,
2026-09-21T02:01:12.588268+00:00,201,157.42,
2026-09-21T02:01:12.576856+00:00,201,179.74,
2026-09-21T02:01:12.599620+00:00,201,170.87,
2026-09-21T02:01:12.620786+00:00,201,157.47,
2026-09-21T02:01:12.611216+00:00,201,175.23,
2026-09-21T02:01:12.632000+00:00,201,172.94,
2026-09-21T02:01:12.643069+00:00,201,178.46,
2026-09-21T02:01:12.666324+00:00,201,157.93,
2026-09-21T02:01:12.654710+00:00,201,181.7,
2026-09-21T02:01:12.687376+00:00,201,157.72,
2026-09-21T02:01:12.676382+00:00,201,175.83,
2026-09-21T02:01:12.698829+00:00,201,156.86,
2026-09-21T02:01:12.710743+00:00,201,174.17,
2026-09-21T02:01:12.720782+00:00,201,167.13,
2026-09-21T02:01:12.732030+00:00,201,177.67,
2026-09-21T02:01:12.743663+00:00,201,181.7,
2026-09-21T02:01:12.776706+00:00,201,158.65,
2026-09-21T02:01:12.765407+00:00,201,171.86,
2026-09-21T02:01:12.754209+00:00,201,184.16,
2026-09-21T02:01:12.798415+00:00,201,173.52,
2026-09-21T02:01:12.788287+00:00,201,185.97,
2026-09-21T02:01:12.821767+00:00,201,156.76,
2026-09-21T02:01:12.809755+00:00,201,173.16,
2026-09-21T02:01:12.832430+00:00,201,170.11,
2026-09-21T02:01:12.854259+00:00,201,162.1,
2026-09-21T02:01:12.843348+00:00,201,174.99,
2026-09-21T02:01:12.877492+00:00,201,171.89,
2026-09-21T02:01:12.865778+00:00,201,187.19,
2026-09-21T02:01:12.888179+00:00,201,178.36,
2026-09-21T02:01:12.910820+00:00,201,162.23,
2026-09-21T02:01:12.899170+00:00,201,183.2,
2026-09-21T02:01:12.920849+00:00,201,179.99,
2026-09-21T02:01:12.943050+00:00,201,175.22,
2026-09-21T02:01:12.932323+00:00,201,187.55,
2026-09-21T02:01:12.976510+00:00,201,155.21,
2026-09-21T02:01:12.954618+00:00,201,181.41,
2026-09-21T02:01:12.965114+00:00,201,186.77,
2026-09-21T02:01:12.988186+00:00,201,176.83,
2026-09-21T02:01:13.011145+00:00,201,162.57,
2026-09-21T02:01:12.999802+00:00,201,179.82,
2026-09-21T02:01:13.032346+00:00,201,162.08,
2026-09-21T02:01:13.020917+00:00,201,178.71,
2026-09-21T02:01:13.043990+00:00,201,170.13,
2026-09-21T02:01:13.065711+00:00,201,160.64,
2026-09-21T02:01:13.055575+00:00,201,173.58,
2026-09-21T02:01:13.088806+00:00,201,154.09,
2026-09-21T02:01:13.098486+00:00,201,153.35,
2026-09-21T02:01:13.077652+00:00,201,180.31,
2026-09-21T02:01:13.132722+00:00,201,161.62,
2026-09-21T02:01:13.111050+00:00,201,184.1,
2026-09-21T02:01:13.120904+00:00,201,191.42,
2026-09-21T02:01:13.144303+00:00,201,182.39,
2026-09-21T02:01:13.154156+00:00,201,174.4,
2026-09-21T02:01:13.177846+00:00,201,165.05,
2026-09-21T02:01:13.165683+00:00,201,179.1,
2026-09-21T02:01:13.198981+00:00,201,195.52,
2026-09-21T02:01:13.210922+00:00,201,185.85,
2026-09-21T02:01:13.187473+00:00,201,211.57,
2026-09-21T02:01:13.232673+00:00,201,169.38,
2026-09-21T02:01:13.221044+00:00,201,194.03,
2026-09-21T02:01:13.243918+00:00,201,175.22,
2026-09-21T02:01:13.255171+00:00,201,167.11,
2026-09-21T02:01:13.265156+00:00,201,166.16,
2026-09-21T02:01:13.276675+00:00,201,175.69,
2026-09-21T02:01:13.299857+00:00,201,165.33,
2026-09-21T02:01:13.288109+00:00,201,181.34,
2026-09-21T02:01:13.309781+00:00,201,170.65,
2026-09-21T02:01:13.332490+00:00,201,156.93,
2026-09-21T02:01:13.321655+00:00,201,175.88,
2026-09-21T02:01:13.344009+00:00,201,158.69,
2026-09-21T02:01:13.354250+00:00,201,175.35,
2026-09-21T02:01:13.366056+00:00,201,179.02,
2026-09-21T02:01:13.376444+00:00,201,170.72,
2026-09-21T02:01:13.387598+00:00,201,172.56,
2026-09-21T02:01:13.399530+00:00,201,181.47,
2026-09-21T02:01:13.420928+00:00,201,172.23,
2026-09-21T02:01:13.409968+00:00,201,185.07,
2026-09-21T02:01:13.432390+00:00,201,181.45,
2026-09-21T02:01:13.443643+00:00,201,184.35,
2026-09-21T02:01:13.455068+00:00,201,174.34,
2026-09-21T02:01:13.465719+00:00,201,165.05,
2026-09-21T02:01:13.476478+00:00,201,155.48,
2026-09-21T02:01:13.487939+00:00,201,169.74,
2026-09-21T02:01:13.510330+00:00,201,155.78,
2026-09-21T02:01:13.499426+00:00,201,174.69,
2026-09-21T02:01:13.522001+00:00,201,156.91,
2026-09-21T02:01:13.532355+00:00,201,160.02,
2026-09-21T02:01:13.544238+00:00,201,180.78,
2026-09-21T02:01:13.565570+00:00,201,160.15,
2026-09-21T02:01:13.555542+00:00,201,185.43,
2026-09-21T02:01:13.588159+00:00,201,155.61,
2026-09-21T02:01:13.576801+00:00,201,176.92,
2026-09-21T02:01:13.599923+00:00,201,165.64,
2026-09-21T02:01:13.610057+00:00,201,180.89,
2026-09-21T02:01:13.632951+00:00,201,168.51,
2026-09-21T02:01:13.621274+00:00,201,183.85,
2026-09-21T02:01:13.642919+00:00,201,180.79,
2026-09-21T02:01:13.666502+00:00,201,173.84,
2026-09-21T02:01:13.655238+00:00,201,187.24,
2026-09-21T02:01:13.688183+00:00,201,169.13,
2026-09-21T02:01:13.676590+00:00,201,182.28,
2026-09-21T02:01:13.699832+00:00,201,170.51,
2026-09-21T02:01:13.710806+00:00,201,177.66,
2026-09-21T02:01:13.732715+00:00,201,159.38,
2026-09-21T02:01:13.721091+00:00,201,182.84,
2026-09-21T02:01:13.744441+00:00,201,176.76,
2026-09-21T02:01:13.766386+00:00,201,159.65,
2026-09-21T02:01:13.754778+00:00,201,185.65,
2026-09-21T02:01:13.776971+00:00,201,180.63,
2026-09-21T02:01:13.799230+00:00,201,173.34,
2026-09-21T02:01:13.788256+00:00,201,186.15,
2026-09-21T02:01:13.809613+00:00,201,180.91,
2026-09-21T02:01:13.833098+00:00,201,158.64,
2026-09-21T02:01:13.843092+00:00,201,158.04,
2026-09-21T02:01:13.821261+00:00,201,182.8,
2026-09-21T02:01:13.855234+00:00,201,182.39,
2026-09-21T02:01:13.876238+00:00,201,173.08,
2026-09-21T02:01:13.866648+00:00,201,184.74,
2026-09-21T02:01:13.888807+00:00,201,177.98,
2026-09-21T02:01:13.900151+00:00,201,182.72,
2026-09-21T02:01:13.910860+00:00,201,172.69,
2026-09-21T02:01:13.932159+00:00,201,160.41,
2026-09-21T02:01:13.920713+00:00,201,180.47,
2026-09-21T02:01:13.943977+00:00,201,161.92,
2026-09-21T02:01:13.955536+00:00,201,163.04,
2026-09-21T02:01:13.965938+00:00,201,184.53,
2026-09-21T02:01:13.999521+00:00,201,163.51,
2026-09-21T02:01:13.988376+00:00,201,175.91,
2026-09-21T02:01:14.011178+00:00,201,155.97,
2026-09-21T02:01:13.977371+00:00,201,190.55,
2026-09-21T02:01:14.021202+00:00,201,158.41,
2026-09-21T02:01:14.033047+00:00,201,156.23,
2026-09-21T02:01:14.055615+00:00,201,171.8,
2026-09-21T02:01:14.043971+00:00,201,185.15,
2026-09-21T02:01:14.077159+00:00,201,162.48,
2026-09-21T02:01:14.065866+00:00,201,175.49,
2026-09-21T02:01:14.088532+00:00,201,162.76,
2026-09-21T02:01:14.100143+00:00,201,160.63,
2026-09-21T02:01:14.110004+00:00,201,162.57,
2026-09-21T02:01:14.121429+00:00,201,186.99,
2026-09-21T02:01:14.154486+00:00,201,160.41,
2026-09-21T02:01:14.143380+00:00,201,176.81,
2026-09-21T02:01:14.166165+00:00,201,156.55,
2026-09-21T02:01:14.133395+00:00,201,190.76,
2026-09-21T02:01:14.177662+00:00,201,176.91,
2026-09-21T02:01:14.198801+00:00,201,170.82,
2026-09-21T02:01:14.187479+00:00,201,183.55,
2026-09-21T02:01:14.210078+00:00,201,177.16,
2026-09-21T02:01:14.232920+00:00,201,166.58,
2026-09-21T02:01:14.221529+00:00,201,179.08,
2026-09-21T02:01:14.244110+00:00,201,159.88,
2026-09-21T02:01:14.265396+00:00,201,191.92,
2026-09-21T02:01:14.277204+00:00,201,181.32,
2026-09-21T02:01:14.254065+00:00,201,205.98,
2026-09-21T02:01:14.287631+00:00,201,175.22,
2026-09-21T02:01:14.299219+00:00,201,172.85,
2026-09-21T02:01:14.309718+00:00,201,177.49,
2026-09-21T02:01:14.321442+00:00,201,184.6,
2026-09-21T02:01:14.333188+00:00,201,176.37,
2026-09-21T02:01:14.343312+00:00,201,192.15,
2026-09-21T02:01:14.365159+00:00,201,172.39,
2026-09-21T02:01:14.355002+00:00,201,183.17,
2026-09-21T02:01:14.387861+00:00,201,163.67,
2026-09-21T02:01:14.376417+00:00,201,176.84,
2026-09-21T02:01:14.411198+00:00,201,174.55,
2026-09-21T02:01:14.401302+00:00,201,185.92,
2026-09-21T02:01:14.421267+00:00,201,177.87,
2026-09-21T02:01:14.443012+00:00,201,171.17,
2026-09-21T02:01:14.433369+00:00,201,181.26,
2026-09-21T02:01:14.455461+00:00,201,174.8,
2026-09-21T02:01:14.465399+00:00,201,180.63,
2026-09-21T02:01:14.476567+00:00,201,170.5,
2026-09-21T02:01:14.488118+00:00,201,170.92,
2026-09-21T02:01:14.509700+00:00,201,168.65,
2026-09-21T02:01:14.499853+00:00,201,180.29,
2026-09-21T02:01:14.521267+00:00,201,170.76,
2026-09-21T02:01:14.543149+00:00,201,162.96,
2026-09-21T02:01:14.532499+00:00,201,175.89,
2026-09-21T02:01:14.577093+00:00,201,159.91,
2026-09-21T02:01:14.565407+00:00,201,176.04,
2026-09-21T02:01:14.554256+00:00,201,187.75,
2026-09-21T02:01:14.587471+00:00,201,164.09,
2026-09-21T02:01:14.599614+00:00,201,174.89,
2026-09-21T02:01:14.621934+00:00,201,163.91,
2026-09-21T02:01:14.609684+00:00,201,180.76,
2026-09-21T02:01:14.632786+00:00,201,162.67,
2026-09-21T02:01:14.644344+00:00,201,159.38,
2026-09-21T02:01:14.676338+00:00,201,158.5,
2026-09-21T02:01:14.654920+00:00,201,180.46,
2026-09-21T02:01:14.666437+00:00,201,169.52,
2026-09-21T02:01:14.699344+00:00,201,177.26,
2026-09-21T02:01:14.687747+00:00,201,189.3,
2026-09-21T02:01:14.710179+00:00,201,167.33,
2026-09-21T02:01:14.721305+00:00,201,164.94,
2026-09-21T02:01:14.744174+00:00,201,180.46,
2026-09-21T02:01:14.733367+00:00,201,191.44,
2026-09-21T02:01:14.755088+00:00,201,185.77,
2026-09-21T02:01:14.776986+00:00,201,176.86,
2026-09-21T02:01:14.766779+00:00,201,187.41,
2026-09-21T02:01:14.800010+00:00,201,161.16,
2026-09-21T02:01:14.811096+00:00,201,158.54,
2026-09-21T02:01:14.788659+00:00,201,182.76,
2026-09-21T02:01:14.844380+00:00,201,159.66,
2026-09-21T02:01:14.822091+00:00,201,182.88,
2026-09-21T02:01:14.854640+00:00,201,156.3,
2026-09-21T02:01:14.833056+00:00,201,186.73,
2026-09-21T02:01:14.865200+00:00,201,170.41,
2026-09-21T02:01:14.877679+00:00,201,176.92,
2026-09-21T02:01:14.910248+00:00,201,162.35,
2026-09-21T02:01:14.887495+00:00,201,187.06,
2026-09-21T02:01:14.898778+00:00,201,187.34,
2026-09-21T02:01:14.921705+00:00,201,181.53,
2026-09-21T02:01:14.944548+00:00,201,170.49,
2026-09-21T02:01:14.933052+00:00,201,187.47,
2026-09-21T02:01:14.965473+00:00,201,160.13,
2026-09-21T02:01:14.954646+00:00,201,177.38,
2026-09-21T02:01:14.976885+00:00,201,172.95,
2026-09-21T02:01:14.999836+00:00,201,158.12,
2026-09-21T02:01:14.988100+00:00,201,179.0,
2026-09-21T02:01:15.011149+00:00,201,172.79,
2026-09-21T02:01:15.020874+00:00,201,177.26,
2026-09-21T02:01:15.032542+00:00,201,182.75,
2026-09-21T02:01:15.043947+00:00,201,173.35,
2026-09-21T02:01:15.055194+00:00,201,164.27,
2026-09-21T02:01:15.065194+00:00,201,182.43,
2026-09-21T02:01:15.076881+00:00,201,187.7,
2026-09-21T02:01:15.088095+00:00,201,177.25,
2026-09-21T02:01:15.120806+00:00,201,156.99,
2026-09-21T02:01:15.098488+00:00,201,183.51,
2026-09-21T02:01:15.110963+00:00,201,183.11,
2026-09-21T02:01:15.132380+00:00,201,178.52,
2026-09-21T02:01:15.143522+00:00,201,180.48,
2026-09-21T02:01:15.155454+00:00,201,170.18,
2026-09-21T02:01:15.165234+00:00,201,161.09,
2026-09-21T02:01:15.188537+00:00,201,170.87,
2026-09-21T02:01:15.176976+00:00,201,183.39,
2026-09-21T02:01:15.198432+00:00,201,179.64,
2026-09-21T02:01:15.221145+00:00,201,163.1,
2026-09-21T02:01:15.210004+00:00,201,182.75,
2026-09-21T02:01:15.232620+00:00,201,171.35,
2026-09-21T02:01:15.254363+00:00,201,185.12,
2026-09-21T02:01:15.265635+00:00,201,175.74,
2026-09-21T02:01:15.276447+00:00,201,177.72,
2026-09-21T02:01:15.299867+00:00,201,169.37,
2026-09-21T02:01:15.287929+00:00,201,183.49,
2026-09-21T02:01:15.331943+00:00,201,154.15,
2026-09-21T02:01:15.309933+00:00,201,179.01,
2026-09-21T02:01:15.321781+00:00,201,183.16,
2026-09-21T02:01:15.355509+00:00,201,156.81,
2026-09-21T02:01:15.343644+00:00,201,175.05,
2026-09-21T02:01:15.365677+00:00,201,155.63,
2026-09-21T02:01:15.377340+00:00,201,173.17,
2026-09-21T02:01:15.387554+00:00,201,181.43,
2026-09-21T02:01:15.398832+00:00,201,187.13,
2026-09-21T02:01:15.409907+00:00,201,177.79,
2026-09-21T02:01:15.432546+00:00,201,167.1,
2026-09-21T02:01:15.421242+00:00,201,180.83,
2026-09-21T02:01:15.444013+00:00,201,174.17,
2026-09-21T02:01:15.455112+00:00,201,166.83,
2026-09-21T02:01:15.476238+00:00,201,160.37,
2026-09-21T02:01:15.466023+00:00,201,184.06,
2026-09-21T02:01:15.487848+00:00,201,176.33,
2026-09-21T02:01:15.510243+00:00,201,170.39,
2026-09-21T02:01:15.499190+00:00,201,184.14,
2026-09-21T02:01:15.521489+00:00,201,173.78,
2026-09-21T02:01:15.532441+00:00,201,180.74,
2026-09-21T02:01:15.555074+00:00,201,162.28,
2026-09-21T02:01:15.543787+00:00,201,183.49,
2026-09-21T02:01:15.566097+00:00,201,174.22,
2026-09-21T02:01:15.578251+00:00,201,179.46,
2026-09-21T02:01:15.588722+00:00,201,181.64,
2026-09-21T02:01:15.599144+00:00,201,172.43,
2026-09-21T02:01:15.610248+00:00,201,163.53,
2026-09-21T02:01:15.622361+00:00,201,156.7,
2026-09-21T02:01:15.633483+00:00,201,172.06,
2026-09-21T02:01:15.644595+00:00,201,177.76,
2026-09-21T02:01:15.654960+00:00,201,167.98,
2026-09-21T02:01:15.666493+00:00,201,175.73,
2026-09-21T02:01:15.687560+00:00,201,161.9,
2026-09-21T02:01:15.677814+00:00,201,178.24,
2026-09-21T02:01:15.699182+00:00,201,179.55,
2026-09-21T02:01:15.710881+00:00,201,179.56,
2026-09-21T02:01:15.732558+00:00,201,164.11,
2026-09-21T02:01:15.720962+00:00,201,185.78,
2026-09-21T02:01:15.743721+00:00,201,168.16,
2026-09-21T02:01:15.766504+00:00,201,161.86,
2026-09-21T02:01:15.755102+00:00,201,185.16,
2026-09-21T02:01:15.798449+00:00,201,157.45,
2026-09-21T02:01:15.788172+00:00,201,170.2,
2026-09-21T02:01:15.776755+00:00,201,182.27,
2026-09-21T02:01:15.820977+00:00,201,166.65,
2026-09-21T02:01:15.809934+00:00,201,180.56,
2026-09-21T02:01:15.831939+00:00,201,160.59,
2026-09-21T02:01:15.843229+00:00,201,180.48,
2026-09-21T02:01:15.854751+00:00,201,183.96,
2026-09-21T02:01:15.866555+00:00,201,187.06,
2026-09-21T02:01:15.876391+00:00,201,178.85,
2026-09-21T02:01:15.887992+00:00,201,180.92,
2026-09-21T02:01:15.910211+00:00,201,170.51,
2026-09-21T02:01:15.899484+00:00,201,185.26,
2026-09-21T02:01:15.921606+00:00,201,178.79,
2026-09-21T02:01:15.933200+00:00,201,171.17,
2026-09-21T02:01:15.943380+00:00,201,169.69,
2026-09-21T02:01:15.965481+00:00,201,159.07,
2026-09-21T02:01:15.955133+00:00,201,173.42,
2026-09-21T02:01:15.977228+00:00,201,167.45,
2026-09-21T02:01:15.988601+00:00,201,173.63,
2026-09-21T02:01:16.000006+00:00,201,177.76,
2026-09-21T02:01:16.011550+00:00,201,168.98,
2026-09-21T02:01:16.032173+00:00,201,157.19,
2026-09-21T02:01:16.021019+00:00,201,171.38,
2026-09-21T02:01:16.055500+00:00,201,161.16,
2026-09-21T02:01:16.066198+00:00,201,160.06,
2026-09-21T02:01:16.043489+00:00,201,184.07,
2026-09-21T02:01:16.077562+00:00,201,160.22,
2026-09-21T02:01:16.088876+00:00,201,159.92,
2026-09-21T02:01:16.098974+00:00,201,176.87,
2026-09-21T02:01:16.110664+00:00,201,180.58,
2026-09-21T02:01:16.122015+00:00,201,184.58,
2026-09-21T02:01:16.132950+00:00,201,175.52,
2026-09-21T02:01:16.143035+00:00,201,180.02,
2026-09-21T02:01:16.166228+00:00,201,171.99,
2026-09-21T02:01:16.178034+00:00,201,160.72,
2026-09-21T02:01:16.154315+00:00,201,185.59,
2026-09-21T02:01:16.198510+00:00,201,158.76,
2026-09-21T02:01:16.187453+00:00,201,180.45,
2026-09-21T02:01:16.209728+00:00,201,176.34,
2026-09-21T02:01:16.220955+00:00,201,181.89,
2026-09-21T02:01:16.244186+00:00,201,164.59,
2026-09-21T02:01:15.244369+00:00,201,1167.38,
2026-09-21T02:01:16.232519+00:00,201,182.08,
2026-09-21T02:01:16.255540+00:00,201,163.6,
2026-09-21T02:01:16.265762+00:00,201,182.9,
2026-09-21T02:01:16.287627+00:00,201,178.87,
2026-09-21T02:01:16.277548+00:00,201,193.64,
2026-09-21T02:01:16.311052+00:00,201,168.87,
2026-09-21T02:01:16.299765+00:00,201,181.9,
2026-09-21T02:01:16.321116+00:00,201,173.71,
2026-09-21T02:01:16.344122+00:00,201,168.07,
2026-09-21T02:01:16.332710+00:00,201,179.9,
2026-09-21T02:01:16.355320+00:00,201,170.41,
2026-09-21T02:01:16.376799+00:00,201,162.09,
2026-09-21T02:01:16.365122+00:00,201,175.29,
2026-09-21T02:01:16.388198+00:00,201,163.51,
2026-09-21T02:01:16.410312+00:00,201,156.76,
2026-09-21T02:01:16.399801+00:00,201,191.59,
2026-09-21T02:01:16.421823+00:00,201,181.79,
2026-09-21T02:01:16.455445+00:00,201,156.92,
2026-09-21T02:01:16.443366+00:00,201,172.11,
2026-09-21T02:01:16.433165+00:00,201,185.66,
2026-09-21T02:01:16.477203+00:00,201,159.42,
2026-09-21T02:01:16.488830+00:00,201,156.59,
2026-09-21T02:01:16.466886+00:00,201,180.33,
2026-09-21T02:01:16.498492+00:00,201,155.47,
2026-09-21T02:01:16.510129+00:00,201,169.45,
2026-09-21T02:01:16.521274+00:00,201,176.44,
2026-09-21T02:01:16.533315+00:00,201,175.28,
2026-09-21T02:01:16.566478+00:00,201,157.83,
2026-09-21T02:01:16.543176+00:00,201,182.59,
2026-09-21T02:01:16.554704+00:00,201,184.6,
2026-09-21T02:01:16.577832+00:00,201,176.03,
2026-09-21T02:01:16.598440+00:00,201,172.42,
2026-09-21T02:01:16.588006+00:00,201,183.28,
2026-09-21T02:01:16.609613+00:00,201,175.4,
2026-09-21T02:01:16.632815+00:00,201,171.38,
2026-09-21T02:01:16.621305+00:00,201,184.45,
2026-09-21T02:01:16.654170+00:00,201,154.43,
2026-09-21T02:01:16.643352+00:00,201,179.58,
2026-09-21T02:01:16.665827+00:00,201,163.68,
2026-09-21T02:01:16.687690+00:00,201,168.38,
2026-09-21T02:01:16.698985+00:00,201,158.99,
2026-09-21T02:01:16.677414+00:00,201,180.91,
2026-09-21T02:01:16.711121+00:00,201,175.35,
2026-09-21T02:01:16.733055+00:00,201,158.43,
2026-09-21T02:01:16.721614+00:00,201,182.96,
2026-09-21T02:01:16.754396+00:00,201,156.78,
2026-09-21T02:01:16.744396+00:00,201,177.32,
2026-09-21T02:01:16.766538+00:00,201,175.06,
2026-09-21T02:01:16.777670+00:00,201,166.1,
2026-09-21T02:01:16.787652+00:00,201,158.52,
2026-09-21T02:01:16.799894+00:00,201,190.85,
2026-09-21T02:01:16.810879+00:00,201,180.28,
2026-09-21T02:01:16.822253+00:00,201,181.59,
2026-09-21T02:01:16.832400+00:00,201,173.53,
2026-09-21T02:01:16.844149+00:00,201,179.18,
2026-09-21T02:01:16.866625+00:00,201,168.79,
2026-09-21T02:01:16.855307+00:00,201,180.59,
2026-09-21T02:01:16.876811+00:00,201,176.52,
2026-09-21T02:01:16.899644+00:00,201,168.73,
2026-09-21T02:01:16.887829+00:00,201,180.8,
2026-09-21T02:01:16.911583+00:00,201,174.47,
2026-09-21T02:01:16.932904+00:00,201,157.8,
2026-09-21T02:01:16.921046+00:00,201,178.32,
2026-09-21T02:01:16.944012+00:00,201,167.24,
2026-09-21T02:01:16.955480+00:00,201,161.92,
2026-09-21T02:01:16.976507+00:00,201,177.41,
2026-09-21T02:01:16.965507+00:00,201,189.23,
2026-09-21T02:01:16.998478+00:00,201,173.64,
2026-09-21T02:01:17.009589+00:00,201,163.04,
2026-09-21T02:01:16.988348+00:00,201,184.74,
2026-09-21T02:01:17.021201+00:00,201,183.28,
2026-09-21T02:01:17.043038+00:00,201,161.9,
2026-09-21T02:01:17.033181+00:00,201,181.35,
2026-09-21T02:01:17.054635+00:00,201,176.2,
2026-09-21T02:01:17.077363+00:00,201,158.65,
2026-09-21T02:01:17.066076+00:00,201,180.92,
2026-09-21T02:01:17.098580+00:00,201,158.51,
2026-09-21T02:01:17.088785+00:00,201,174.9,
2026-09-21T02:01:17.109602+00:00,201,176.48,
2026-09-21T02:01:17.122293+00:00,201,175.72,
2026-09-21T02:01:17.132474+00:00,201,182.4,
2026-09-21T02:01:17.153997+00:00,201,172.8,
2026-09-21T02:01:17.144216+00:00,201,185.94,
2026-09-21T02:01:17.168444+00:00,201,176.48,
2026-09-21T02:01:17.199304+00:00,201,158.16,
2026-09-21T02:01:17.187780+00:00,201,171.98,
2026-09-21T02:01:17.177110+00:00,201,183.28,
2026-09-21T02:01:17.210280+00:00,201,167.19,
2026-09-21T02:01:17.221848+00:00,201,156.16,
2026-09-21T02:01:17.254879+00:00,201,155.35,
2026-09-21T02:01:17.231815+00:00,201,182.26,
2026-09-21T02:01:17.243503+00:00,201,183.82,
2026-09-21T02:01:17.266244+00:00,201,176.48,
2026-09-21T02:01:17.287781+00:00,201,172.1,
2026-09-21T02:01:17.276263+00:00,201,184.76,
2026-09-21T02:01:17.299033+00:00,201,181.25,
2026-09-21T02:01:17.332129+00:00,201,155.79,
2026-09-21T02:01:17.321005+00:00,201,169.57,
2026-09-21T02:01:17.310853+00:00,201,180.17,
2026-09-21T02:01:17.355485+00:00,201,158.95,
2026-09-21T02:01:17.343674+00:00,201,181.16,
2026-09-21T02:01:17.366069+00:00,201,176.82,
2026-09-21T02:01:17.377454+00:00,201,175.15,
2026-09-21T02:01:17.399611+00:00,201,174.87,
2026-09-21T02:01:17.387298+00:00,201,187.89,
2026-09-21T02:01:17.410470+00:00,201,166.25,
2026-09-21T02:01:17.432644+00:00,201,173.77,
2026-09-21T02:01:17.421077+00:00,201,186.04,
2026-09-21T02:01:17.455185+00:00,201,157.22,
2026-09-21T02:01:17.442991+00:00,201,175.42,
2026-09-21T02:01:17.466708+00:00,201,169.75,
2026-09-21T02:01:17.488506+00:00,201,157.68,
2026-09-21T02:01:17.476732+00:00,201,173.65,
2026-09-21T02:01:17.499594+00:00,201,169.92,
2026-09-21T02:01:17.510746+00:00,201,178.33,
2026-09-21T02:01:17.531837+00:00,201,162.62,
2026-09-21T02:01:17.521849+00:00,201,186.18,
2026-09-21T02:01:17.543161+00:00,201,180.02,
2026-09-21T02:01:17.565925+00:00,201,174.15,
2026-09-21T02:01:17.577074+00:00,201,164.98,
2026-09-21T02:01:17.555518+00:00,201,187.05,
2026-09-21T02:01:17.587936+00:00,201,168.64,
2026-09-21T02:01:17.599384+00:00,201,158.62,
2026-09-21T02:01:17.610794+00:00,201,174.73,
2026-09-21T02:01:17.632413+00:00,201,169.44,
2026-09-21T02:01:17.620811+00:00,201,182.49,
2026-09-21T02:01:17.643020+00:00,201,164.0,
2026-09-21T02:01:17.654762+00:00,201,166.94,
2026-09-21T02:01:17.666570+00:00,201,165.21,
2026-09-21T02:01:17.676257+00:00,201,161.89,
2026-09-21T02:01:17.698597+00:00,201,174.39,
2026-09-21T02:01:17.688196+00:00,201,188.33,
2026-09-21T02:01:17.711271+00:00,201,178.98,
2026-09-21T02:01:17.743929+00:00,201,159.29,
2026-09-21T02:01:17.732639+00:00,201,172.49,
2026-09-21T02:01:17.720883+00:00,201,185.34,
2026-09-21T02:01:17.755163+00:00,201,168.34,
2026-09-21T02:01:17.766241+00:00,201,158.28,
2026-09-21T02:01:17.777876+00:00,201,161.43,
2026-09-21T02:01:17.787774+00:00,201,167.65,
2026-09-21T02:01:17.799504+00:00,201,161.34,
2026-09-21T02:01:17.821635+00:00,201,158.79,
2026-09-21T02:01:17.810195+00:00,201,180.3,
2026-09-21T02:01:17.832580+00:00,201,164.57,
2026-09-21T02:01:17.842914+00:00,201,160.2,
2026-09-21T02:01:17.865673+00:00,201,163.24,
2026-09-21T02:01:17.854261+00:00,201,179.25,
2026-09-21T02:01:17.877551+00:00,201,176.85,
2026-09-21T02:01:17.887809+00:00,201,182.21,
2026-09-21T02:01:17.920766+00:00,201,158.47,
2026-09-21T02:01:17.899485+00:00,201,183.57,
2026-09-21T02:01:17.910927+00:00,201,172.72,
2026-09-21T02:01:17.932305+00:00,201,157.39,
2026-09-21T02:01:17.943871+00:00,201,172.64,
2026-09-21T02:01:17.955695+00:00,201,163.35,
2026-09-21T02:01:17.965387+00:00,201,175.19,
2026-09-21T02:01:17.977651+00:00,201,174.92,
2026-09-21T02:01:17.998759+00:00,201,157.65,
2026-09-21T02:01:18.010525+00:00,201,159.65,
2026-09-21T02:01:17.987385+00:00,201,184.59,
2026-09-21T02:01:18.021377+00:00,201,184.32,
2026-09-21T02:01:18.042921+00:00,201,178.05,
2026-09-21T02:01:18.033774+00:00,201,190.12,
2026-09-21T02:01:18.065427+00:00,201,168.8,
2026-09-21T02:01:18.054817+00:00,201,182.91,
2026-09-21T02:01:18.076934+00:00,201,171.33,
2026-09-21T02:01:18.098629+00:00,201,158.06,
2026-09-21T02:01:18.088659+00:00,201,175.89,
2026-09-21T02:01:18.110040+00:00,201,173.04,
2026-09-21T02:01:18.132232+00:00,201,159.14,
2026-09-21T02:01:18.121892+00:00,201,177.45,
2026-09-21T02:01:18.154956+00:00,201,161.83,
2026-09-21T02:01:18.143288+00:00,201,174.69,
2026-09-21T02:01:18.165215+00:00,201,183.32,
2026-09-21T02:01:18.176690+00:00,201,175.47,
2026-09-21T02:01:18.200017+00:00,201,164.62,
2026-09-21T02:01:18.188228+00:00,201,177.25,
2026-09-21T02:01:18.221641+00:00,201,174.56,
2026-09-21T02:01:18.210256+00:00,201,186.45,
2026-09-21T02:01:18.233457+00:00,201,177.61,
2026-09-21T02:01:18.243763+00:00,201,169.38,
2026-09-21T02:01:18.255080+00:00,201,173.99,
2026-09-21T02:01:18.266557+00:00,201,163.97,
2026-09-21T02:01:18.276384+00:00,201,167.26,
2026-09-21T02:01:18.287712+00:00,201,170.96,
2026-09-21T02:01:18.299438+00:00,201,175.7,
2026-09-21T02:01:18.321226+00:00,201,156.31,
2026-09-21T02:01:18.332516+00:00,201,157.8,
2026-09-21T02:01:18.309677+00:00,201,184.83,
2026-09-21T02:01:18.344298+00:00,201,184.97,
2026-09-21T02:01:18.354434+00:00,201,177.07,
2026-09-21T02:01:18.365699+00:00,201,165.92,
2026-09-21T02:01:18.387474+00:00,201,162.88,
2026-09-21T02:01:18.377496+00:00,201,183.75,
2026-09-21T02:01:18.411332+00:00,201,157.91,
2026-09-21T02:01:18.399146+00:00,201,177.56,
2026-09-21T02:01:18.420805+00:00,201,174.01,
2026-09-21T02:01:18.431723+00:00,201,176.97,
2026-09-21T02:01:18.454873+00:00,201,157.74,
2026-09-21T02:01:18.443072+00:00,201,184.27,
2026-09-21T02:01:18.466649+00:00,201,164.51,
2026-09-21T02:01:18.476807+00:00,201,183.94,
2026-09-21T02:01:18.488277+00:00,201,174.23,
2026-09-21T02:01:18.499612+00:00,201,175.33,
2026-09-21T02:01:18.511206+00:00,201,175.25,
2026-09-21T02:01:18.532175+00:00,201,174.3,
2026-09-21T02:01:18.521125+00:00,201,187.05,
2026-09-21T02:01:18.554720+00:00,201,156.75,
2026-09-21T02:01:18.543643+00:00,201,178.8,
2026-09-21T02:01:18.566149+00:00,201,157.22,
2026-09-21T02:01:18.588819+00:00,201,157.68,
2026-09-21T02:01:18.577624+00:00,201,178.36,
2026-09-21T02:01:18.598967+00:00,201,170.58,
2026-09-21T02:01:18.610511+00:00,201,177.18,
2026-09-21T02:01:18.622148+00:00,201,181.09,
2026-09-21T02:01:18.631995+00:00,201,173.39,
2026-09-21T02:01:18.644390+00:00,201,179.13,
2026-09-21T02:01:18.666378+00:00,201,165.97,
2026-09-21T02:01:18.654785+00:00,201,184.82,
2026-09-21T02:01:18.676764+00:00,201,176.99,
2026-09-21T02:01:18.688309+00:00,201,182.0,
2026-09-21T02:01:18.721135+00:00,201,156.68,
2026-09-21T02:01:18.709906+00:00,201,174.8,
2026-09-21T02:01:18.699924+00:00,201,186.3,
2026-09-21T02:01:18.732705+00:00,201,172.93,
2026-09-21T02:01:18.743957+00:00,201,174.38,
2026-09-21T02:01:18.766663+00:00,201,157.54,
2026-09-21T02:01:18.755351+00:00,201,184.23,
2026-09-21T02:01:18.776487+00:00,201,181.59,
2026-09-21T02:01:18.799385+00:00,201,163.28,
2026-09-21T02:01:18.787766+00:00,201,187.53,
2026-09-21T02:01:18.810507+00:00,201,181.3,
2026-09-21T02:01:18.832740+00:00,201,164.86,
2026-09-21T02:01:18.821702+00:00,201,186.09,
2026-09-21T02:01:18.843114+00:00,201,177.21,
2026-09-21T02:01:18.865215+00:00,201,171.23,
2026-09-21T02:01:18.854148+00:00,201,183.08,
2026-09-21T02:01:18.878051+00:00,201,173.47,
2026-09-21T02:01:18.899014+00:00,201,174.27,
2026-09-21T02:01:18.888808+00:00,201,186.28,
2026-09-21T02:01:18.910298+00:00,201,176.27,
2026-09-21T02:01:18.921985+00:00,201,177.81,
2026-09-21T02:01:18.943591+00:00,201,160.26,
2026-09-21T02:01:18.933899+00:00,201,187.43,
2026-09-21T02:01:18.955324+00:00,201,166.43,
2026-09-21T02:01:18.965638+00:00,201,162.76,
2026-09-21T02:01:18.988815+00:00,201,164.69,
2026-09-21T02:01:18.977071+00:00,201,192.07,
2026-09-21T02:01:18.998724+00:00,201,185.64,
2026-09-21T02:01:19.010442+00:00,201,174.8,
2026-09-21T02:01:19.021583+00:00,201,165.55,
2026-09-21T02:01:19.033431+00:00,201,171.38,
2026-09-21T02:01:19.043426+00:00,201,176.58,
2026-09-21T02:01:19.066340+00:00,201,169.03,
2026-09-21T02:01:19.054943+00:00,201,181.22,
2026-09-21T02:01:19.077524+00:00,201,175.11,
2026-09-21T02:01:19.087339+00:00,201,167.15,
2026-09-21T02:01:19.099176+00:00,201,157.83,
2026-09-21T02:01:19.110754+00:00,201,166.92,
2026-09-21T02:01:19.122153+00:00,201,160.45,
2026-09-21T02:01:19.132138+00:00,201,153.71,
2026-09-21T02:01:19.143341+00:00,201,176.16,
2026-09-21T02:01:19.167252+00:00,201,168.92,
2026-09-21T02:01:19.154688+00:00,201,182.23,
2026-09-21T02:01:19.188160+00:00,201,178.71,
2026-09-21T02:01:19.177242+00:00,201,190.56,
2026-09-21T02:01:19.211163+00:00,201,161.08,
2026-09-21T02:01:19.199598+00:00,201,179.4,
2026-09-21T02:01:19.221201+00:00,201,159.05,
2026-09-21T02:01:19.233179+00:00,201,158.23,
2026-09-21T02:01:19.255108+00:00,201,164.6,
2026-09-21T02:01:19.265440+00:00,201,157.03,
2026-09-21T02:01:19.243347+00:00,201,182.13,
2026-09-21T02:01:19.277162+00:00,201,161.14,
2026-09-21T02:01:19.298944+00:00,201,156.46,
2026-09-21T02:01:19.288794+00:00,201,170.42,
2026-09-21T02:01:19.310963+00:00,201,184.82,
2026-09-21T02:01:19.321239+00:00,201,175.76,
2026-09-21T02:01:19.333137+00:00,201,183.15,
2026-09-21T02:01:19.354539+00:00,201,162.34,
2026-09-21T02:01:19.344562+00:00,201,183.2,
2026-09-21T02:01:19.367065+00:00,201,179.38,
2026-09-21T02:01:19.387429+00:00,201,170.9,
2026-09-21T02:01:19.377466+00:00,201,182.19,
2026-09-21T02:01:19.398958+00:00,201,175.39,
2026-09-21T02:01:19.423166+00:00,201,156.89,
2026-09-21T02:01:19.410737+00:00,201,180.24,
2026-09-21T02:01:19.432325+00:00,201,160.05,
2026-09-21T02:01:19.443615+00:00,201,160.23,
2026-09-21T02:01:19.455784+00:00,201,157.17,
2026-09-21T02:01:19.465292+00:00,201,177.46,
2026-09-21T02:01:19.476424+00:00,201,180.68,
2026-09-21T02:01:19.499120+00:00,201,165.14,
2026-09-21T02:01:19.488521+00:00,201,190.01,
2026-09-21T02:01:19.521721+00:00,201,157.78,
2026-09-21T02:01:19.513623+00:00,201,177.63,
2026-09-21T02:01:19.531776+00:00,201,172.49,
2026-09-21T02:01:19.544437+00:00,201,175.3,
2026-09-21T02:01:19.554419+00:00,201,170.34,
2026-09-21T02:01:19.565945+00:00,201,175.38,
2026-09-21T02:01:19.577105+00:00,201,165.96,
2026-09-21T02:01:19.600148+00:00,201,169.32,
2026-09-21T02:01:19.588724+00:00,201,184.46,
2026-09-21T02:01:19.609639+00:00,201,164.67,
2026-09-21T02:01:19.633066+00:00,201,168.74,
2026-09-21T02:01:19.622300+00:00,201,182.03,
2026-09-21T02:01:19.643036+00:00,201,178.55,
2026-09-21T02:01:19.654479+00:00,201,182.29,
2026-09-21T02:01:19.665553+00:00,201,173.09,
2026-09-21T02:01:19.677190+00:00,201,168.29,
2026-09-21T02:01:19.699136+00:00,201,159.48,
2026-09-21T02:01:19.687752+00:00,201,185.55,
2026-09-21T02:01:19.709788+00:00,201,177.8,
2026-09-21T02:01:19.720654+00:00,201,187.25,
2026-09-21T02:01:19.732418+00:00,201,177.34,
2026-09-21T02:01:19.743154+00:00,201,175.92,
2026-09-21T02:01:19.754474+00:00,201,167.13,
2026-09-21T02:01:19.766070+00:00,201,159.12,
2026-09-21T02:01:19.777728+00:00,201,177.73,
2026-09-21T02:01:19.787773+00:00,201,184.54,
2026-09-21T02:01:19.799990+00:00,201,175.06,
2026-09-21T02:01:19.821751+00:00,201,164.3,
2026-09-21T02:01:19.810758+00:00,201,176.48,
2026-09-21T02:01:19.833125+00:00,201,154.65,
2026-09-21T02:01:19.844070+00:00,201,179.51,
2026-09-21T02:01:19.855641+00:00,201,179.98,
2026-09-21T02:01:19.865509+00:00,201,170.58,
2026-09-21T02:01:19.877840+00:00,201,173.3,
2026-09-21T02:01:19.898970+00:00,201,165.74,
2026-09-21T02:01:19.888266+00:00,201,180.24,
2026-09-21T02:01:19.910368+00:00,201,161.08,
2026-09-21T02:01:19.932244+00:00,201,157.09,
2026-09-21T02:01:19.922025+00:00,201,173.62,
2026-09-21T02:01:19.944219+00:00,201,171.4,
2026-09-21T02:01:19.955422+00:00,201,175.53,
2026-09-21T02:01:19.965621+00:00,201,181.08,
2026-09-21T02:01:19.977264+00:00,201,170.86,
2026-09-21T02:01:19.988273+00:00,201,172.9,
2026-09-21T02:01:19.999943+00:00,201,162.73,
2026-09-21T02:01:20.021383+00:00,201,165.75,
2026-09-21T02:01:20.010073+00:00,201,186.75,
2026-09-21T02:01:20.033281+00:00,201,179.13,
2026-09-21T02:01:20.066035+00:00,201,163.4,
2026-09-21T02:01:20.054821+00:00,201,177.34,
2026-09-21T02:01:20.043439+00:00,201,191.34,
2026-09-21T02:01:20.088191+00:00,201,158.79,
2026-09-21T02:01:20.076552+00:00,201,180.5,
2026-09-21T02:01:20.099826+00:00,201,168.76,
2026-09-21T02:01:20.111250+00:00,201,171.01,
2026-09-21T02:01:20.131665+00:00,201,154.89,
2026-09-21T02:01:20.121310+00:00,201,178.81,
2026-09-21T02:01:20.143517+00:00,201,177.86,
2026-09-21T02:01:20.166733+00:00,201,157.75,
2026-09-21T02:01:20.155378+00:00,201,175.25,
2026-09-21T02:01:20.177037+00:00,201,174.86,
2026-09-21T02:01:20.188391+00:00,201,178.3,
2026-09-21T02:01:20.210288+00:00,201,164.03,
2026-09-21T02:01:20.198882+00:00,201,186.57,
2026-09-21T02:01:20.221989+00:00,201,173.32,
2026-09-21T02:01:20.243159+00:00,201,170.05,
2026-09-21T02:01:20.254871+00:00,201,159.92,
2026-09-21T02:01:20.232348+00:00,201,182.88,
2026-09-21T02:01:20.266477+00:00,201,164.31,
2026-09-21T02:01:20.287792+00:00,201,157.06,
2026-09-21T02:01:20.276568+00:00,201,189.04,
2026-09-21T02:01:20.299357+00:00,201,166.89,
2026-09-21T02:01:20.321798+00:00,201,168.92,
2026-09-21T02:01:20.309879+00:00,201,185.77,
2026-09-21T02:01:20.333357+00:00,201,177.46,
2026-09-21T02:01:20.354900+00:00,201,170.58,
2026-09-21T02:01:20.343432+00:00,201,183.81,
2026-09-21T02:01:20.377454+00:00,201,158.5,
2026-09-21T02:01:20.367126+00:00,201,173.68,
2026-09-21T02:01:20.387434+00:00,201,159.28,
2026-09-21T02:01:20.399129+00:00,201,175.88,
2026-09-21T02:01:20.410820+00:00,201,180.16,
2026-09-21T02:01:20.432483+00:00,201,158.87,
2026-09-21T02:01:20.444244+00:00,201,156.82,
2026-09-21T02:01:20.420715+00:00,201,184.83,
2026-09-21T02:01:20.465498+00:00,201,165.9,
2026-09-21T02:01:20.476248+00:00,201,161.43,
2026-09-21T02:01:20.454555+00:00,201,184.11,
2026-09-21T02:01:20.499288+00:00,201,169.19,
2026-09-21T02:01:20.487688+00:00,201,183.51,
2026-09-21T02:01:20.522215+00:00,201,156.35,
2026-09-21T02:01:20.510755+00:00,201,171.74,
2026-09-21T02:01:20.532374+00:00,201,171.74,
2026-09-21T02:01:20.543642+00:00,201,176.8,
2026-09-21T02:01:20.555433+00:00,201,183.21,
2026-09-21T02:01:20.565514+00:00,201,174.43,
2026-09-21T02:01:20.576654+00:00,201,181.68,
2026-09-21T02:01:20.588055+00:00,201,181.54,
2026-09-21T02:01:20.599392+00:00,201,174.02,
2026-09-21T02:01:20.610830+00:00,201,176.96,
2026-09-21T02:01:20.621791+00:00,201,183.36,
2026-09-21T02:01:20.633236+00:00,201,172.99,
2026-09-21T02:01:20.643807+00:00,201,175.75,
2026-09-21T02:01:20.654076+00:00,201,167.23,
2026-09-21T02:01:20.676321+00:00,201,161.4,
2026-09-21T02:01:20.665621+00:00,201,175.72,
2026-09-21T02:01:20.699433+00:00,201,167.16,
2026-09-21T02:01:20.689021+00:00,201,183.61,
2026-09-21T02:01:20.721549+00:00,201,165.81,
2026-09-21T02:01:20.710246+00:00,201,181.03,
2026-09-21T02:01:20.731878+00:00,201,165.01,
2026-09-21T02:01:20.744135+00:00,201,182.39,
2026-09-21T02:01:20.754834+00:00,201,184.53,
2026-09-21T02:01:20.766395+00:00,201,173.48,
2026-09-21T02:01:20.788058+00:00,201,154.1,
2026-09-21T02:01:20.777428+00:00,201,176.25,
2026-09-21T02:01:20.799031+00:00,201,167.14,
2026-09-21T02:01:20.821786+00:00,201,157.43,
2026-09-21T02:01:20.810874+00:00,201,173.71,
2026-09-21T02:01:20.843515+00:00,201,173.7,
2026-09-21T02:01:20.855014+00:00,201,162.67,
2026-09-21T02:01:20.833449+00:00,201,186.39,
2026-09-21T02:01:20.887481+00:00,201,158.94,
2026-09-21T02:01:20.877718+00:00,201,173.64,
2026-09-21T02:01:20.866826+00:00,201,186.53,
2026-09-21T02:01:20.899070+00:00,201,167.55,
2026-09-21T02:01:20.910933+00:00,201,162.89,
2026-09-21T02:01:20.921559+00:00,201,179.58,
2026-09-21T02:01:20.933200+00:00,201,169.06,
2026-09-21T02:01:20.944434+00:00,201,169.08,
2026-09-21T02:01:20.954684+00:00,201,179.69,
2026-09-21T02:01:20.977252+00:00,201,168.73,
2026-09-21T02:01:20.965593+00:00,201,183.59,
2026-09-21T02:01:20.987353+00:00,201,174.53,
2026-09-21T02:01:20.999078+00:00,201,163.6,
2026-09-21T02:01:21.022199+00:00,201,173.59,
2026-09-21T02:01:21.010321+00:00,201,185.97,
2026-09-21T02:01:21.032241+00:00,201,178.76,
2026-09-21T02:01:21.054227+00:00,201,174.45,
2026-09-21T02:01:21.044002+00:00,201,186.9,
2026-09-21T02:01:21.076972+00:00,201,162.22,
2026-09-21T02:01:21.066354+00:00,201,180.49,
2026-09-21T02:01:21.088399+00:00,201,160.45,
2026-09-21T02:01:21.099986+00:00,201,160.93,
2026-09-21T02:01:21.120948+00:00,201,160.24,
2026-09-21T02:01:21.109782+00:00,201,188.76,
2026-09-21T02:01:21.132486+00:00,201,176.8,
2026-09-21T02:01:21.143561+00:00,201,176.03,
2026-09-21T02:01:21.166578+00:00,201,156.67,
2026-09-21T02:01:21.176335+00:00,201,158.18,
2026-09-21T02:01:21.155127+00:00,201,180.75,
2026-09-21T02:01:21.188005+00:00,201,181.47,
2026-09-21T02:01:21.199224+00:00,201,172.37,
2026-09-21T02:01:21.210310+00:00,201,178.32,
2026-09-21T02:01:21.220923+00:00,201,181.92,
2026-09-21T02:01:21.243847+00:00,201,160.77,
2026-09-21T02:01:21.232350+00:00,201,190.22,
2026-09-21T02:01:21.255205+00:00,201,180.17,
2026-09-21T02:01:21.266738+00:00,201,184.8,
2026-09-21T02:01:21.277198+00:00,201,176.65,
2026-09-21T02:01:21.298896+00:00,201,157.69,
2026-09-21T02:01:21.288530+00:00,201,181.05,
2026-09-21T02:01:21.311144+00:00,201,173.16,
2026-09-21T02:01:21.332537+00:00,201,158.06,
2026-09-21T02:01:21.320846+00:00,201,176.33,
2026-09-21T02:01:21.343855+00:00,201,161.95,
2026-09-21T02:01:21.355354+00:00,201,177.73,
2026-09-21T02:01:21.377110+00:00,201,172.88,
2026-09-21T02:01:21.365539+00:00,201,185.22,
2026-09-21T02:01:21.387973+00:00,201,178.1,
2026-09-21T02:01:21.420693+00:00,201,156.4,
2026-09-21T02:01:21.410659+00:00,201,169.82,
2026-09-21T02:01:21.399373+00:00,201,182.93,
2026-09-21T02:01:21.443738+00:00,201,174.0,
2026-09-21T02:01:21.455040+00:00,201,164.29,
2026-09-21T02:01:21.432432+00:00,201,187.29,
2026-09-21T02:01:21.478595+00:00,201,158.61,
2026-09-21T02:01:21.466544+00:00,201,179.81,
2026-09-21T02:01:21.488851+00:00,201,174.4,
2026-09-21T02:01:21.499694+00:00,201,180.38,
2026-09-21T02:01:21.521701+00:00,201,175.82,
2026-09-21T02:01:21.510806+00:00,201,189.08,
2026-09-21T02:01:21.533397+00:00,201,185.48,
2026-09-21T02:01:21.543178+00:00,201,187.61,
2026-09-21T02:01:21.566444+00:00,201,176.65,
2026-09-21T02:01:21.554745+00:00,201,188.74,
2026-09-21T02:01:21.588885+00:00,201,157.02,
2026-09-21T02:01:21.576550+00:00,201,180.87,
2026-09-21T02:01:21.599561+00:00,201,175.2,
2026-09-21T02:01:21.610585+00:00,201,183.19,
2026-09-21T02:01:21.620945+00:00,201,176.86,
2026-09-21T02:01:21.642980+00:00,201,164.72,
2026-09-21T02:01:21.631920+00:00,201,177.48,
2026-09-21T02:01:21.654080+00:00,201,167.11,
2026-09-21T02:01:21.665472+00:00,201,168.21,
2026-09-21T02:01:21.677119+00:00,201,178.73,
2026-09-21T02:01:21.711082+00:00,201,157.63,
2026-09-21T02:01:21.687354+00:00,201,184.02,
2026-09-21T02:01:21.698779+00:00,201,188.67,
2026-09-21T02:01:21.721498+00:00,201,168.02,
2026-09-21T02:01:21.732938+00:00,201,171.33,
2026-09-21T02:01:21.743954+00:00,201,177.08,
2026-09-21T02:01:21.754696+00:00,201,171.74,
2026-09-21T02:01:21.766237+00:00,201,162.16,
2026-09-21T02:01:21.787685+00:00,201,160.81,
2026-09-21T02:01:21.777720+00:00,201,180.41,
2026-09-21T02:01:21.799165+00:00,201,168.91,
2026-09-21T02:01:21.810172+00:00,201,160.23,
2026-09-21T02:01:21.843580+00:00,201,158.85,
2026-09-21T02:01:21.821848+00:00,201,182.84,
2026-09-21T02:01:21.833987+00:00,201,172.67,
2026-09-21T02:01:21.854633+00:00,201,160.95,
2026-09-21T02:01:21.865608+00:00,201,171.37,
2026-09-21T02:01:21.876728+00:00,201,174.8,
2026-09-21T02:01:21.888323+00:00,201,180.13,
2026-09-21T02:01:21.921088+00:00,201,161.47,
2026-09-21T02:01:21.911033+00:00,201,174.68,
2026-09-21T02:01:21.899372+00:00,201,189.19,
2026-09-21T02:01:21.932675+00:00,201,161.98,
2026-09-21T02:01:21.944277+00:00,201,174.81,
2026-09-21T02:01:21.954327+00:00,201,181.72,
2026-09-21T02:01:21.965817+00:00,201,186.7,
2026-09-21T02:01:21.977551+00:00,201,175.52,
2026-09-21T02:01:22.010311+00:00,201,158.44,
2026-09-21T02:01:21.989046+00:00,201,182.23,
2026-09-21T02:01:21.998848+00:00,201,183.71,
2026-09-21T02:01:22.021664+00:00,201,178.04,
2026-09-21T02:01:22.033234+00:00,201,179.39,
2026-09-21T02:01:22.044542+00:00,201,169.2,
2026-09-21T02:01:22.054449+00:00,201,174.76,
2026-09-21T02:01:22.065889+00:00,201,179.72,
2026-09-21T02:01:22.077584+00:00,201,185.33,
2026-09-21T02:01:22.089233+00:00,201,174.23,
2026-09-21T02:01:22.110197+00:00,201,164.98,
2026-09-21T02:01:22.120781+00:00,201,157.31,
2026-09-21T02:01:22.098619+00:00,201,181.32,
2026-09-21T02:01:22.132298+00:00,201,178.56,
2026-09-21T02:01:22.154607+00:00,201,162.87,
2026-09-21T02:01:22.144182+00:00,201,182.72,
2026-09-21T02:01:22.166249+00:00,201,176.64,
2026-09-21T02:01:22.177684+00:00,201,177.55,
2026-09-21T02:01:22.210961+00:00,201,156.68,
2026-09-21T02:01:22.188765+00:00,201,181.58,
2026-09-21T02:01:22.198981+00:00,201,172.8,
2026-09-21T02:01:22.231998+00:00,201,172.01,
2026-09-21T02:01:22.222324+00:00,201,181.87,
2026-09-21T02:01:22.243630+00:00,201,175.46,
2026-09-21T02:01:22.266332+00:00,201,161.19,
2026-09-21T02:01:22.254880+00:00,201,179.38,
2026-09-21T02:01:22.276503+00:00,201,161.76,
2026-09-21T02:01:22.287829+00:00,201,179.56,
2026-09-21T02:01:22.320674+00:00,201,159.64,
2026-09-21T02:01:22.309846+00:00,201,173.52,
2026-09-21T02:01:22.299603+00:00,201,185.69,
2026-09-21T02:01:22.332326+00:00,201,158.43,
2026-09-21T02:01:22.343238+00:00,201,175.86,
2026-09-21T02:01:22.365216+00:00,201,160.98,
2026-09-21T02:01:22.355532+00:00,201,176.45,
2026-09-21T02:01:22.387567+00:00,201,158.11,
2026-09-21T02:01:22.377471+00:00,201,169.75,
2026-09-21T02:01:22.399409+00:00,201,157.07,
2026-09-21T02:01:22.410934+00:00,201,159.21,
2026-09-21T02:01:22.422390+00:00,201,168.49,
2026-09-21T02:01:22.432135+00:00,201,186.37,
2026-09-21T02:01:22.443491+00:00,201,176.27,
2026-09-21T02:01:22.455028+00:00,201,165.64,
2026-09-21T02:01:22.476164+00:00,201,169.65,
2026-09-21T02:01:22.466639+00:00,201,180.83,
2026-09-21T02:01:22.488632+00:00,201,176.32,
2026-09-21T02:01:22.498490+00:00,201,181.28,
2026-09-21T02:01:22.510118+00:00,201,169.93,
2026-09-21T02:01:22.521605+00:00,201,160.56,
2026-09-21T02:01:22.533346+00:00,201,172.09,
2026-09-21T02:01:22.543293+00:00,201,178.85,
2026-09-21T02:01:22.554378+00:00,201,170.72,
2026-09-21T02:01:22.565800+00:00,201,173.67,
2026-09-21T02:01:22.587426+00:00,201,162.31,
2026-09-21T02:01:22.577523+00:00,201,175.25,
2026-09-21T02:01:22.598643+00:00,201,163.51,
2026-09-21T02:01:22.609995+00:00,201,181.86,
2026-09-21T02:01:22.632761+00:00,201,173.48,
2026-09-21T02:01:22.621130+00:00,201,185.67,
2026-09-21T02:01:22.654421+00:00,201,157.65,
2026-09-21T02:01:22.643676+00:00,201,176.53,
2026-09-21T02:01:22.666496+00:00,201,169.99,
2026-09-21T02:01:22.687638+00:00,201,155.47,
2026-09-21T02:01:22.677687+00:00,201,173.3,
2026-09-21T02:01:22.699285+00:00,201,176.0,
2026-09-21T02:01:22.710737+00:00,201,175.73,
2026-09-21T02:01:22.732543+00:00,201,164.09,
2026-09-21T02:01:22.722581+00:00,201,183.63,
2026-09-21T02:01:22.743447+00:00,201,181.65,
2026-09-21T02:01:22.766210+00:00,201,161.23,
2026-09-21T02:01:22.777810+00:00,201,165.08,
2026-09-21T02:01:22.754596+00:00,201,188.94,
2026-09-21T02:01:22.799720+00:00,201,157.25,
2026-09-21T02:01:22.788437+00:00,201,184.55,
2026-09-21T02:01:22.810384+00:00,201,182.84,
2026-09-21T02:01:22.832169+00:00,201,171.92,
2026-09-21T02:01:22.822301+00:00,201,185.52,
2026-09-21T02:01:22.843402+00:00,201,175.28,
2026-09-21T02:01:22.854258+00:00,201,179.75,
2026-09-21T02:01:22.866030+00:00,201,169.64,
2026-09-21T02:01:22.877123+00:00,201,159.75,
2026-09-21T02:01:22.888473+00:00,201,158.56,
2026-09-21T02:01:22.900053+00:00,201,169.19,
2026-09-21T02:01:22.921364+00:00,201,159.99,
2026-09-21T02:01:22.909976+00:00,201,177.37,
2026-09-21T02:01:22.933115+00:00,201,166.35,
2026-09-21T02:01:22.942961+00:00,201,173.17,
2026-09-21T02:01:22.954833+00:00,201,179.12,
2026-09-21T02:01:22.977723+00:00,201,171.05,
2026-09-21T02:01:22.966426+00:00,201,186.36,
2026-09-21T02:01:22.988077+00:00,201,175.46,
2026-09-21T02:01:22.999763+00:00,201,185.73,
2026-09-21T02:01:23.021751+00:00,201,176.49,
2026-09-21T02:01:23.009611+00:00,201,190.34,
2026-09-21T02:01:23.033301+00:00,201,181.75,
2026-09-21T02:01:23.054893+00:00,201,174.72,
2026-09-21T02:01:23.044121+00:00,201,186.87,
2026-09-21T02:01:23.076472+00:00,201,167.47,
2026-09-21T02:01:23.087996+00:00,201,157.39,
2026-09-21T02:01:23.066304+00:00,201,181.08,
2026-09-21T02:01:23.110128+00:00,201,162.43,
2026-09-21T02:01:23.099981+00:00,201,174.57,
2026-09-21T02:01:23.121777+00:00,201,161.97,
2026-09-21T02:01:23.131809+00:00,201,181.31,
2026-09-21T02:01:23.155656+00:00,201,161.64,
2026-09-21T02:01:23.143114+00:00,201,181.08,
2026-09-21T02:01:23.165704+00:00,201,179.74,
2026-09-21T02:01:23.177319+00:00,201,179.21,
2026-09-21T02:01:23.199594+00:00,201,173.82,
2026-09-21T02:01:23.211065+00:00,201,164.04,
2026-09-21T02:01:23.188568+00:00,201,191.1,
2026-09-21T02:01:23.220905+00:00,201,168.04,
2026-09-21T02:01:23.232280+00:00,201,171.91,
2026-09-21T02:01:23.243942+00:00,201,176.29,
2026-09-21T02:01:23.254406+00:00,201,183.32,
2026-09-21T02:01:23.265426+00:00,201,174.03,
2026-09-21T02:01:23.276736+00:00,201,179.63,
2026-09-21T02:01:23.288184+00:00,201,183.24,
2026-09-21T02:01:23.321023+00:00,201,155.63,
2026-09-21T02:01:23.310359+00:00,201,175.94,
2026-09-21T02:01:23.299664+00:00,201,187.25,
2026-09-21T02:01:23.332537+00:00,201,159.56,
2026-09-21T02:01:23.344045+00:00,201,166.81,
2026-09-21T02:01:23.366073+00:00,201,162.14,
2026-09-21T02:01:23.354180+00:00,201,177.99,
2026-09-21T02:01:23.376378+00:00,201,171.75,
2026-09-21T02:01:23.399987+00:00,201,156.57,
2026-09-21T02:01:23.388089+00:00,201,179.27,
2026-09-21T02:01:23.409922+00:00,201,169.75,
2026-09-21T02:01:23.420877+00:00,201,181.32,
2026-09-21T02:01:23.443477+00:00,201,162.29,
2026-09-21T02:01:23.432917+00:00,201,182.89,
2026-09-21T02:01:23.454602+00:00,201,178.16,
2026-09-21T02:01:23.465944+00:00,201,182.24,
2026-09-21T02:01:23.488789+00:00,201,171.17,
2026-09-21T02:01:23.477296+00:00,201,184.14,
2026-09-21T02:01:23.499607+00:00,201,165.01,
2026-09-21T02:01:23.521755+00:00,201,172.45,
2026-09-21T02:01:23.509643+00:00,201,186.28,
2026-09-21T02:01:23.532843+00:00,201,173.06,
2026-09-21T02:01:23.554634+00:00,201,167.92,
2026-09-21T02:01:23.542889+00:00,201,183.07,
2026-09-21T02:01:23.566022+00:00,201,174.64,
2026-09-21T02:01:23.577364+00:00,201,184.01,
2026-09-21T02:01:23.599314+00:00,201,170.78,
2026-09-21T02:01:23.588372+00:00,201,182.64,
2026-09-21T02:01:23.610170+00:00,201,174.93,
2026-09-21T02:01:23.632220+00:00,201,160.12,
2026-09-21T02:01:23.621282+00:00,201,182.52,
2026-09-21T02:01:23.654730+00:00,201,155.42,
2026-09-21T02:01:23.643527+00:00,201,177.97,
2026-09-21T02:01:23.665933+00:00,201,164.45,
2026-09-21T02:01:23.676907+00:00,201,180.26,
2026-09-21T02:01:23.687967+00:00,201,183.77,
2026-09-21T02:01:23.710516+00:00,201,162.97,
2026-09-21T02:01:23.699258+00:00,201,174.27,
2026-09-21T02:01:23.722146+00:00,201,157.36,
2026-09-21T02:01:23.743715+00:00,201,165.42,
2026-09-21T02:01:23.732472+00:00,201,177.35,
2026-09-21T02:01:23.754670+00:00,201,157.87,
2026-09-21T02:01:23.765864+00:00,201,170.82,
2026-09-21T02:01:23.777181+00:00,201,177.11,
2026-09-21T02:01:23.800004+00:00,201,168.89,
2026-09-21T02:01:23.788495+00:00,201,182.15,
2026-09-21T02:01:23.810385+00:00,201,160.8,
2026-09-21T02:01:23.833028+00:00,201,170.56,
2026-09-21T02:01:23.821869+00:00,201,182.28,
2026-09-21T02:01:23.844138+00:00,201,164.6,
2026-09-21T02:01:23.855483+00:00,201,182.11,
2026-09-21T02:01:23.865440+00:00,201,195.68,
2026-09-21T02:01:23.898913+00:00,201,162.4,
2026-09-21T02:01:23.877879+00:00,201,183.93,
2026-09-21T02:01:23.910059+00:00,201,158.2,
2026-09-21T02:01:23.887671+00:00,201,182.57,
2026-09-21T02:01:23.933246+00:00,201,159.18,
2026-09-21T02:01:23.922102+00:00,201,177.02,
2026-09-21T02:01:23.954309+00:00,201,157.25,
2026-09-21T02:01:23.944449+00:00,201,169.5,
2026-09-21T02:01:23.977482+00:00,201,165.56,
2026-09-21T02:01:23.966230+00:00,201,180.75,
2026-09-21T02:01:23.999368+00:00,201,157.18,
2026-09-21T02:01:23.987473+00:00,201,177.18,
2026-09-21T02:01:24.011168+00:00,201,163.59,
2026-09-21T02:01:24.021179+00:00,201,176.37,
2026-09-21T02:01:24.044263+00:00,201,166.42,
2026-09-21T02:01:24.032389+00:00,201,183.37,
2026-09-21T02:01:24.058543+00:00,201,163.57,
2026-09-21T02:01:24.065171+00:00,201,159.93,
2026-09-21T02:01:24.087821+00:00,201,171.49,
2026-09-21T02:01:24.076323+00:00,201,183.81,
2026-09-21T02:01:24.099593+00:00,201,175.25,
2026-09-21T02:01:24.121239+00:00,201,171.76,
2026-09-21T02:01:24.109664+00:00,201,185.3,
2026-09-21T02:01:24.132509+00:00,201,177.26,
2026-09-21T02:01:24.155256+00:00,201,158.97,
2026-09-21T02:01:24.144500+00:00,201,184.99,
2026-09-21T02:01:24.166446+00:00,201,179.11,
2026-09-21T02:01:24.189043+00:00,201,168.92,
2026-09-21T02:01:24.177481+00:00,201,182.35,
2026-09-21T02:01:24.198788+00:00,201,176.78,
2026-09-21T02:01:24.221336+00:00,201,160.94,
2026-09-21T02:01:24.210046+00:00,201,177.93,
2026-09-21T02:01:24.232541+00:00,201,158.23,
2026-09-21T02:01:24.244355+00:00,201,168.58,
2026-09-21T02:01:24.265634+00:00,201,170.97,
2026-09-21T02:01:24.254169+00:00,201,186.1,
2026-09-21T02:01:24.288883+00:00,201,164.75,
2026-09-21T02:01:24.277519+00:00,201,178.87,
2026-09-21T02:01:24.310832+00:00,201,162.68,
2026-09-21T02:01:24.299186+00:00,201,174.83,
2026-09-21T02:01:24.322125+00:00,201,163.57,
2026-09-21T02:01:24.332325+00:00,201,171.33,
2026-09-21T02:01:24.355104+00:00,201,170.66,
2026-09-21T02:01:24.367179+00:00,201,159.16,
2026-09-21T02:01:24.343529+00:00,201,183.08,
2026-09-21T02:01:24.388237+00:00,201,168.27,
2026-09-21T02:01:24.376730+00:00,201,180.78,
2026-09-21T02:01:24.399032+00:00,201,161.55,
2026-09-21T02:01:24.410739+00:00,201,182.53,
2026-09-21T02:01:24.432579+00:00,201,173.59,
2026-09-21T02:01:24.421005+00:00,201,185.53,
2026-09-21T02:01:24.444090+00:00,201,179.72,
2026-09-21T02:01:24.465815+00:00,201,161.95,
2026-09-21T02:01:24.476938+00:00,201,155.75,
2026-09-21T02:01:24.454100+00:00,201,183.95,
2026-09-21T02:01:24.488440+00:00,201,156.45,
2026-09-21T02:01:24.509624+00:00,201,158.12,
2026-09-21T02:01:24.500102+00:00,201,182.75,
2026-09-21T02:01:24.521899+00:00,201,168.61,
2026-09-21T02:01:24.533296+00:00,201,164.73,
2026-09-21T02:01:24.543187+00:00,201,163.98,
2026-09-21T02:01:24.554846+00:00,201,166.44,
2026-09-21T02:01:24.566805+00:00,201,162.24,
2026-09-21T02:01:24.576894+00:00,201,164.04,
2026-09-21T02:01:24.588745+00:00,201,181.77,
2026-09-21T02:01:24.622271+00:00,201,158.15,
2026-09-21T02:01:24.610371+00:00,201,175.7,
2026-09-21T02:01:24.598436+00:00,201,191.06,
2026-09-21T02:01:24.643055+00:00,201,158.8,
2026-09-21T02:01:24.632995+00:00,201,172.56,
2026-09-21T02:01:24.654207+00:00,201,165.57,
2026-09-21T02:01:24.665710+00:00,201,157.37,
2026-09-21T02:01:24.688566+00:00,201,164.49,
2026-09-21T02:01:24.700190+00:00,201,155.06,
2026-09-21T02:01:24.677143+00:00,201,179.86,
2026-09-21T02:01:24.732762+00:00,201,158.95,
2026-09-21T02:01:24.710385+00:00,201,182.12,
2026-09-21T02:01:24.743017+00:00,201,164.87,
2026-09-21T02:01:24.721611+00:00,201,186.6,
2026-09-21T02:01:24.766447+00:00,201,173.28,
2026-09-21T02:01:24.754735+00:00,201,187.91,
2026-09-21T02:01:24.776476+00:00,201,179.88,
2026-09-21T02:01:24.799725+00:00,201,171.12,
2026-09-21T02:01:24.788135+00:00,201,184.52,
2026-09-21T02:01:24.809654+00:00,201,180.85,
2026-09-21T02:01:24.821461+00:00,201,182.4,
2026-09-21T02:01:24.832751+00:00,201,172.23,
2026-09-21T02:01:24.865928+00:00,201,159.32,
2026-09-21T02:01:24.854523+00:00,201,181.56,
2026-09-21T02:01:24.844481+00:00,201,193.57,
2026-09-21T02:01:24.877760+00:00,201,179.86,
2026-09-21T02:01:24.900385+00:00,201,157.74,
2026-09-21T02:01:24.887480+00:00,201,180.61,
2026-09-21T02:01:24.910016+00:00,201,177.66,
2026-09-21T02:01:24.921697+00:00,201,181.79,
2026-09-21T02:01:24.932928+00:00,201,187.66,
2026-09-21T02:01:24.944474+00:00,201,177.63,
2026-09-21T02:01:24.965958+00:00,201,157.79,
2026-09-21T02:01:24.977230+00:00,201,155.43,
2026-09-21T02:01:24.954570+00:00,201,180.02,
2026-09-21T02:01:24.988712+00:00,201,179.68,
2026-09-21T02:01:25.000199+00:00,201,168.54,
2026-09-21T02:01:25.009940+00:00,201,172.51,
2026-09-21T02:01:25.032038+00:00,201,161.54,
2026-09-21T02:01:25.021496+00:00,201,177.24,
2026-09-21T02:01:25.043236+00:00,201,173.79,
2026-09-21T02:01:25.055080+00:00,201,177.66,
2026-09-21T02:01:25.066536+00:00,201,167.26,
2026-09-21T02:01:25.077534+00:00,201,173.14,
2026-09-21T02:01:25.088035+00:00,201,178.77,
2026-09-21T02:01:25.110127+00:00,201,159.55,
2026-09-21T02:01:25.122336+00:00,201,158.05,
2026-09-21T02:01:25.098800+00:00,201,183.41,
2026-09-21T02:01:25.143987+00:00,201,158.74,
2026-09-21T02:01:25.132938+00:00,201,181.07,
2026-09-21T02:01:25.154993+00:00,201,161.41,
2026-09-21T02:01:25.166454+00:00,201,156.72,
2026-09-21T02:01:25.176659+00:00,201,169.6,
2026-09-21T02:01:25.199486+00:00,201,161.56,
2026-09-21T02:01:25.187949+00:00,201,176.13,
2026-09-21T02:01:25.211201+00:00,201,155.46,
2026-09-21T02:01:25.222196+00:00,201,157.75,
2026-09-21T02:01:25.231992+00:00,201,184.8,
2026-09-21T02:01:25.255185+00:00,201,163.24,
2026-09-21T02:01:25.243428+00:00,201,192.41,
2026-09-21T02:01:25.276794+00:00,201,162.92,
2026-09-21T02:01:25.265173+00:00,201,178.35,
2026-09-21T02:01:25.288168+00:00,201,173.24,
2026-09-21T02:01:25.309455+00:00,201,169.85,
2026-09-21T02:01:25.299760+00:00,201,180.06,
2026-09-21T02:01:25.332949+00:00,201,158.15,
2026-09-21T02:01:25.321107+00:00,201,171.63,
2026-09-21T02:01:25.343332+00:00,201,158.79,
2026-09-21T02:01:25.365143+00:00,201,157.99,
2026-09-21T02:01:25.354766+00:00,201,174.14,
2026-09-21T02:01:25.399609+00:00,201,158.23,
2026-09-21T02:01:25.376704+00:00,201,181.51,
2026-09-21T02:01:25.388308+00:00,201,187.45,
2026-09-21T02:01:25.411195+00:00,201,180.13,
2026-09-21T02:01:25.432460+00:00,201,160.49,
2026-09-21T02:01:25.421413+00:00,201,182.28,
2026-09-21T02:01:25.444371+00:00,201,160.81,
2026-09-21T02:01:25.455441+00:00,201,181.42,
2026-09-21T02:01:25.465509+00:00,201,171.88,
2026-09-21T02:01:25.488264+00:00,201,159.09,
2026-09-21T02:01:25.476676+00:00,201,173.46,
2026-09-21T02:01:25.509749+00:00,201,158.69,
2026-09-21T02:01:25.499721+00:00,201,189.17,
2026-09-21T02:01:25.532539+00:00,201,172.89,
2026-09-21T02:01:25.521626+00:00,201,184.83,
2026-09-21T02:01:25.544345+00:00,201,164.24,
2026-09-21T02:01:25.576700+00:00,201,156.9,
2026-09-21T02:01:25.566788+00:00,201,173.26,
2026-09-21T02:01:25.555646+00:00,201,185.12,
2026-09-21T02:01:25.598554+00:00,201,170.38,
2026-09-21T02:01:25.588280+00:00,201,182.75,
2026-09-21T02:01:25.611220+00:00,201,175.18,
2026-09-21T02:01:25.631967+00:00,201,171.38,
2026-09-21T02:01:25.620833+00:00,201,183.43,
2026-09-21T02:01:25.643656+00:00,201,177.22,
2026-09-21T02:01:25.654672+00:00,201,168.39,
2026-09-21T02:01:25.666477+00:00,201,159.81,
2026-09-21T02:01:25.687984+00:00,201,165.72,
2026-09-21T02:01:25.677824+00:00,201,179.89,
2026-09-21T02:01:25.699890+00:00,201,175.5,
2026-09-21T02:01:25.709823+00:00,201,183.35,
2026-09-21T02:01:25.743752+00:00,201,159.02,
2026-09-21T02:01:25.721627+00:00,201,184.61,
2026-09-21T02:01:25.731820+00:00,201,176.32,
2026-09-21T02:01:25.754604+00:00,201,159.09,
2026-09-21T02:01:25.766195+00:00,201,173.6,
2026-09-21T02:01:25.787617+00:00,201,158.29,
2026-09-21T02:01:25.777867+00:00,201,176.96,
2026-09-21T02:01:25.799410+00:00,201,172.18,
2026-09-21T02:01:25.820897+00:00,201,158.85,
2026-09-21T02:01:25.809583+00:00,201,182.45,
2026-09-21T02:01:25.831997+00:00,201,164.67,
2026-09-21T02:01:25.843235+00:00,201,181.56,
2026-09-21T02:01:25.854904+00:00,201,186.75,
2026-09-21T02:01:25.866523+00:00,201,187.55,
2026-09-21T02:01:25.877551+00:00,201,179.7,
2026-09-21T02:01:25.898583+00:00,201,161.2,
2026-09-21T02:01:25.887392+00:00,201,184.16,
2026-09-21T02:01:25.921287+00:00,201,159.99,
2026-09-21T02:01:25.910024+00:00,201,176.0,
2026-09-21T02:01:25.932203+00:00,201,160.35,
2026-09-21T02:01:25.955370+00:00,201,157.34,
2026-09-21T02:01:25.943740+00:00,201,181.57,
2026-09-21T02:01:25.965942+00:00,201,174.23,
2026-09-21T02:01:25.987348+00:00,201,157.29,
2026-09-21T02:01:25.977807+00:00,201,176.22,
2026-09-21T02:01:25.999190+00:00,201,171.78,
2026-09-21T02:01:26.010509+00:00,201,184.16,
2026-09-21T02:01:26.032198+00:00,201,172.41,
2026-09-21T02:01:26.022154+00:00,201,186.27,
2026-09-21T02:01:26.043686+00:00,201,180.15,
2026-09-21T02:01:26.066133+00:00,201,163.98,
2026-09-21T02:01:26.054546+00:00,201,189.78,
2026-09-21T02:01:26.077510+00:00,201,181.5,
2026-09-21T02:01:26.098884+00:00,201,171.27,
2026-09-21T02:01:26.088906+00:00,201,185.14,
2026-09-21T02:01:26.122008+00:00,201,160.12,
2026-09-21T02:01:26.110442+00:00,201,184.14,
2026-09-21T02:01:26.132080+00:00,201,183.78,
2026-09-21T02:01:26.143540+00:00,201,176.77,
2026-09-21T02:01:26.166152+00:00,201,166.95,
2026-09-21T02:01:26.177757+00:00,201,157.36,
2026-09-21T02:01:26.154550+00:00,201,181.09,
2026-09-21T02:01:26.199993+00:00,201,169.22,
2026-09-21T02:01:26.188584+00:00,201,183.94,
2026-09-21T02:01:26.209712+00:00,201,176.52,
2026-09-21T02:01:26.221478+00:00,201,166.66,
2026-09-21T02:01:26.243666+00:00,201,159.41,
2026-09-21T02:01:26.232986+00:00,201,172.39,
2026-09-21T02:01:26.254814+00:00,201,181.12,
2026-09-21T02:01:26.287917+00:00,201,158.38,
2026-09-21T02:01:26.277484+00:00,201,170.7,
2026-09-21T02:01:26.266532+00:00,201,184.34,
2026-09-21T02:01:26.310472+00:00,201,157.26,
2026-09-21T02:01:26.301649+00:00,201,178.02,
2026-09-21T02:01:26.322002+00:00,201,159.16,
2026-09-21T02:01:26.333326+00:00,201,158.09,
2026-09-21T02:01:26.343159+00:00,201,159.08,
2026-09-21T02:01:26.354698+00:00,201,154.84,
2026-09-21T02:01:26.366505+00:00,201,183.31,
2026-09-21T02:01:26.376369+00:00,201,186.41,
2026-09-21T02:01:26.388339+00:00,201,174.94,
2026-09-21T02:01:26.400179+00:00,201,177.58,
2026-09-21T02:01:26.421599+00:00,201,169.7,
2026-09-21T02:01:26.433344+00:00,201,159.46,
2026-09-21T02:01:26.409968+00:00,201,184.64,
2026-09-21T02:01:26.443978+00:00,201,164.31,
2026-09-21T02:01:26.454339+00:00,201,159.09,
2026-09-21T02:01:26.476505+00:00,201,164.75,
2026-09-21T02:01:26.488056+00:00,201,163.81,
2026-09-21T02:01:26.466183+00:00,201,191.75,
2026-09-21T02:01:26.499953+00:00,201,170.61,
2026-09-21T02:01:26.509855+00:00,201,164.17,
2026-09-21T02:01:26.542955+00:00,201,159.36,
2026-09-21T02:01:26.521929+00:00,201,183.79,
2026-09-21T02:01:26.533026+00:00,201,173.05,
2026-09-21T02:01:26.554455+00:00,201,169.51,
2026-09-21T02:01:26.566075+00:00,201,176.41,
2026-09-21T02:01:26.578064+00:00,201,167.49,
2026-09-21T02:01:26.609595+00:00,201,159.22,
2026-09-21T02:01:26.599068+00:00,201,171.95,
2026-09-21T02:01:26.587452+00:00,201,185.8,
2026-09-21T02:01:26.621257+00:00,201,187.78,
2026-09-21T02:01:26.643999+00:00,201,180.18,
2026-09-21T02:01:26.655222+00:00,201,173.72,
2026-09-21T02:01:26.633239+00:00,201,199.09,
2026-09-21T02:01:26.666282+00:00,201,172.23,
2026-09-21T02:01:26.677187+00:00,201,179.89,
2026-09-21T02:01:26.699872+00:00,201,173.48,
2026-09-21T02:01:26.688251+00:00,201,185.62,
2026-09-21T02:01:26.709802+00:00,201,181.26,
2026-09-21T02:01:26.721124+00:00,201,170.32,
2026-09-21T02:01:26.733013+00:00,201,164.18,
2026-09-21T02:01:26.742823+00:00,201,183.48,
2026-09-21T02:01:26.777674+00:00,201,158.2,
2026-09-21T02:01:26.755532+00:00,201,182.19,
2026-09-21T02:01:26.766339+00:00,201,173.08,
2026-09-21T02:01:26.800462+00:00,201,177.13,
2026-09-21T02:01:26.787829+00:00,201,190.68,
2026-09-21T02:01:26.810682+00:00,201,177.62,
2026-09-21T02:01:26.831814+00:00,201,172.19,
2026-09-21T02:01:26.820760+00:00,201,185.16,
2026-09-21T02:01:26.844033+00:00,201,175.82,
2026-09-21T02:01:26.866752+00:00,201,158.76,
2026-09-21T02:01:26.855049+00:00,201,183.25,
2026-09-21T02:01:26.876783+00:00,201,181.35,
2026-09-21T02:01:26.888404+00:00,201,180.27,
2026-09-21T02:01:26.899721+00:00,201,173.72,
2026-09-21T02:01:26.909619+00:00,201,180.12,
2026-09-21T02:01:26.932366+00:00,201,163.6,
2026-09-21T02:01:26.921190+00:00,201,184.39,
2026-09-21T02:01:26.943438+00:00,201,180.72,
2026-09-21T02:01:26.954980+00:00,201,198.69,
2026-09-21T02:01:26.966573+00:00,201,187.37,
2026-09-21T02:01:26.977908+00:00,201,176.51,
2026-09-21T02:01:26.988674+00:00,201,165.84,
2026-09-21T02:01:26.999016+00:00,201,175.09,
2026-09-21T02:01:27.021603+00:00,201,165.55,
2026-09-21T02:01:27.010594+00:00,201,178.67,
2026-09-21T02:01:27.055397+00:00,201,162.29,
2026-09-21T02:01:27.031588+00:00,201,189.68,
2026-09-21T02:01:27.065166+00:00,201,165.9,
2026-09-21T02:01:27.043476+00:00,201,194.8,
2026-09-21T02:01:27.076280+00:00,201,169.2,
2026-09-21T02:01:27.099052+00:00,201,163.07,
2026-09-21T02:01:27.087505+00:00,201,177.58,
2026-09-21T02:01:27.110360+00:00,201,172.03,
2026-09-21T02:01:27.121362+00:00,201,180.34,
2026-09-21T02:01:27.132750+00:00,201,185.05,
2026-09-21T02:01:27.144280+00:00,201,184.44,
2026-09-21T02:01:27.154878+00:00,201,175.17,
2026-09-21T02:01:27.166001+00:00,201,179.42,
2026-09-21T02:01:27.187810+00:00,201,158.94,
2026-09-21T02:01:27.177939+00:00,201,182.5,
2026-09-21T02:01:27.210914+00:00,201,155.82,
2026-09-21T02:01:27.199202+00:00,201,182.65,
2026-09-21T02:01:27.222030+00:00,201,174.3,
2026-09-21T02:01:27.243102+00:00,201,164.13,
2026-09-21T02:01:27.231653+00:00,201,179.53,
2026-09-21T02:01:27.255053+00:00,201,160.11,
2026-09-21T02:01:27.265321+00:00,201,188.17,
2026-09-21T02:01:27.287894+00:00,201,166.4,
2026-09-21T02:01:27.276378+00:00,201,185.71,
2026-09-21T02:01:27.299385+00:00,201,164.48,
2026-09-21T02:01:27.320916+00:00,201,170.96,
2026-09-21T02:01:27.309733+00:00,201,183.15,
2026-09-21T02:01:27.344250+00:00,201,156.91,
2026-09-21T02:01:27.332578+00:00,201,175.48,
2026-09-21T02:01:27.354189+00:00,201,169.31,
2026-09-21T02:01:27.365486+00:00,201,180.3,
2026-09-21T02:01:27.377110+00:00,201,177.18,
2026-09-21T02:01:27.398601+00:00,201,161.0,
2026-09-21T02:01:27.388738+00:00,201,182.47,
2026-09-21T02:01:27.410034+00:00,201,181.04,
2026-09-21T02:01:27.443542+00:00,201,159.44,
2026-09-21T02:01:27.432114+00:00,201,175.8,
2026-09-21T02:01:27.421132+00:00,201,187.16,
2026-09-21T02:01:27.466605+00:00,201,156.62,
2026-09-21T02:01:27.476495+00:00,201,157.8,
2026-09-21T02:01:27.454541+00:00,201,183.07,
2026-09-21T02:01:27.487541+00:00,201,166.1,
2026-09-21T02:01:27.510751+00:00,201,156.67,
2026-09-21T02:01:27.498884+00:00,201,171.95,
2026-09-21T02:01:27.521950+00:00,201,175.79,
2026-09-21T02:01:27.531892+00:00,201,176.92,
2026-09-21T02:01:27.543640+00:00,201,177.81,
2026-09-21T02:01:27.554950+00:00,201,167.44,
2026-09-21T02:01:27.566288+00:00,201,174.11,
2026-09-21T02:01:27.598738+00:00,201,159.31,
2026-09-21T02:01:27.577366+00:00,201,181.61,
2026-09-21T02:01:27.588863+00:00,201,180.68,
2026-09-21T02:01:27.621780+00:00,201,157.83,
2026-09-21T02:01:27.610125+00:00,201,175.22,
2026-09-21T02:01:27.633223+00:00,201,160.0,
2026-09-21T02:01:27.643681+00:00,201,177.73,
2026-09-21T02:01:27.654907+00:00,201,182.71,
2026-09-21T02:01:27.666582+00:00,201,187.13,
2026-09-21T02:01:27.676798+00:00,201,179.64,
2026-09-21T02:01:27.710655+00:00,201,166.52,
2026-09-21T02:01:27.688696+00:00,201,190.51,
2026-09-21T02:01:27.698404+00:00,201,181.08,
2026-09-21T02:01:27.732310+00:00,201,174.13,
2026-09-21T02:01:27.721626+00:00,201,186.68,
2026-09-21T02:01:27.743325+00:00,201,178.99,
2026-09-21T02:01:27.754242+00:00,201,168.36,
2026-09-21T02:01:27.765835+00:00,201,171.84,
2026-09-21T02:01:27.777442+00:00,201,178.69,
2026-09-21T02:01:27.798801+00:00,201,174.95,
2026-09-21T02:01:27.788976+00:00,201,185.51,
2026-09-21T02:01:27.810634+00:00,201,164.56,
2026-09-21T02:01:27.821704+00:00,201,162.74,
2026-09-21T02:01:27.844444+00:00,201,178.37,
2026-09-21T02:01:27.832492+00:00,201,194.68,
2026-09-21T02:01:27.866250+00:00,201,171.16,
2026-09-21T02:01:27.854120+00:00,201,184.43,
2026-09-21T02:01:27.887655+00:00,201,157.89,
2026-09-21T02:01:27.876286+00:00,201,177.47,
2026-09-21T02:01:27.899338+00:00,201,171.31,
2026-09-21T02:01:27.911036+00:00,201,175.52,
2026-09-21T02:01:27.921011+00:00,201,181.89,
2026-09-21T02:01:27.932833+00:00,201,171.65,
2026-09-21T02:01:27.955500+00:00,201,157.94,
2026-09-21T02:01:27.944104+00:00,201,177.91,
2026-09-21T02:01:27.977427+00:00,201,360.6,
2026-09-21T02:01:28.032378+00:00,201,305.99,
2026-09-21T02:01:28.010697+00:00,201,328.29,
2026-09-21T02:01:27.998981+00:00,201,340.09,
2026-09-21T02:01:28.021047+00:00,201,318.35,
2026-09-21T02:01:27.987363+00:00,201,352.37,
2026-09-21T02:01:27.965801+00:00,201,374.17,
2026-09-21T02:01:28.043074+00:00,201,298.43,
2026-09-21T02:01:28.066306+00:00,201,368.44,
2026-09-21T02:01:28.232083+00:00,201,210.65,
2026-09-21T02:01:28.100054+00:00,201,345.37,
2026-09-21T02:01:28.132429+00:00,201,321.46,
2026-09-21T02:01:28.088446+00:00,201,367.92,
2026-09-21T02:01:28.221910+00:00,201,234.65,
2026-09-21T02:01:28.210193+00:00,201,248.73,
2026-09-21T02:01:28.265709+00:00,201,194.31,
2026-09-21T02:01:28.154124+00:00,201,307.32,
2026-09-21T02:01:28.198603+00:00,201,262.92,
2026-09-21T02:01:28.176868+00:00,201,286.72,
2026-09-21T02:01:28.109655+00:00,201,354.32,
2026-09-21T02:01:28.188644+00:00,201,275.5,
2026-09-21T02:01:28.166049+00:00,201,298.27,
2026-09-21T02:01:28.076425+00:00,201,388.17,
2026-09-21T02:01:28.243897+00:00,201,222.75,
2026-09-21T02:01:28.254014+00:00,201,213.51,
2026-09-21T02:01:28.287644+00:00,201,180.67,
2026-09-21T02:01:28.054569+00:00,201,414.67,
2026-09-21T02:01:28.277230+00:00,201,193.03,
2026-09-21T02:01:28.144103+00:00,201,326.82,
2026-09-21T02:01:28.120753+00:00,201,351.91,
2026-09-21T02:01:28.299962+00:00,201,176.27,
2026-09-21T02:01:28.310222+00:00,201,183.34,
2026-09-21T02:01:28.322113+00:00,201,187.41,
2026-09-21T02:01:28.331877+00:00,201,181.05,
2026-09-21T02:01:28.355225+00:00,201,168.08,
2026-09-21T02:01:28.366598+00:00,201,158.57,
2026-09-21T02:01:28.343626+00:00,201,181.72,
2026-09-21T02:01:28.388584+00:00,201,157.04,
2026-09-21T02:01:28.376706+00:00,201,178.38,
2026-09-21T02:01:28.409891+00:00,201,158.8,
2026-09-21T02:01:28.400145+00:00,201,171.52,
2026-09-21T02:01:28.431943+00:00,201,158.37,
2026-09-21T02:01:28.443718+00:00,201,159.23,
2026-09-21T02:01:28.421366+00:00,201,185.51,
2026-09-21T02:01:28.454929+00:00,201,183.92,
2026-09-21T02:01:28.465811+00:00,201,173.6,
2026-09-21T02:01:28.477632+00:00,201,177.64,
2026-09-21T02:01:28.488901+00:00,201,184.08,
2026-09-21T02:01:28.498517+00:00,201,176.21,
2026-09-21T02:01:28.510459+00:00,201,176.05,
2026-09-21T02:01:28.532436+00:00,201,168.84,
2026-09-21T02:01:28.521402+00:00,201,181.57,
2026-09-21T02:01:28.543339+00:00,201,171.54,
2026-09-21T02:01:28.554507+00:00,201,168.75,
2026-09-21T02:01:28.566380+00:00,201,158.91,
2026-09-21T02:01:28.577877+00:00,201,179.98,
2026-09-21T02:01:28.610972+00:00,201,159.14,
2026-09-21T02:01:28.599452+00:00,201,173.44,
2026-09-21T02:01:28.587537+00:00,201,186.14,
2026-09-21T02:01:28.621798+00:00,201,166.8,
2026-09-21T02:01:28.643138+00:00,201,158.1,
2026-09-21T02:01:28.655253+00:00,201,162.38,
2026-09-21T02:01:28.633297+00:00,201,188.83,
2026-09-21T02:01:28.665595+00:00,201,173.57,
2026-09-21T02:01:28.677099+00:00,201,177.9,
2026-09-21T02:01:28.700349+00:00,201,172.9,
2026-09-21T02:01:28.688537+00:00,201,185.53,
2026-09-21T02:01:28.710672+00:00,201,179.33,
2026-09-21T02:01:28.721725+00:00,201,183.71,
2026-09-21T02:01:28.732851+00:00,201,174.47,
2026-09-21T02:01:28.755282+00:00,201,169.05,
2026-09-21T02:01:28.743567+00:00,201,183.0,
2026-09-21T02:01:28.765195+00:00,201,177.3,
2026-09-21T02:01:28.776877+00:00,201,181.14,
2026-09-21T02:01:28.799259+00:00,201,161.85,
2026-09-21T02:01:28.788869+00:00,201,186.87,
2026-09-21T02:01:28.810056+00:00,201,179.2,
2026-09-21T02:01:28.833337+00:00,201,158.7,
2026-09-21T02:01:28.843702+00:00,201,177.27,
2026-09-21T02:01:28.855248+00:00,201,178.75,
2026-09-21T02:01:28.876385+00:00,201,174.69,
2026-09-21T02:01:28.866498+00:00,201,186.35,
2026-09-21T02:01:28.887821+00:00,201,165.4,
2026-09-21T02:01:28.899871+00:00,201,166.26,
2026-09-21T02:01:28.910380+00:00,201,179.38,
2026-09-21T02:01:28.922023+00:00,201,180.98,
2026-09-21T02:01:28.943698+00:00,201,164.76,
2026-09-21T02:01:28.932145+00:00,201,188.96,
2026-09-21T02:01:28.965629+00:00,201,156.35,
2026-09-21T02:01:28.955094+00:00,201,167.32,
2026-09-21T02:01:28.976623+00:00,201,171.4,
2026-09-21T02:01:28.988466+00:00,201,178.75,
2026-09-21T02:01:28.998642+00:00,201,184.23,
2026-09-21T02:01:29.021855+00:00,201,163.59,
2026-09-21T02:01:29.010302+00:00,201,175.7,
2026-09-21T02:01:29.031892+00:00,201,157.56,
2026-09-21T02:01:29.043592+00:00,201,156.41,
2026-09-21T02:01:29.054521+00:00,201,162.18,
2026-09-21T02:01:29.076289+00:00,201,166.23,
2026-09-21T02:01:29.066249+00:00,201,182.65,
2026-09-21T02:01:29.087681+00:00,201,165.21,
2026-09-21T02:01:29.099219+00:00,201,159.99,
2026-09-21T02:01:29.110797+00:00,201,167.96,
2026-09-21T02:01:29.132098+00:00,201,154.61,
2026-09-21T02:01:29.122772+00:00,201,169.49,
2026-09-21T02:01:29.143622+00:00,201,180.51,
2026-09-21T02:01:29.155181+00:00,201,180.74,
2026-09-21T02:01:29.165343+00:00,201,172.18,
2026-09-21T02:01:29.177169+00:00,201,162.19,
2026-09-21T02:01:29.187273+00:00,201,161.09,
2026-09-21T02:01:29.209769+00:00,201,158.06,
2026-09-21T02:01:29.200253+00:00,201,182.86,
2026-09-21T02:01:29.221480+00:00,201,163.63,
2026-09-21T02:01:29.233058+00:00,201,186.52,
2026-09-21T02:01:29.244303+00:00,201,175.83,
2026-09-21T02:01:29.265936+00:00,201,162.78,
2026-09-21T02:01:29.254873+00:00,201,180.32,
2026-09-21T02:01:29.298268+00:00,201,157.39,
2026-09-21T02:01:29.276786+00:00,201,179.26,
2026-09-21T02:01:29.288446+00:00,201,179.15,
2026-09-21T02:01:29.321758+00:00,201,156.06,
2026-09-21T02:01:29.310125+00:00,201,172.79,
2026-09-21T02:01:29.354604+00:00,201,158.82,
2026-09-21T02:01:29.331877+00:00,201,183.64,
2026-09-21T02:01:29.343162+00:00,201,173.72,
2026-09-21T02:01:29.376258+00:00,201,171.56,
2026-09-21T02:01:29.366173+00:00,201,182.12,
2026-09-21T02:01:29.399116+00:00,201,164.61,
2026-09-21T02:01:29.387352+00:00,201,178.29,
2026-09-21T02:01:29.410548+00:00,201,158.35,
2026-09-21T02:01:29.421980+00:00,201,174.17,
2026-09-21T02:01:29.444920+00:00,201,162.03,
2026-09-21T02:01:29.432064+00:00,201,181.52,
2026-09-21T02:01:29.454286+00:00,201,173.3,
2026-09-21T02:01:29.478276+00:00,201,158.04,
2026-09-21T02:01:29.487597+00:00,201,156.35,
2026-09-21T02:01:29.465690+00:00,201,179.77,
2026-09-21T02:01:29.499315+00:00,201,157.88,
2026-09-21T02:01:29.521881+00:00,201,169.79,
2026-09-21T02:01:29.512173+00:00,201,180.01,
2026-09-21T02:01:29.543421+00:00,201,162.59,
2026-09-21T02:01:29.531882+00:00,201,177.98,
2026-09-21T02:01:29.566293+00:00,201,174.16,
2026-09-21T02:01:29.555395+00:00,201,185.61,
2026-09-21T02:01:29.598434+00:00,201,157.65,
2026-09-21T02:01:29.577125+00:00,201,179.34,
2026-09-21T02:01:29.588930+00:00,201,184.53,
2026-09-21T02:01:29.621007+00:00,201,154.77,
2026-09-21T02:01:29.611049+00:00,201,173.69,
2026-09-21T02:01:29.633076+00:00,201,157.75,
2026-09-21T02:01:29.655434+00:00,201,165.43,
2026-09-21T02:01:29.644077+00:00,201,178.92,
2026-09-21T02:01:29.666279+00:00,201,172.21,
2026-09-21T02:01:29.677830+00:00,201,166.49,
2026-09-21T02:01:29.687712+00:00,201,188.12,
2026-09-21T02:01:29.710105+00:00,201,180.34,
2026-09-21T02:01:29.720902+00:00,201,170.79,
2026-09-21T02:01:29.699783+00:00,201,192.68,
2026-09-21T02:01:29.731932+00:00,201,173.69,
2026-09-21T02:01:29.743211+00:00,201,181.76,
2026-09-21T02:01:29.777854+00:00,201,155.03,
2026-09-21T02:01:29.766645+00:00,201,173.44,
2026-09-21T02:01:29.754735+00:00,201,188.03,
2026-09-21T02:01:29.787588+00:00,201,167.72,
2026-09-21T02:01:29.799315+00:00,201,157.77,
2026-09-21T02:01:29.821060+00:00,201,160.1,
2026-09-21T02:01:29.810443+00:00,201,179.92,
2026-09-21T02:01:28.820979+00:00,201,1183.61,
2026-09-21T02:01:29.832111+00:00,201,174.81,
2026-09-21T02:01:29.844627+00:00,201,165.12,
2026-09-21T02:01:29.855429+00:00,201,156.49,
2026-09-21T02:01:29.865283+00:00,201,163.92,
2026-09-21T02:01:29.876866+00:00,201,162.29,
2026-09-21T02:01:29.888506+00:00,201,181.03,
2026-09-21T02:01:29.899959+00:00,201,170.01,
2026-09-21T02:01:29.910404+00:00,201,174.93,
2026-09-21T02:01:29.922151+00:00,201,167.37,
2026-09-21T02:01:29.932028+00:00,201,166.16,
2026-09-21T02:01:29.943662+00:00,201,177.21,
2026-09-21T02:01:29.955613+00:00,201,167.8,
2026-09-21T02:01:29.966375+00:00,201,161.21,
2026-09-21T02:01:29.977247+00:00,201,174.48,
2026-09-21T02:01:29.998380+00:00,201,159.67,
2026-09-21T02:01:29.988528+00:00,201,176.27,
2026-09-21T02:01:30.010244+00:00,201,157.83,
2026-09-21T02:01:30.021716+00:00,201,179.68,
2026-09-21T02:01:30.054363+00:00,201,159.74,
2026-09-21T02:01:30.043000+00:00,201,176.02,
2026-09-21T02:01:30.033192+00:00,201,186.27,
2026-09-21T02:01:30.088130+00:00,201,158.35,
2026-09-21T02:01:30.065434+00:00,201,186.16,
2026-09-21T02:01:30.076843+00:00,201,175.23,
2026-09-21T02:01:30.111269+00:00,201,161.55,
2026-09-21T02:01:30.099463+00:00,201,185.74,
2026-09-21T02:01:30.121276+00:00,201,180.51,
2026-09-21T02:01:30.144592+00:00,201,158.54,
2026-09-21T02:01:30.133215+00:00,201,180.1,
2026-09-21T02:01:30.165968+00:00,201,172.95,
2026-09-21T02:01:30.154332+00:00,201,185.24,
2026-09-21T02:01:30.187377+00:00,201,169.65,
2026-09-21T02:01:30.177485+00:00,201,180.1,
2026-09-21T02:01:30.210402+00:00,201,180.04,
2026-09-21T02:01:30.199149+00:00,201,193.33,
2026-09-21T02:01:30.232483+00:00,201,170.17,
2026-09-21T02:01:30.220693+00:00,201,183.89,
2026-09-21T02:01:30.243944+00:00,201,175.18,
2026-09-21T02:01:30.265609+00:00,201,160.03,
2026-09-21T02:01:30.277122+00:00,201,155.55,
2026-09-21T02:01:30.255594+00:00,201,179.89,
2026-09-21T02:01:30.288826+00:00,201,179.49,
2026-09-21T02:01:30.298552+00:00,201,186.02,
2026-09-21T02:01:30.311194+00:00,201,173.99,
2026-09-21T02:01:30.332728+00:00,201,158.16,
2026-09-21T02:01:30.321034+00:00,201,177.01,
2026-09-21T02:01:30.343223+00:00,201,160.44,
2026-09-21T02:01:30.355122+00:00,201,161.12,
2026-09-21T02:01:30.366735+00:00,201,186.7,
2026-09-21T02:01:30.376766+00:00,201,177.24,
2026-09-21T02:01:30.399668+00:00,201,157.84,
2026-09-21T02:01:30.388035+00:00,201,177.08,
2026-09-21T02:01:30.409627+00:00,201,163.54,
2026-09-21T02:01:30.421351+00:00,201,196.24,
2026-09-21T02:01:30.432962+00:00,201,185.42,
2026-09-21T02:01:30.444299+00:00,201,175.63,
2026-09-21T02:01:30.465344+00:00,201,161.99,
2026-09-21T02:01:30.454233+00:00,201,175.76,
2026-09-21T02:01:30.476787+00:00,201,157.72,
2026-09-21T02:01:30.488334+00:00,201,179.22,
2026-09-21T02:01:30.500093+00:00,201,182.38,
2026-09-21T02:01:30.520792+00:00,201,165.03,
2026-09-21T02:01:30.544265+00:00,201,158.56,
2026-09-21T02:01:30.532505+00:00,201,172.79,
2026-09-21T02:01:30.511269+00:00,201,194.41,
2026-09-21T02:01:30.565490+00:00,201,174.76,
2026-09-21T02:01:30.554466+00:00,201,186.12,
2026-09-21T02:01:30.576143+00:00,201,179.31,
2026-09-21T02:01:30.599940+00:00,201,174.15,
2026-09-21T02:01:30.587909+00:00,201,188.13,
2026-09-21T02:01:30.609649+00:00,201,179.19,
2026-09-21T02:01:30.631893+00:00,201,163.03,
2026-09-21T02:01:30.643309+00:00,201,164.32,
2026-09-21T02:01:30.622063+00:00,201,186.92,
2026-09-21T02:01:30.655621+00:00,201,187.55,
2026-09-21T02:01:30.665605+00:00,201,180.13,
2026-09-21T02:01:30.688727+00:00,201,157.7,
2026-09-21T02:01:30.677313+00:00,201,177.41,
2026-09-21T02:01:30.711203+00:00,201,161.79,
2026-09-21T02:01:30.698681+00:00,201,177.27,
2026-09-21T02:01:30.721466+00:00,201,168.23,
2026-09-21T02:01:30.743956+00:00,201,156.02,
2026-09-21T02:01:30.733454+00:00,201,172.41,
2026-09-21T02:01:30.754891+00:00,201,160.24,
2026-09-21T02:01:30.776481+00:00,201,166.37,
2026-09-21T02:01:30.766601+00:00,201,190.82,
2026-09-21T02:01:30.799510+00:00,201,161.87,
2026-09-21T02:01:30.788189+00:00,201,185.44,
2026-09-21T02:01:30.810629+00:00,201,180.61,
2026-09-21T02:01:30.832073+00:00,201,170.6,
2026-09-21T02:01:30.822012+00:00,201,181.62,
2026-09-21T02:01:30.843159+00:00,201,161.63,
2026-09-21T02:01:30.855047+00:00,201,180.88,
2026-09-21T02:01:30.888056+00:00,201,159.24,
2026-09-21T02:01:30.866537+00:00,201,186.01,
2026-09-21T02:01:30.876479+00:00,201,176.45,
2026-09-21T02:01:30.921060+00:00,201,161.33,
2026-09-21T02:01:30.900261+00:00,201,183.95,
2026-09-21T02:01:30.910011+00:00,201,177.28,
2026-09-21T02:01:30.932967+00:00,201,185.19,
2026-09-21T02:01:30.943374+00:00,201,176.84,
2026-09-21T02:01:30.965892+00:00,201,161.63,
2026-09-21T02:01:30.954137+00:00,201,180.04,
2026-09-21T02:01:30.977269+00:00,201,170.14,
2026-09-21T02:01:30.988571+00:00,201,160.39,
2026-09-21T02:01:31.000037+00:00,201,160.12,
2026-09-21T02:01:31.009590+00:00,201,160.69,
2026-09-21T02:01:31.021486+00:00,201,176.46,
2026-09-21T02:01:31.033028+00:00,201,179.94,
2026-09-21T02:01:31.044527+00:00,201,186.65,
2026-09-21T02:01:31.077690+00:00,201,157.06,
2026-09-21T02:01:31.054138+00:00,201,181.74,
2026-09-21T02:01:31.066509+00:00,201,169.98,
2026-09-21T02:01:31.099743+00:00,201,161.76,
2026-09-21T02:01:31.087570+00:00,201,177.44,
2026-09-21T02:01:31.121138+00:00,201,175.02,
2026-09-21T02:01:31.111070+00:00,201,185.6,
2026-09-21T02:01:31.132842+00:00,201,183.31,
2026-09-21T02:01:31.154937+00:00,201,172.16,
2026-09-21T02:01:31.143693+00:00,201,185.14,
2026-09-21T02:01:31.165905+00:00,201,173.81,
2026-09-21T02:01:31.199768+00:00,201,156.69,
2026-09-21T02:01:31.176134+00:00,201,181.7,
2026-09-21T02:01:31.188366+00:00,201,183.45,
2026-09-21T02:01:31.210837+00:00,201,165.47,
2026-09-21T02:01:31.232329+00:00,201,175.47,
2026-09-21T02:01:31.222333+00:00,201,186.64,
2026-09-21T02:01:31.254729+00:00,201,162.22,
2026-09-21T02:01:31.244485+00:00,201,177.96,
2026-09-21T02:01:31.266018+00:00,201,161.94,
2026-09-21T02:01:31.277639+00:00,201,178.5,
2026-09-21T02:01:31.299486+00:00,201,159.55,
2026-09-21T02:01:31.287774+00:00,201,183.76,
2026-09-21T02:01:31.310571+00:00,201,174.72,
2026-09-21T02:01:31.331913+00:00,201,157.2,
2026-09-21T02:01:31.322275+00:00,201,178.02,
2026-09-21T02:01:31.344398+00:00,201,158.78,
2026-09-21T02:01:31.355515+00:00,201,159.34,
2026-09-21T02:01:31.377122+00:00,201,175.82,
2026-09-21T02:01:31.365856+00:00,201,188.6,
2026-09-21T02:01:31.388399+00:00,201,181.93,
2026-09-21T02:01:31.398549+00:00,201,186.8,
2026-09-21T02:01:31.409899+00:00,201,176.47,
2026-09-21T02:01:31.421130+00:00,201,182.42,
2026-09-21T02:01:31.455357+00:00,201,159.42,
2026-09-21T02:01:31.443921+00:00,201,173.73,
2026-09-21T02:01:31.432546+00:00,201,187.11,
2026-09-21T02:01:31.476788+00:00,201,159.39,
2026-09-21T02:01:31.465389+00:00,201,183.01,
2026-09-21T02:01:31.487873+00:00,201,176.49,
2026-09-21T02:01:31.511085+00:00,201,168.05,
2026-09-21T02:01:31.499632+00:00,201,182.61,
2026-09-21T02:01:31.520950+00:00,201,176.53,
2026-09-21T02:01:31.542874+00:00,201,165.76,
2026-09-21T02:01:31.532751+00:00,201,176.39,
2026-09-21T02:01:31.555427+00:00,201,168.8,
2026-09-21T02:01:31.565456+00:00,201,176.92,
2026-09-21T02:01:31.576493+00:00,201,177.73,
2026-09-21T02:01:31.588112+00:00,201,181.68,
2026-09-21T02:01:31.599946+00:00,201,171.13,
2026-09-21T02:01:31.610215+00:00,201,176.58,
2026-09-21T02:01:31.621496+00:00,201,168.31,
2026-09-21T02:01:31.633104+00:00,201,171.46,
2026-09-21T02:01:31.643185+00:00,201,182.87,
2026-09-21T02:01:31.665601+00:00,201,170.89,
2026-09-21T02:01:31.654372+00:00,201,186.17,
2026-09-21T02:01:31.699490+00:00,201,157.96,
2026-09-21T02:01:31.677088+00:00,201,181.51,
2026-09-21T02:01:31.710304+00:00,201,159.96,
2026-09-21T02:01:31.688323+00:00,201,183.63,
2026-09-21T02:01:31.721579+00:00,201,182.58,
2026-09-21T02:01:31.755567+00:00,201,157.99,
2026-09-21T02:01:31.744103+00:00,201,171.08,
2026-09-21T02:01:31.733380+00:00,201,183.39,
2026-09-21T02:01:31.766634+00:00,201,162.36,
2026-09-21T02:01:31.777408+00:00,201,178.16,
2026-09-21T02:01:31.798906+00:00,201,177.13,
2026-09-21T02:01:31.787964+00:00,201,190.29,
2026-09-21T02:01:31.821517+00:00,201,164.84,
2026-09-21T02:01:31.831971+00:00,201,157.68,
2026-09-21T02:01:31.810067+00:00,201,181.38,
2026-09-21T02:01:31.844495+00:00,201,175.11,
2026-09-21T02:01:31.866568+00:00,201,157.93,
2026-09-21T02:01:31.854012+00:00,201,178.85,
2026-09-21T02:01:31.877629+00:00,201,171.78,
2026-09-21T02:01:31.887622+00:00,201,177.56,
2026-09-21T02:01:31.899428+00:00,201,182.46,
2026-09-21T02:01:31.910695+00:00,201,172.88,
2026-09-21T02:01:31.920864+00:00,201,181.25,
2026-09-21T02:01:31.933555+00:00,201,182.11,
2026-09-21T02:01:31.942982+00:00,201,191.73,
2026-09-21T02:01:31.954693+00:00,201,180.78,
2026-09-21T02:01:31.965206+00:00,201,184.15,
2026-09-21T02:01:31.989039+00:00,201,161.31,
2026-09-21T02:01:31.977278+00:00,201,190.42,
2026-09-21T02:01:32.010015+00:00,201,159.54,
2026-09-21T02:01:31.998517+00:00,201,180.16,
2026-09-21T02:01:32.021579+00:00,201,171.02,
2026-09-21T02:01:32.044899+00:00,201,157.97,
2026-09-21T02:01:32.033190+00:00,201,179.69,
2026-09-21T02:01:32.065222+00:00,201,157.87,
2026-09-21T02:01:32.055538+00:00,201,169.64,
2026-09-21T02:01:32.088006+00:00,201,172.78,
2026-09-21T02:01:32.076472+00:00,201,186.51,
2026-09-21T02:01:32.100041+00:00,201,174.36,
2026-09-21T02:01:32.110191+00:00,201,184.19,
2026-09-21T02:01:32.143504+00:00,201,158.3,
2026-09-21T02:01:32.132262+00:00,201,174.7,
2026-09-21T02:01:32.121857+00:00,201,186.12,
2026-09-21T02:01:32.165131+00:00,201,173.83,
2026-09-21T02:01:32.154858+00:00,201,187.7,
2026-09-21T02:01:32.176577+00:00,201,178.39,
2026-09-21T02:01:32.198479+00:00,201,171.72,
2026-09-21T02:01:32.187465+00:00,201,184.64,
2026-09-21T02:01:32.211015+00:00,201,175.43,
2026-09-21T02:01:32.243222+00:00,201,155.86,
2026-09-21T02:01:32.222128+00:00,201,178.43,
2026-09-21T02:01:32.233133+00:00,201,189.38,
2026-09-21T02:01:32.255111+00:00,201,182.47,
2026-09-21T02:01:32.265392+00:00,201,174.37,
2026-09-21T02:01:32.276540+00:00,201,176.47,
2026-09-21T02:01:32.299487+00:00,201,160.61,
2026-09-21T02:01:32.287800+00:00,201,180.14,
2026-09-21T02:01:32.310839+00:00,201,174.8,
2026-09-21T02:01:32.321859+00:00,201,177.71,
2026-09-21T02:01:32.343318+00:00,201,160.9,
2026-09-21T02:01:32.355269+00:00,201,156.55,
2026-09-21T02:01:32.331799+00:00,201,181.31,
2026-09-21T02:01:32.365590+00:00,201,159.13,
2026-09-21T02:01:32.377662+00:00,201,164.21,
2026-09-21T02:01:32.387713+00:00,201,173.64,
2026-09-21T02:01:32.399571+00:00,201,179.86,
2026-09-21T02:01:32.409774+00:00,201,186.87,
2026-09-21T02:01:32.421185+00:00,201,189.08,
2026-09-21T02:01:32.432586+00:00,201,180.63,
2026-09-21T02:01:32.444479+00:00,201,181.52,
2026-09-21T02:01:32.466052+00:00,201,176.14,
2026-09-21T02:01:32.454484+00:00,201,191.72,
2026-09-21T02:01:32.488023+00:00,201,167.29,
2026-09-21T02:01:32.476369+00:00,201,180.16,
2026-09-21T02:01:32.499807+00:00,201,161.44,
2026-09-21T02:01:32.510004+00:00,201,156.14,
2026-09-21T02:01:32.521139+00:00,201,166.2,
2026-09-21T02:01:32.532189+00:00,201,155.84,
2026-09-21T02:01:32.554956+00:00,201,158.53,
2026-09-21T02:01:32.543094+00:00,201,178.26,
2026-09-21T02:01:32.566465+00:00,201,173.89,
2026-09-21T02:01:32.577599+00:00,201,180.19,
2026-09-21T02:01:32.588506+00:00,201,184.12,
2026-09-21T02:01:32.599913+00:00,201,173.47,
2026-09-21T02:01:32.609614+00:00,201,178.46,
2026-09-21T02:01:32.643450+00:00,201,158.64,
2026-09-21T02:01:32.632349+00:00,201,172.35,
2026-09-21T02:01:32.620702+00:00,201,185.55,
2026-09-21T02:01:32.654624+00:00,201,166.66,
2026-09-21T02:01:32.666248+00:00,201,173.02,
2026-09-21T02:01:32.687699+00:00,201,157.16,
2026-09-21T02:01:32.676402+00:00,201,178.97,
2026-09-21T02:01:32.699468+00:00,201,160.57,
2026-09-21T02:01:32.711032+00:00,201,160.49,
2026-09-21T02:01:32.733122+00:00,201,163.92,
2026-09-21T02:01:32.721677+00:00,201,186.01,
2026-09-21T02:01:32.744084+00:00,201,164.13,
2026-09-21T02:01:32.765815+00:00,201,175.46,
2026-09-21T02:01:32.755376+00:00,201,187.29,
2026-09-21T02:01:32.788269+00:00,201,161.7,
2026-09-21T02:01:32.776715+00:00,201,178.81,
2026-09-21T02:01:32.809591+00:00,201,156.64,
2026-09-21T02:01:32.800331+00:00,201,191.37,
2026-09-21T02:01:32.833509+00:00,201,172.34,
2026-09-21T02:01:32.821533+00:00,201,185.68,
2026-09-21T02:01:32.843062+00:00,201,176.55,
2026-09-21T02:01:32.866506+00:00,201,170.86,
2026-09-21T02:01:32.855768+00:00,201,182.04,
2026-09-21T02:01:32.876618+00:00,201,177.14,
2026-09-21T02:01:32.888460+00:00,201,179.89,
2026-09-21T02:01:32.911113+00:00,201,170.86,
2026-09-21T02:01:32.900090+00:00,201,186.35,
2026-09-21T02:01:32.921557+00:00,201,177.46,
2026-09-21T02:01:32.943847+00:00,201,167.08,
2026-09-21T02:01:32.955503+00:00,201,162.34,
2026-09-21T02:01:32.933058+00:00,201,186.67,
2026-09-21T02:01:32.987419+00:00,201,162.87,
2026-09-21T02:01:32.977623+00:00,201,175.33,
2026-09-21T02:01:32.966465+00:00,201,187.84,
2026-09-21T02:01:32.999429+00:00,201,156.04,
2026-09-21T02:01:33.010969+00:00,201,158.86,
2026-09-21T02:01:33.020800+00:00,201,154.32,
2026-09-21T02:01:33.032466+00:00,201,158.68,
2026-09-21T02:01:33.043953+00:00,201,171.38,
2026-09-21T02:01:33.055467+00:00,201,174.84,
2026-09-21T02:01:33.076787+00:00,201,160.67,
2026-09-21T02:01:33.065391+00:00,201,178.1,
2026-09-21T02:01:33.087958+00:00,201,173.5,
2026-09-21T02:01:33.099272+00:00,201,180.03,
2026-09-21T02:01:33.121677+00:00,201,170.86,
2026-09-21T02:01:33.110133+00:00,201,185.64,
2026-09-21T02:01:33.133263+00:00,201,174.35,
2026-09-21T02:01:33.143666+00:00,201,184.83,
2026-09-21T02:01:33.165447+00:00,201,178.14,
2026-09-21T02:01:33.155728+00:00,201,191.55,
2026-09-21T02:01:33.188802+00:00,201,158.66,
2026-09-21T02:01:33.177162+00:00,201,178.46,
2026-09-21T02:01:33.198962+00:00,201,172.7,
2026-09-21T02:01:33.210289+00:00,201,177.82,
2026-09-21T02:01:33.221605+00:00,201,183.81,
2026-09-21T02:01:33.233231+00:00,201,173.1,
2026-09-21T02:01:33.254110+00:00,201,164.03,
2026-09-21T02:01:33.244363+00:00,201,174.7,
2026-09-21T02:01:33.266655+00:00,201,162.1,
2026-09-21T02:01:33.276748+00:00,201,178.64,
2026-09-21T02:01:33.288966+00:00,201,175.84,
2026-09-21T02:01:33.298623+00:00,201,185.14,
2026-09-21T02:01:33.321009+00:00,201,176.49,
2026-09-21T02:01:33.311079+00:00,201,186.82,
2026-09-21T02:01:33.332591+00:00,201,173.07,
2026-09-21T02:01:33.354120+00:00,201,163.57,
2026-09-21T02:01:33.343864+00:00,201,175.41,
2026-09-21T02:01:33.365776+00:00,201,191.9,
2026-09-21T02:01:33.376639+00:00,201,181.61,
2026-09-21T02:01:33.388444+00:00,201,180.53,
2026-09-21T02:01:33.409817+00:00,201,161.83,
2026-09-21T02:01:33.399954+00:00,201,173.29,
2026-09-21T02:01:33.431932+00:00,201,168.98,
2026-09-21T02:01:33.422195+00:00,201,179.98,
2026-09-21T02:01:33.443477+00:00,201,159.87,
2026-09-21T02:01:33.466471+00:00,201,166.05,
2026-09-21T02:01:33.455775+00:00,201,178.17,
2026-09-21T02:01:33.477428+00:00,201,161.8,
2026-09-21T02:01:33.487420+00:00,201,156.04,
2026-09-21T02:01:33.499052+00:00,201,158.45,
2026-09-21T02:01:33.510324+00:00,201,166.55,
2026-09-21T02:01:33.543021+00:00,201,157.63,
2026-09-21T02:01:33.521971+00:00,201,183.25,
2026-09-21T02:01:33.531998+00:00,201,174.67,
2026-09-21T02:01:33.566348+00:00,201,159.89,
2026-09-21T02:01:33.554763+00:00,201,184.41,
2026-09-21T02:01:33.577546+00:00,201,179.11,
2026-09-21T02:01:33.599111+00:00,201,175.34,
2026-09-21T02:01:33.588938+00:00,201,187.12,
2026-09-21T02:01:33.610575+00:00,201,175.14,
2026-09-21T02:01:33.631896+00:00,201,165.31,
2026-09-21T02:01:33.622073+00:00,201,177.6,
2026-09-21T02:01:33.643827+00:00,201,157.74,
2026-09-21T02:01:33.666314+00:00,201,161.91,
2026-09-21T02:01:33.677747+00:00,201,163.46,
2026-09-21T02:01:33.654667+00:00,201,188.54,
2026-09-21T02:01:33.699339+00:00,201,163.36,
2026-09-21T02:01:33.710490+00:00,201,155.28,
2026-09-21T02:01:33.687460+00:00,201,187.95,
2026-09-21T02:01:33.732987+00:00,201,170.45,
2026-09-21T02:01:33.721304+00:00,201,185.23,
2026-09-21T02:01:33.743817+00:00,201,175.68,
2026-09-21T02:01:33.754015+00:00,201,168.18,
2026-09-21T02:01:33.765580+00:00,201,158.82,
2026-09-21T02:01:33.777417+00:00,201,179.55,
2026-09-21T02:01:33.788932+00:00,201,180.07,
2026-09-21T02:01:33.800075+00:00,201,172.79,
2026-09-21T02:01:33.820815+00:00,201,161.74,
2026-09-21T02:01:33.810276+00:00,201,180.42,
2026-09-21T02:01:33.832124+00:00,201,165.3,
2026-09-21T02:01:33.843317+00:00,201,180.15,
2026-09-21T02:01:33.854592+00:00,201,184.06,
2026-09-21T02:01:33.865806+00:00,201,175.73,
2026-09-21T02:01:33.888841+00:00,201,157.52,
2026-09-21T02:01:33.877471+00:00,201,181.47,
2026-09-21T02:01:33.911008+00:00,201,160.92,
2026-09-21T02:01:33.899055+00:00,201,173.42,
2026-09-21T02:01:33.920862+00:00,201,182.95,
2026-09-21T02:01:33.932769+00:00,201,174.18,
2026-09-21T02:01:33.943596+00:00,201,179.09,
2026-09-21T02:01:33.955370+00:00,201,178.2,
2026-09-21T02:01:33.976662+00:00,201,160.85,
2026-09-21T02:01:33.965448+00:00,201,187.76,
2026-09-21T02:01:33.999870+00:00,201,157.96,
2026-09-21T02:01:33.988265+00:00,201,181.15,
2026-09-21T02:01:34.009855+00:00,201,175.96,
2026-09-21T02:01:34.033208+00:00,201,157.54,
2026-09-21T02:01:34.021227+00:00,201,179.98,
2026-09-21T02:01:34.043696+00:00,201,171.79,
2026-09-21T02:01:34.066600+00:00,201,159.53,
2026-09-21T02:01:34.054829+00:00,201,175.67,
2026-09-21T02:01:34.076880+00:00,201,170.97,
2026-09-21T02:01:34.088327+00:00,201,176.75,
2026-09-21T02:01:34.111090+00:00,201,164.44,
2026-09-21T02:01:34.099981+00:00,201,181.39,
2026-09-21T02:01:34.122159+00:00,201,177.23,
2026-09-21T02:01:34.142967+00:00,201,160.3,
2026-09-21T02:01:34.131804+00:00,201,182.08,
2026-09-21T02:01:34.165590+00:00,201,158.27,
2026-09-21T02:01:34.155454+00:00,201,173.61,
2026-09-21T02:01:34.187824+00:00,201,165.54,
2026-09-21T02:01:34.176641+00:00,201,186.07,
2026-09-21T02:01:34.199648+00:00,201,178.98,
2026-09-21T02:01:34.209422+00:00,201,185.2,
2026-09-21T02:01:34.221230+00:00,201,174.41,
2026-09-21T02:01:34.244113+00:00,201,159.4,
2026-09-21T02:01:34.233068+00:00,201,175.84,
2026-09-21T02:01:34.255370+00:00,201,156.0,
2026-09-21T02:01:34.265061+00:00,201,154.9,
2026-09-21T02:01:34.288121+00:00,201,164.66,
2026-09-21T02:01:34.276503+00:00,201,178.5,
2026-09-21T02:01:34.299538+00:00,201,171.59,
2026-09-21T02:01:34.321677+00:00,201,164.61,
2026-09-21T02:01:34.310128+00:00,201,178.21,
2026-09-21T02:01:34.333278+00:00,201,161.32,
2026-09-21T02:01:34.343278+00:00,201,163.13,
2026-09-21T02:01:34.354143+00:00,201,161.78,
2026-09-21T02:01:34.366655+00:00,201,171.46,
2026-09-21T02:01:34.376440+00:00,201,177.58,
2026-09-21T02:01:34.399116+00:00,201,171.7,
2026-09-21T02:01:34.387588+00:00,201,183.75,
2026-09-21T02:01:34.410581+00:00,201,180.31,
2026-09-21T02:01:34.422276+00:00,201,169.03,
2026-09-21T02:01:34.432114+00:00,201,170.99,
2026-09-21T02:01:34.443719+00:00,201,180.31,
2026-09-21T02:01:34.466014+00:00,201,158.48,
2026-09-21T02:01:34.477431+00:00,201,159.51,
2026-09-21T02:01:34.455413+00:00,201,185.91,
2026-09-21T02:01:34.509919+00:00,201,156.73,
2026-09-21T02:01:34.498726+00:00,201,169.92,
2026-09-21T02:01:34.487512+00:00,201,184.25,
2026-09-21T02:01:34.521584+00:00,201,178.16,
2026-09-21T02:01:34.533081+00:00,201,169.23,
2026-09-21T02:01:34.554387+00:00,201,157.89,
2026-09-21T02:01:34.544599+00:00,201,175.62,
2026-09-21T02:01:34.577357+00:00,201,177.01,
2026-09-21T02:01:34.565942+00:00,201,190.05,
2026-09-21T02:01:34.588990+00:00,201,182.27,
2026-09-21T02:01:34.599254+00:00,201,175.92,
2026-09-21T02:01:34.609786+00:00,201,182.75,
2026-09-21T02:01:34.621375+00:00,201,184.2,
2026-09-21T02:01:34.632899+00:00,201,174.16,
2026-09-21T02:01:34.644180+00:00,201,164.64,
2026-09-21T02:01:34.654992+00:00,201,166.29,
2026-09-21T02:01:34.666980+00:00,201,172.33,
2026-09-21T02:01:34.676985+00:00,201,182.1,
2026-09-21T02:01:34.700378+00:00,201,166.29,
2026-09-21T02:01:34.710816+00:00,201,158.72,
2026-09-21T02:01:34.688458+00:00,201,182.66,
2026-09-21T02:01:34.720762+00:00,201,162.32,
2026-09-21T02:01:34.732217+00:00,201,156.9,
2026-09-21T02:01:34.743424+00:00,201,182.5,
2026-09-21T02:01:34.754627+00:00,201,188.77,
2026-09-21T02:01:34.788280+00:00,201,164.35,
2026-09-21T02:01:34.766746+00:00,201,189.6,
2026-09-21T02:01:34.776451+00:00,201,181.6,
2026-09-21T02:01:34.799934+00:00,201,171.52,
2026-09-21T02:01:34.809507+00:00,201,176.45,
2026-09-21T02:01:34.832534+00:00,201,172.71,
2026-09-21T02:01:34.820968+00:00,201,185.95,
2026-09-21T02:01:34.854701+00:00,201,157.36,
2026-09-21T02:01:34.843815+00:00,201,175.04,
2026-09-21T02:01:34.877879+00:00,201,173.6,
2026-09-21T02:01:34.866889+00:00,201,186.99,
2026-09-21T02:01:34.899038+00:00,201,158.45,
2026-09-21T02:01:34.887627+00:00,201,181.07,
2026-09-21T02:01:34.910738+00:00,201,172.03,
2026-09-21T02:01:34.932124+00:00,201,158.54,
2026-09-21T02:01:34.920932+00:00,201,186.9,
2026-09-21T02:01:34.943896+00:00,201,181.27,
2026-09-21T02:01:34.954614+00:00,201,183.77,
2026-09-21T02:01:34.976719+00:00,201,176.24,
2026-09-21T02:01:34.988496+00:00,201,165.68,
2026-09-21T02:01:34.998478+00:00,201,175.86,
2026-09-21T02:01:35.010930+00:00,201,173.26,
2026-09-21T02:01:35.032400+00:00,201,162.22,
2026-09-21T02:01:35.021024+00:00,201,180.73,
2026-09-21T02:01:35.044444+00:00,201,174.01,
2026-09-21T02:01:35.066930+00:00,201,160.96,
2026-09-21T02:01:35.055009+00:00,201,184.24,
2026-09-21T02:01:35.076225+00:00,201,173.63,
2026-09-21T02:01:35.089038+00:00,201,180.35,
2026-09-21T02:01:35.110478+00:00,201,167.44,
2026-09-21T02:01:35.121870+00:00,201,158.68,
2026-09-21T02:01:35.098995+00:00,201,187.03,
2026-09-21T02:01:35.143785+00:00,201,175.78,
2026-09-21T02:01:35.132015+00:00,201,189.18,
2026-09-21T02:01:35.154933+00:00,201,177.47,
2026-09-21T02:01:35.176403+00:00,201,161.1,
2026-09-21T02:01:35.166675+00:00,201,185.48,
2026-09-21T02:01:35.199272+00:00,201,159.62,
2026-09-21T02:01:35.188026+00:00,201,178.22,
2026-09-21T02:01:35.210637+00:00,201,165.37,
2026-09-21T02:01:35.233459+00:00,201,170.3,
2026-09-21T02:01:35.220913+00:00,201,184.15,
2026-09-21T02:01:35.243379+00:00,201,176.17,
2026-09-21T02:01:35.265990+00:00,201,156.29,
2026-09-21T02:01:35.254486+00:00,201,178.94,
2026-09-21T02:01:35.278203+00:00,201,156.87,
2026-09-21T02:01:35.288012+00:00,201,180.85,
2026-09-21T02:01:35.299472+00:00,201,185.93,
2026-09-21T02:01:35.309670+00:00,201,177.88,
2026-09-21T02:01:35.321808+00:00,201,179.2,
2026-09-21T02:01:35.342929+00:00,201,176.77,
2026-09-21T02:01:35.332979+00:00,201,187.58,
2026-09-21T02:01:35.354434+00:00,201,180.22,
2026-09-21T02:01:35.376326+00:00,201,161.94,
2026-09-21T02:01:35.366499+00:00,201,183.99,
2026-09-21T02:01:35.388812+00:00,201,163.42,
2026-09-21T02:01:35.421667+00:00,201,157.14,
2026-09-21T02:01:35.398679+00:00,201,182.34,
2026-09-21T02:01:35.410086+00:00,201,173.28,
2026-09-21T02:01:35.443034+00:00,201,173.07,
2026-09-21T02:01:35.432870+00:00,201,184.64,
2026-09-21T02:01:35.466629+00:00,201,163.34,
2026-09-21T02:01:35.476619+00:00,201,155.91,
2026-09-21T02:01:35.455453+00:00,201,180.09,
2026-09-21T02:01:35.498807+00:00,201,164.41,
2026-09-21T02:01:35.488385+00:00,201,181.27,
2026-09-21T02:01:35.509879+00:00,201,175.92,
2026-09-21T02:01:35.520955+00:00,201,170.41,
2026-09-21T02:01:35.533011+00:00,201,171.7,
2026-09-21T02:01:35.554043+00:00,201,162.3,
2026-09-21T02:01:35.565473+00:00,201,160.52,
2026-09-21T02:01:35.544301+00:00,201,182.27,
2026-09-21T02:01:35.577167+00:00,201,177.14,
2026-09-21T02:01:35.587978+00:00,201,168.64,
2026-09-21T02:01:35.599758+00:00,201,170.61,
2026-09-21T02:01:35.622395+00:00,201,166.38,
2026-09-21T02:01:35.609663+00:00,201,181.31,
2026-09-21T02:01:35.632993+00:00,201,159.26,
2026-09-21T02:01:35.644036+00:00,201,161.01,
2026-09-21T02:01:35.654906+00:00,201,157.1,
2026-09-21T02:01:35.666208+00:00,201,157.24,
2026-09-21T02:01:35.677452+00:00,201,180.35,
2026-09-21T02:01:35.700429+00:00,201,173.97,
2026-09-21T02:01:35.688713+00:00,201,188.05,
2026-09-21T02:01:35.710802+00:00,201,179.24,
2026-09-21T02:01:35.732653+00:00,201,157.8,
2026-09-21T02:01:35.721746+00:00,201,188.54,
2026-09-21T02:01:35.743722+00:00,201,182.34,
2026-09-21T02:01:35.755200+00:00,201,182.19,
2026-09-21T02:01:35.765403+00:00,201,173.59,
2026-09-21T02:01:35.789057+00:00,201,168.53,
2026-09-21T02:01:35.776772+00:00,201,182.67,
2026-09-21T02:01:35.798484+00:00,201,175.29,
2026-09-21T02:01:35.809639+00:00,201,177.17,
2026-09-21T02:01:35.832621+00:00,201,171.17,
2026-09-21T02:01:35.844026+00:00,201,161.11,
2026-09-21T02:01:35.820886+00:00,201,187.75,
2026-09-21T02:01:35.855218+00:00,201,162.17,
2026-09-21T02:01:35.865119+00:00,201,162.79,
2026-09-21T02:01:35.887717+00:00,201,158.24,
2026-09-21T02:01:35.876951+00:00,201,176.07,
2026-09-21T02:01:35.899301+00:00,201,167.49,
2026-09-21T02:01:35.911045+00:00,201,163.15,
2026-09-21T02:01:35.932412+00:00,201,157.44,
2026-09-21T02:01:35.943767+00:00,201,157.0,
2026-09-21T02:01:35.921067+00:00,201,183.76,
2026-09-21T02:01:35.965260+00:00,201,158.67,
2026-09-21T02:01:35.955395+00:00,201,179.13,
2026-09-21T02:01:34.965177+00:00,201,1173.52,
2026-09-21T02:01:35.976734+00:00,201,164.01,
2026-09-21T02:01:35.988054+00:00,201,186.91,
2026-09-21T02:01:36.021330+00:00,201,163.88,
2026-09-21T02:01:36.011179+00:00,201,178.81,
2026-09-21T02:01:35.999870+00:00,201,191.69,
2026-09-21T02:01:36.043935+00:00,201,158.53,
2026-09-21T02:01:36.032869+00:00,201,191.5,
2026-09-21T02:01:36.066999+00:00,201,159.17,
2026-09-21T02:01:36.055306+00:00,201,177.74,
2026-09-21T02:01:36.076503+00:00,201,157.89,
2026-09-21T02:01:36.088088+00:00,201,182.54,
2026-09-21T02:01:36.110707+00:00,201,168.7,
2026-09-21T02:01:36.099660+00:00,201,185.82,
2026-09-21T02:01:36.122220+00:00,201,177.1,
2026-09-21T02:01:36.144594+00:00,201,159.35,
2026-09-21T02:01:36.132150+00:00,201,184.87,
2026-09-21T02:01:36.154312+00:00,201,184.53,
2026-09-21T02:01:36.177749+00:00,201,174.22,
2026-09-21T02:01:36.166102+00:00,201,188.48,
2026-09-21T02:01:36.187788+00:00,201,177.0,
2026-09-21T02:01:36.199231+00:00,201,182.69,
2026-09-21T02:01:36.210288+00:00,201,172.1,
2026-09-21T02:01:36.232000+00:00,201,160.35,
2026-09-21T02:01:36.221903+00:00,201,175.13,
2026-09-21T02:01:36.254922+00:00,201,156.76,
2026-09-21T02:01:36.243060+00:00,201,170.61,
2026-09-21T02:01:36.276557+00:00,201,164.57,
2026-09-21T02:01:36.266253+00:00,201,181.97,
2026-09-21T02:01:36.287956+00:00,201,163.93,
2026-09-21T02:01:36.310236+00:00,201,167.87,
2026-09-21T02:01:36.299604+00:00,201,184.86,
2026-09-21T02:01:36.321772+00:00,201,175.28,
2026-09-21T02:01:36.355380+00:00,201,157.51,
2026-09-21T02:01:36.332019+00:00,201,182.72,
2026-09-21T02:01:36.343482+00:00,201,183.27,
2026-09-21T02:01:36.366649+00:00,201,176.98,
2026-09-21T02:01:36.376610+00:00,201,167.59,
2026-09-21T02:01:36.399964+00:00,201,155.14,
2026-09-21T02:01:36.388503+00:00,201,170.61,
2026-09-21T02:01:36.410127+00:00,201,183.88,
2026-09-21T02:01:36.421587+00:00,201,173.15,
2026-09-21T02:01:36.433480+00:00,201,177.55,
2026-09-21T02:01:36.444491+00:00,201,183.04,
2026-09-21T02:01:36.454200+00:00,201,173.79,
2026-09-21T02:01:36.466002+00:00,201,176.26,
2026-09-21T02:01:36.489002+00:00,201,162.44,
2026-09-21T02:01:36.477651+00:00,201,183.36,
2026-09-21T02:01:36.499951+00:00,201,179.65,
2026-09-21T02:01:36.520844+00:00,201,159.39,
2026-09-21T02:01:36.509651+00:00,201,174.69,
2026-09-21T02:01:36.532050+00:00,201,172.33,
2026-09-21T02:01:36.555850+00:00,201,158.32,
2026-09-21T02:01:36.543623+00:00,201,177.45,
2026-09-21T02:01:36.566197+00:00,201,173.74,
2026-09-21T02:01:36.577824+00:00,201,176.29,
2026-09-21T02:01:36.587606+00:00,201,185.78,
2026-09-21T02:01:36.598792+00:00,201,176.65,
2026-09-21T02:01:36.610148+00:00,201,177.78,
2026-09-21T02:01:36.621688+00:00,201,187.57,
2026-09-21T02:01:36.633030+00:00,201,178.47,
2026-09-21T02:01:36.644197+00:00,201,181.58,
2026-09-21T02:01:36.665526+00:00,201,162.31,
2026-09-21T02:01:36.654007+00:00,201,188.5,
2026-09-21T02:01:36.677225+00:00,201,178.66,
2026-09-21T02:01:36.698555+00:00,201,172.27,
2026-09-21T02:01:36.688826+00:00,201,184.05,
2026-09-21T02:01:36.709897+00:00,201,178.02,
2026-09-21T02:01:36.732062+00:00,201,158.43,
2026-09-21T02:01:36.721920+00:00,201,182.46,
2026-09-21T02:01:36.743870+00:00,201,179.01,
2026-09-21T02:01:36.765207+00:00,201,174.33,
2026-09-21T02:01:36.754388+00:00,201,189.19,
2026-09-21T02:01:36.776718+00:00,201,176.7,
2026-09-21T02:01:36.788048+00:00,201,182.9,
2026-09-21T02:01:36.810193+00:00,201,177.54,
2026-09-21T02:01:36.799788+00:00,201,190.9,
2026-09-21T02:01:36.821737+00:00,201,185.52,
2026-09-21T02:01:36.843519+00:00,201,177.3,
2026-09-21T02:01:36.833336+00:00,201,188.47,
2026-09-21T02:01:36.854075+00:00,201,182.13,
2026-09-21T02:01:36.888050+00:00,201,163.3,
2026-09-21T02:01:36.865449+00:00,201,188.05,
2026-09-21T02:01:36.876422+00:00,201,177.86,
2026-09-21T02:01:36.899974+00:00,201,164.43,
2026-09-21T02:01:36.910775+00:00,201,179.63,
2026-09-21T02:01:36.932412+00:00,201,162.24,
2026-09-21T02:01:36.943962+00:00,201,157.21,
2026-09-21T02:01:36.920778+00:00,201,182.01,
2026-09-21T02:01:36.955717+00:00,201,178.63,
2026-09-21T02:01:36.966190+00:00,201,170.18,
2026-09-21T02:01:36.977290+00:00,201,171.94,
2026-09-21T02:01:36.998674+00:00,201,161.91,
2026-09-21T02:01:36.988742+00:00,201,178.14,
2026-09-21T02:01:37.010319+00:00,201,169.74,
2026-09-21T02:01:37.022079+00:00,201,176.45,
2026-09-21T02:01:37.044542+00:00,201,167.43,
2026-09-21T02:01:37.033020+00:00,201,180.45,
2026-09-21T02:01:37.054765+00:00,201,165.55,
2026-09-21T02:01:37.076464+00:00,201,160.63,
2026-09-21T02:01:37.066593+00:00,201,190.08,
2026-09-21T02:01:37.099375+00:00,201,172.28,
2026-09-21T02:01:37.087986+00:00,201,186.79,
2026-09-21T02:01:37.111142+00:00,201,174.0,
2026-09-21T02:01:37.122208+00:00,201,176.67,
2026-09-21T02:01:37.155255+00:00,201,158.93,
2026-09-21T02:01:37.143000+00:00,201,172.93,
2026-09-21T02:01:37.132361+00:00,201,184.88,
2026-09-21T02:01:37.165121+00:00,201,163.74,
2026-09-21T02:01:37.176789+00:00,201,162.81,
2026-09-21T02:01:37.188244+00:00,201,178.78,
2026-09-21T02:01:37.198891+00:00,201,180.02,
2026-09-21T02:01:37.221321+00:00,201,175.62,
2026-09-21T02:01:37.210083+00:00,201,187.65,
2026-09-21T02:01:37.244017+00:00,201,157.61,
2026-09-21T02:01:37.232572+00:00,201,178.75,
2026-09-21T02:01:37.266444+00:00,201,158.69,
2026-09-21T02:01:37.255659+00:00,201,170.85,
2026-09-21T02:01:37.276562+00:00,201,166.68,
2026-09-21T02:01:37.287955+00:00,201,172.82,
2026-09-21T02:01:37.309712+00:00,201,161.19,
2026-09-21T02:01:37.299455+00:00,201,175.13,
2026-09-21T02:01:37.321105+00:00,201,172.72,
2026-09-21T02:01:37.332330+00:00,201,177.7,
2026-09-21T02:01:37.354989+00:00,201,158.91,
2026-09-21T02:01:37.343901+00:00,201,181.61,
2026-09-21T02:01:37.365210+00:00,201,173.5,
2026-09-21T02:01:37.388419+00:00,201,159.68,
2026-09-21T02:01:37.399459+00:00,201,156.5,
2026-09-21T02:01:37.376865+00:00,201,179.7,
2026-09-21T02:01:37.410375+00:00,201,158.84,
2026-09-21T02:01:37.432750+00:00,201,172.28,
2026-09-21T02:01:37.421671+00:00,201,185.34,
2026-09-21T02:01:37.444259+00:00,201,172.22,
2026-09-21T02:01:37.465503+00:00,201,164.88,
2026-09-21T02:01:37.455452+00:00,201,178.35,
2026-09-21T02:01:37.476958+00:00,201,176.96,
2026-09-21T02:01:37.488551+00:00,201,182.04,
2026-09-21T02:01:37.499809+00:00,201,183.8,
2026-09-21T02:01:37.510344+00:00,201,176.22,
2026-09-21T02:01:37.543241+00:00,201,155.48,
2026-09-21T02:01:37.521802+00:00,201,177.35,
2026-09-21T02:01:37.531777+00:00,201,188.23,
2026-09-21T02:01:37.555441+00:00,201,184.34,
2026-09-21T02:01:37.565333+00:00,201,175.9,
2026-09-21T02:01:37.588043+00:00,201,166.57,
2026-09-21T02:01:37.576692+00:00,201,180.02,
2026-09-21T02:01:37.599542+00:00,201,157.5,
2026-09-21T02:01:37.611107+00:00,201,157.2,
2026-09-21T02:01:37.622289+00:00,201,157.12,
2026-09-21T02:01:37.643085+00:00,201,159.53,
2026-09-21T02:01:37.632176+00:00,201,172.88,
2026-09-21T02:01:37.666627+00:00,201,165.09,
2026-09-21T02:01:37.654975+00:00,201,188.02,
2026-09-21T02:01:37.676719+00:00,201,176.55,
2026-09-21T02:01:37.699226+00:00,201,162.43,
2026-09-21T02:01:37.687675+00:00,201,183.76,
2026-09-21T02:01:37.711190+00:00,201,175.68,
2026-09-21T02:01:37.721793+00:00,201,187.21,
2026-09-21T02:01:37.731902+00:00,201,178.57,
2026-09-21T02:01:37.754371+00:00,201,159.22,
2026-09-21T02:01:37.744432+00:00,201,177.81,
2026-09-21T02:01:37.777520+00:00,201,161.65,
2026-09-21T02:01:37.765963+00:00,201,173.76,
2026-09-21T02:01:37.787470+00:00,201,166.93,
2026-09-21T02:01:37.798958+00:00,201,158.26,
2026-09-21T02:01:37.822313+00:00,201,158.4,
2026-09-21T02:01:37.810975+00:00,201,174.59,
2026-09-21T02:01:37.832050+00:00,201,173.91,
2026-09-21T02:01:37.843171+00:00,201,179.52,
2026-09-21T02:01:37.865192+00:00,201,162.43,
2026-09-21T02:01:37.854193+00:00,201,182.01,
2026-09-21T02:01:37.876808+00:00,201,177.5,
2026-09-21T02:01:37.898662+00:00,201,159.47,
2026-09-21T02:01:37.888613+00:00,201,176.59,
2026-09-21T02:01:37.909861+00:00,201,157.68,
2026-09-21T02:01:37.921521+00:00,201,159.79,
2026-09-21T02:01:37.932985+00:00,201,161.3,
2026-09-21T02:01:37.954358+00:00,201,158.24,
2026-09-21T02:01:37.943482+00:00,201,176.34,
2026-09-21T02:01:37.966142+00:00,201,186.83,
2026-09-21T02:01:37.976287+00:00,201,177.17,
2026-09-21T02:01:37.988002+00:00,201,175.08,
2026-09-21T02:01:38.009698+00:00,201,164.28,
2026-09-21T02:01:37.999656+00:00,201,182.47,
2026-09-21T02:01:38.020695+00:00,201,176.49,
2026-09-21T02:01:38.043617+00:00,201,163.71,
2026-09-21T02:01:38.032294+00:00,201,180.25,
2026-09-21T02:01:38.065471+00:00,201,164.26,
2026-09-21T02:01:38.076289+00:00,201,166.68,
2026-09-21T02:01:38.087405+00:00,201,156.12,
2026-09-21T02:01:38.055005+00:00,201,188.7,
2026-09-21T02:01:38.099679+00:00,201,171.82,
2026-09-21T02:01:38.109544+00:00,201,176.67,
2026-09-21T02:01:38.121751+00:00,201,165.59,
2026-09-21T02:01:38.132884+00:00,201,163.53,
2026-09-21T02:01:38.143932+00:00,201,155.85,
2026-09-21T02:01:38.165220+00:00,201,171.74,
2026-09-21T02:01:38.155141+00:00,201,183.88,
2026-09-21T02:01:38.187957+00:00,201,157.7,
2026-09-21T02:01:38.176797+00:00,201,179.21,
2026-09-21T02:01:38.199339+00:00,201,169.16,
2026-09-21T02:01:38.211038+00:00,201,175.9,
2026-09-21T02:01:38.232383+00:00,201,167.22,
2026-09-21T02:01:38.221085+00:00,201,182.22,
2026-09-21T02:01:38.243989+00:00,201,174.66,
2026-09-21T02:01:38.265392+00:00,201,164.92,
2026-09-21T02:01:38.255366+00:00,201,180.04,
2026-09-21T02:01:38.276819+00:00,201,161.56,
2026-09-21T02:01:38.298267+00:00,201,160.62,
2026-09-21T02:01:38.288439+00:00,201,182.2,
2026-09-21T02:01:38.310045+00:00,201,173.27,
2026-09-21T02:01:38.321409+00:00,201,176.22,
2026-09-21T02:01:38.344230+00:00,201,171.03,
2026-09-21T02:01:38.332695+00:00,201,184.23,
2026-09-21T02:01:38.354417+00:00,201,176.66,
2026-09-21T02:01:38.365871+00:00,201,183.89,
2026-09-21T02:01:38.377634+00:00,201,188.78,
2026-09-21T02:01:38.388763+00:00,201,178.18,
2026-09-21T02:01:38.398846+00:00,201,183.96,
2026-09-21T02:01:38.421759+00:00,201,164.03,
2026-09-21T02:01:38.410576+00:00,201,187.38,
2026-09-21T02:01:38.454974+00:00,201,157.78,
2026-09-21T02:01:38.433296+00:00,201,180.82,
2026-09-21T02:01:38.443138+00:00,201,182.27,
2026-09-21T02:01:38.466517+00:00,201,174.72,
2026-09-21T02:01:38.488120+00:00,201,158.59,
2026-09-21T02:01:38.476152+00:00,201,184.88,
2026-09-21T02:01:38.499440+00:00,201,178.23,
2026-09-21T02:01:38.521130+00:00,201,170.27,
2026-09-21T02:01:38.509623+00:00,201,183.98,
2026-09-21T02:01:38.532925+00:00,201,177.85,
2026-09-21T02:01:38.554409+00:00,201,168.0,
2026-09-21T02:01:38.542893+00:00,201,183.25,
2026-09-21T02:01:38.567191+00:00,201,168.24,
2026-09-21T02:01:38.577552+00:00,201,160.36,
2026-09-21T02:01:38.588737+00:00,201,182.86,
2026-09-21T02:01:38.599053+00:00,201,174.84,
2026-09-21T02:01:38.609566+00:00,201,177.03,
2026-09-21T02:01:38.620736+00:00,201,180.78,
2026-09-21T02:01:38.632190+00:00,201,171.39,
2026-09-21T02:01:38.643783+00:00,201,162.07,
2026-09-21T02:01:38.666301+00:00,201,157.15,
2026-09-21T02:01:38.655192+00:00,201,186.17,
2026-09-21T02:01:38.699988+00:00,201,154.62,
2026-09-21T02:01:38.677871+00:00,201,179.4,
2026-09-21T02:01:38.688605+00:00,201,183.12,
2026-09-21T02:01:38.721722+00:00,201,162.16,
2026-09-21T02:01:38.711038+00:00,201,179.14,
2026-09-21T02:01:38.732824+00:00,201,158.14,
2026-09-21T02:01:38.743802+00:00,201,176.7,
2026-09-21T02:01:38.754236+00:00,201,169.67,
2026-09-21T02:01:38.765950+00:00,201,158.44,
2026-09-21T02:01:38.776848+00:00,201,181.06,
2026-09-21T02:01:38.798464+00:00,201,175.15,
2026-09-21T02:01:38.788494+00:00,201,185.67,
2026-09-21T02:01:38.810926+00:00,201,180.56,
2026-09-21T02:01:38.821743+00:00,201,192.48,
2026-09-21T02:01:38.843330+00:00,201,180.23,
2026-09-21T02:01:38.833014+00:00,201,194.43,
2026-09-21T02:01:38.876263+00:00,201,163.7,
2026-09-21T02:01:38.867077+00:00,201,175.64,
2026-09-21T02:01:38.854821+00:00,201,188.33,
2026-09-21T02:01:38.887850+00:00,201,157.85,
2026-09-21T02:01:38.899405+00:00,201,189.34,
2026-09-21T02:01:38.910507+00:00,201,180.81,
2026-09-21T02:01:38.933445+00:00,201,159.26,
2026-09-21T02:01:38.920789+00:00,201,179.86,
2026-09-21T02:01:38.943347+00:00,201,158.13,
2026-09-21T02:01:38.965351+00:00,201,176.45,
2026-09-21T02:01:38.954120+00:00,201,189.24,
2026-09-21T02:01:38.977113+00:00,201,174.02,
2026-09-21T02:01:38.998951+00:00,201,167.53,
2026-09-21T02:01:39.009929+00:00,201,158.1,
2026-09-21T02:01:38.989018+00:00,201,180.23,
2026-09-21T02:01:39.021347+00:00,201,177.83,
2026-09-21T02:01:39.055540+00:00,201,158.26,
2026-09-21T02:01:39.043310+00:00,201,173.03,
2026-09-21T02:01:39.033069+00:00,201,183.55,
2026-09-21T02:01:39.065407+00:00,201,161.12,
2026-09-21T02:01:39.076914+00:00,201,165.32,
2026-09-21T02:01:39.088988+00:00,201,173.12,
2026-09-21T02:01:39.110455+00:00,201,158.36,
2026-09-21T02:01:39.099993+00:00,201,176.47,
2026-09-21T02:01:39.121421+00:00,201,157.8,
2026-09-21T02:01:39.143593+00:00,201,166.69,
2026-09-21T02:01:39.133294+00:00,201,180.85,
2026-09-21T02:01:39.155321+00:00,201,170.32,
2026-09-21T02:01:39.177423+00:00,201,173.73,
2026-09-21T02:01:39.165926+00:00,201,187.3,
2026-09-21T02:01:39.198579+00:00,201,163.45,
2026-09-21T02:01:39.187467+00:00,201,176.38,
2026-09-21T02:01:39.209606+00:00,201,159.92,
2026-09-21T02:01:39.220835+00:00,201,153.9,
2026-09-21T02:01:39.232110+00:00,201,163.37,
2026-09-21T02:01:39.254199+00:00,201,158.64,
2026-09-21T02:01:39.243017+00:00,201,174.54,
2026-09-21T02:01:39.276737+00:00,201,171.29,
2026-09-21T02:01:39.266442+00:00,201,183.5,
2026-09-21T02:01:39.288767+00:00,201,172.77,
2026-09-21T02:01:39.310789+00:00,201,159.67,
2026-09-21T02:01:39.298706+00:00,201,179.88,
2026-09-21T02:01:39.320700+00:00,201,159.38,
2026-09-21T02:01:39.332408+00:00,201,184.76,
2026-09-21T02:01:39.354179+00:00,201,175.17,
2026-09-21T02:01:39.344094+00:00,201,187.75,
2026-09-21T02:01:39.376831+00:00,201,162.83,
2026-09-21T02:01:39.365603+00:00,201,179.58,
2026-09-21T02:01:39.387879+00:00,201,163.41,
2026-09-21T02:01:39.398732+00:00,201,158.61,
2026-09-21T02:01:39.431802+00:00,201,161.46,
2026-09-21T02:01:39.422274+00:00,201,171.78,
2026-09-21T02:01:39.410576+00:00,201,183.89,
2026-09-21T02:01:39.443166+00:00,201,165.0,
2026-09-21T02:01:39.466601+00:00,201,159.47,
2026-09-21T02:01:39.454820+00:00,201,172.12,
2026-09-21T02:01:39.476485+00:00,201,164.99,
2026-09-21T02:01:39.498889+00:00,201,180.26,
2026-09-21T02:01:39.487684+00:00,201,192.4,
